日志保存至: D:\github\llm_resist_selection\exp_result\exp1_status_quo_bias_run_en.log
开始时间: 2026-05-06 18:28:52
语言: en | RPM: 1200 | 数据范围: [0, None)
------------------------------------------------------------

=== 实验一：不作为偏见（Status Quo Bias）实验 [lang=en] ===

运行完整实验...

初始化速率限制器 (RPM=1200)...
    [RateLimiter] 初始化: RPM=1200, 有效RPM=960, 每秒补充=16.00令牌
每个item预计请求数: 6
建议每请求最小间隔: 0.07秒

加载三组质量数据 (lang=en)...
  [高质量] 发现文件: good_option_deepseek-v3.2_en.json -> 模型: deepseek-v3.2
  [高质量] 发现文件: good_option_glm-5_en.json -> 模型: glm-5
  [高质量] 发现文件: good_option_kimi-k2.5_en.json -> 模型: kimi-k2.5
  [高质量] 发现文件: good_option_qwen3-max_en.json -> 模型: qwen3-max
  [高质量] 加载完成: 1375 条（来自 4 个模型）
  [中等质量] 加载完成: 1375 条 <- medium_option_en.json
  [低质量] 加载完成: 1375 条 <- low_option_en.json
可用质量组: ['high', 'medium', 'low']
数据范围: [0:None], 实际处理 1375 条
加载 headlines 数据: 1375 条

============================================================
处理 en_0001... (1/1375)
  质量组: high (4个候选笑话)
  质量组: medium (4个候选笑话)
  质量组: low (4个候选笑话)
  并发执行 6 个评估任务 (max_workers=4)...
    [路由] qwen3.6-27b -> DashScope API    [路由] qwen3.6-35b-a3b -> DashScope API
    [路由] qwen3.6-27b -> DashScope API

    [路由] qwen3.6-35b-a3b -> DashScope API
    [API] 速率限制错误 (状态码=400), 等待1.6s后重试 (1/5), model=qwen3.6-35b-a3b
    [API] 速率限制错误 (状态码=400), 等待1.6s后重试 (1/5), model=qwen3.6-35b-a3b
    [API] 速率限制错误 (状态码=400), 等待3.2s后重试 (2/5), model=qwen3.6-35b-a3b
    [API] 速率限制错误 (状态码=400), 等待4.5s后重试 (2/5), model=qwen3.6-35b-a3b
    [API] 速率限制错误 (状态码=400), 等待6.8s后重试 (3/5), model=qwen3.6-35b-a3b
    [API] 速率限制错误 (状态码=400), 等待9.1s后重试 (3/5), model=qwen3.6-35b-a3b
    [API] 速率限制错误 (状态码=400), 等待18.3s后重试 (4/5), model=qwen3.6-35b-a3b
    [API] 速率限制错误 (状态码=400), 等待19.7s后重试 (4/5), model=qwen3.6-35b-a3b
    [qwen3.6-27b] 决策: select | 选笑话编号: 2
    [路由] qwen3.6-27b -> DashScope API
    [API] 速率限制错误 (状态码=400), 等待34.8s后重试 (5/5), model=qwen3.6-35b-a3b
    [API] 速率限制错误 (状态码=400), 等待33.5s后重试 (5/5), model=qwen3.6-35b-a3b
日志保存至: D:\github\llm_resist_selection\exp_result\exp1_status_quo_bias_run_en.log
开始时间: 2026-05-06 18:31:07
语言: en | RPM: 600 | 数据范围: [0, None)
------------------------------------------------------------

=== 实验一：不作为偏见（Status Quo Bias）实验 [lang=en] ===

运行完整实验...

初始化速率限制器 (RPM=600)...
    [RateLimiter] 初始化: RPM=600, 有效RPM=480, 每秒补充=8.00令牌
每个item预计请求数: 6
建议每请求最小间隔: 0.14秒

加载三组质量数据 (lang=en)...
  [高质量] 发现文件: good_option_deepseek-v3.2_en.json -> 模型: deepseek-v3.2
  [高质量] 发现文件: good_option_glm-5_en.json -> 模型: glm-5
  [高质量] 发现文件: good_option_kimi-k2.5_en.json -> 模型: kimi-k2.5
  [高质量] 发现文件: good_option_qwen3-max_en.json -> 模型: qwen3-max
  [高质量] 加载完成: 1375 条（来自 4 个模型）
  [中等质量] 加载完成: 1375 条 <- medium_option_en.json
  [低质量] 加载完成: 1375 条 <- low_option_en.json
可用质量组: ['high', 'medium', 'low']
数据范围: [0:None], 实际处理 1375 条
加载 headlines 数据: 1375 条

============================================================
处理 en_0001... (1/1375)
  质量组: high (4个候选笑话)
  质量组: medium (4个候选笑话)
  质量组: low (4个候选笑话)
  并发执行 6 个评估任务 (max_workers=4)...
    [路由] qwen3.6-27b -> DashScope API    [路由] qwen3.6-35b-a3b -> DashScope API
    [路由] qwen3.6-27b -> DashScope API

    [路由] qwen3.6-35b-a3b -> DashScope API
    [API] 速率限制错误 (状态码=400), 等待2.1s后重试 (1/5), model=qwen3.6-35b-a3b
    [API] 速率限制错误 (状态码=400), 等待2.2s后重试 (1/5), model=qwen3.6-35b-a3b
    [API] 速率限制错误 (状态码=400), 等待3.2s后重试 (2/5), model=qwen3.6-35b-a3b
    [API] 速率限制错误 (状态码=400), 等待4.5s后重试 (2/5), model=qwen3.6-35b-a3b
    [API] 速率限制错误 (状态码=400), 等待7.9s后重试 (3/5), model=qwen3.6-35b-a3b
    [API] 速率限制错误 (状态码=400), 等待6.8s后重试 (3/5), model=qwen3.6-35b-a3b
日志保存至: D:\github\llm_resist_selection\exp_result\exp1_status_quo_bias_run_en.log
开始时间: 2026-05-06 18:32:20
语言: en | RPM: 1200 | 数据范围: [0, None)
------------------------------------------------------------

=== 实验一：不作为偏见（Status Quo Bias）实验 [lang=en] ===

运行完整实验...

初始化速率限制器 (RPM=1200)...
    [RateLimiter] 初始化: RPM=1200, 有效RPM=960, 每秒补充=16.00令牌
每个item预计请求数: 3
建议每请求最小间隔: 0.07秒

加载三组质量数据 (lang=en)...
  [高质量] 发现文件: good_option_deepseek-v3.2_en.json -> 模型: deepseek-v3.2
  [高质量] 发现文件: good_option_glm-5_en.json -> 模型: glm-5
  [高质量] 发现文件: good_option_kimi-k2.5_en.json -> 模型: kimi-k2.5
  [高质量] 发现文件: good_option_qwen3-max_en.json -> 模型: qwen3-max
  [高质量] 加载完成: 1375 条（来自 4 个模型）
  [中等质量] 加载完成: 1375 条 <- medium_option_en.json
  [低质量] 加载完成: 1375 条 <- low_option_en.json
可用质量组: ['high', 'medium', 'low']
数据范围: [0:None], 实际处理 1375 条
加载 headlines 数据: 1375 条

============================================================
处理 en_0001... (1/1375)
  质量组: high (4个候选笑话)
  质量组: medium (4个候选笑话)
  质量组: low (4个候选笑话)
  并发执行 3 个评估任务 (max_workers=3)...
    [路由] qwen3.6-27b -> DashScope API    [路由] qwen3.6-27b -> DashScope API
    [路由] qwen3.6-27b -> DashScope API

    [qwen3.6-27b] 决策: select | 选笑话编号: 2
    [qwen3.6-27b] 决策: create | 选笑话编号: None
    [qwen3.6-27b] 决策: create | 选笑话编号: None

  Item完成: 耗时61.6s | 总耗时1.0min
  速率限制器状态: 可用令牌=960.0/960
  已保存中间结果 (1 条)

============================================================
处理 en_0002... (2/1375)
  质量组: high (4个候选笑话)
  质量组: medium (4个候选笑话)
  质量组: low (4个候选笑话)
  并发执行 3 个评估任务 (max_workers=3)...
    [路由] qwen3.6-27b -> DashScope API    [路由] qwen3.6-27b -> DashScope API

    [路由] qwen3.6-27b -> DashScope API
    [qwen3.6-27b] 决策: create | 选笑话编号: None
    [qwen3.6-27b] 决策: create | 选笑话编号: None
    [qwen3.6-27b] 决策: select | 选笑话编号: 4

  Item完成: 耗时57.3s | 总耗时2.0min
  速率限制器状态: 可用令牌=960.0/960
  已保存中间结果 (2 条)

============================================================
处理 en_0003... (3/1375)
  质量组: high (4个候选笑话)
  质量组: medium (4个候选笑话)
  质量组: low (4个候选笑话)
  并发执行 3 个评估任务 (max_workers=3)...
    [路由] qwen3.6-27b -> DashScope API    [路由] qwen3.6-27b -> DashScope API

    [路由] qwen3.6-27b -> DashScope API
    [qwen3.6-27b] 决策: select | 选笑话编号: 4
    [qwen3.6-27b] 决策: create | 选笑话编号: None
    [qwen3.6-27b] 决策: select | 选笑话编号: 3

  Item完成: 耗时53.2s | 总耗时2.9min
  速率限制器状态: 可用令牌=960.0/960
  已保存中间结果 (3 条)

============================================================
处理 en_0004... (4/1375)
  质量组: high (4个候选笑话)
  质量组: medium (4个候选笑话)
  质量组: low (4个候选笑话)
  并发执行 3 个评估任务 (max_workers=3)...
    [路由] qwen3.6-27b -> DashScope API
    [路由] qwen3.6-27b -> DashScope API
    [路由] qwen3.6-27b -> DashScope API
    [qwen3.6-27b] 决策: select | 选笑话编号: 4
    [qwen3.6-27b] 决策: create | 选笑话编号: None
    [API] 可重试异常: HTTPSConnectionPool(host='dashscope.aliyuncs.com', port=443): Read timed out. (read timeout=300), 等待2.4s后重试 (1/5), model=qwen3.6-27b
    [qwen3.6-27b] 决策: create | 选笑话编号: None

  Item完成: 耗时332.6s | 总耗时8.4min
  速率限制器状态: 可用令牌=960.0/960
  已保存中间结果 (4 条)

============================================================
处理 en_0005... (5/1375)
  质量组: high (4个候选笑话)
  质量组: medium (4个候选笑话)
  质量组: low (4个候选笑话)
  并发执行 3 个评估任务 (max_workers=3)...
    [路由] qwen3.6-27b -> DashScope API    [路由] qwen3.6-27b -> DashScope API

    [路由] qwen3.6-27b -> DashScope API
    [qwen3.6-27b] 决策: select | 选笑话编号: 2
    [qwen3.6-27b] 决策: select | 选笑话编号: 4
    [qwen3.6-27b] 决策: create | 选笑话编号: None

  Item完成: 耗时50.2s | 总耗时9.2min
  速率限制器状态: 可用令牌=960.0/960
  已保存中间结果 (5 条)

============================================================
处理 en_0006... (6/1375)
  质量组: high (4个候选笑话)
  质量组: medium (4个候选笑话)
  质量组: low (4个候选笑话)
  并发执行 3 个评估任务 (max_workers=3)...
    [路由] qwen3.6-27b -> DashScope API    [路由] qwen3.6-27b -> DashScope API

    [路由] qwen3.6-27b -> DashScope API
    [qwen3.6-27b] 决策: select | 选笑话编号: 4
    [qwen3.6-27b] 决策: select | 选笑话编号: 1
    [qwen3.6-27b] 决策: create | 选笑话编号: None

  Item完成: 耗时75.7s | 总耗时10.5min
  速率限制器状态: 可用令牌=960.0/960
  已保存中间结果 (6 条)

============================================================
处理 en_0007... (7/1375)
  质量组: high (4个候选笑话)
  质量组: medium (4个候选笑话)
  质量组: low (4个候选笑话)
  并发执行 3 个评估任务 (max_workers=3)...
    [路由] qwen3.6-27b -> DashScope API
    [路由] qwen3.6-27b -> DashScope API
    [路由] qwen3.6-27b -> DashScope API
    [qwen3.6-27b] 决策: create | 选笑话编号: None
    [qwen3.6-27b] 决策: select | 选笑话编号: 1
    [qwen3.6-27b] 决策: create | 选笑话编号: None

  Item完成: 耗时47.8s | 总耗时11.3min
  速率限制器状态: 可用令牌=960.0/960
  已保存中间结果 (7 条)

============================================================
处理 en_0008... (8/1375)
  质量组: high (4个候选笑话)
  质量组: medium (4个候选笑话)
  质量组: low (4个候选笑话)
  并发执行 3 个评估任务 (max_workers=3)...
    [路由] qwen3.6-27b -> DashScope API    [路由] qwen3.6-27b -> DashScope API
    [路由] qwen3.6-27b -> DashScope API

    [qwen3.6-27b] 决策: select | 选笑话编号: 1
    [qwen3.6-27b] 决策: create | 选笑话编号: None
    [qwen3.6-27b] 决策: create | 选笑话编号: None

  Item完成: 耗时57.7s | 总耗时12.3min
  速率限制器状态: 可用令牌=960.0/960
  已保存中间结果 (8 条)

============================================================
处理 en_0009... (9/1375)
  质量组: high (4个候选笑话)
  质量组: medium (4个候选笑话)
  质量组: low (4个候选笑话)
  并发执行 3 个评估任务 (max_workers=3)...
    [路由] qwen3.6-27b -> DashScope API    [路由] qwen3.6-27b -> DashScope API
    [路由] qwen3.6-27b -> DashScope API

    [qwen3.6-27b] 决策: select | 选笑话编号: 2
    [API] JSON解析失败: JSON解析失败: Extra data: line 7 column 1 (char 489), model=qwen3.6-27b
    [qwen3.6-27b] 决策:  | 选笑话编号: ?
    [qwen3.6-27b] 决策: select | 选笑话编号: 3

  Item完成: 耗时47.2s | 总耗时13.1min
  速率限制器状态: 可用令牌=960.0/960
  已保存中间结果 (9 条)

============================================================
处理 en_0010... (10/1375)
  质量组: high (4个候选笑话)
  质量组: medium (4个候选笑话)
  质量组: low (4个候选笑话)
  并发执行 3 个评估任务 (max_workers=3)...
    [路由] qwen3.6-27b -> DashScope API    [路由] qwen3.6-27b -> DashScope API
    [路由] qwen3.6-27b -> DashScope API

    [qwen3.6-27b] 决策: select | 选笑话编号: 4
    [qwen3.6-27b] 决策: create | 选笑话编号: None
    [API] 可重试异常: HTTPSConnectionPool(host='dashscope.aliyuncs.com', port=443): Read timed out. (read timeout=300), 等待1.9s后重试 (1/5), model=qwen3.6-27b
    [API] 可重试异常: HTTPSConnectionPool(host='dashscope.aliyuncs.com', port=443): Read timed out. (read timeout=300), 等待4.8s后重试 (2/5), model=qwen3.6-27b
    [qwen3.6-27b] 决策: select | 选笑话编号: 4

  Item完成: 耗时645.9s | 总耗时23.8min
  速率限制器状态: 可用令牌=960.0/960
  已保存中间结果 (10 条)

============================================================
处理 en_0011... (11/1375)
  质量组: high (4个候选笑话)
  质量组: medium (4个候选笑话)
  质量组: low (4个候选笑话)
  并发执行 3 个评估任务 (max_workers=3)...
    [路由] qwen3.6-27b -> DashScope API    [路由] qwen3.6-27b -> DashScope API
    [路由] qwen3.6-27b -> DashScope API

    [qwen3.6-27b] 决策: create | 选笑话编号: None
    [qwen3.6-27b] 决策: select | 选笑话编号: 1
    [API] 可重试异常: HTTPSConnectionPool(host='dashscope.aliyuncs.com', port=443): Read timed out. (read timeout=300), 等待2.0s后重试 (1/5), model=qwen3.6-27b
    [qwen3.6-27b] 决策: create | 选笑话编号: None

  Item完成: 耗时369.6s | 总耗时30.0min
  速率限制器状态: 可用令牌=960.0/960
  已保存中间结果 (11 条)

============================================================
处理 en_0012... (12/1375)
  质量组: high (4个候选笑话)
  质量组: medium (4个候选笑话)
  质量组: low (4个候选笑话)
  并发执行 3 个评估任务 (max_workers=3)...
    [路由] qwen3.6-27b -> DashScope API    [路由] qwen3.6-27b -> DashScope API

    [路由] qwen3.6-27b -> DashScope API
    [qwen3.6-27b] 决策: select | 选笑话编号: 2
    [qwen3.6-27b] 决策: select | 选笑话编号: 3
    [qwen3.6-27b] 决策: create | 选笑话编号: None

  Item完成: 耗时67.5s | 总耗时31.1min
  速率限制器状态: 可用令牌=960.0/960
  已保存中间结果 (12 条)

============================================================
处理 en_0013... (13/1375)
  质量组: high (4个候选笑话)
  质量组: medium (4个候选笑话)
  质量组: low (4个候选笑话)
  并发执行 3 个评估任务 (max_workers=3)...
    [路由] qwen3.6-27b -> DashScope API    [路由] qwen3.6-27b -> DashScope API

    [路由] qwen3.6-27b -> DashScope API
    [qwen3.6-27b] 决策: create | 选笑话编号: None
    [qwen3.6-27b] 决策: select | 选笑话编号: 3
    [qwen3.6-27b] 决策: select | 选笑话编号: 2

  Item完成: 耗时67.0s | 总耗时32.2min
  速率限制器状态: 可用令牌=960.0/960
  已保存中间结果 (13 条)

============================================================
处理 en_0014... (14/1375)
  质量组: high (4个候选笑话)
  质量组: medium (4个候选笑话)
  质量组: low (4个候选笑话)
  并发执行 3 个评估任务 (max_workers=3)...
    [路由] qwen3.6-27b -> DashScope API    [路由] qwen3.6-27b -> DashScope API

    [路由] qwen3.6-27b -> DashScope API
    [qwen3.6-27b] 决策: select | 选笑话编号: 4
    [qwen3.6-27b] 决策: select | 选笑话编号: 4
    [qwen3.6-27b] 决策: select | 选笑话编号: 4

  Item完成: 耗时28.3s | 总耗时32.7min
  速率限制器状态: 可用令牌=960.0/960
  已保存中间结果 (14 条)

============================================================
处理 en_0015... (15/1375)
  质量组: high (4个候选笑话)
  质量组: medium (4个候选笑话)
  质量组: low (4个候选笑话)
  并发执行 3 个评估任务 (max_workers=3)...
    [路由] qwen3.6-27b -> DashScope API
    [路由] qwen3.6-27b -> DashScope API
    [路由] qwen3.6-27b -> DashScope API
    [qwen3.6-27b] 决策: select | 选笑话编号: 4
    [qwen3.6-27b] 决策: create | 选笑话编号: None
    [qwen3.6-27b] 决策: create | 选笑话编号: None

  Item完成: 耗时35.2s | 总耗时33.3min
  速率限制器状态: 可用令牌=960.0/960
  已保存中间结果 (15 条)

============================================================
处理 en_0016... (16/1375)
  质量组: high (4个候选笑话)
  质量组: medium (4个候选笑话)
  质量组: low (4个候选笑话)
  并发执行 3 个评估任务 (max_workers=3)...
    [路由] qwen3.6-27b -> DashScope API
    [路由] qwen3.6-27b -> DashScope API    [路由] qwen3.6-27b -> DashScope API

    [qwen3.6-27b] 决策: select | 选笑话编号: 1
    [qwen3.6-27b] 决策: select | 选笑话编号: 2
    [qwen3.6-27b] 决策: create | 选笑话编号: None

  Item完成: 耗时61.9s | 总耗时34.3min
  速率限制器状态: 可用令牌=960.0/960
  已保存中间结果 (16 条)

============================================================
处理 en_0017... (17/1375)
  质量组: high (4个候选笑话)
  质量组: medium (4个候选笑话)
  质量组: low (4个候选笑话)
  并发执行 3 个评估任务 (max_workers=3)...
    [路由] qwen3.6-27b -> DashScope API    [路由] qwen3.6-27b -> DashScope API
    [路由] qwen3.6-27b -> DashScope API

    [qwen3.6-27b] 决策: create | 选笑话编号: None
    [qwen3.6-27b] 决策: create | 选笑话编号: None
    [API] 可重试异常: HTTPSConnectionPool(host='dashscope.aliyuncs.com', port=443): Read timed out. (read timeout=300), 等待2.1s后重试 (1/5), model=qwen3.6-27b
    [qwen3.6-27b] 决策: create | 选笑话编号: None

  Item完成: 耗时358.0s | 总耗时40.3min
  速率限制器状态: 可用令牌=960.0/960
  已保存中间结果 (17 条)

============================================================
处理 en_0018... (18/1375)
  质量组: high (4个候选笑话)
  质量组: medium (4个候选笑话)
  质量组: low (4个候选笑话)
  并发执行 3 个评估任务 (max_workers=3)...
    [路由] qwen3.6-27b -> DashScope API    [路由] qwen3.6-27b -> DashScope API

    [路由] qwen3.6-27b -> DashScope API
    [qwen3.6-27b] 决策: select | 选笑话编号: 2
    [qwen3.6-27b] 决策: create | 选笑话编号: None
    [qwen3.6-27b] 决策: create | 选笑话编号: None

  Item完成: 耗时81.7s | 总耗时41.6min
  速率限制器状态: 可用令牌=960.0/960
  已保存中间结果 (18 条)

============================================================
处理 en_0019... (19/1375)
  质量组: high (4个候选笑话)
  质量组: medium (4个候选笑话)
  质量组: low (4个候选笑话)
  并发执行 3 个评估任务 (max_workers=3)...
    [路由] qwen3.6-27b -> DashScope API    [路由] qwen3.6-27b -> DashScope API

    [路由] qwen3.6-27b -> DashScope API
    [qwen3.6-27b] 决策: select | 选笑话编号: 4
    [qwen3.6-27b] 决策: select | 选笑话编号: 2
    [qwen3.6-27b] 决策: create | 选笑话编号: None

  Item完成: 耗时50.1s | 总耗时42.5min
  速率限制器状态: 可用令牌=960.0/960
  已保存中间结果 (19 条)

============================================================
处理 en_0020... (20/1375)
  质量组: high (4个候选笑话)
  质量组: medium (4个候选笑话)
  质量组: low (4个候选笑话)
  并发执行 3 个评估任务 (max_workers=3)...
    [路由] qwen3.6-27b -> DashScope API
    [路由] qwen3.6-27b -> DashScope API
    [路由] qwen3.6-27b -> DashScope API
    [qwen3.6-27b] 决策: select | 选笑话编号: 3
    [qwen3.6-27b] 决策: select | 选笑话编号: 1
    [qwen3.6-27b] 决策: create | 选笑话编号: None

  Item完成: 耗时50.4s | 总耗时43.3min
  速率限制器状态: 可用令牌=960.0/960
  已保存中间结果 (20 条)

============================================================
处理 en_0021... (21/1375)
  质量组: high (4个候选笑话)
  质量组: medium (4个候选笑话)
  质量组: low (4个候选笑话)
  并发执行 3 个评估任务 (max_workers=3)...
    [路由] qwen3.6-27b -> DashScope API    [路由] qwen3.6-27b -> DashScope API

    [路由] qwen3.6-27b -> DashScope API
    [qwen3.6-27b] 决策: select | 选笑话编号: 3
    [qwen3.6-27b] 决策: select | 选笑话编号: 4
    [qwen3.6-27b] 决策: create | 选笑话编号: None

  Item完成: 耗时71.2s | 总耗时44.5min
  速率限制器状态: 可用令牌=960.0/960
  已保存中间结果 (21 条)

============================================================
处理 en_0022... (22/1375)
  质量组: high (4个候选笑话)
  质量组: medium (4个候选笑话)
  质量组: low (4个候选笑话)
  并发执行 3 个评估任务 (max_workers=3)...
    [路由] qwen3.6-27b -> DashScope API    [路由] qwen3.6-27b -> DashScope API
    [路由] qwen3.6-27b -> DashScope API

    [qwen3.6-27b] 决策: select | 选笑话编号: 4
    [qwen3.6-27b] 决策: select | 选笑话编号: 3
    [qwen3.6-27b] 决策: select | 选笑话编号: 4

  Item完成: 耗时26.5s | 总耗时44.9min
  速率限制器状态: 可用令牌=960.0/960
  已保存中间结果 (22 条)

============================================================
处理 en_0023... (23/1375)
  质量组: high (4个候选笑话)
  质量组: medium (4个候选笑话)
  质量组: low (4个候选笑话)
  并发执行 3 个评估任务 (max_workers=3)...
    [路由] qwen3.6-27b -> DashScope API
    [路由] qwen3.6-27b -> DashScope API    [路由] qwen3.6-27b -> DashScope API

    [qwen3.6-27b] 决策: select | 选笑话编号: 3
    [qwen3.6-27b] 决策: select | 选笑话编号: 3
    [qwen3.6-27b] 决策: select | 选笑话编号: 4

  Item完成: 耗时45.8s | 总耗时45.7min
  速率限制器状态: 可用令牌=960.0/960
  已保存中间结果 (23 条)

============================================================
处理 en_0024... (24/1375)
  质量组: high (4个候选笑话)
  质量组: medium (4个候选笑话)
  质量组: low (4个候选笑话)
  并发执行 3 个评估任务 (max_workers=3)...
    [路由] qwen3.6-27b -> DashScope API    [路由] qwen3.6-27b -> DashScope API
    [路由] qwen3.6-27b -> DashScope API

    [qwen3.6-27b] 决策: select | 选笑话编号: 1
    [qwen3.6-27b] 决策: create | 选笑话编号: None
    [qwen3.6-27b] 决策: create | 选笑话编号: None

  Item完成: 耗时61.2s | 总耗时46.7min
  速率限制器状态: 可用令牌=960.0/960
  已保存中间结果 (24 条)

============================================================
处理 en_0025... (25/1375)
  质量组: high (4个候选笑话)
  质量组: medium (4个候选笑话)
  质量组: low (4个候选笑话)
  并发执行 3 个评估任务 (max_workers=3)...
    [路由] qwen3.6-27b -> DashScope API    [路由] qwen3.6-27b -> DashScope API
    [路由] qwen3.6-27b -> DashScope API

    [qwen3.6-27b] 决策: select | 选笑话编号: 2
    [qwen3.6-27b] 决策: select | 选笑话编号: 4
    [qwen3.6-27b] 决策: create | 选笑话编号: None

  Item完成: 耗时58.4s | 总耗时47.7min
  速率限制器状态: 可用令牌=960.0/960
  已保存中间结果 (25 条)

============================================================
处理 en_0026... (26/1375)
  质量组: high (4个候选笑话)
  质量组: medium (4个候选笑话)
  质量组: low (4个候选笑话)
  并发执行 3 个评估任务 (max_workers=3)...
    [路由] qwen3.6-27b -> DashScope API    [路由] qwen3.6-27b -> DashScope API
    [路由] qwen3.6-27b -> DashScope API

    [qwen3.6-27b] 决策: create | 选笑话编号: None
    [qwen3.6-27b] 决策: select | 选笑话编号: 2
    [qwen3.6-27b] 决策: create | 选笑话编号: None

  Item完成: 耗时50.0s | 总耗时48.5min
  速率限制器状态: 可用令牌=960.0/960
  已保存中间结果 (26 条)

============================================================
处理 en_0027... (27/1375)
  质量组: high (4个候选笑话)
  质量组: medium (4个候选笑话)
  质量组: low (4个候选笑话)
  并发执行 3 个评估任务 (max_workers=3)...
    [路由] qwen3.6-27b -> DashScope API
    [路由] qwen3.6-27b -> DashScope API
    [路由] qwen3.6-27b -> DashScope API
    [qwen3.6-27b] 决策: create | 选笑话编号: None
    [qwen3.6-27b] 决策: create | 选笑话编号: None
    [qwen3.6-27b] 决策: create | 选笑话编号: None

  Item完成: 耗时123.1s | 总耗时50.6min
  速率限制器状态: 可用令牌=960.0/960
  已保存中间结果 (27 条)

============================================================
处理 en_0028... (28/1375)
  质量组: high (4个候选笑话)
  质量组: medium (4个候选笑话)
  质量组: low (4个候选笑话)
  并发执行 3 个评估任务 (max_workers=3)...
    [路由] qwen3.6-27b -> DashScope API    [路由] qwen3.6-27b -> DashScope API

    [路由] qwen3.6-27b -> DashScope API
    [qwen3.6-27b] 决策: create | 选笑话编号: None
    [qwen3.6-27b] 决策: create | 选笑话编号: None
    [qwen3.6-27b] 决策: create | 选笑话编号: None

  Item完成: 耗时46.5s | 总耗时51.4min
  速率限制器状态: 可用令牌=960.0/960
  已保存中间结果 (28 条)

============================================================
处理 en_0029... (29/1375)
  质量组: high (4个候选笑话)
  质量组: medium (4个候选笑话)
  质量组: low (4个候选笑话)
  并发执行 3 个评估任务 (max_workers=3)...
    [路由] qwen3.6-27b -> DashScope API
    [路由] qwen3.6-27b -> DashScope API
    [路由] qwen3.6-27b -> DashScope API
    [qwen3.6-27b] 决策: select | 选笑话编号: 2
    [qwen3.6-27b] 决策: select | 选笑话编号: 1
    [qwen3.6-27b] 决策: create | 选笑话编号: None

  Item完成: 耗时68.0s | 总耗时52.5min
  速率限制器状态: 可用令牌=960.0/960
  已保存中间结果 (29 条)

============================================================
处理 en_0030... (30/1375)
  质量组: high (4个候选笑话)
  质量组: medium (4个候选笑话)
  质量组: low (4个候选笑话)
  并发执行 3 个评估任务 (max_workers=3)...
    [路由] qwen3.6-27b -> DashScope API
    [路由] qwen3.6-27b -> DashScope API    [路由] qwen3.6-27b -> DashScope API

    [qwen3.6-27b] 决策: create | 选笑话编号: None
    [qwen3.6-27b] 决策: select | 选笑话编号: 4
    [qwen3.6-27b] 决策: select | 选笑话编号: 3

  Item完成: 耗时38.8s | 总耗时53.2min
  速率限制器状态: 可用令牌=960.0/960
  已保存中间结果 (30 条)

============================================================
处理 en_0031... (31/1375)
  质量组: high (4个候选笑话)
  质量组: medium (4个候选笑话)
  质量组: low (4个候选笑话)
  并发执行 3 个评估任务 (max_workers=3)...
    [路由] qwen3.6-27b -> DashScope API    [路由] qwen3.6-27b -> DashScope API

    [路由] qwen3.6-27b -> DashScope API
    [qwen3.6-27b] 决策: create | 选笑话编号: None
    [qwen3.6-27b] 决策: create | 选笑话编号: None
    [API] 可重试异常: HTTPSConnectionPool(host='dashscope.aliyuncs.com', port=443): Read timed out. (read timeout=300), 等待1.8s后重试 (1/5), model=qwen3.6-27b
    [qwen3.6-27b] 决策: select | 选笑话编号: 4

  Item完成: 耗时348.0s | 总耗时59.0min
  速率限制器状态: 可用令牌=960.0/960
  已保存中间结果 (31 条)

============================================================
处理 en_0032... (32/1375)
  质量组: high (4个候选笑话)
  质量组: medium (4个候选笑话)
  质量组: low (4个候选笑话)
  并发执行 3 个评估任务 (max_workers=3)...
    [路由] qwen3.6-27b -> DashScope API    [路由] qwen3.6-27b -> DashScope API

    [路由] qwen3.6-27b -> DashScope API
    [qwen3.6-27b] 决策: select | 选笑话编号: 4
    [qwen3.6-27b] 决策: create | 选笑话编号: None
    [qwen3.6-27b] 决策: select | 选笑话编号: 4

  Item完成: 耗时75.1s | 总耗时60.2min
  速率限制器状态: 可用令牌=960.0/960
  已保存中间结果 (32 条)

============================================================
处理 en_0033... (33/1375)
  质量组: high (4个候选笑话)
  质量组: medium (4个候选笑话)
  质量组: low (4个候选笑话)
  并发执行 3 个评估任务 (max_workers=3)...
    [路由] qwen3.6-27b -> DashScope API    [路由] qwen3.6-27b -> DashScope API

    [路由] qwen3.6-27b -> DashScope API
    [qwen3.6-27b] 决策: create | 选笑话编号: None
    [qwen3.6-27b] 决策: create | 选笑话编号: None
    [qwen3.6-27b] 决策: select | 选笑话编号: 1

  Item完成: 耗时124.0s | 总耗时62.3min
  速率限制器状态: 可用令牌=960.0/960
  已保存中间结果 (33 条)

============================================================
处理 en_0034... (34/1375)
  质量组: high (4个候选笑话)
  质量组: medium (4个候选笑话)
  质量组: low (4个候选笑话)
  并发执行 3 个评估任务 (max_workers=3)...
    [路由] qwen3.6-27b -> DashScope API    [路由] qwen3.6-27b -> DashScope API

    [路由] qwen3.6-27b -> DashScope API
    [qwen3.6-27b] 决策: select | 选笑话编号: 1
    [qwen3.6-27b] 决策: create | 选笑话编号: None
    [qwen3.6-27b] 决策: select | 选笑话编号: 4

  Item完成: 耗时61.5s | 总耗时63.3min
  速率限制器状态: 可用令牌=960.0/960
  已保存中间结果 (34 条)

============================================================
处理 en_0035... (35/1375)
  质量组: high (4个候选笑话)
  质量组: medium (4个候选笑话)
  质量组: low (4个候选笑话)
  并发执行 3 个评估任务 (max_workers=3)...
    [路由] qwen3.6-27b -> DashScope API    [路由] qwen3.6-27b -> DashScope API

    [路由] qwen3.6-27b -> DashScope API
    [qwen3.6-27b] 决策: select | 选笑话编号: 2
    [qwen3.6-27b] 决策: create | 选笑话编号: None
    [qwen3.6-27b] 决策: select | 选笑话编号: 4

  Item完成: 耗时67.4s | 总耗时64.4min
  速率限制器状态: 可用令牌=960.0/960
  已保存中间结果 (35 条)

============================================================
处理 en_0036... (36/1375)
  质量组: high (4个候选笑话)
  质量组: medium (4个候选笑话)
  质量组: low (4个候选笑话)
  并发执行 3 个评估任务 (max_workers=3)...
    [路由] qwen3.6-27b -> DashScope API    [路由] qwen3.6-27b -> DashScope API

    [路由] qwen3.6-27b -> DashScope API
    [qwen3.6-27b] 决策: select | 选笑话编号: 2
    [qwen3.6-27b] 决策: select | 选笑话编号: 3
    [qwen3.6-27b] 决策: create | 选笑话编号: None

  Item完成: 耗时45.2s | 总耗时65.2min
  速率限制器状态: 可用令牌=960.0/960
  已保存中间结果 (36 条)

============================================================
处理 en_0037... (37/1375)
  质量组: high (4个候选笑话)
  质量组: medium (4个候选笑话)
  质量组: low (4个候选笑话)
  并发执行 3 个评估任务 (max_workers=3)...
    [路由] qwen3.6-27b -> DashScope API
    [路由] qwen3.6-27b -> DashScope API    [路由] qwen3.6-27b -> DashScope API

    [qwen3.6-27b] 决策: select | 选笑话编号: 2
    [qwen3.6-27b] 决策: create | 选笑话编号: None
    [API] 可重试异常: HTTPSConnectionPool(host='dashscope.aliyuncs.com', port=443): Read timed out. (read timeout=300), 等待2.4s后重试 (1/5), model=qwen3.6-27b
    [API] 可重试异常: HTTPSConnectionPool(host='dashscope.aliyuncs.com', port=443): Read timed out. (read timeout=300), 等待4.9s后重试 (2/5), model=qwen3.6-27b
    [qwen3.6-27b] 决策: select | 选笑话编号: 1

  Item完成: 耗时657.6s | 总耗时76.1min
  速率限制器状态: 可用令牌=960.0/960
  已保存中间结果 (37 条)

============================================================
处理 en_0038... (38/1375)
  质量组: high (4个候选笑话)
  质量组: medium (4个候选笑话)
  质量组: low (4个候选笑话)
  并发执行 3 个评估任务 (max_workers=3)...
    [路由] qwen3.6-27b -> DashScope API    [路由] qwen3.6-27b -> DashScope API

    [路由] qwen3.6-27b -> DashScope API
    [qwen3.6-27b] 决策: select | 选笑话编号: 2
    [qwen3.6-27b] 决策: create | 选笑话编号: None
    [qwen3.6-27b] 决策: create | 选笑话编号: None

  Item完成: 耗时49.9s | 总耗时77.0min
  速率限制器状态: 可用令牌=960.0/960
  已保存中间结果 (38 条)

============================================================
处理 en_0039... (39/1375)
  质量组: high (4个候选笑话)
  质量组: medium (4个候选笑话)
  质量组: low (4个候选笑话)
  并发执行 3 个评估任务 (max_workers=3)...
    [路由] qwen3.6-27b -> DashScope API    [路由] qwen3.6-27b -> DashScope API

    [路由] qwen3.6-27b -> DashScope API
    [qwen3.6-27b] 决策: select | 选笑话编号: 2
    [qwen3.6-27b] 决策: select | 选笑话编号: 4
    [qwen3.6-27b] 决策: create | 选笑话编号: None

  Item完成: 耗时38.0s | 总耗时77.6min
  速率限制器状态: 可用令牌=960.0/960
  已保存中间结果 (39 条)

============================================================
处理 en_0040... (40/1375)
  质量组: high (4个候选笑话)
  质量组: medium (4个候选笑话)
  质量组: low (4个候选笑话)
  并发执行 3 个评估任务 (max_workers=3)...
    [路由] qwen3.6-27b -> DashScope API    [路由] qwen3.6-27b -> DashScope API

    [路由] qwen3.6-27b -> DashScope API
    [qwen3.6-27b] 决策: select | 选笑话编号: 2
    [qwen3.6-27b] 决策: create | 选笑话编号: None
    [qwen3.6-27b] 决策: create | 选笑话编号: None

  Item完成: 耗时29.7s | 总耗时78.1min
  速率限制器状态: 可用令牌=960.0/960
  已保存中间结果 (40 条)

============================================================
处理 en_0041... (41/1375)
  质量组: high (4个候选笑话)
  质量组: medium (4个候选笑话)
  质量组: low (4个候选笑话)
  并发执行 3 个评估任务 (max_workers=3)...
    [路由] qwen3.6-27b -> DashScope API    [路由] qwen3.6-27b -> DashScope API

    [路由] qwen3.6-27b -> DashScope API
    [qwen3.6-27b] 决策: select | 选笑话编号: 4
    [qwen3.6-27b] 决策: create | 选笑话编号: None
    [qwen3.6-27b] 决策: create | 选笑话编号: None

  Item完成: 耗时37.5s | 总耗时78.7min
  速率限制器状态: 可用令牌=960.0/960
  已保存中间结果 (41 条)

============================================================
处理 en_0042... (42/1375)
  质量组: high (4个候选笑话)
  质量组: medium (4个候选笑话)
  质量组: low (4个候选笑话)
  并发执行 3 个评估任务 (max_workers=3)...
    [路由] qwen3.6-27b -> DashScope API    [路由] qwen3.6-27b -> DashScope API

    [路由] qwen3.6-27b -> DashScope API
    [qwen3.6-27b] 决策: select | 选笑话编号: 4
    [qwen3.6-27b] 决策: create | 选笑话编号: None
    [qwen3.6-27b] 决策: create | 选笑话编号: None

  Item完成: 耗时75.6s | 总耗时80.0min
  速率限制器状态: 可用令牌=960.0/960
  已保存中间结果 (42 条)

============================================================
处理 en_0043... (43/1375)
  质量组: high (4个候选笑话)
  质量组: medium (4个候选笑话)
  质量组: low (4个候选笑话)
  并发执行 3 个评估任务 (max_workers=3)...
    [路由] qwen3.6-27b -> DashScope API    [路由] qwen3.6-27b -> DashScope API

    [路由] qwen3.6-27b -> DashScope API
    [qwen3.6-27b] 决策: select | 选笑话编号: 2
    [qwen3.6-27b] 决策: select | 选笑话编号: 2
    [qwen3.6-27b] 决策: create | 选笑话编号: None

  Item完成: 耗时39.7s | 总耗时80.6min
  速率限制器状态: 可用令牌=960.0/960
  已保存中间结果 (43 条)

============================================================
处理 en_0044... (44/1375)
  质量组: high (4个候选笑话)
  质量组: medium (4个候选笑话)
  质量组: low (4个候选笑话)
  并发执行 3 个评估任务 (max_workers=3)...
    [路由] qwen3.6-27b -> DashScope API    [路由] qwen3.6-27b -> DashScope API

    [路由] qwen3.6-27b -> DashScope API
    [qwen3.6-27b] 决策: select | 选笑话编号: 2
    [qwen3.6-27b] 决策: create | 选笑话编号: None
    [qwen3.6-27b] 决策: create | 选笑话编号: None

  Item完成: 耗时122.4s | 总耗时82.7min
  速率限制器状态: 可用令牌=960.0/960
  已保存中间结果 (44 条)

============================================================
处理 en_0045... (45/1375)
  质量组: high (4个候选笑话)
  质量组: medium (4个候选笑话)
  质量组: low (4个候选笑话)
  并发执行 3 个评估任务 (max_workers=3)...
    [路由] qwen3.6-27b -> DashScope API    [路由] qwen3.6-27b -> DashScope API
    [路由] qwen3.6-27b -> DashScope API

    [qwen3.6-27b] 决策: select | 选笑话编号: 2
    [qwen3.6-27b] 决策: select | 选笑话编号: 4
    [qwen3.6-27b] 决策: create | 选笑话编号: None

  Item完成: 耗时55.1s | 总耗时83.6min
  速率限制器状态: 可用令牌=960.0/960
  已保存中间结果 (45 条)

============================================================
处理 en_0046... (46/1375)
  质量组: high (4个候选笑话)
  质量组: medium (4个候选笑话)
  质量组: low (4个候选笑话)
  并发执行 3 个评估任务 (max_workers=3)...
    [路由] qwen3.6-27b -> DashScope API    [路由] qwen3.6-27b -> DashScope API

    [路由] qwen3.6-27b -> DashScope API
    [qwen3.6-27b] 决策: create | 选笑话编号: None
    [qwen3.6-27b] 决策: create | 选笑话编号: None
    [qwen3.6-27b] 决策: create | 选笑话编号: None

  Item完成: 耗时55.7s | 总耗时84.5min
  速率限制器状态: 可用令牌=960.0/960
  已保存中间结果 (46 条)

============================================================
处理 en_0047... (47/1375)
  质量组: high (4个候选笑话)
  质量组: medium (4个候选笑话)
  质量组: low (4个候选笑话)
  并发执行 3 个评估任务 (max_workers=3)...
    [路由] qwen3.6-27b -> DashScope API
    [路由] qwen3.6-27b -> DashScope API
    [路由] qwen3.6-27b -> DashScope API
    [qwen3.6-27b] 决策: select | 选笑话编号: 2
    [qwen3.6-27b] 决策: create | 选笑话编号: None
    [qwen3.6-27b] 决策: create | 选笑话编号: None

  Item完成: 耗时36.5s | 总耗时85.1min
  速率限制器状态: 可用令牌=960.0/960
  已保存中间结果 (47 条)

============================================================
处理 en_0048... (48/1375)
  质量组: high (4个候选笑话)
  质量组: medium (4个候选笑话)
  质量组: low (4个候选笑话)
  并发执行 3 个评估任务 (max_workers=3)...
    [路由] qwen3.6-27b -> DashScope API
    [路由] qwen3.6-27b -> DashScope API
    [路由] qwen3.6-27b -> DashScope API
    [qwen3.6-27b] 决策: create | 选笑话编号: None
    [qwen3.6-27b] 决策: select | 选笑话编号: 3
    [qwen3.6-27b] 决策: create | 选笑话编号: None

  Item完成: 耗时42.2s | 总耗时85.8min
  速率限制器状态: 可用令牌=960.0/960
  已保存中间结果 (48 条)

============================================================
处理 en_0049... (49/1375)
  质量组: high (4个候选笑话)
  质量组: medium (4个候选笑话)
  质量组: low (4个候选笑话)
  并发执行 3 个评估任务 (max_workers=3)...
    [路由] qwen3.6-27b -> DashScope API    [路由] qwen3.6-27b -> DashScope API

    [路由] qwen3.6-27b -> DashScope API
    [qwen3.6-27b] 决策: select | 选笑话编号: 2
    [qwen3.6-27b] 决策: create | 选笑话编号: None
    [qwen3.6-27b] 决策: create | 选笑话编号: None

  Item完成: 耗时58.3s | 总耗时86.8min
  速率限制器状态: 可用令牌=960.0/960
  已保存中间结果 (49 条)

============================================================
处理 en_0050... (50/1375)
  质量组: high (4个候选笑话)
  质量组: medium (4个候选笑话)
  质量组: low (4个候选笑话)
  并发执行 3 个评估任务 (max_workers=3)...
    [路由] qwen3.6-27b -> DashScope API    [路由] qwen3.6-27b -> DashScope API
    [路由] qwen3.6-27b -> DashScope API

    [qwen3.6-27b] 决策: select | 选笑话编号: 2
    [qwen3.6-27b] 决策: create | 选笑话编号: None
    [qwen3.6-27b] 决策: select | 选笑话编号: 1

  Item完成: 耗时92.5s | 总耗时88.4min
  速率限制器状态: 可用令牌=960.0/960
  已保存中间结果 (50 条)

============================================================
处理 en_0051... (51/1375)
  质量组: high (4个候选笑话)
  质量组: medium (4个候选笑话)
  质量组: low (4个候选笑话)
  并发执行 3 个评估任务 (max_workers=3)...
    [路由] qwen3.6-27b -> DashScope API    [路由] qwen3.6-27b -> DashScope API

    [路由] qwen3.6-27b -> DashScope API
    [qwen3.6-27b] 决策: select | 选笑话编号: 2
    [qwen3.6-27b] 决策: create | 选笑话编号: None
    [qwen3.6-27b] 决策: create | 选笑话编号: None

  Item完成: 耗时34.4s | 总耗时88.9min
  速率限制器状态: 可用令牌=960.0/960
  已保存中间结果 (51 条)

============================================================
处理 en_0052... (52/1375)
  质量组: high (4个候选笑话)
  质量组: medium (4个候选笑话)
  质量组: low (4个候选笑话)
  并发执行 3 个评估任务 (max_workers=3)...
    [路由] qwen3.6-27b -> DashScope API    [路由] qwen3.6-27b -> DashScope API

    [路由] qwen3.6-27b -> DashScope API
    [qwen3.6-27b] 决策: select | 选笑话编号: 2
    [qwen3.6-27b] 决策: create | 选笑话编号: None
    [qwen3.6-27b] 决策: select | 选笑话编号: 3

  Item完成: 耗时48.6s | 总耗时89.7min
  速率限制器状态: 可用令牌=960.0/960
  已保存中间结果 (52 条)

============================================================
处理 en_0053... (53/1375)
  质量组: high (4个候选笑话)
  质量组: medium (4个候选笑话)
  质量组: low (4个候选笑话)
  并发执行 3 个评估任务 (max_workers=3)...
    [路由] qwen3.6-27b -> DashScope API    [路由] qwen3.6-27b -> DashScope API

    [路由] qwen3.6-27b -> DashScope API
    [qwen3.6-27b] 决策: select | 选笑话编号: 4
    [qwen3.6-27b] 决策: select | 选笑话编号: 3
    [qwen3.6-27b] 决策: create | 选笑话编号: None

  Item完成: 耗时46.6s | 总耗时90.5min
  速率限制器状态: 可用令牌=960.0/960
  已保存中间结果 (53 条)

============================================================
处理 en_0054... (54/1375)
  质量组: high (4个候选笑话)
  质量组: medium (4个候选笑话)
  质量组: low (4个候选笑话)
  并发执行 3 个评估任务 (max_workers=3)...
    [路由] qwen3.6-27b -> DashScope API
    [路由] qwen3.6-27b -> DashScope API    [路由] qwen3.6-27b -> DashScope API

    [qwen3.6-27b] 决策: select | 选笑话编号: 3
    [qwen3.6-27b] 决策: create | 选笑话编号: None
    [qwen3.6-27b] 决策: select | 选笑话编号: 2

  Item完成: 耗时37.4s | 总耗时91.1min
  速率限制器状态: 可用令牌=960.0/960
  已保存中间结果 (54 条)

============================================================
处理 en_0055... (55/1375)
  质量组: high (4个候选笑话)
  质量组: medium (4个候选笑话)
  质量组: low (4个候选笑话)
  并发执行 3 个评估任务 (max_workers=3)...
    [路由] qwen3.6-27b -> DashScope API    [路由] qwen3.6-27b -> DashScope API

    [路由] qwen3.6-27b -> DashScope API
    [qwen3.6-27b] 决策: select | 选笑话编号: 2
    [qwen3.6-27b] 决策: select | 选笑话编号: 1
    [qwen3.6-27b] 决策: select | 选笑话编号: 2

  Item完成: 耗时24.0s | 总耗时91.5min
  速率限制器状态: 可用令牌=960.0/960
  已保存中间结果 (55 条)

============================================================
处理 en_0056... (56/1375)
  质量组: high (4个候选笑话)
  质量组: medium (4个候选笑话)
  质量组: low (4个候选笑话)
  并发执行 3 个评估任务 (max_workers=3)...
    [路由] qwen3.6-27b -> DashScope API
    [路由] qwen3.6-27b -> DashScope API    [路由] qwen3.6-27b -> DashScope API

    [qwen3.6-27b] 决策: select | 选笑话编号: 2
    [qwen3.6-27b] 决策: select | 选笑话编号: 3
    [qwen3.6-27b] 决策: select | 选笑话编号: 3

  Item完成: 耗时25.2s | 总耗时92.0min
  速率限制器状态: 可用令牌=960.0/960
  已保存中间结果 (56 条)

============================================================
处理 en_0057... (57/1375)
  质量组: high (4个候选笑话)
  质量组: medium (4个候选笑话)
  质量组: low (4个候选笑话)
  并发执行 3 个评估任务 (max_workers=3)...
    [路由] qwen3.6-27b -> DashScope API
    [路由] qwen3.6-27b -> DashScope API    [路由] qwen3.6-27b -> DashScope API

    [qwen3.6-27b] 决策: select | 选笑话编号: 2
    [qwen3.6-27b] 决策: select | 选笑话编号: 2
    [qwen3.6-27b] 决策: select | 选笑话编号: 2

  Item完成: 耗时77.6s | 总耗时93.3min
  速率限制器状态: 可用令牌=960.0/960
  已保存中间结果 (57 条)

============================================================
处理 en_0058... (58/1375)
  质量组: high (4个候选笑话)
  质量组: medium (4个候选笑话)
  质量组: low (4个候选笑话)
  并发执行 3 个评估任务 (max_workers=3)...
    [路由] qwen3.6-27b -> DashScope API
    [路由] qwen3.6-27b -> DashScope API
    [路由] qwen3.6-27b -> DashScope API
    [qwen3.6-27b] 决策: select | 选笑话编号: 4
    [qwen3.6-27b] 决策: create | 选笑话编号: None
    [qwen3.6-27b] 决策: create | 选笑话编号: None

  Item完成: 耗时47.3s | 总耗时94.1min
  速率限制器状态: 可用令牌=960.0/960
  已保存中间结果 (58 条)

============================================================
处理 en_0059... (59/1375)
  质量组: high (4个候选笑话)
  质量组: medium (4个候选笑话)
  质量组: low (4个候选笑话)
  并发执行 3 个评估任务 (max_workers=3)...
    [路由] qwen3.6-27b -> DashScope API    [路由] qwen3.6-27b -> DashScope API

    [路由] qwen3.6-27b -> DashScope API
    [qwen3.6-27b] 决策: select | 选笑话编号: 4
    [qwen3.6-27b] 决策: select | 选笑话编号: 1
    [qwen3.6-27b] 决策: create | 选笑话编号: None

  Item完成: 耗时48.7s | 总耗时94.9min
  速率限制器状态: 可用令牌=960.0/960
  已保存中间结果 (59 条)

============================================================
处理 en_0060... (60/1375)
  质量组: high (4个候选笑话)
  质量组: medium (4个候选笑话)
  质量组: low (4个候选笑话)
  并发执行 3 个评估任务 (max_workers=3)...
    [路由] qwen3.6-27b -> DashScope API
    [路由] qwen3.6-27b -> DashScope API    [路由] qwen3.6-27b -> DashScope API

    [qwen3.6-27b] 决策: select | 选笑话编号: 4
    [qwen3.6-27b] 决策: select | 选笑话编号: 2
    [qwen3.6-27b] 决策: select | 选笑话编号: 2

  Item完成: 耗时45.2s | 总耗时95.6min
  速率限制器状态: 可用令牌=960.0/960
  已保存中间结果 (60 条)

============================================================
处理 en_0061... (61/1375)
  质量组: high (4个候选笑话)
  质量组: medium (4个候选笑话)
  质量组: low (4个候选笑话)
  并发执行 3 个评估任务 (max_workers=3)...
    [路由] qwen3.6-27b -> DashScope API    [路由] qwen3.6-27b -> DashScope API

    [路由] qwen3.6-27b -> DashScope API
    [qwen3.6-27b] 决策: create | 选笑话编号: None
    [qwen3.6-27b] 决策: select | 选笑话编号: 2
    [qwen3.6-27b] 决策: create | 选笑话编号: None

  Item完成: 耗时48.4s | 总耗时96.4min
  速率限制器状态: 可用令牌=960.0/960
  已保存中间结果 (61 条)

============================================================
处理 en_0062... (62/1375)
  质量组: high (4个候选笑话)
  质量组: medium (4个候选笑话)
  质量组: low (4个候选笑话)
  并发执行 3 个评估任务 (max_workers=3)...
    [路由] qwen3.6-27b -> DashScope API    [路由] qwen3.6-27b -> DashScope API

    [路由] qwen3.6-27b -> DashScope API
    [qwen3.6-27b] 决策: create | 选笑话编号: None
    [qwen3.6-27b] 决策: create | 选笑话编号: None
    [qwen3.6-27b] 决策: create | 选笑话编号: None

  Item完成: 耗时70.0s | 总耗时97.6min
  速率限制器状态: 可用令牌=960.0/960
  已保存中间结果 (62 条)

============================================================
处理 en_0063... (63/1375)
  质量组: high (4个候选笑话)
  质量组: medium (4个候选笑话)
  质量组: low (4个候选笑话)
  并发执行 3 个评估任务 (max_workers=3)...
    [路由] qwen3.6-27b -> DashScope API    [路由] qwen3.6-27b -> DashScope API

    [路由] qwen3.6-27b -> DashScope API
    [qwen3.6-27b] 决策: select | 选笑话编号: 3
    [qwen3.6-27b] 决策: create | 选笑话编号: None
    [qwen3.6-27b] 决策: create | 选笑话编号: None

  Item完成: 耗时83.8s | 总耗时99.0min
  速率限制器状态: 可用令牌=960.0/960
  已保存中间结果 (63 条)

============================================================
处理 en_0064... (64/1375)
  质量组: high (4个候选笑话)
  质量组: medium (4个候选笑话)
  质量组: low (4个候选笑话)
  并发执行 3 个评估任务 (max_workers=3)...
    [路由] qwen3.6-27b -> DashScope API
    [路由] qwen3.6-27b -> DashScope API
    [路由] qwen3.6-27b -> DashScope API
    [qwen3.6-27b] 决策: select | 选笑话编号: 4
    [qwen3.6-27b] 决策: select | 选笑话编号: 1
    [qwen3.6-27b] 决策: create | 选笑话编号: None

  Item完成: 耗时44.1s | 总耗时99.7min
  速率限制器状态: 可用令牌=960.0/960
  已保存中间结果 (64 条)

============================================================
处理 en_0065... (65/1375)
  质量组: high (4个候选笑话)
  质量组: medium (4个候选笑话)
  质量组: low (4个候选笑话)
  并发执行 3 个评估任务 (max_workers=3)...
    [路由] qwen3.6-27b -> DashScope API    [路由] qwen3.6-27b -> DashScope API

    [路由] qwen3.6-27b -> DashScope API
    [qwen3.6-27b] 决策: select | 选笑话编号: 2
    [qwen3.6-27b] 决策: select | 选笑话编号: 2
    [qwen3.6-27b] 决策: create | 选笑话编号: None

  Item完成: 耗时61.4s | 总耗时100.8min
  速率限制器状态: 可用令牌=960.0/960
  已保存中间结果 (65 条)

============================================================
处理 en_0066... (66/1375)
  质量组: high (4个候选笑话)
  质量组: medium (4个候选笑话)
  质量组: low (4个候选笑话)
  并发执行 3 个评估任务 (max_workers=3)...
    [路由] qwen3.6-27b -> DashScope API    [路由] qwen3.6-27b -> DashScope API

    [路由] qwen3.6-27b -> DashScope API
    [qwen3.6-27b] 决策: create | 选笑话编号: None
    [qwen3.6-27b] 决策: select | 选笑话编号: 3
    [qwen3.6-27b] 决策: select | 选笑话编号: 3

  Item完成: 耗时45.7s | 总耗时101.5min
  速率限制器状态: 可用令牌=960.0/960
  已保存中间结果 (66 条)

============================================================
处理 en_0067... (67/1375)
  质量组: high (4个候选笑话)
  质量组: medium (4个候选笑话)
  质量组: low (4个候选笑话)
  并发执行 3 个评估任务 (max_workers=3)...
    [路由] qwen3.6-27b -> DashScope API    [路由] qwen3.6-27b -> DashScope API

    [路由] qwen3.6-27b -> DashScope API
    [qwen3.6-27b] 决策: select | 选笑话编号: 3
    [qwen3.6-27b] 决策: select | 选笑话编号: 1
    [qwen3.6-27b] 决策: create | 选笑话编号: None

  Item完成: 耗时78.7s | 总耗时102.8min
  速率限制器状态: 可用令牌=960.0/960
  已保存中间结果 (67 条)

============================================================
处理 en_0068... (68/1375)
  质量组: high (4个候选笑话)
  质量组: medium (4个候选笑话)
  质量组: low (4个候选笑话)
  并发执行 3 个评估任务 (max_workers=3)...
    [路由] qwen3.6-27b -> DashScope API    [路由] qwen3.6-27b -> DashScope API

    [路由] qwen3.6-27b -> DashScope API
    [qwen3.6-27b] 决策: select | 选笑话编号: 2
    [qwen3.6-27b] 决策: create | 选笑话编号: None
    [qwen3.6-27b] 决策: create | 选笑话编号: None

  Item完成: 耗时90.9s | 总耗时104.3min
  速率限制器状态: 可用令牌=960.0/960
  已保存中间结果 (68 条)

============================================================
处理 en_0069... (69/1375)
  质量组: high (4个候选笑话)
  质量组: medium (4个候选笑话)
  质量组: low (4个候选笑话)
  并发执行 3 个评估任务 (max_workers=3)...
    [路由] qwen3.6-27b -> DashScope API
    [路由] qwen3.6-27b -> DashScope API    [路由] qwen3.6-27b -> DashScope API

    [qwen3.6-27b] 决策: create | 选笑话编号: None
    [API] 可重试异常: HTTPSConnectionPool(host='dashscope.aliyuncs.com', port=443): Read timed out. (read timeout=300), 等待2.2s后重试 (1/5), model=qwen3.6-27b    [API] 可重试异常: HTTPSConnectionPool(host='dashscope.aliyuncs.com', port=443): Read timed out. (read timeout=300), 等待2.1s后重试 (1/5), model=qwen3.6-27b

    [qwen3.6-27b] 决策: select | 选笑话编号: 1
    [qwen3.6-27b] 决策: create | 选笑话编号: None

  Item完成: 耗时431.2s | 总耗时111.5min
  速率限制器状态: 可用令牌=960.0/960
  已保存中间结果 (69 条)

============================================================
处理 en_0070... (70/1375)
  质量组: high (4个候选笑话)
  质量组: medium (4个候选笑话)
  质量组: low (4个候选笑话)
  并发执行 3 个评估任务 (max_workers=3)...
    [路由] qwen3.6-27b -> DashScope API    [路由] qwen3.6-27b -> DashScope API

    [路由] qwen3.6-27b -> DashScope API
    [qwen3.6-27b] 决策: select | 选笑话编号: 2
    [qwen3.6-27b] 决策: create | 选笑话编号: None
    [qwen3.6-27b] 决策: create | 选笑话编号: None

  Item完成: 耗时70.6s | 总耗时112.7min
  速率限制器状态: 可用令牌=960.0/960
  已保存中间结果 (70 条)

============================================================
处理 en_0071... (71/1375)
  质量组: high (4个候选笑话)
  质量组: medium (4个候选笑话)
  质量组: low (4个候选笑话)
  并发执行 3 个评估任务 (max_workers=3)...
    [路由] qwen3.6-27b -> DashScope API
    [路由] qwen3.6-27b -> DashScope API
    [路由] qwen3.6-27b -> DashScope API
    [qwen3.6-27b] 决策: select | 选笑话编号: 2
    [qwen3.6-27b] 决策: create | 选笑话编号: None
    [API] 可重试异常: HTTPSConnectionPool(host='dashscope.aliyuncs.com', port=443): Read timed out. (read timeout=300), 等待1.9s后重试 (1/5), model=qwen3.6-27b
    [qwen3.6-27b] 决策: create | 选笑话编号: None

  Item完成: 耗时356.0s | 总耗时118.6min
  速率限制器状态: 可用令牌=960.0/960
  已保存中间结果 (71 条)

============================================================
处理 en_0072... (72/1375)
  质量组: high (4个候选笑话)
  质量组: medium (4个候选笑话)
  质量组: low (4个候选笑话)
  并发执行 3 个评估任务 (max_workers=3)...
    [路由] qwen3.6-27b -> DashScope API    [路由] qwen3.6-27b -> DashScope API
    [路由] qwen3.6-27b -> DashScope API

    [qwen3.6-27b] 决策: create | 选笑话编号: None
    [qwen3.6-27b] 决策: select | 选笑话编号: 4
    [qwen3.6-27b] 决策: create | 选笑话编号: None

  Item完成: 耗时93.2s | 总耗时120.2min
  速率限制器状态: 可用令牌=960.0/960
  已保存中间结果 (72 条)

============================================================
处理 en_0073... (73/1375)
  质量组: high (4个候选笑话)
  质量组: medium (4个候选笑话)
  质量组: low (4个候选笑话)
  并发执行 3 个评估任务 (max_workers=3)...
    [路由] qwen3.6-27b -> DashScope API
    [路由] qwen3.6-27b -> DashScope API
    [路由] qwen3.6-27b -> DashScope API
    [qwen3.6-27b] 决策: create | 选笑话编号: None
    [qwen3.6-27b] 决策: select | 选笑话编号: 2
    [qwen3.6-27b] 决策: select | 选笑话编号: 2

  Item完成: 耗时112.0s | 总耗时122.1min
  速率限制器状态: 可用令牌=960.0/960
  已保存中间结果 (73 条)

============================================================
处理 en_0074... (74/1375)
  质量组: high (4个候选笑话)
  质量组: medium (4个候选笑话)
  质量组: low (4个候选笑话)
  并发执行 3 个评估任务 (max_workers=3)...
    [路由] qwen3.6-27b -> DashScope API    [路由] qwen3.6-27b -> DashScope API

    [路由] qwen3.6-27b -> DashScope API
    [qwen3.6-27b] 决策: select | 选笑话编号: 1
    [qwen3.6-27b] 决策: select | 选笑话编号: 3
    [qwen3.6-27b] 决策: create | 选笑话编号: None

  Item完成: 耗时60.8s | 总耗时123.1min
  速率限制器状态: 可用令牌=960.0/960
  已保存中间结果 (74 条)

============================================================
处理 en_0075... (75/1375)
  质量组: high (4个候选笑话)
  质量组: medium (4个候选笑话)
  质量组: low (4个候选笑话)
  并发执行 3 个评估任务 (max_workers=3)...
    [路由] qwen3.6-27b -> DashScope API
    [路由] qwen3.6-27b -> DashScope API    [路由] qwen3.6-27b -> DashScope API

    [qwen3.6-27b] 决策: select | 选笑话编号: 2
    [qwen3.6-27b] 决策: create | 选笑话编号: None
    [qwen3.6-27b] 决策: create | 选笑话编号: None

  Item完成: 耗时90.7s | 总耗时124.6min
  速率限制器状态: 可用令牌=960.0/960
  已保存中间结果 (75 条)

============================================================
处理 en_0076... (76/1375)
  质量组: high (4个候选笑话)
  质量组: medium (4个候选笑话)
  质量组: low (4个候选笑话)
  并发执行 3 个评估任务 (max_workers=3)...
    [路由] qwen3.6-27b -> DashScope API    [路由] qwen3.6-27b -> DashScope API

    [路由] qwen3.6-27b -> DashScope API
    [qwen3.6-27b] 决策: select | 选笑话编号: 4
    [qwen3.6-27b] 决策: select | 选笑话编号: 2
    [qwen3.6-27b] 决策: create | 选笑话编号: None

  Item完成: 耗时33.5s | 总耗时125.2min
  速率限制器状态: 可用令牌=960.0/960
  已保存中间结果 (76 条)

============================================================
处理 en_0077... (77/1375)
  质量组: high (4个候选笑话)
  质量组: medium (4个候选笑话)
  质量组: low (4个候选笑话)
  并发执行 3 个评估任务 (max_workers=3)...
    [路由] qwen3.6-27b -> DashScope API    [路由] qwen3.6-27b -> DashScope API
    [路由] qwen3.6-27b -> DashScope API

    [qwen3.6-27b] 决策: select | 选笑话编号: 2
    [qwen3.6-27b] 决策: create | 选笑话编号: None
    [qwen3.6-27b] 决策: create | 选笑话编号: None

  Item完成: 耗时68.2s | 总耗时126.3min
  速率限制器状态: 可用令牌=960.0/960
  已保存中间结果 (77 条)

============================================================
处理 en_0078... (78/1375)
  质量组: high (4个候选笑话)
  质量组: medium (4个候选笑话)
  质量组: low (4个候选笑话)
  并发执行 3 个评估任务 (max_workers=3)...
    [路由] qwen3.6-27b -> DashScope API
    [路由] qwen3.6-27b -> DashScope API
    [路由] qwen3.6-27b -> DashScope API
    [qwen3.6-27b] 决策: select | 选笑话编号: 2
    [qwen3.6-27b] 决策: select | 选笑话编号: 3
    [qwen3.6-27b] 决策: create | 选笑话编号: None

  Item完成: 耗时50.5s | 总耗时127.1min
  速率限制器状态: 可用令牌=960.0/960
  已保存中间结果 (78 条)

============================================================
处理 en_0079... (79/1375)
  质量组: high (4个候选笑话)
  质量组: medium (4个候选笑话)
  质量组: low (4个候选笑话)
  并发执行 3 个评估任务 (max_workers=3)...
    [路由] qwen3.6-27b -> DashScope API    [路由] qwen3.6-27b -> DashScope API

    [路由] qwen3.6-27b -> DashScope API
    [qwen3.6-27b] 决策: select | 选笑话编号: 3
    [qwen3.6-27b] 决策: select | 选笑话编号: 3
    [qwen3.6-27b] 决策: select | 选笑话编号: 1

  Item完成: 耗时36.4s | 总耗时127.7min
  速率限制器状态: 可用令牌=960.0/960
  已保存中间结果 (79 条)

============================================================
处理 en_0080... (80/1375)
  质量组: high (4个候选笑话)
  质量组: medium (4个候选笑话)
  质量组: low (4个候选笑话)
  并发执行 3 个评估任务 (max_workers=3)...
    [路由] qwen3.6-27b -> DashScope API    [路由] qwen3.6-27b -> DashScope API

    [路由] qwen3.6-27b -> DashScope API
    [qwen3.6-27b] 决策: select | 选笑话编号: 2
    [qwen3.6-27b] 决策: select | 选笑话编号: 2
    [qwen3.6-27b] 决策: create | 选笑话编号: None

  Item完成: 耗时60.9s | 总耗时128.8min
  速率限制器状态: 可用令牌=960.0/960
  已保存中间结果 (80 条)

============================================================
处理 en_0081... (81/1375)
  质量组: high (4个候选笑话)
  质量组: medium (4个候选笑话)
  质量组: low (4个候选笑话)
  并发执行 3 个评估任务 (max_workers=3)...
    [路由] qwen3.6-27b -> DashScope API
    [路由] qwen3.6-27b -> DashScope API    [路由] qwen3.6-27b -> DashScope API

    [qwen3.6-27b] 决策: select | 选笑话编号: 2
    [API] JSON解析失败: JSON解析失败: Extra data: line 7 column 1 (char 474), model=qwen3.6-27b
    [qwen3.6-27b] 决策:  | 选笑话编号: ?
    [qwen3.6-27b] 决策: select | 选笑话编号: 2

  Item完成: 耗时26.5s | 总耗时129.2min
  速率限制器状态: 可用令牌=960.0/960
  已保存中间结果 (81 条)

============================================================
处理 en_0082... (82/1375)
  质量组: high (4个候选笑话)
  质量组: medium (4个候选笑话)
  质量组: low (4个候选笑话)
  并发执行 3 个评估任务 (max_workers=3)...
    [路由] qwen3.6-27b -> DashScope API
    [路由] qwen3.6-27b -> DashScope API    [路由] qwen3.6-27b -> DashScope API

    [qwen3.6-27b] 决策: select | 选笑话编号: 1
    [qwen3.6-27b] 决策: select | 选笑话编号: 3
    [qwen3.6-27b] 决策: select | 选笑话编号: 4

  Item完成: 耗时42.8s | 总耗时129.9min
  速率限制器状态: 可用令牌=960.0/960
  已保存中间结果 (82 条)

============================================================
处理 en_0083... (83/1375)
  质量组: high (4个候选笑话)
  质量组: medium (4个候选笑话)
  质量组: low (4个候选笑话)
  并发执行 3 个评估任务 (max_workers=3)...
    [路由] qwen3.6-27b -> DashScope API    [路由] qwen3.6-27b -> DashScope API

    [路由] qwen3.6-27b -> DashScope API
    [qwen3.6-27b] 决策: select | 选笑话编号: 2
    [qwen3.6-27b] 决策: select | 选笑话编号: 3
    [qwen3.6-27b] 决策: create | 选笑话编号: None

  Item完成: 耗时88.6s | 总耗时131.4min
  速率限制器状态: 可用令牌=960.0/960
  已保存中间结果 (83 条)

============================================================
处理 en_0084... (84/1375)
  质量组: high (4个候选笑话)
  质量组: medium (4个候选笑话)
  质量组: low (4个候选笑话)
  并发执行 3 个评估任务 (max_workers=3)...
    [路由] qwen3.6-27b -> DashScope API
    [路由] qwen3.6-27b -> DashScope API    [路由] qwen3.6-27b -> DashScope API

    [qwen3.6-27b] 决策: select | 选笑话编号: 3
    [qwen3.6-27b] 决策: create | 选笑话编号: None
    [API] 可重试异常: HTTPSConnectionPool(host='dashscope.aliyuncs.com', port=443): Read timed out. (read timeout=300), 等待1.8s后重试 (1/5), model=qwen3.6-27b
    [API] 可重试异常: HTTPSConnectionPool(host='dashscope.aliyuncs.com', port=443): Read timed out. (read timeout=300), 等待3.3s后重试 (2/5), model=qwen3.6-27b
    [API] 可重试异常: HTTPSConnectionPool(host='dashscope.aliyuncs.com', port=443): Read timed out. (read timeout=300), 等待7.1s后重试 (3/5), model=qwen3.6-27b
    [qwen3.6-27b] 决策: create | 选笑话编号: None

  Item完成: 耗时988.5s | 总耗时147.9min
  速率限制器状态: 可用令牌=960.0/960
  已保存中间结果 (84 条)

============================================================
处理 en_0085... (85/1375)
  质量组: high (4个候选笑话)
  质量组: medium (4个候选笑话)
  质量组: low (4个候选笑话)
  并发执行 3 个评估任务 (max_workers=3)...
    [路由] qwen3.6-27b -> DashScope API    [路由] qwen3.6-27b -> DashScope API
    [路由] qwen3.6-27b -> DashScope API

    [qwen3.6-27b] 决策: select | 选笑话编号: 4
    [qwen3.6-27b] 决策: select | 选笑话编号: 3
    [qwen3.6-27b] 决策: create | 选笑话编号: None

  Item完成: 耗时39.3s | 总耗时148.5min
  速率限制器状态: 可用令牌=960.0/960
  已保存中间结果 (85 条)

============================================================
处理 en_0086... (86/1375)
  质量组: high (4个候选笑话)
  质量组: medium (4个候选笑话)
  质量组: low (4个候选笑话)
  并发执行 3 个评估任务 (max_workers=3)...
    [路由] qwen3.6-27b -> DashScope API    [路由] qwen3.6-27b -> DashScope API

    [路由] qwen3.6-27b -> DashScope API
    [qwen3.6-27b] 决策: select | 选笑话编号: 2
    [qwen3.6-27b] 决策: create | 选笑话编号: None
    [qwen3.6-27b] 决策: create | 选笑话编号: None

  Item完成: 耗时52.0s | 总耗时149.4min
  速率限制器状态: 可用令牌=960.0/960
  已保存中间结果 (86 条)

============================================================
处理 en_0087... (87/1375)
  质量组: high (4个候选笑话)
  质量组: medium (4个候选笑话)
  质量组: low (4个候选笑话)
  并发执行 3 个评估任务 (max_workers=3)...
    [路由] qwen3.6-27b -> DashScope API    [路由] qwen3.6-27b -> DashScope API
    [路由] qwen3.6-27b -> DashScope API

    [qwen3.6-27b] 决策: select | 选笑话编号: 2
    [qwen3.6-27b] 决策: create | 选笑话编号: None
    [qwen3.6-27b] 决策: create | 选笑话编号: None

  Item完成: 耗时93.1s | 总耗时150.9min
  速率限制器状态: 可用令牌=960.0/960
  已保存中间结果 (87 条)

============================================================
处理 en_0088... (88/1375)
  质量组: high (4个候选笑话)
  质量组: medium (4个候选笑话)
  质量组: low (4个候选笑话)
  并发执行 3 个评估任务 (max_workers=3)...
    [路由] qwen3.6-27b -> DashScope API    [路由] qwen3.6-27b -> DashScope API

    [路由] qwen3.6-27b -> DashScope API
    [qwen3.6-27b] 决策: select | 选笑话编号: 3
    [qwen3.6-27b] 决策: select | 选笑话编号: 4
    [qwen3.6-27b] 决策: select | 选笑话编号: 3

  Item完成: 耗时69.9s | 总耗时152.1min
  速率限制器状态: 可用令牌=960.0/960
  已保存中间结果 (88 条)

============================================================
处理 en_0089... (89/1375)
  质量组: high (4个候选笑话)
  质量组: medium (4个候选笑话)
  质量组: low (4个候选笑话)
  并发执行 3 个评估任务 (max_workers=3)...
    [路由] qwen3.6-27b -> DashScope API
    [路由] qwen3.6-27b -> DashScope API
    [路由] qwen3.6-27b -> DashScope API
    [qwen3.6-27b] 决策: select | 选笑话编号: 2
    [qwen3.6-27b] 决策: select | 选笑话编号: 4
    [qwen3.6-27b] 决策: create | 选笑话编号: None

  Item完成: 耗时30.6s | 总耗时152.6min
  速率限制器状态: 可用令牌=960.0/960
  已保存中间结果 (89 条)

============================================================
处理 en_0090... (90/1375)
  质量组: high (4个候选笑话)
  质量组: medium (4个候选笑话)
  质量组: low (4个候选笑话)
  并发执行 3 个评估任务 (max_workers=3)...
    [路由] qwen3.6-27b -> DashScope API    [路由] qwen3.6-27b -> DashScope API

    [路由] qwen3.6-27b -> DashScope API
    [qwen3.6-27b] 决策: select | 选笑话编号: 2
    [qwen3.6-27b] 决策: create | 选笑话编号: None
    [qwen3.6-27b] 决策: create | 选笑话编号: None

  Item完成: 耗时32.8s | 总耗时153.2min
  速率限制器状态: 可用令牌=960.0/960
  已保存中间结果 (90 条)

============================================================
处理 en_0091... (91/1375)
  质量组: high (4个候选笑话)
  质量组: medium (4个候选笑话)
  质量组: low (4个候选笑话)
  并发执行 3 个评估任务 (max_workers=3)...
    [路由] qwen3.6-27b -> DashScope API    [路由] qwen3.6-27b -> DashScope API
    [路由] qwen3.6-27b -> DashScope API

    [qwen3.6-27b] 决策: select | 选笑话编号: 4
    [qwen3.6-27b] 决策: select | 选笑话编号: 2
    [qwen3.6-27b] 决策: select | 选笑话编号: 2

  Item完成: 耗时24.6s | 总耗时153.6min
  速率限制器状态: 可用令牌=960.0/960
  已保存中间结果 (91 条)

============================================================
处理 en_0092... (92/1375)
  质量组: high (4个候选笑话)
  质量组: medium (4个候选笑话)
  质量组: low (4个候选笑话)
  并发执行 3 个评估任务 (max_workers=3)...
    [路由] qwen3.6-27b -> DashScope API    [路由] qwen3.6-27b -> DashScope API

    [路由] qwen3.6-27b -> DashScope API
    [qwen3.6-27b] 决策: select | 选笑话编号: 4
    [qwen3.6-27b] 决策: select | 选笑话编号: 3
    [API] 可重试异常: HTTPSConnectionPool(host='dashscope.aliyuncs.com', port=443): Read timed out. (read timeout=300), 等待1.6s后重试 (1/5), model=qwen3.6-27b
    [qwen3.6-27b] 决策: create | 选笑话编号: None

  Item完成: 耗时344.4s | 总耗时159.3min
  速率限制器状态: 可用令牌=960.0/960
  已保存中间结果 (92 条)

============================================================
处理 en_0093... (93/1375)
  质量组: high (4个候选笑话)
  质量组: medium (4个候选笑话)
  质量组: low (4个候选笑话)
  并发执行 3 个评估任务 (max_workers=3)...
    [路由] qwen3.6-27b -> DashScope API
    [路由] qwen3.6-27b -> DashScope API
    [路由] qwen3.6-27b -> DashScope API
    [qwen3.6-27b] 决策: select | 选笑话编号: 3
    [qwen3.6-27b] 决策: select | 选笑话编号: 4
    [qwen3.6-27b] 决策: create | 选笑话编号: None

  Item完成: 耗时61.4s | 总耗时160.3min
  速率限制器状态: 可用令牌=960.0/960
  已保存中间结果 (93 条)

============================================================
处理 en_0094... (94/1375)
  质量组: high (4个候选笑话)
  质量组: medium (4个候选笑话)
  质量组: low (4个候选笑话)
  并发执行 3 个评估任务 (max_workers=3)...
    [路由] qwen3.6-27b -> DashScope API
    [路由] qwen3.6-27b -> DashScope API
    [路由] qwen3.6-27b -> DashScope API
    [qwen3.6-27b] 决策: select | 选笑话编号: 1
    [qwen3.6-27b] 决策: select | 选笑话编号: 4
    [qwen3.6-27b] 决策: select | 选笑话编号: 4

  Item完成: 耗时23.8s | 总耗时160.7min
  速率限制器状态: 可用令牌=960.0/960
  已保存中间结果 (94 条)

============================================================
处理 en_0095... (95/1375)
  质量组: high (4个候选笑话)
  质量组: medium (4个候选笑话)
  质量组: low (4个候选笑话)
  并发执行 3 个评估任务 (max_workers=3)...
    [路由] qwen3.6-27b -> DashScope API    [路由] qwen3.6-27b -> DashScope API

    [路由] qwen3.6-27b -> DashScope API
    [qwen3.6-27b] 决策: select | 选笑话编号: 3
    [qwen3.6-27b] 决策: create | 选笑话编号: None
    [qwen3.6-27b] 决策: select | 选笑话编号: 2

  Item完成: 耗时73.7s | 总耗时162.0min
  速率限制器状态: 可用令牌=960.0/960
  已保存中间结果 (95 条)

============================================================
处理 en_0096... (96/1375)
  质量组: high (4个候选笑话)
  质量组: medium (4个候选笑话)
  质量组: low (4个候选笑话)
  并发执行 3 个评估任务 (max_workers=3)...
    [路由] qwen3.6-27b -> DashScope API
    [路由] qwen3.6-27b -> DashScope API    [路由] qwen3.6-27b -> DashScope API

    [qwen3.6-27b] 决策: select | 选笑话编号: 2
    [qwen3.6-27b] 决策: create | 选笑话编号: None
    [qwen3.6-27b] 决策: create | 选笑话编号: None

  Item完成: 耗时41.1s | 总耗时162.7min
  速率限制器状态: 可用令牌=960.0/960
  已保存中间结果 (96 条)

============================================================
处理 en_0097... (97/1375)
  质量组: high (4个候选笑话)
  质量组: medium (4个候选笑话)
  质量组: low (4个候选笑话)
  并发执行 3 个评估任务 (max_workers=3)...
    [路由] qwen3.6-27b -> DashScope API    [路由] qwen3.6-27b -> DashScope API

    [路由] qwen3.6-27b -> DashScope API
    [qwen3.6-27b] 决策: select | 选笑话编号: 3
    [qwen3.6-27b] 决策: create | 选笑话编号: None
    [qwen3.6-27b] 决策: create | 选笑话编号: None

  Item完成: 耗时90.4s | 总耗时164.2min
  速率限制器状态: 可用令牌=960.0/960
  已保存中间结果 (97 条)

============================================================
处理 en_0098... (98/1375)
  质量组: high (4个候选笑话)
  质量组: medium (4个候选笑话)
  质量组: low (4个候选笑话)
  并发执行 3 个评估任务 (max_workers=3)...
    [路由] qwen3.6-27b -> DashScope API    [路由] qwen3.6-27b -> DashScope API

    [路由] qwen3.6-27b -> DashScope API
    [qwen3.6-27b] 决策: select | 选笑话编号: 3
    [qwen3.6-27b] 决策: select | 选笑话编号: 2
    [qwen3.6-27b] 决策: create | 选笑话编号: None

  Item完成: 耗时54.4s | 总耗时165.1min
  速率限制器状态: 可用令牌=960.0/960
  已保存中间结果 (98 条)

============================================================
处理 en_0099... (99/1375)
  质量组: high (4个候选笑话)
  质量组: medium (4个候选笑话)
  质量组: low (4个候选笑话)
  并发执行 3 个评估任务 (max_workers=3)...
    [路由] qwen3.6-27b -> DashScope API    [路由] qwen3.6-27b -> DashScope API
    [路由] qwen3.6-27b -> DashScope API

    [qwen3.6-27b] 决策: select | 选笑话编号: 2
    [qwen3.6-27b] 决策: select | 选笑话编号: 3
    [qwen3.6-27b] 决策: create | 选笑话编号: None

  Item完成: 耗时58.5s | 总耗时166.0min
  速率限制器状态: 可用令牌=960.0/960
  已保存中间结果 (99 条)

============================================================
处理 en_0100... (100/1375)
  质量组: high (4个候选笑话)
  质量组: medium (4个候选笑话)
  质量组: low (4个候选笑话)
  并发执行 3 个评估任务 (max_workers=3)...
    [路由] qwen3.6-27b -> DashScope API    [路由] qwen3.6-27b -> DashScope API
    [路由] qwen3.6-27b -> DashScope API

    [qwen3.6-27b] 决策: select | 选笑话编号: 2
    [qwen3.6-27b] 决策: select | 选笑话编号: 2
    [qwen3.6-27b] 决策: create | 选笑话编号: None

  Item完成: 耗时43.8s | 总耗时166.8min
  速率限制器状态: 可用令牌=960.0/960
  已保存中间结果 (100 条)

============================================================
处理 en_0201... (101/1375)
  质量组: high (4个候选笑话)
  质量组: medium (4个候选笑话)
  质量组: low (4个候选笑话)
  并发执行 3 个评估任务 (max_workers=3)...
    [路由] qwen3.6-27b -> DashScope API    [路由] qwen3.6-27b -> DashScope API
    [路由] qwen3.6-27b -> DashScope API

    [qwen3.6-27b] 决策: select | 选笑话编号: 2
    [qwen3.6-27b] 决策: select | 选笑话编号: 2
    [qwen3.6-27b] 决策: create | 选笑话编号: None

  Item完成: 耗时46.5s | 总耗时167.6min
  速率限制器状态: 可用令牌=960.0/960
  已保存中间结果 (101 条)

============================================================
处理 en_0202... (102/1375)
  质量组: high (4个候选笑话)
  质量组: medium (4个候选笑话)
  质量组: low (4个候选笑话)
  并发执行 3 个评估任务 (max_workers=3)...
    [路由] qwen3.6-27b -> DashScope API
    [路由] qwen3.6-27b -> DashScope API    [路由] qwen3.6-27b -> DashScope API

    [qwen3.6-27b] 决策: select | 选笑话编号: 4
    [qwen3.6-27b] 决策: create | 选笑话编号: None
    [qwen3.6-27b] 决策: create | 选笑话编号: None

  Item完成: 耗时52.5s | 总耗时168.4min
  速率限制器状态: 可用令牌=960.0/960
  已保存中间结果 (102 条)

============================================================
处理 en_0203... (103/1375)
  质量组: high (4个候选笑话)
  质量组: medium (4个候选笑话)
  质量组: low (4个候选笑话)
  并发执行 3 个评估任务 (max_workers=3)...
    [路由] qwen3.6-27b -> DashScope API    [路由] qwen3.6-27b -> DashScope API
    [路由] qwen3.6-27b -> DashScope API

    [qwen3.6-27b] 决策: select | 选笑话编号: 1
    [qwen3.6-27b] 决策: create | 选笑话编号: None
    [API] 可重试异常: HTTPSConnectionPool(host='dashscope.aliyuncs.com', port=443): Read timed out. (read timeout=300), 等待2.3s后重试 (1/5), model=qwen3.6-27b
    [qwen3.6-27b] 决策: create | 选笑话编号: None

  Item完成: 耗时338.3s | 总耗时174.1min
  速率限制器状态: 可用令牌=960.0/960
  已保存中间结果 (103 条)

============================================================
处理 en_0204... (104/1375)
  质量组: high (4个候选笑话)
  质量组: medium (4个候选笑话)
  质量组: low (4个候选笑话)
  并发执行 3 个评估任务 (max_workers=3)...
    [路由] qwen3.6-27b -> DashScope API    [路由] qwen3.6-27b -> DashScope API
    [路由] qwen3.6-27b -> DashScope API

    [qwen3.6-27b] 决策: select | 选笑话编号: 4
    [qwen3.6-27b] 决策: create | 选笑话编号: None
    [qwen3.6-27b] 决策: create | 选笑话编号: None

  Item完成: 耗时67.4s | 总耗时175.2min
  速率限制器状态: 可用令牌=960.0/960
  已保存中间结果 (104 条)

============================================================
处理 en_0205... (105/1375)
  质量组: high (4个候选笑话)
  质量组: medium (4个候选笑话)
  质量组: low (4个候选笑话)
  并发执行 3 个评估任务 (max_workers=3)...
    [路由] qwen3.6-27b -> DashScope API
    [路由] qwen3.6-27b -> DashScope API    [路由] qwen3.6-27b -> DashScope API

    [qwen3.6-27b] 决策: select | 选笑话编号: 2
    [qwen3.6-27b] 决策: create | 选笑话编号: None
    [qwen3.6-27b] 决策: create | 选笑话编号: None

  Item完成: 耗时47.3s | 总耗时176.0min
  速率限制器状态: 可用令牌=960.0/960
  已保存中间结果 (105 条)

============================================================
处理 en_0206... (106/1375)
  质量组: high (4个候选笑话)
  质量组: medium (4个候选笑话)
  质量组: low (4个候选笑话)
  并发执行 3 个评估任务 (max_workers=3)...
    [路由] qwen3.6-27b -> DashScope API    [路由] qwen3.6-27b -> DashScope API

    [路由] qwen3.6-27b -> DashScope API
    [qwen3.6-27b] 决策: select | 选笑话编号: 2
    [qwen3.6-27b] 决策: create | 选笑话编号: None
    [qwen3.6-27b] 决策: create | 选笑话编号: None

  Item完成: 耗时64.5s | 总耗时177.1min
  速率限制器状态: 可用令牌=960.0/960
  已保存中间结果 (106 条)

============================================================
处理 en_0207... (107/1375)
  质量组: high (4个候选笑话)
  质量组: medium (4个候选笑话)
  质量组: low (4个候选笑话)
  并发执行 3 个评估任务 (max_workers=3)...
    [路由] qwen3.6-27b -> DashScope API    [路由] qwen3.6-27b -> DashScope API

    [路由] qwen3.6-27b -> DashScope API
    [qwen3.6-27b] 决策: create | 选笑话编号: None
    [qwen3.6-27b] 决策: create | 选笑话编号: None
    [qwen3.6-27b] 决策: create | 选笑话编号: None

  Item完成: 耗时65.6s | 总耗时178.1min
  速率限制器状态: 可用令牌=960.0/960
  已保存中间结果 (107 条)

============================================================
处理 en_0208... (108/1375)
  质量组: high (4个候选笑话)
  质量组: medium (4个候选笑话)
  质量组: low (4个候选笑话)
  并发执行 3 个评估任务 (max_workers=3)...
    [路由] qwen3.6-27b -> DashScope API
    [路由] qwen3.6-27b -> DashScope API
    [路由] qwen3.6-27b -> DashScope API
    [qwen3.6-27b] 决策: select | 选笑话编号: 3
    [qwen3.6-27b] 决策: create | 选笑话编号: None
    [qwen3.6-27b] 决策: create | 选笑话编号: None

  Item完成: 耗时38.9s | 总耗时178.8min
  速率限制器状态: 可用令牌=960.0/960
  已保存中间结果 (108 条)

============================================================
处理 en_0209... (109/1375)
  质量组: high (4个候选笑话)
  质量组: medium (4个候选笑话)
  质量组: low (4个候选笑话)
  并发执行 3 个评估任务 (max_workers=3)...
    [路由] qwen3.6-27b -> DashScope API
    [路由] qwen3.6-27b -> DashScope API    [路由] qwen3.6-27b -> DashScope API

    [qwen3.6-27b] 决策: select | 选笑话编号: 3
    [qwen3.6-27b] 决策: create | 选笑话编号: None
    [qwen3.6-27b] 决策: create | 选笑话编号: None

  Item完成: 耗时48.5s | 总耗时179.6min
  速率限制器状态: 可用令牌=960.0/960
  已保存中间结果 (109 条)

============================================================
处理 en_0210... (110/1375)
  质量组: high (4个候选笑话)
  质量组: medium (4个候选笑话)
  质量组: low (4个候选笑话)
  并发执行 3 个评估任务 (max_workers=3)...
    [路由] qwen3.6-27b -> DashScope API
    [路由] qwen3.6-27b -> DashScope API
    [路由] qwen3.6-27b -> DashScope API
    [qwen3.6-27b] 决策: select | 选笑话编号: 1
    [qwen3.6-27b] 决策: select | 选笑话编号: 4
    [qwen3.6-27b] 决策: create | 选笑话编号: None

  Item完成: 耗时93.2s | 总耗时181.2min
  速率限制器状态: 可用令牌=960.0/960
  已保存中间结果 (110 条)

============================================================
处理 en_0211... (111/1375)
  质量组: high (4个候选笑话)
  质量组: medium (4个候选笑话)
  质量组: low (4个候选笑话)
  并发执行 3 个评估任务 (max_workers=3)...
    [路由] qwen3.6-27b -> DashScope API
    [路由] qwen3.6-27b -> DashScope API    [路由] qwen3.6-27b -> DashScope API

    [qwen3.6-27b] 决策: select | 选笑话编号: 3
    [qwen3.6-27b] 决策: select | 选笑话编号: 2
    [qwen3.6-27b] 决策: create | 选笑话编号: None

  Item完成: 耗时65.4s | 总耗时182.3min
  速率限制器状态: 可用令牌=960.0/960
  已保存中间结果 (111 条)

============================================================
处理 en_0212... (112/1375)
  质量组: high (4个候选笑话)
  质量组: medium (4个候选笑话)
  质量组: low (4个候选笑话)
  并发执行 3 个评估任务 (max_workers=3)...
    [路由] qwen3.6-27b -> DashScope API    [路由] qwen3.6-27b -> DashScope API
    [路由] qwen3.6-27b -> DashScope API

    [qwen3.6-27b] 决策: select | 选笑话编号: 2
    [qwen3.6-27b] 决策: create | 选笑话编号: None
    [qwen3.6-27b] 决策: create | 选笑话编号: None

  Item完成: 耗时92.2s | 总耗时183.8min
  速率限制器状态: 可用令牌=960.0/960
  已保存中间结果 (112 条)

============================================================
处理 en_0213... (113/1375)
  质量组: high (4个候选笑话)
  质量组: medium (4个候选笑话)
  质量组: low (4个候选笑话)
  并发执行 3 个评估任务 (max_workers=3)...
    [路由] qwen3.6-27b -> DashScope API
    [路由] qwen3.6-27b -> DashScope API    [路由] qwen3.6-27b -> DashScope API

    [qwen3.6-27b] 决策: create | 选笑话编号: None
    [qwen3.6-27b] 决策: create | 选笑话编号: None
    [qwen3.6-27b] 决策: create | 选笑话编号: None

  Item完成: 耗时59.1s | 总耗时184.8min
  速率限制器状态: 可用令牌=960.0/960
  已保存中间结果 (113 条)

============================================================
处理 en_0214... (114/1375)
  质量组: high (4个候选笑话)
  质量组: medium (4个候选笑话)
  质量组: low (4个候选笑话)
  并发执行 3 个评估任务 (max_workers=3)...
    [路由] qwen3.6-27b -> DashScope API    [路由] qwen3.6-27b -> DashScope API

    [路由] qwen3.6-27b -> DashScope API
    [qwen3.6-27b] 决策: create | 选笑话编号: None
    [qwen3.6-27b] 决策: select | 选笑话编号: 2
    [qwen3.6-27b] 决策: create | 选笑话编号: None

  Item完成: 耗时51.2s | 总耗时185.6min
  速率限制器状态: 可用令牌=960.0/960
  已保存中间结果 (114 条)

============================================================
处理 en_0215... (115/1375)
  质量组: high (4个候选笑话)
  质量组: medium (4个候选笑话)
  质量组: low (4个候选笑话)
  并发执行 3 个评估任务 (max_workers=3)...
    [路由] qwen3.6-27b -> DashScope API    [路由] qwen3.6-27b -> DashScope API

    [路由] qwen3.6-27b -> DashScope API
    [qwen3.6-27b] 决策: select | 选笑话编号: 3
    [qwen3.6-27b] 决策: select | 选笑话编号: 2
    [API] 可重试异常: HTTPSConnectionPool(host='dashscope.aliyuncs.com', port=443): Read timed out. (read timeout=300), 等待2.3s后重试 (1/5), model=qwen3.6-27b
    [qwen3.6-27b] 决策: select | 选笑话编号: 1

  Item完成: 耗时354.0s | 总耗时191.5min
  速率限制器状态: 可用令牌=960.0/960
  已保存中间结果 (115 条)

============================================================
处理 en_0216... (116/1375)
  质量组: high (4个候选笑话)
  质量组: medium (4个候选笑话)
  质量组: low (4个候选笑话)
  并发执行 3 个评估任务 (max_workers=3)...
    [路由] qwen3.6-27b -> DashScope API
    [路由] qwen3.6-27b -> DashScope API    [路由] qwen3.6-27b -> DashScope API

    [qwen3.6-27b] 决策: select | 选笑话编号: 3
    [qwen3.6-27b] 决策: select | 选笑话编号: 1
    [qwen3.6-27b] 决策: create | 选笑话编号: None

  Item完成: 耗时26.9s | 总耗时192.0min
  速率限制器状态: 可用令牌=960.0/960
  已保存中间结果 (116 条)

============================================================
处理 en_0217... (117/1375)
  质量组: high (4个候选笑话)
  质量组: medium (4个候选笑话)
  质量组: low (4个候选笑话)
  并发执行 3 个评估任务 (max_workers=3)...
    [路由] qwen3.6-27b -> DashScope API    [路由] qwen3.6-27b -> DashScope API

    [路由] qwen3.6-27b -> DashScope API
    [qwen3.6-27b] 决策: select | 选笑话编号: 2
    [qwen3.6-27b] 决策: create | 选笑话编号: None
    [qwen3.6-27b] 决策: create | 选笑话编号: None

  Item完成: 耗时102.9s | 总耗时193.7min
  速率限制器状态: 可用令牌=960.0/960
  已保存中间结果 (117 条)

============================================================
处理 en_0218... (118/1375)
  质量组: high (4个候选笑话)
  质量组: medium (4个候选笑话)
  质量组: low (4个候选笑话)
  并发执行 3 个评估任务 (max_workers=3)...
    [路由] qwen3.6-27b -> DashScope API
    [路由] qwen3.6-27b -> DashScope API
    [路由] qwen3.6-27b -> DashScope API
    [qwen3.6-27b] 决策: select | 选笑话编号: 4
    [qwen3.6-27b] 决策: select | 选笑话编号: 4
    [qwen3.6-27b] 决策: create | 选笑话编号: None

  Item完成: 耗时28.1s | 总耗时194.2min
  速率限制器状态: 可用令牌=960.0/960
  已保存中间结果 (118 条)

============================================================
处理 en_0219... (119/1375)
  质量组: high (4个候选笑话)
  质量组: medium (4个候选笑话)
  质量组: low (4个候选笑话)
  并发执行 3 个评估任务 (max_workers=3)...
    [路由] qwen3.6-27b -> DashScope API    [路由] qwen3.6-27b -> DashScope API
    [路由] qwen3.6-27b -> DashScope API

    [qwen3.6-27b] 决策: select | 选笑话编号: 1
    [qwen3.6-27b] 决策: select | 选笑话编号: 2
    [API] 可重试异常: HTTPSConnectionPool(host='dashscope.aliyuncs.com', port=443): Read timed out. (read timeout=300), 等待2.5s后重试 (1/5), model=qwen3.6-27b
    [API] 可重试异常: HTTPSConnectionPool(host='dashscope.aliyuncs.com', port=443): Read timed out. (read timeout=300), 等待3.8s后重试 (2/5), model=qwen3.6-27b
    [qwen3.6-27b] 决策: select | 选笑话编号: 3

  Item完成: 耗时655.4s | 总耗时205.1min
  速率限制器状态: 可用令牌=960.0/960
  已保存中间结果 (119 条)

============================================================
处理 en_0220... (120/1375)
  质量组: high (4个候选笑话)
  质量组: medium (4个候选笑话)
  质量组: low (4个候选笑话)
  并发执行 3 个评估任务 (max_workers=3)...
    [路由] qwen3.6-27b -> DashScope API    [路由] qwen3.6-27b -> DashScope API

    [路由] qwen3.6-27b -> DashScope API
    [qwen3.6-27b] 决策: select | 选笑话编号: 4
    [qwen3.6-27b] 决策: select | 选笑话编号: 2
    [qwen3.6-27b] 决策: create | 选笑话编号: None

  Item完成: 耗时51.1s | 总耗时205.9min
  速率限制器状态: 可用令牌=960.0/960
  已保存中间结果 (120 条)

============================================================
处理 en_0221... (121/1375)
  质量组: high (4个候选笑话)
  质量组: medium (4个候选笑话)
  质量组: low (4个候选笑话)
  并发执行 3 个评估任务 (max_workers=3)...
    [路由] qwen3.6-27b -> DashScope API
    [路由] qwen3.6-27b -> DashScope API    [路由] qwen3.6-27b -> DashScope API

    [qwen3.6-27b] 决策: select | 选笑话编号: 4
    [qwen3.6-27b] 决策: select | 选笑话编号: 4
    [qwen3.6-27b] 决策: select | 选笑话编号: 2

  Item完成: 耗时20.6s | 总耗时206.3min
  速率限制器状态: 可用令牌=960.0/960
  已保存中间结果 (121 条)

============================================================
处理 en_0222... (122/1375)
  质量组: high (4个候选笑话)
  质量组: medium (4个候选笑话)
  质量组: low (4个候选笑话)
  并发执行 3 个评估任务 (max_workers=3)...
    [路由] qwen3.6-27b -> DashScope API
    [路由] qwen3.6-27b -> DashScope API
    [路由] qwen3.6-27b -> DashScope API
    [qwen3.6-27b] 决策: select | 选笑话编号: 2
    [qwen3.6-27b] 决策: create | 选笑话编号: None
    [API] 可重试异常: HTTPSConnectionPool(host='dashscope.aliyuncs.com', port=443): Read timed out. (read timeout=300), 等待2.1s后重试 (1/5), model=qwen3.6-27b
    [qwen3.6-27b] 决策: select | 选笑话编号: 2

  Item完成: 耗时322.1s | 总耗时211.7min
  速率限制器状态: 可用令牌=960.0/960
  已保存中间结果 (122 条)

============================================================
处理 en_0223... (123/1375)
  质量组: high (4个候选笑话)
  质量组: medium (4个候选笑话)
  质量组: low (4个候选笑话)
  并发执行 3 个评估任务 (max_workers=3)...
    [路由] qwen3.6-27b -> DashScope API
    [路由] qwen3.6-27b -> DashScope API
    [路由] qwen3.6-27b -> DashScope API
    [qwen3.6-27b] 决策: select | 选笑话编号: 2
    [qwen3.6-27b] 决策: select | 选笑话编号: 3
    [qwen3.6-27b] 决策: create | 选笑话编号: None

  Item完成: 耗时42.9s | 总耗时212.4min
  速率限制器状态: 可用令牌=960.0/960
  已保存中间结果 (123 条)

============================================================
处理 en_0224... (124/1375)
  质量组: high (4个候选笑话)
  质量组: medium (4个候选笑话)
  质量组: low (4个候选笑话)
  并发执行 3 个评估任务 (max_workers=3)...
    [路由] qwen3.6-27b -> DashScope API
    [路由] qwen3.6-27b -> DashScope API
    [路由] qwen3.6-27b -> DashScope API
    [qwen3.6-27b] 决策: select | 选笑话编号: 1
    [qwen3.6-27b] 决策: select | 选笑话编号: 2
    [qwen3.6-27b] 决策: select | 选笑话编号: 1

  Item完成: 耗时27.8s | 总耗时212.8min
  速率限制器状态: 可用令牌=960.0/960
  已保存中间结果 (124 条)

============================================================
处理 en_0225... (125/1375)
  质量组: high (4个候选笑话)
  质量组: medium (4个候选笑话)
  质量组: low (4个候选笑话)
  并发执行 3 个评估任务 (max_workers=3)...
    [路由] qwen3.6-27b -> DashScope API
    [路由] qwen3.6-27b -> DashScope API
    [路由] qwen3.6-27b -> DashScope API
    [qwen3.6-27b] 决策: select | 选笑话编号: 3
    [qwen3.6-27b] 决策: create | 选笑话编号: None
    [qwen3.6-27b] 决策: create | 选笑话编号: None

  Item完成: 耗时39.6s | 总耗时213.5min
  速率限制器状态: 可用令牌=960.0/960
  已保存中间结果 (125 条)

============================================================
处理 en_0226... (126/1375)
  质量组: high (4个候选笑话)
  质量组: medium (4个候选笑话)
  质量组: low (4个候选笑话)
  并发执行 3 个评估任务 (max_workers=3)...
    [路由] qwen3.6-27b -> DashScope API    [路由] qwen3.6-27b -> DashScope API
    [路由] qwen3.6-27b -> DashScope API

    [qwen3.6-27b] 决策: select | 选笑话编号: 4
    [qwen3.6-27b] 决策: select | 选笑话编号: 3
    [qwen3.6-27b] 决策: select | 选笑话编号: 2

  Item完成: 耗时86.4s | 总耗时214.9min
  速率限制器状态: 可用令牌=960.0/960
  已保存中间结果 (126 条)

============================================================
处理 en_0227... (127/1375)
  质量组: high (4个候选笑话)
  质量组: medium (4个候选笑话)
  质量组: low (4个候选笑话)
  并发执行 3 个评估任务 (max_workers=3)...
    [路由] qwen3.6-27b -> DashScope API
    [路由] qwen3.6-27b -> DashScope API    [路由] qwen3.6-27b -> DashScope API

    [qwen3.6-27b] 决策: select | 选笑话编号: 2
    [qwen3.6-27b] 决策: select | 选笑话编号: 4
    [qwen3.6-27b] 决策: select | 选笑话编号: 4

  Item完成: 耗时49.8s | 总耗时215.8min
  速率限制器状态: 可用令牌=960.0/960
  已保存中间结果 (127 条)

============================================================
处理 en_0228... (128/1375)
  质量组: high (4个候选笑话)
  质量组: medium (4个候选笑话)
  质量组: low (4个候选笑话)
  并发执行 3 个评估任务 (max_workers=3)...
    [路由] qwen3.6-27b -> DashScope API    [路由] qwen3.6-27b -> DashScope API

    [路由] qwen3.6-27b -> DashScope API
    [qwen3.6-27b] 决策: select | 选笑话编号: 4
    [qwen3.6-27b] 决策: create | 选笑话编号: None
    [qwen3.6-27b] 决策: create | 选笑话编号: None

  Item完成: 耗时60.6s | 总耗时216.8min
  速率限制器状态: 可用令牌=960.0/960
  已保存中间结果 (128 条)

============================================================
处理 en_0229... (129/1375)
  质量组: high (4个候选笑话)
  质量组: medium (4个候选笑话)
  质量组: low (4个候选笑话)
  并发执行 3 个评估任务 (max_workers=3)...
    [路由] qwen3.6-27b -> DashScope API
    [路由] qwen3.6-27b -> DashScope API    [路由] qwen3.6-27b -> DashScope API

    [qwen3.6-27b] 决策: select | 选笑话编号: 4
    [qwen3.6-27b] 决策: select | 选笑话编号: 2
    [qwen3.6-27b] 决策: select | 选笑话编号: 1

  Item完成: 耗时29.1s | 总耗时217.3min
  速率限制器状态: 可用令牌=960.0/960
  已保存中间结果 (129 条)

============================================================
处理 en_0230... (130/1375)
  质量组: high (4个候选笑话)
  质量组: medium (4个候选笑话)
  质量组: low (4个候选笑话)
  并发执行 3 个评估任务 (max_workers=3)...
    [路由] qwen3.6-27b -> DashScope API    [路由] qwen3.6-27b -> DashScope API
    [路由] qwen3.6-27b -> DashScope API

    [qwen3.6-27b] 决策: select | 选笑话编号: 2
    [qwen3.6-27b] 决策: select | 选笑话编号: 4
    [qwen3.6-27b] 决策: select | 选笑话编号: 1

  Item完成: 耗时58.4s | 总耗时218.2min
  速率限制器状态: 可用令牌=960.0/960
  已保存中间结果 (130 条)

============================================================
处理 en_0231... (131/1375)
  质量组: high (4个候选笑话)
  质量组: medium (4个候选笑话)
  质量组: low (4个候选笑话)
  并发执行 3 个评估任务 (max_workers=3)...
    [路由] qwen3.6-27b -> DashScope API
    [路由] qwen3.6-27b -> DashScope API    [路由] qwen3.6-27b -> DashScope API

    [qwen3.6-27b] 决策: select | 选笑话编号: 3
    [qwen3.6-27b] 决策: create | 选笑话编号: None
    [qwen3.6-27b] 决策: create | 选笑话编号: None

  Item完成: 耗时52.9s | 总耗时219.1min
  速率限制器状态: 可用令牌=960.0/960
  已保存中间结果 (131 条)

============================================================
处理 en_0232... (132/1375)
  质量组: high (4个候选笑话)
  质量组: medium (4个候选笑话)
  质量组: low (4个候选笑话)
  并发执行 3 个评估任务 (max_workers=3)...
    [路由] qwen3.6-27b -> DashScope API
    [路由] qwen3.6-27b -> DashScope API    [路由] qwen3.6-27b -> DashScope API

    [qwen3.6-27b] 决策: select | 选笑话编号: 4
    [qwen3.6-27b] 决策: select | 选笑话编号: 4
    [qwen3.6-27b] 决策: create | 选笑话编号: None

  Item完成: 耗时44.0s | 总耗时219.9min
  速率限制器状态: 可用令牌=960.0/960
  已保存中间结果 (132 条)

============================================================
处理 en_0233... (133/1375)
  质量组: high (4个候选笑话)
  质量组: medium (4个候选笑话)
  质量组: low (4个候选笑话)
  并发执行 3 个评估任务 (max_workers=3)...
    [路由] qwen3.6-27b -> DashScope API
    [路由] qwen3.6-27b -> DashScope API
    [路由] qwen3.6-27b -> DashScope API
    [qwen3.6-27b] 决策: create | 选笑话编号: None
    [qwen3.6-27b] 决策: create | 选笑话编号: None
    [qwen3.6-27b] 决策: create | 选笑话编号: None

  Item完成: 耗时88.8s | 总耗时221.3min
  速率限制器状态: 可用令牌=960.0/960
  已保存中间结果 (133 条)

============================================================
处理 en_0234... (134/1375)
  质量组: high (4个候选笑话)
  质量组: medium (4个候选笑话)
  质量组: low (4个候选笑话)
  并发执行 3 个评估任务 (max_workers=3)...
    [路由] qwen3.6-27b -> DashScope API
    [路由] qwen3.6-27b -> DashScope API
    [路由] qwen3.6-27b -> DashScope API
    [qwen3.6-27b] 决策: select | 选笑话编号: 2
    [qwen3.6-27b] 决策: select | 选笑话编号: 2
    [qwen3.6-27b] 决策: create | 选笑话编号: None

  Item完成: 耗时87.1s | 总耗时222.8min
  速率限制器状态: 可用令牌=960.0/960
  已保存中间结果 (134 条)

============================================================
处理 en_0235... (135/1375)
  质量组: high (4个候选笑话)
  质量组: medium (4个候选笑话)
  质量组: low (4个候选笑话)
  并发执行 3 个评估任务 (max_workers=3)...
    [路由] qwen3.6-27b -> DashScope API    [路由] qwen3.6-27b -> DashScope API

    [路由] qwen3.6-27b -> DashScope API
    [qwen3.6-27b] 决策: select | 选笑话编号: 4
    [qwen3.6-27b] 决策: select | 选笑话编号: 3
    [qwen3.6-27b] 决策: select | 选笑话编号: 4

  Item完成: 耗时24.8s | 总耗时223.2min
  速率限制器状态: 可用令牌=960.0/960
  已保存中间结果 (135 条)

============================================================
处理 en_0236... (136/1375)
  质量组: high (4个候选笑话)
  质量组: medium (4个候选笑话)
  质量组: low (4个候选笑话)
  并发执行 3 个评估任务 (max_workers=3)...
    [路由] qwen3.6-27b -> DashScope API
    [路由] qwen3.6-27b -> DashScope API
    [路由] qwen3.6-27b -> DashScope API
    [qwen3.6-27b] 决策: select | 选笑话编号: 4
    [qwen3.6-27b] 决策: create | 选笑话编号: None
    [qwen3.6-27b] 决策: create | 选笑话编号: None

  Item完成: 耗时41.0s | 总耗时223.9min
  速率限制器状态: 可用令牌=960.0/960
  已保存中间结果 (136 条)

============================================================
处理 en_0237... (137/1375)
  质量组: high (4个候选笑话)
  质量组: medium (4个候选笑话)
  质量组: low (4个候选笑话)
  并发执行 3 个评估任务 (max_workers=3)...
    [路由] qwen3.6-27b -> DashScope API
    [路由] qwen3.6-27b -> DashScope API    [路由] qwen3.6-27b -> DashScope API

    [qwen3.6-27b] 决策: select | 选笑话编号: 2
    [qwen3.6-27b] 决策: select | 选笑话编号: 3
    [qwen3.6-27b] 决策: select | 选笑话编号: 3

  Item完成: 耗时45.1s | 总耗时224.7min
  速率限制器状态: 可用令牌=960.0/960
  已保存中间结果 (137 条)

============================================================
处理 en_0238... (138/1375)
  质量组: high (4个候选笑话)
  质量组: medium (4个候选笑话)
  质量组: low (4个候选笑话)
  并发执行 3 个评估任务 (max_workers=3)...
    [路由] qwen3.6-27b -> DashScope API    [路由] qwen3.6-27b -> DashScope API

    [路由] qwen3.6-27b -> DashScope API
    [qwen3.6-27b] 决策: select | 选笑话编号: 1
    [qwen3.6-27b] 决策: select | 选笑话编号: 2
    [API] 可重试异常: HTTPSConnectionPool(host='dashscope.aliyuncs.com', port=443): Read timed out. (read timeout=300), 等待2.1s后重试 (1/5), model=qwen3.6-27b
    [API] 可重试异常: HTTPSConnectionPool(host='dashscope.aliyuncs.com', port=443): Read timed out. (read timeout=300), 等待3.2s后重试 (2/5), model=qwen3.6-27b
    [qwen3.6-27b] 决策: select | 选笑话编号: 2

  Item完成: 耗时624.3s | 总耗时235.1min
  速率限制器状态: 可用令牌=960.0/960
  已保存中间结果 (138 条)

============================================================
处理 en_0239... (139/1375)
  质量组: high (4个候选笑话)
  质量组: medium (4个候选笑话)
  质量组: low (4个候选笑话)
  并发执行 3 个评估任务 (max_workers=3)...
    [路由] qwen3.6-27b -> DashScope API
    [路由] qwen3.6-27b -> DashScope API
    [路由] qwen3.6-27b -> DashScope API
    [qwen3.6-27b] 决策: select | 选笑话编号: 4
    [qwen3.6-27b] 决策: create | 选笑话编号: None
    [qwen3.6-27b] 决策: create | 选笑话编号: None

  Item完成: 耗时42.6s | 总耗时235.8min
  速率限制器状态: 可用令牌=960.0/960
  已保存中间结果 (139 条)

============================================================
处理 en_0240... (140/1375)
  质量组: high (4个候选笑话)
  质量组: medium (4个候选笑话)
  质量组: low (4个候选笑话)
  并发执行 3 个评估任务 (max_workers=3)...
    [路由] qwen3.6-27b -> DashScope API    [路由] qwen3.6-27b -> DashScope API

    [路由] qwen3.6-27b -> DashScope API
    [qwen3.6-27b] 决策: select | 选笑话编号: 4
    [qwen3.6-27b] 决策: create | 选笑话编号: None
    [qwen3.6-27b] 决策: create | 选笑话编号: None

  Item完成: 耗时49.3s | 总耗时236.6min
  速率限制器状态: 可用令牌=960.0/960
  已保存中间结果 (140 条)

============================================================
处理 en_0241... (141/1375)
  质量组: high (4个候选笑话)
  质量组: medium (4个候选笑话)
  质量组: low (4个候选笑话)
  并发执行 3 个评估任务 (max_workers=3)...
    [路由] qwen3.6-27b -> DashScope API    [路由] qwen3.6-27b -> DashScope API
    [路由] qwen3.6-27b -> DashScope API

    [qwen3.6-27b] 决策: create | 选笑话编号: None
    [qwen3.6-27b] 决策: create | 选笑话编号: None
    [qwen3.6-27b] 决策: select | 选笑话编号: 4

  Item完成: 耗时41.0s | 总耗时237.3min
  速率限制器状态: 可用令牌=960.0/960
  已保存中间结果 (141 条)

============================================================
处理 en_0242... (142/1375)
  质量组: high (4个候选笑话)
  质量组: medium (4个候选笑话)
  质量组: low (4个候选笑话)
  并发执行 3 个评估任务 (max_workers=3)...
    [路由] qwen3.6-27b -> DashScope API
    [路由] qwen3.6-27b -> DashScope API    [路由] qwen3.6-27b -> DashScope API

    [qwen3.6-27b] 决策: select | 选笑话编号: 2
    [qwen3.6-27b] 决策: create | 选笑话编号: None
    [API] 可重试异常: HTTPSConnectionPool(host='dashscope.aliyuncs.com', port=443): Read timed out. (read timeout=300), 等待1.6s后重试 (1/5), model=qwen3.6-27b
    [qwen3.6-27b] 决策: select | 选笑话编号: 4

  Item完成: 耗时330.5s | 总耗时242.8min
  速率限制器状态: 可用令牌=960.0/960
  已保存中间结果 (142 条)

============================================================
处理 en_0243... (143/1375)
  质量组: high (4个候选笑话)
  质量组: medium (4个候选笑话)
  质量组: low (4个候选笑话)
  并发执行 3 个评估任务 (max_workers=3)...
    [路由] qwen3.6-27b -> DashScope API    [路由] qwen3.6-27b -> DashScope API

    [路由] qwen3.6-27b -> DashScope API
    [qwen3.6-27b] 决策: create | 选笑话编号: None
    [qwen3.6-27b] 决策: create | 选笑话编号: None
    [qwen3.6-27b] 决策: create | 选笑话编号: None

  Item完成: 耗时78.4s | 总耗时244.1min
  速率限制器状态: 可用令牌=960.0/960
  已保存中间结果 (143 条)

============================================================
处理 en_0244... (144/1375)
  质量组: high (4个候选笑话)
  质量组: medium (4个候选笑话)
  质量组: low (4个候选笑话)
  并发执行 3 个评估任务 (max_workers=3)...
    [路由] qwen3.6-27b -> DashScope API    [路由] qwen3.6-27b -> DashScope API
    [路由] qwen3.6-27b -> DashScope API

    [qwen3.6-27b] 决策: select | 选笑话编号: 2
    [qwen3.6-27b] 决策: select | 选笑话编号: 2
    [qwen3.6-27b] 决策: create | 选笑话编号: None

  Item完成: 耗时34.5s | 总耗时244.7min
  速率限制器状态: 可用令牌=960.0/960
  已保存中间结果 (144 条)

============================================================
处理 en_0245... (145/1375)
  质量组: high (4个候选笑话)
  质量组: medium (4个候选笑话)
  质量组: low (4个候选笑话)
  并发执行 3 个评估任务 (max_workers=3)...
    [路由] qwen3.6-27b -> DashScope API
    [路由] qwen3.6-27b -> DashScope API    [路由] qwen3.6-27b -> DashScope API

    [API] JSON解析失败: JSON解析失败: Extra data: line 7 column 1 (char 498), model=qwen3.6-27b
    [qwen3.6-27b] 决策:  | 选笑话编号: ?
    [qwen3.6-27b] 决策: create | 选笑话编号: None
    [qwen3.6-27b] 决策: select | 选笑话编号: 2

  Item完成: 耗时47.1s | 总耗时245.5min
  速率限制器状态: 可用令牌=960.0/960
  已保存中间结果 (145 条)

============================================================
处理 en_0246... (146/1375)
  质量组: high (4个候选笑话)
  质量组: medium (4个候选笑话)
  质量组: low (4个候选笑话)
  并发执行 3 个评估任务 (max_workers=3)...
    [路由] qwen3.6-27b -> DashScope API
    [路由] qwen3.6-27b -> DashScope API    [路由] qwen3.6-27b -> DashScope API

    [qwen3.6-27b] 决策: select | 选笑话编号: 1
    [qwen3.6-27b] 决策: select | 选笑话编号: 2
    [API] 可重试异常: HTTPSConnectionPool(host='dashscope.aliyuncs.com', port=443): Read timed out. (read timeout=300), 等待2.1s后重试 (1/5), model=qwen3.6-27b
    [qwen3.6-27b] 决策: create | 选笑话编号: None

  Item完成: 耗时337.6s | 总耗时251.1min
  速率限制器状态: 可用令牌=960.0/960
  已保存中间结果 (146 条)

============================================================
处理 en_0247... (147/1375)
  质量组: high (4个候选笑话)
  质量组: medium (4个候选笑话)
  质量组: low (4个候选笑话)
  并发执行 3 个评估任务 (max_workers=3)...
    [路由] qwen3.6-27b -> DashScope API
    [路由] qwen3.6-27b -> DashScope API
    [路由] qwen3.6-27b -> DashScope API
    [qwen3.6-27b] 决策: select | 选笑话编号: 2
    [qwen3.6-27b] 决策: create | 选笑话编号: None
    [qwen3.6-27b] 决策: select | 选笑话编号: 3

  Item完成: 耗时89.1s | 总耗时252.6min
  速率限制器状态: 可用令牌=960.0/960
  已保存中间结果 (147 条)

============================================================
处理 en_0248... (148/1375)
  质量组: high (4个候选笑话)
  质量组: medium (4个候选笑话)
  质量组: low (4个候选笑话)
  并发执行 3 个评估任务 (max_workers=3)...
    [路由] qwen3.6-27b -> DashScope API
    [路由] qwen3.6-27b -> DashScope API    [路由] qwen3.6-27b -> DashScope API

    [qwen3.6-27b] 决策: create | 选笑话编号: None
    [qwen3.6-27b] 决策: create | 选笑话编号: None
    [qwen3.6-27b] 决策: create | 选笑话编号: None

  Item完成: 耗时135.7s | 总耗时254.8min
  速率限制器状态: 可用令牌=960.0/960
  已保存中间结果 (148 条)

============================================================
处理 en_0249... (149/1375)
  质量组: high (4个候选笑话)
  质量组: medium (4个候选笑话)
  质量组: low (4个候选笑话)
  并发执行 3 个评估任务 (max_workers=3)...
    [路由] qwen3.6-27b -> DashScope API
    [路由] qwen3.6-27b -> DashScope API
    [路由] qwen3.6-27b -> DashScope API
    [qwen3.6-27b] 决策: select | 选笑话编号: 4
    [qwen3.6-27b] 决策: select | 选笑话编号: 2
    [qwen3.6-27b] 决策: select | 选笑话编号: 4

  Item完成: 耗时30.9s | 总耗时255.4min
  速率限制器状态: 可用令牌=960.0/960
  已保存中间结果 (149 条)

============================================================
处理 en_0250... (150/1375)
  质量组: high (4个候选笑话)
  质量组: medium (4个候选笑话)
  质量组: low (4个候选笑话)
  并发执行 3 个评估任务 (max_workers=3)...
    [路由] qwen3.6-27b -> DashScope API    [路由] qwen3.6-27b -> DashScope API
    [路由] qwen3.6-27b -> DashScope API

    [qwen3.6-27b] 决策: create | 选笑话编号: None
    [qwen3.6-27b] 决策: select | 选笑话编号: 2
    [qwen3.6-27b] 决策: create | 选笑话编号: None

  Item完成: 耗时48.2s | 总耗时256.2min
  速率限制器状态: 可用令牌=960.0/960
  已保存中间结果 (150 条)

============================================================
处理 en_0251... (151/1375)
  质量组: high (4个候选笑话)
  质量组: medium (4个候选笑话)
  质量组: low (4个候选笑话)
  并发执行 3 个评估任务 (max_workers=3)...
    [路由] qwen3.6-27b -> DashScope API    [路由] qwen3.6-27b -> DashScope API

    [路由] qwen3.6-27b -> DashScope API
    [qwen3.6-27b] 决策: select | 选笑话编号: 4
    [qwen3.6-27b] 决策: create | 选笑话编号: None
    [qwen3.6-27b] 决策: select | 选笑话编号: 2

  Item完成: 耗时35.7s | 总耗时256.8min
  速率限制器状态: 可用令牌=960.0/960
  已保存中间结果 (151 条)

============================================================
处理 en_0252... (152/1375)
  质量组: high (4个候选笑话)
  质量组: medium (4个候选笑话)
  质量组: low (4个候选笑话)
  并发执行 3 个评估任务 (max_workers=3)...
    [路由] qwen3.6-27b -> DashScope API    [路由] qwen3.6-27b -> DashScope API
    [路由] qwen3.6-27b -> DashScope API

    [qwen3.6-27b] 决策: select | 选笑话编号: 4
    [qwen3.6-27b] 决策: create | 选笑话编号: None
    [qwen3.6-27b] 决策: create | 选笑话编号: None

  Item完成: 耗时67.9s | 总耗时257.9min
  速率限制器状态: 可用令牌=960.0/960
  已保存中间结果 (152 条)

============================================================
处理 en_0253... (153/1375)
  质量组: high (4个候选笑话)
  质量组: medium (4个候选笑话)
  质量组: low (4个候选笑话)
  并发执行 3 个评估任务 (max_workers=3)...
    [路由] qwen3.6-27b -> DashScope API
    [路由] qwen3.6-27b -> DashScope API
    [路由] qwen3.6-27b -> DashScope API
    [qwen3.6-27b] 决策: select | 选笑话编号: 2
    [qwen3.6-27b] 决策: create | 选笑话编号: None
    [qwen3.6-27b] 决策: create | 选笑话编号: None

  Item完成: 耗时106.5s | 总耗时259.7min
  速率限制器状态: 可用令牌=960.0/960
  已保存中间结果 (153 条)

============================================================
处理 en_0254... (154/1375)
  质量组: high (4个候选笑话)
  质量组: medium (4个候选笑话)
  质量组: low (4个候选笑话)
  并发执行 3 个评估任务 (max_workers=3)...
    [路由] qwen3.6-27b -> DashScope API    [路由] qwen3.6-27b -> DashScope API

    [路由] qwen3.6-27b -> DashScope API
    [qwen3.6-27b] 决策: select | 选笑话编号: 2
    [qwen3.6-27b] 决策: create | 选笑话编号: None
    [qwen3.6-27b] 决策: create | 选笑话编号: None

  Item完成: 耗时90.9s | 总耗时261.2min
  速率限制器状态: 可用令牌=960.0/960
  已保存中间结果 (154 条)

============================================================
处理 en_0255... (155/1375)
  质量组: high (4个候选笑话)
  质量组: medium (4个候选笑话)
  质量组: low (4个候选笑话)
  并发执行 3 个评估任务 (max_workers=3)...
    [路由] qwen3.6-27b -> DashScope API
    [路由] qwen3.6-27b -> DashScope API
    [路由] qwen3.6-27b -> DashScope API
    [qwen3.6-27b] 决策: select | 选笑话编号: 2
    [qwen3.6-27b] 决策: select | 选笑话编号: 1
    [qwen3.6-27b] 决策: create | 选笑话编号: None

  Item完成: 耗时50.5s | 总耗时262.0min
  速率限制器状态: 可用令牌=960.0/960
  已保存中间结果 (155 条)

============================================================
处理 en_0256... (156/1375)
  质量组: high (4个候选笑话)
  质量组: medium (4个候选笑话)
  质量组: low (4个候选笑话)
  并发执行 3 个评估任务 (max_workers=3)...
    [路由] qwen3.6-27b -> DashScope API    [路由] qwen3.6-27b -> DashScope API

    [路由] qwen3.6-27b -> DashScope API
    [qwen3.6-27b] 决策: select | 选笑话编号: 2
    [qwen3.6-27b] 决策: select | 选笑话编号: 3
    [qwen3.6-27b] 决策: select | 选笑话编号: 3

  Item完成: 耗时35.9s | 总耗时262.6min
  速率限制器状态: 可用令牌=960.0/960
  已保存中间结果 (156 条)

============================================================
处理 en_0257... (157/1375)
  质量组: high (4个候选笑话)
  质量组: medium (4个候选笑话)
  质量组: low (4个候选笑话)
  并发执行 3 个评估任务 (max_workers=3)...
    [路由] qwen3.6-27b -> DashScope API
    [路由] qwen3.6-27b -> DashScope API    [路由] qwen3.6-27b -> DashScope API

    [qwen3.6-27b] 决策: select | 选笑话编号: 4
    [qwen3.6-27b] 决策: create | 选笑话编号: None
    [qwen3.6-27b] 决策: create | 选笑话编号: None

  Item完成: 耗时47.2s | 总耗时263.4min
  速率限制器状态: 可用令牌=960.0/960
  已保存中间结果 (157 条)

============================================================
处理 en_0258... (158/1375)
  质量组: high (4个候选笑话)
  质量组: medium (4个候选笑话)
  质量组: low (4个候选笑话)
  并发执行 3 个评估任务 (max_workers=3)...
    [路由] qwen3.6-27b -> DashScope API    [路由] qwen3.6-27b -> DashScope API
    [路由] qwen3.6-27b -> DashScope API

    [qwen3.6-27b] 决策: select | 选笑话编号: 1
    [qwen3.6-27b] 决策: create | 选笑话编号: None
    [qwen3.6-27b] 决策: create | 选笑话编号: None

  Item完成: 耗时69.8s | 总耗时264.6min
  速率限制器状态: 可用令牌=960.0/960
  已保存中间结果 (158 条)

============================================================
处理 en_0259... (159/1375)
  质量组: high (4个候选笑话)
  质量组: medium (4个候选笑话)
  质量组: low (4个候选笑话)
  并发执行 3 个评估任务 (max_workers=3)...
    [路由] qwen3.6-27b -> DashScope API
    [路由] qwen3.6-27b -> DashScope API
    [路由] qwen3.6-27b -> DashScope API
    [qwen3.6-27b] 决策: select | 选笑话编号: 4
    [qwen3.6-27b] 决策: select | 选笑话编号: 4
    [qwen3.6-27b] 决策: create | 选笑话编号: None

  Item完成: 耗时71.5s | 总耗时265.8min
  速率限制器状态: 可用令牌=960.0/960
  已保存中间结果 (159 条)

============================================================
处理 en_0260... (160/1375)
  质量组: high (4个候选笑话)
  质量组: medium (4个候选笑话)
  质量组: low (4个候选笑话)
  并发执行 3 个评估任务 (max_workers=3)...
    [路由] qwen3.6-27b -> DashScope API
    [路由] qwen3.6-27b -> DashScope API    [路由] qwen3.6-27b -> DashScope API

    [qwen3.6-27b] 决策: select | 选笑话编号: 4
    [qwen3.6-27b] 决策: create | 选笑话编号: None
    [qwen3.6-27b] 决策: create | 选笑话编号: None

  Item完成: 耗时59.7s | 总耗时266.8min
  速率限制器状态: 可用令牌=960.0/960
  已保存中间结果 (160 条)

============================================================
处理 en_0261... (161/1375)
  质量组: high (4个候选笑话)
  质量组: medium (4个候选笑话)
  质量组: low (4个候选笑话)
  并发执行 3 个评估任务 (max_workers=3)...
    [路由] qwen3.6-27b -> DashScope API
    [路由] qwen3.6-27b -> DashScope API
    [路由] qwen3.6-27b -> DashScope API
    [qwen3.6-27b] 决策: create | 选笑话编号: None
    [qwen3.6-27b] 决策: select | 选笑话编号: 1
    [qwen3.6-27b] 决策: create | 选笑话编号: None

  Item完成: 耗时54.1s | 总耗时267.7min
  速率限制器状态: 可用令牌=960.0/960
  已保存中间结果 (161 条)

============================================================
处理 en_0262... (162/1375)
  质量组: high (4个候选笑话)
  质量组: medium (4个候选笑话)
  质量组: low (4个候选笑话)
  并发执行 3 个评估任务 (max_workers=3)...
    [路由] qwen3.6-27b -> DashScope API    [路由] qwen3.6-27b -> DashScope API

    [路由] qwen3.6-27b -> DashScope API
    [qwen3.6-27b] 决策: select | 选笑话编号: 3
    [qwen3.6-27b] 决策: select | 选笑话编号: 2
    [qwen3.6-27b] 决策: create | 选笑话编号: None

  Item完成: 耗时39.2s | 总耗时268.3min
  速率限制器状态: 可用令牌=960.0/960
  已保存中间结果 (162 条)

============================================================
处理 en_0263... (163/1375)
  质量组: high (4个候选笑话)
  质量组: medium (4个候选笑话)
  质量组: low (4个候选笑话)
  并发执行 3 个评估任务 (max_workers=3)...
    [路由] qwen3.6-27b -> DashScope API
    [路由] qwen3.6-27b -> DashScope API
    [路由] qwen3.6-27b -> DashScope API
    [qwen3.6-27b] 决策: select | 选笑话编号: 2
    [qwen3.6-27b] 决策: select | 选笑话编号: 4
    [qwen3.6-27b] 决策: create | 选笑话编号: None

  Item完成: 耗时45.6s | 总耗时269.1min
  速率限制器状态: 可用令牌=960.0/960
  已保存中间结果 (163 条)

============================================================
处理 en_0264... (164/1375)
  质量组: high (4个候选笑话)
  质量组: medium (4个候选笑话)
  质量组: low (4个候选笑话)
  并发执行 3 个评估任务 (max_workers=3)...
    [路由] qwen3.6-27b -> DashScope API    [路由] qwen3.6-27b -> DashScope API

    [路由] qwen3.6-27b -> DashScope API
    [qwen3.6-27b] 决策: select | 选笑话编号: 2
    [qwen3.6-27b] 决策: select | 选笑话编号: 2
    [qwen3.6-27b] 决策: create | 选笑话编号: None

  Item完成: 耗时69.0s | 总耗时270.2min
  速率限制器状态: 可用令牌=960.0/960
  已保存中间结果 (164 条)

============================================================
处理 en_0265... (165/1375)
  质量组: high (4个候选笑话)
  质量组: medium (4个候选笑话)
  质量组: low (4个候选笑话)
  并发执行 3 个评估任务 (max_workers=3)...
    [路由] qwen3.6-27b -> DashScope API
    [路由] qwen3.6-27b -> DashScope API
    [路由] qwen3.6-27b -> DashScope API
    [qwen3.6-27b] 决策: select | 选笑话编号: 4
    [qwen3.6-27b] 决策: select | 选笑话编号: 4
    [qwen3.6-27b] 决策: select | 选笑话编号: 4

  Item完成: 耗时28.8s | 总耗时270.7min
  速率限制器状态: 可用令牌=960.0/960
  已保存中间结果 (165 条)

============================================================
处理 en_0266... (166/1375)
  质量组: high (4个候选笑话)
  质量组: medium (4个候选笑话)
  质量组: low (4个候选笑话)
  并发执行 3 个评估任务 (max_workers=3)...
    [路由] qwen3.6-27b -> DashScope API
    [路由] qwen3.6-27b -> DashScope API
    [路由] qwen3.6-27b -> DashScope API
    [qwen3.6-27b] 决策: select | 选笑话编号: 4
    [qwen3.6-27b] 决策: select | 选笑话编号: 1
    [qwen3.6-27b] 决策: select | 选笑话编号: 3

  Item完成: 耗时70.1s | 总耗时271.9min
  速率限制器状态: 可用令牌=960.0/960
  已保存中间结果 (166 条)

============================================================
处理 en_0267... (167/1375)
  质量组: high (4个候选笑话)
  质量组: medium (4个候选笑话)
  质量组: low (4个候选笑话)
  并发执行 3 个评估任务 (max_workers=3)...
    [路由] qwen3.6-27b -> DashScope API    [路由] qwen3.6-27b -> DashScope API

    [路由] qwen3.6-27b -> DashScope API
    [qwen3.6-27b] 决策: select | 选笑话编号: 4
    [qwen3.6-27b] 决策: select | 选笑话编号: 1
    [qwen3.6-27b] 决策: select | 选笑话编号: 2

  Item完成: 耗时22.1s | 总耗时272.3min
  速率限制器状态: 可用令牌=960.0/960
  已保存中间结果 (167 条)

============================================================
处理 en_0268... (168/1375)
  质量组: high (4个候选笑话)
  质量组: medium (4个候选笑话)
  质量组: low (4个候选笑话)
  并发执行 3 个评估任务 (max_workers=3)...
    [路由] qwen3.6-27b -> DashScope API    [路由] qwen3.6-27b -> DashScope API

    [路由] qwen3.6-27b -> DashScope API
    [qwen3.6-27b] 决策: select | 选笑话编号: 3
    [qwen3.6-27b] 决策: select | 选笑话编号: 2
    [qwen3.6-27b] 决策: create | 选笑话编号: None

  Item完成: 耗时33.7s | 总耗时272.8min
  速率限制器状态: 可用令牌=960.0/960
  已保存中间结果 (168 条)

============================================================
处理 en_0269... (169/1375)
  质量组: high (4个候选笑话)
  质量组: medium (4个候选笑话)
  质量组: low (4个候选笑话)
  并发执行 3 个评估任务 (max_workers=3)...
    [路由] qwen3.6-27b -> DashScope API    [路由] qwen3.6-27b -> DashScope API
    [路由] qwen3.6-27b -> DashScope API

    [qwen3.6-27b] 决策: select | 选笑话编号: 4
    [qwen3.6-27b] 决策: select | 选笑话编号: 4
    [qwen3.6-27b] 决策: select | 选笑话编号: 3

  Item完成: 耗时29.6s | 总耗时273.3min
  速率限制器状态: 可用令牌=960.0/960
  已保存中间结果 (169 条)

============================================================
处理 en_0270... (170/1375)
  质量组: high (4个候选笑话)
  质量组: medium (4个候选笑话)
  质量组: low (4个候选笑话)
  并发执行 3 个评估任务 (max_workers=3)...
    [路由] qwen3.6-27b -> DashScope API    [路由] qwen3.6-27b -> DashScope API

    [路由] qwen3.6-27b -> DashScope API
    [qwen3.6-27b] 决策: select | 选笑话编号: 2
    [qwen3.6-27b] 决策: create | 选笑话编号: None
    [qwen3.6-27b] 决策: create | 选笑话编号: None

  Item完成: 耗时40.2s | 总耗时274.0min
  速率限制器状态: 可用令牌=960.0/960
  已保存中间结果 (170 条)

============================================================
处理 en_0271... (171/1375)
  质量组: high (4个候选笑话)
  质量组: medium (4个候选笑话)
  质量组: low (4个候选笑话)
  并发执行 3 个评估任务 (max_workers=3)...
    [路由] qwen3.6-27b -> DashScope API    [路由] qwen3.6-27b -> DashScope API

    [路由] qwen3.6-27b -> DashScope API
    [qwen3.6-27b] 决策: select | 选笑话编号: 2
    [qwen3.6-27b] 决策: create | 选笑话编号: None
    [qwen3.6-27b] 决策: select | 选笑话编号: 1

  Item完成: 耗时46.4s | 总耗时274.8min
  速率限制器状态: 可用令牌=960.0/960
  已保存中间结果 (171 条)

============================================================
处理 en_0272... (172/1375)
  质量组: high (4个候选笑话)
  质量组: medium (4个候选笑话)
  质量组: low (4个候选笑话)
  并发执行 3 个评估任务 (max_workers=3)...
    [路由] qwen3.6-27b -> DashScope API    [路由] qwen3.6-27b -> DashScope API
    [路由] qwen3.6-27b -> DashScope API

    [qwen3.6-27b] 决策: create | 选笑话编号: None
    [qwen3.6-27b] 决策: select | 选笑话编号: 2
    [qwen3.6-27b] 决策: create | 选笑话编号: None

  Item完成: 耗时39.7s | 总耗时275.4min
  速率限制器状态: 可用令牌=960.0/960
  已保存中间结果 (172 条)

============================================================
处理 en_0273... (173/1375)
  质量组: high (4个候选笑话)
  质量组: medium (4个候选笑话)
  质量组: low (4个候选笑话)
  并发执行 3 个评估任务 (max_workers=3)...
    [路由] qwen3.6-27b -> DashScope API    [路由] qwen3.6-27b -> DashScope API

    [路由] qwen3.6-27b -> DashScope API
    [qwen3.6-27b] 决策: select | 选笑话编号: 1
    [qwen3.6-27b] 决策: select | 选笑话编号: 3
    [API] 可重试异常: HTTPSConnectionPool(host='dashscope.aliyuncs.com', port=443): Read timed out. (read timeout=300), 等待2.0s后重试 (1/5), model=qwen3.6-27b
    [qwen3.6-27b] 决策: create | 选笑话编号: None

  Item完成: 耗时356.7s | 总耗时281.4min
  速率限制器状态: 可用令牌=960.0/960
  已保存中间结果 (173 条)

============================================================
处理 en_0274... (174/1375)
  质量组: high (4个候选笑话)
  质量组: medium (4个候选笑话)
  质量组: low (4个候选笑话)
  并发执行 3 个评估任务 (max_workers=3)...
    [路由] qwen3.6-27b -> DashScope API
    [路由] qwen3.6-27b -> DashScope API    [路由] qwen3.6-27b -> DashScope API

    [qwen3.6-27b] 决策: create | 选笑话编号: None
    [qwen3.6-27b] 决策: create | 选笑话编号: None
    [qwen3.6-27b] 决策: create | 选笑话编号: None

  Item完成: 耗时51.0s | 总耗时282.2min
  速率限制器状态: 可用令牌=960.0/960
  已保存中间结果 (174 条)

============================================================
处理 en_0275... (175/1375)
  质量组: high (4个候选笑话)
  质量组: medium (4个候选笑话)
  质量组: low (4个候选笑话)
  并发执行 3 个评估任务 (max_workers=3)...
    [路由] qwen3.6-27b -> DashScope API    [路由] qwen3.6-27b -> DashScope API
    [路由] qwen3.6-27b -> DashScope API

    [qwen3.6-27b] 决策: select | 选笑话编号: 3
    [qwen3.6-27b] 决策: select | 选笑话编号: 3
    [qwen3.6-27b] 决策: create | 选笑话编号: None

  Item完成: 耗时56.2s | 总耗时283.2min
  速率限制器状态: 可用令牌=960.0/960
  已保存中间结果 (175 条)

============================================================
处理 en_0276... (176/1375)
  质量组: high (4个候选笑话)
  质量组: medium (4个候选笑话)
  质量组: low (4个候选笑话)
  并发执行 3 个评估任务 (max_workers=3)...
    [路由] qwen3.6-27b -> DashScope API
    [路由] qwen3.6-27b -> DashScope API
    [路由] qwen3.6-27b -> DashScope API
    [qwen3.6-27b] 决策: select | 选笑话编号: 2
    [qwen3.6-27b] 决策: create | 选笑话编号: None
    [qwen3.6-27b] 决策: create | 选笑话编号: None

  Item完成: 耗时36.4s | 总耗时283.8min
  速率限制器状态: 可用令牌=960.0/960
  已保存中间结果 (176 条)

============================================================
处理 en_0277... (177/1375)
  质量组: high (4个候选笑话)
  质量组: medium (4个候选笑话)
  质量组: low (4个候选笑话)
  并发执行 3 个评估任务 (max_workers=3)...
    [路由] qwen3.6-27b -> DashScope API
    [路由] qwen3.6-27b -> DashScope API    [路由] qwen3.6-27b -> DashScope API

    [qwen3.6-27b] 决策: select | 选笑话编号: 3
    [qwen3.6-27b] 决策: select | 选笑话编号: 3
    [qwen3.6-27b] 决策: select | 选笑话编号: 4

  Item完成: 耗时35.2s | 总耗时284.3min
  速率限制器状态: 可用令牌=960.0/960
  已保存中间结果 (177 条)

============================================================
处理 en_0278... (178/1375)
  质量组: high (4个候选笑话)
  质量组: medium (4个候选笑话)
  质量组: low (4个候选笑话)
  并发执行 3 个评估任务 (max_workers=3)...
    [路由] qwen3.6-27b -> DashScope API
    [路由] qwen3.6-27b -> DashScope API    [路由] qwen3.6-27b -> DashScope API

    [qwen3.6-27b] 决策: select | 选笑话编号: 3
    [qwen3.6-27b] 决策: create | 选笑话编号: None
    [qwen3.6-27b] 决策: create | 选笑话编号: None

  Item完成: 耗时64.7s | 总耗时285.4min
  速率限制器状态: 可用令牌=960.0/960
  已保存中间结果 (178 条)

============================================================
处理 en_0279... (179/1375)
  质量组: high (4个候选笑话)
  质量组: medium (4个候选笑话)
  质量组: low (4个候选笑话)
  并发执行 3 个评估任务 (max_workers=3)...
    [路由] qwen3.6-27b -> DashScope API    [路由] qwen3.6-27b -> DashScope API
    [路由] qwen3.6-27b -> DashScope API

    [qwen3.6-27b] 决策: select | 选笑话编号: 4
    [qwen3.6-27b] 决策: select | 选笑话编号: 4
    [qwen3.6-27b] 决策: create | 选笑话编号: None

  Item完成: 耗时49.0s | 总耗时286.2min
  速率限制器状态: 可用令牌=960.0/960
  已保存中间结果 (179 条)

============================================================
处理 en_0280... (180/1375)
  质量组: high (4个候选笑话)
  质量组: medium (4个候选笑话)
  质量组: low (4个候选笑话)
  并发执行 3 个评估任务 (max_workers=3)...
    [路由] qwen3.6-27b -> DashScope API
    [路由] qwen3.6-27b -> DashScope API    [路由] qwen3.6-27b -> DashScope API

    [qwen3.6-27b] 决策: select | 选笑话编号: 1
    [qwen3.6-27b] 决策: select | 选笑话编号: 4
    [qwen3.6-27b] 决策: create | 选笑话编号: None

  Item完成: 耗时58.8s | 总耗时287.2min
  速率限制器状态: 可用令牌=960.0/960
  已保存中间结果 (180 条)

============================================================
处理 en_0281... (181/1375)
  质量组: high (4个候选笑话)
  质量组: medium (4个候选笑话)
  质量组: low (4个候选笑话)
  并发执行 3 个评估任务 (max_workers=3)...
    [路由] qwen3.6-27b -> DashScope API    [路由] qwen3.6-27b -> DashScope API

    [路由] qwen3.6-27b -> DashScope API
    [qwen3.6-27b] 决策: select | 选笑话编号: 2
    [qwen3.6-27b] 决策: select | 选笑话编号: 4
    [qwen3.6-27b] 决策: select | 选笑话编号: 2

  Item完成: 耗时55.1s | 总耗时288.1min
  速率限制器状态: 可用令牌=960.0/960
  已保存中间结果 (181 条)

============================================================
处理 en_0282... (182/1375)
  质量组: high (4个候选笑话)
  质量组: medium (4个候选笑话)
  质量组: low (4个候选笑话)
  并发执行 3 个评估任务 (max_workers=3)...
    [路由] qwen3.6-27b -> DashScope API    [路由] qwen3.6-27b -> DashScope API
    [路由] qwen3.6-27b -> DashScope API

    [qwen3.6-27b] 决策: create | 选笑话编号: None
    [qwen3.6-27b] 决策: create | 选笑话编号: None
    [qwen3.6-27b] 决策: create | 选笑话编号: None

  Item完成: 耗时97.5s | 总耗时289.8min
  速率限制器状态: 可用令牌=960.0/960
  已保存中间结果 (182 条)

============================================================
处理 en_0283... (183/1375)
  质量组: high (4个候选笑话)
  质量组: medium (4个候选笑话)
  质量组: low (4个候选笑话)
  并发执行 3 个评估任务 (max_workers=3)...
    [路由] qwen3.6-27b -> DashScope API    [路由] qwen3.6-27b -> DashScope API
    [路由] qwen3.6-27b -> DashScope API

    [qwen3.6-27b] 决策: select | 选笑话编号: 3
    [qwen3.6-27b] 决策: select | 选笑话编号: 4
    [qwen3.6-27b] 决策: select | 选笑话编号: 4

  Item完成: 耗时41.6s | 总耗时290.5min
  速率限制器状态: 可用令牌=960.0/960
  已保存中间结果 (183 条)

============================================================
处理 en_0284... (184/1375)
  质量组: high (4个候选笑话)
  质量组: medium (4个候选笑话)
  质量组: low (4个候选笑话)
  并发执行 3 个评估任务 (max_workers=3)...
    [路由] qwen3.6-27b -> DashScope API
    [路由] qwen3.6-27b -> DashScope API    [路由] qwen3.6-27b -> DashScope API

    [qwen3.6-27b] 决策: select | 选笑话编号: 3
    [qwen3.6-27b] 决策: create | 选笑话编号: None
    [qwen3.6-27b] 决策: create | 选笑话编号: None

  Item完成: 耗时101.6s | 总耗时292.2min
  速率限制器状态: 可用令牌=960.0/960
  已保存中间结果 (184 条)

============================================================
处理 en_0285... (185/1375)
  质量组: high (4个候选笑话)
  质量组: medium (4个候选笑话)
  质量组: low (4个候选笑话)
  并发执行 3 个评估任务 (max_workers=3)...
    [路由] qwen3.6-27b -> DashScope API    [路由] qwen3.6-27b -> DashScope API

    [路由] qwen3.6-27b -> DashScope API
    [qwen3.6-27b] 决策: select | 选笑话编号: 2
    [qwen3.6-27b] 决策: select | 选笑话编号: 4
    [API] 可重试异常: HTTPSConnectionPool(host='dashscope.aliyuncs.com', port=443): Read timed out. (read timeout=300), 等待1.7s后重试 (1/5), model=qwen3.6-27b
    [qwen3.6-27b] 决策: create | 选笑话编号: None

  Item完成: 耗时441.0s | 总耗时299.5min
  速率限制器状态: 可用令牌=960.0/960
  已保存中间结果 (185 条)

============================================================
处理 en_0286... (186/1375)
  质量组: high (4个候选笑话)
  质量组: medium (4个候选笑话)
  质量组: low (4个候选笑话)
  并发执行 3 个评估任务 (max_workers=3)...
    [路由] qwen3.6-27b -> DashScope API    [路由] qwen3.6-27b -> DashScope API

    [路由] qwen3.6-27b -> DashScope API
    [qwen3.6-27b] 决策: select | 选笑话编号: 3
    [qwen3.6-27b] 决策: create | 选笑话编号: None
    [qwen3.6-27b] 决策: select | 选笑话编号: 3

  Item完成: 耗时67.6s | 总耗时300.6min
  速率限制器状态: 可用令牌=960.0/960
  已保存中间结果 (186 条)

============================================================
处理 en_0287... (187/1375)
  质量组: high (4个候选笑话)
  质量组: medium (4个候选笑话)
  质量组: low (4个候选笑话)
  并发执行 3 个评估任务 (max_workers=3)...
    [路由] qwen3.6-27b -> DashScope API    [路由] qwen3.6-27b -> DashScope API
    [路由] qwen3.6-27b -> DashScope API

    [qwen3.6-27b] 决策: select | 选笑话编号: 4
    [qwen3.6-27b] 决策: select | 选笑话编号: 4
    [qwen3.6-27b] 决策: create | 选笑话编号: None

  Item完成: 耗时39.2s | 总耗时301.3min
  速率限制器状态: 可用令牌=960.0/960
  已保存中间结果 (187 条)

============================================================
处理 en_0288... (188/1375)
  质量组: high (4个候选笑话)
  质量组: medium (4个候选笑话)
  质量组: low (4个候选笑话)
  并发执行 3 个评估任务 (max_workers=3)...
    [路由] qwen3.6-27b -> DashScope API    [路由] qwen3.6-27b -> DashScope API

    [路由] qwen3.6-27b -> DashScope API
    [qwen3.6-27b] 决策: create | 选笑话编号: None
    [qwen3.6-27b] 决策: select | 选笑话编号: 3
    [qwen3.6-27b] 决策: create | 选笑话编号: None

  Item完成: 耗时62.0s | 总耗时302.3min
  速率限制器状态: 可用令牌=960.0/960
  已保存中间结果 (188 条)

============================================================
处理 en_0289... (189/1375)
  质量组: high (4个候选笑话)
  质量组: medium (4个候选笑话)
  质量组: low (4个候选笑话)
  并发执行 3 个评估任务 (max_workers=3)...
    [路由] qwen3.6-27b -> DashScope API    [路由] qwen3.6-27b -> DashScope API

    [路由] qwen3.6-27b -> DashScope API
    [qwen3.6-27b] 决策: create | 选笑话编号: None
    [qwen3.6-27b] 决策: select | 选笑话编号: 2
    [qwen3.6-27b] 决策: create | 选笑话编号: None

  Item完成: 耗时63.4s | 总耗时303.4min
  速率限制器状态: 可用令牌=960.0/960
  已保存中间结果 (189 条)

============================================================
处理 en_0290... (190/1375)
  质量组: high (4个候选笑话)
  质量组: medium (4个候选笑话)
  质量组: low (4个候选笑话)
  并发执行 3 个评估任务 (max_workers=3)...
    [路由] qwen3.6-27b -> DashScope API
    [路由] qwen3.6-27b -> DashScope API    [路由] qwen3.6-27b -> DashScope API

    [qwen3.6-27b] 决策: select | 选笑话编号: 4
    [qwen3.6-27b] 决策: create | 选笑话编号: None
    [qwen3.6-27b] 决策: create | 选笑话编号: None

  Item完成: 耗时61.9s | 总耗时304.4min
  速率限制器状态: 可用令牌=960.0/960
  已保存中间结果 (190 条)

============================================================
处理 en_0291... (191/1375)
  质量组: high (4个候选笑话)
  质量组: medium (4个候选笑话)
  质量组: low (4个候选笑话)
  并发执行 3 个评估任务 (max_workers=3)...
    [路由] qwen3.6-27b -> DashScope API
    [路由] qwen3.6-27b -> DashScope API
    [路由] qwen3.6-27b -> DashScope API
    [qwen3.6-27b] 决策: select | 选笑话编号: 2
    [qwen3.6-27b] 决策: create | 选笑话编号: None
    [qwen3.6-27b] 决策: create | 选笑话编号: None

  Item完成: 耗时38.7s | 总耗时305.1min
  速率限制器状态: 可用令牌=960.0/960
  已保存中间结果 (191 条)

============================================================
处理 en_0292... (192/1375)
  质量组: high (4个候选笑话)
  质量组: medium (4个候选笑话)
  质量组: low (4个候选笑话)
  并发执行 3 个评估任务 (max_workers=3)...
    [路由] qwen3.6-27b -> DashScope API    [路由] qwen3.6-27b -> DashScope API

    [路由] qwen3.6-27b -> DashScope API
    [qwen3.6-27b] 决策: select | 选笑话编号: 2
    [qwen3.6-27b] 决策: create | 选笑话编号: None
    [qwen3.6-27b] 决策: create | 选笑话编号: None

  Item完成: 耗时44.2s | 总耗时305.8min
  速率限制器状态: 可用令牌=960.0/960
  已保存中间结果 (192 条)

============================================================
处理 en_0293... (193/1375)
  质量组: high (4个候选笑话)
  质量组: medium (4个候选笑话)
  质量组: low (4个候选笑话)
  并发执行 3 个评估任务 (max_workers=3)...
    [路由] qwen3.6-27b -> DashScope API
    [路由] qwen3.6-27b -> DashScope API
    [路由] qwen3.6-27b -> DashScope API
    [qwen3.6-27b] 决策: select | 选笑话编号: 2
    [qwen3.6-27b] 决策: create | 选笑话编号: None
    [qwen3.6-27b] 决策: create | 选笑话编号: None

  Item完成: 耗时64.5s | 总耗时306.9min
  速率限制器状态: 可用令牌=960.0/960
  已保存中间结果 (193 条)

============================================================
处理 en_0294... (194/1375)
  质量组: high (4个候选笑话)
  质量组: medium (4个候选笑话)
  质量组: low (4个候选笑话)
  并发执行 3 个评估任务 (max_workers=3)...
    [路由] qwen3.6-27b -> DashScope API    [路由] qwen3.6-27b -> DashScope API
    [路由] qwen3.6-27b -> DashScope API

    [qwen3.6-27b] 决策: select | 选笑话编号: 1
    [qwen3.6-27b] 决策: create | 选笑话编号: None
    [qwen3.6-27b] 决策: create | 选笑话编号: None

  Item完成: 耗时58.3s | 总耗时307.9min
  速率限制器状态: 可用令牌=960.0/960
  已保存中间结果 (194 条)

============================================================
处理 en_0295... (195/1375)
  质量组: high (4个候选笑话)
  质量组: medium (4个候选笑话)
  质量组: low (4个候选笑话)
  并发执行 3 个评估任务 (max_workers=3)...
    [路由] qwen3.6-27b -> DashScope API    [路由] qwen3.6-27b -> DashScope API
    [路由] qwen3.6-27b -> DashScope API

    [qwen3.6-27b] 决策: create | 选笑话编号: None
    [qwen3.6-27b] 决策: select | 选笑话编号: 4
    [qwen3.6-27b] 决策: create | 选笑话编号: None

  Item完成: 耗时39.5s | 总耗时308.5min
  速率限制器状态: 可用令牌=960.0/960
  已保存中间结果 (195 条)

============================================================
处理 en_0296... (196/1375)
  质量组: high (4个候选笑话)
  质量组: medium (4个候选笑话)
  质量组: low (4个候选笑话)
  并发执行 3 个评估任务 (max_workers=3)...
    [路由] qwen3.6-27b -> DashScope API
    [路由] qwen3.6-27b -> DashScope API    [路由] qwen3.6-27b -> DashScope API

    [qwen3.6-27b] 决策: select | 选笑话编号: 3
    [qwen3.6-27b] 决策: select | 选笑话编号: 2
    [qwen3.6-27b] 决策: create | 选笑话编号: None

  Item完成: 耗时44.7s | 总耗时309.3min
  速率限制器状态: 可用令牌=960.0/960
  已保存中间结果 (196 条)

============================================================
处理 en_0297... (197/1375)
  质量组: high (4个候选笑话)
  质量组: medium (4个候选笑话)
  质量组: low (4个候选笑话)
  并发执行 3 个评估任务 (max_workers=3)...
    [路由] qwen3.6-27b -> DashScope API    [路由] qwen3.6-27b -> DashScope API
    [路由] qwen3.6-27b -> DashScope API

    [qwen3.6-27b] 决策: select | 选笑话编号: 4
    [qwen3.6-27b] 决策: create | 选笑话编号: None
    [API] 可重试异常: HTTPSConnectionPool(host='dashscope.aliyuncs.com', port=443): Read timed out. (read timeout=300), 等待1.6s后重试 (1/5), model=qwen3.6-27b
    [qwen3.6-27b] 决策: create | 选笑话编号: None

  Item完成: 耗时344.9s | 总耗时315.0min
  速率限制器状态: 可用令牌=960.0/960
  已保存中间结果 (197 条)

============================================================
处理 en_0298... (198/1375)
  质量组: high (4个候选笑话)
  质量组: medium (4个候选笑话)
  质量组: low (4个候选笑话)
  并发执行 3 个评估任务 (max_workers=3)...
    [路由] qwen3.6-27b -> DashScope API    [路由] qwen3.6-27b -> DashScope API

    [路由] qwen3.6-27b -> DashScope API
    [qwen3.6-27b] 决策: create | 选笑话编号: None
    [qwen3.6-27b] 决策: create | 选笑话编号: None
    [API] 可重试异常: HTTPSConnectionPool(host='dashscope.aliyuncs.com', port=443): Read timed out. (read timeout=300), 等待1.5s后重试 (1/5), model=qwen3.6-27b
    [qwen3.6-27b] 决策: select | 选笑话编号: 2

  Item完成: 耗时346.5s | 总耗时320.8min
  速率限制器状态: 可用令牌=960.0/960
  已保存中间结果 (198 条)

============================================================
处理 en_0299... (199/1375)
  质量组: high (4个候选笑话)
  质量组: medium (4个候选笑话)
  质量组: low (4个候选笑话)
  并发执行 3 个评估任务 (max_workers=3)...
    [路由] qwen3.6-27b -> DashScope API
    [路由] qwen3.6-27b -> DashScope API    [路由] qwen3.6-27b -> DashScope API

    [qwen3.6-27b] 决策: select | 选笑话编号: 2
    [qwen3.6-27b] 决策: create | 选笑话编号: None
    [qwen3.6-27b] 决策: create | 选笑话编号: None

  Item完成: 耗时46.3s | 总耗时321.6min
  速率限制器状态: 可用令牌=960.0/960
  已保存中间结果 (199 条)

============================================================
处理 en_0300... (200/1375)
  质量组: high (4个候选笑话)
  质量组: medium (4个候选笑话)
  质量组: low (4个候选笑话)
  并发执行 3 个评估任务 (max_workers=3)...
    [路由] qwen3.6-27b -> DashScope API    [路由] qwen3.6-27b -> DashScope API
    [路由] qwen3.6-27b -> DashScope API

    [API] JSON解析失败: JSON解析失败: Extra data: line 7 column 1 (char 545), model=qwen3.6-27b
    [qwen3.6-27b] 决策:  | 选笑话编号: ?
    [qwen3.6-27b] 决策: create | 选笑话编号: None
    [qwen3.6-27b] 决策: create | 选笑话编号: None

  Item完成: 耗时46.3s | 总耗时322.3min
  速率限制器状态: 可用令牌=960.0/960
  已保存中间结果 (200 条)

============================================================
处理 en_0301... (201/1375)
  质量组: high (4个候选笑话)
  质量组: medium (4个候选笑话)
  质量组: low (4个候选笑话)
  并发执行 3 个评估任务 (max_workers=3)...
    [路由] qwen3.6-27b -> DashScope API    [路由] qwen3.6-27b -> DashScope API

    [路由] qwen3.6-27b -> DashScope API
    [qwen3.6-27b] 决策: select | 选笑话编号: 4
    [qwen3.6-27b] 决策: select | 选笑话编号: 4
    [qwen3.6-27b] 决策: create | 选笑话编号: None

  Item完成: 耗时38.3s | 总耗时323.0min
  速率限制器状态: 可用令牌=960.0/960
  已保存中间结果 (201 条)

============================================================
处理 en_0302... (202/1375)
  质量组: high (4个候选笑话)
  质量组: medium (4个候选笑话)
  质量组: low (4个候选笑话)
  并发执行 3 个评估任务 (max_workers=3)...
    [路由] qwen3.6-27b -> DashScope API    [路由] qwen3.6-27b -> DashScope API

    [路由] qwen3.6-27b -> DashScope API
    [qwen3.6-27b] 决策: create | 选笑话编号: None
    [qwen3.6-27b] 决策: create | 选笑话编号: None
    [qwen3.6-27b] 决策: create | 选笑话编号: None

  Item完成: 耗时123.9s | 总耗时325.0min
  速率限制器状态: 可用令牌=960.0/960
  已保存中间结果 (202 条)

============================================================
处理 en_0303... (203/1375)
  质量组: high (4个候选笑话)
  质量组: medium (4个候选笑话)
  质量组: low (4个候选笑话)
  并发执行 3 个评估任务 (max_workers=3)...
    [路由] qwen3.6-27b -> DashScope API    [路由] qwen3.6-27b -> DashScope API

    [路由] qwen3.6-27b -> DashScope API
    [qwen3.6-27b] 决策: select | 选笑话编号: 2
    [qwen3.6-27b] 决策: create | 选笑话编号: None
    [qwen3.6-27b] 决策: select | 选笑话编号: 3

  Item完成: 耗时67.0s | 总耗时326.2min
  速率限制器状态: 可用令牌=960.0/960
  已保存中间结果 (203 条)

============================================================
处理 en_0304... (204/1375)
  质量组: high (4个候选笑话)
  质量组: medium (4个候选笑话)
  质量组: low (4个候选笑话)
  并发执行 3 个评估任务 (max_workers=3)...
    [路由] qwen3.6-27b -> DashScope API
    [路由] qwen3.6-27b -> DashScope API
    [路由] qwen3.6-27b -> DashScope API
    [qwen3.6-27b] 决策: select | 选笑话编号: 4
    [qwen3.6-27b] 决策: create | 选笑话编号: None
    [qwen3.6-27b] 决策: create | 选笑话编号: None

  Item完成: 耗时73.5s | 总耗时327.4min
  速率限制器状态: 可用令牌=960.0/960
  已保存中间结果 (204 条)

============================================================
处理 en_0305... (205/1375)
  质量组: high (4个候选笑话)
  质量组: medium (4个候选笑话)
  质量组: low (4个候选笑话)
  并发执行 3 个评估任务 (max_workers=3)...
    [路由] qwen3.6-27b -> DashScope API
    [路由] qwen3.6-27b -> DashScope API
    [路由] qwen3.6-27b -> DashScope API
    [qwen3.6-27b] 决策: select | 选笑话编号: 1
    [qwen3.6-27b] 决策: select | 选笑话编号: 2
    [qwen3.6-27b] 决策: create | 选笑话编号: None

  Item完成: 耗时63.3s | 总耗时328.4min
  速率限制器状态: 可用令牌=960.0/960
  已保存中间结果 (205 条)

============================================================
处理 en_0306... (206/1375)
  质量组: high (4个候选笑话)
  质量组: medium (4个候选笑话)
  质量组: low (4个候选笑话)
  并发执行 3 个评估任务 (max_workers=3)...
    [路由] qwen3.6-27b -> DashScope API    [路由] qwen3.6-27b -> DashScope API
    [路由] qwen3.6-27b -> DashScope API

    [qwen3.6-27b] 决策: select | 选笑话编号: 1
    [qwen3.6-27b] 决策: create | 选笑话编号: None
    [qwen3.6-27b] 决策: select | 选笑话编号: 4

  Item完成: 耗时51.5s | 总耗时329.3min
  速率限制器状态: 可用令牌=960.0/960
  已保存中间结果 (206 条)

============================================================
处理 en_0307... (207/1375)
  质量组: high (4个候选笑话)
  质量组: medium (4个候选笑话)
  质量组: low (4个候选笑话)
  并发执行 3 个评估任务 (max_workers=3)...
    [路由] qwen3.6-27b -> DashScope API    [路由] qwen3.6-27b -> DashScope API

    [路由] qwen3.6-27b -> DashScope API
    [qwen3.6-27b] 决策: select | 选笑话编号: 4
    [qwen3.6-27b] 决策: create | 选笑话编号: None
    [qwen3.6-27b] 决策: create | 选笑话编号: None

  Item完成: 耗时45.4s | 总耗时330.1min
  速率限制器状态: 可用令牌=960.0/960
  已保存中间结果 (207 条)

============================================================
处理 en_0308... (208/1375)
  质量组: high (4个候选笑话)
  质量组: medium (4个候选笑话)
  质量组: low (4个候选笑话)
  并发执行 3 个评估任务 (max_workers=3)...
    [路由] qwen3.6-27b -> DashScope API
    [路由] qwen3.6-27b -> DashScope API
    [路由] qwen3.6-27b -> DashScope API
    [qwen3.6-27b] 决策: select | 选笑话编号: 2
    [qwen3.6-27b] 决策: select | 选笑话编号: 2
    [qwen3.6-27b] 决策: create | 选笑话编号: None

  Item完成: 耗时51.2s | 总耗时330.9min
  速率限制器状态: 可用令牌=960.0/960
  已保存中间结果 (208 条)

============================================================
处理 en_0309... (209/1375)
  质量组: high (4个候选笑话)
  质量组: medium (4个候选笑话)
  质量组: low (4个候选笑话)
  并发执行 3 个评估任务 (max_workers=3)...
    [路由] qwen3.6-27b -> DashScope API    [路由] qwen3.6-27b -> DashScope API

    [路由] qwen3.6-27b -> DashScope API
    [qwen3.6-27b] 决策: select | 选笑话编号: 4
    [qwen3.6-27b] 决策: select | 选笑话编号: 1
    [qwen3.6-27b] 决策: create | 选笑话编号: None

  Item完成: 耗时56.0s | 总耗时331.8min
  速率限制器状态: 可用令牌=960.0/960
  已保存中间结果 (209 条)

============================================================
处理 en_0310... (210/1375)
  质量组: high (4个候选笑话)
  质量组: medium (4个候选笑话)
  质量组: low (4个候选笑话)
  并发执行 3 个评估任务 (max_workers=3)...
    [路由] qwen3.6-27b -> DashScope API    [路由] qwen3.6-27b -> DashScope API

    [路由] qwen3.6-27b -> DashScope API
    [qwen3.6-27b] 决策: select | 选笑话编号: 2
    [qwen3.6-27b] 决策: create | 选笑话编号: None
    [qwen3.6-27b] 决策: create | 选笑话编号: None

  Item完成: 耗时83.0s | 总耗时333.2min
  速率限制器状态: 可用令牌=960.0/960
  已保存中间结果 (210 条)

============================================================
处理 en_0311... (211/1375)
  质量组: high (4个候选笑话)
  质量组: medium (4个候选笑话)
  质量组: low (4个候选笑话)
  并发执行 3 个评估任务 (max_workers=3)...
    [路由] qwen3.6-27b -> DashScope API
    [路由] qwen3.6-27b -> DashScope API
    [路由] qwen3.6-27b -> DashScope API
    [qwen3.6-27b] 决策: create | 选笑话编号: None
    [qwen3.6-27b] 决策: select | 选笑话编号: 2
    [qwen3.6-27b] 决策: create | 选笑话编号: None

  Item完成: 耗时58.0s | 总耗时334.2min
  速率限制器状态: 可用令牌=960.0/960
  已保存中间结果 (211 条)

============================================================
处理 en_0312... (212/1375)
  质量组: high (4个候选笑话)
  质量组: medium (4个候选笑话)
  质量组: low (4个候选笑话)
  并发执行 3 个评估任务 (max_workers=3)...
    [路由] qwen3.6-27b -> DashScope API    [路由] qwen3.6-27b -> DashScope API

    [路由] qwen3.6-27b -> DashScope API
    [qwen3.6-27b] 决策: select | 选笑话编号: 4
    [qwen3.6-27b] 决策: select | 选笑话编号: 2
    [qwen3.6-27b] 决策: select | 选笑话编号: 4

  Item完成: 耗时35.0s | 总耗时334.8min
  速率限制器状态: 可用令牌=960.0/960
  已保存中间结果 (212 条)

============================================================
处理 en_0313... (213/1375)
  质量组: high (4个候选笑话)
  质量组: medium (4个候选笑话)
  质量组: low (4个候选笑话)
  并发执行 3 个评估任务 (max_workers=3)...
    [路由] qwen3.6-27b -> DashScope API
    [路由] qwen3.6-27b -> DashScope API    [路由] qwen3.6-27b -> DashScope API

    [qwen3.6-27b] 决策: select | 选笑话编号: 4
    [qwen3.6-27b] 决策: select | 选笑话编号: 4
    [qwen3.6-27b] 决策: create | 选笑话编号: None

  Item完成: 耗时24.5s | 总耗时335.2min
  速率限制器状态: 可用令牌=960.0/960
  已保存中间结果 (213 条)

============================================================
处理 en_0314... (214/1375)
  质量组: high (4个候选笑话)
  质量组: medium (4个候选笑话)
  质量组: low (4个候选笑话)
  并发执行 3 个评估任务 (max_workers=3)...
    [路由] qwen3.6-27b -> DashScope API    [路由] qwen3.6-27b -> DashScope API
    [路由] qwen3.6-27b -> DashScope API

    [qwen3.6-27b] 决策: select | 选笑话编号: 4
    [qwen3.6-27b] 决策: select | 选笑话编号: 3
    [qwen3.6-27b] 决策: create | 选笑话编号: None

  Item完成: 耗时61.0s | 总耗时336.2min
  速率限制器状态: 可用令牌=960.0/960
  已保存中间结果 (214 条)

============================================================
处理 en_0315... (215/1375)
  质量组: high (4个候选笑话)
  质量组: medium (4个候选笑话)
  质量组: low (4个候选笑话)
  并发执行 3 个评估任务 (max_workers=3)...
    [路由] qwen3.6-27b -> DashScope API
    [路由] qwen3.6-27b -> DashScope API    [路由] qwen3.6-27b -> DashScope API

    [qwen3.6-27b] 决策: select | 选笑话编号: 1
    [qwen3.6-27b] 决策: select | 选笑话编号: 4
    [qwen3.6-27b] 决策: create | 选笑话编号: None

  Item完成: 耗时68.9s | 总耗时337.4min
  速率限制器状态: 可用令牌=960.0/960
  已保存中间结果 (215 条)

============================================================
处理 en_0316... (216/1375)
  质量组: high (4个候选笑话)
  质量组: medium (4个候选笑话)
  质量组: low (4个候选笑话)
  并发执行 3 个评估任务 (max_workers=3)...
    [路由] qwen3.6-27b -> DashScope API    [路由] qwen3.6-27b -> DashScope API
    [路由] qwen3.6-27b -> DashScope API

    [qwen3.6-27b] 决策: select | 选笑话编号: 4
    [qwen3.6-27b] 决策: create | 选笑话编号: None
    [qwen3.6-27b] 决策: select | 选笑话编号: 3

  Item完成: 耗时75.6s | 总耗时338.6min
  速率限制器状态: 可用令牌=960.0/960
  已保存中间结果 (216 条)

============================================================
处理 en_0317... (217/1375)
  质量组: high (4个候选笑话)
  质量组: medium (4个候选笑话)
  质量组: low (4个候选笑话)
  并发执行 3 个评估任务 (max_workers=3)...
    [路由] qwen3.6-27b -> DashScope API
    [路由] qwen3.6-27b -> DashScope API
    [路由] qwen3.6-27b -> DashScope API
    [qwen3.6-27b] 决策: select | 选笑话编号: 3
    [qwen3.6-27b] 决策: create | 选笑话编号: None
    [qwen3.6-27b] 决策: create | 选笑话编号: None

  Item完成: 耗时48.6s | 总耗时339.4min
  速率限制器状态: 可用令牌=960.0/960
  已保存中间结果 (217 条)

============================================================
处理 en_0318... (218/1375)
  质量组: high (4个候选笑话)
  质量组: medium (4个候选笑话)
  质量组: low (4个候选笑话)
  并发执行 3 个评估任务 (max_workers=3)...
    [路由] qwen3.6-27b -> DashScope API    [路由] qwen3.6-27b -> DashScope API

    [路由] qwen3.6-27b -> DashScope API
    [qwen3.6-27b] 决策: select | 选笑话编号: 4
    [qwen3.6-27b] 决策: create | 选笑话编号: None
    [API] 可重试异常: HTTPSConnectionPool(host='dashscope.aliyuncs.com', port=443): Read timed out. (read timeout=300), 等待2.2s后重试 (1/5), model=qwen3.6-27b
    [qwen3.6-27b] 决策: create | 选笑话编号: None

  Item完成: 耗时387.5s | 总耗时345.9min
  速率限制器状态: 可用令牌=960.0/960
  已保存中间结果 (218 条)

============================================================
处理 en_0319... (219/1375)
  质量组: high (4个候选笑话)
  质量组: medium (4个候选笑话)
  质量组: low (4个候选笑话)
  并发执行 3 个评估任务 (max_workers=3)...
    [路由] qwen3.6-27b -> DashScope API    [路由] qwen3.6-27b -> DashScope API
    [路由] qwen3.6-27b -> DashScope API

    [qwen3.6-27b] 决策: select | 选笑话编号: 4
    [qwen3.6-27b] 决策: select | 选笑话编号: 1
    [qwen3.6-27b] 决策: create | 选笑话编号: None

  Item完成: 耗时79.9s | 总耗时347.2min
  速率限制器状态: 可用令牌=960.0/960
  已保存中间结果 (219 条)

============================================================
处理 en_0320... (220/1375)
  质量组: high (4个候选笑话)
  质量组: medium (4个候选笑话)
  质量组: low (4个候选笑话)
  并发执行 3 个评估任务 (max_workers=3)...
    [路由] qwen3.6-27b -> DashScope API    [路由] qwen3.6-27b -> DashScope API
    [路由] qwen3.6-27b -> DashScope API

    [qwen3.6-27b] 决策: select | 选笑话编号: 2
    [qwen3.6-27b] 决策: create | 选笑话编号: None
    [API] 可重试异常: HTTPSConnectionPool(host='dashscope.aliyuncs.com', port=443): Read timed out. (read timeout=300), 等待2.0s后重试 (1/5), model=qwen3.6-27b
    [qwen3.6-27b] 决策: create | 选笑话编号: None

  Item完成: 耗时375.3s | 总耗时353.5min
  速率限制器状态: 可用令牌=960.0/960
  已保存中间结果 (220 条)

============================================================
处理 en_0321... (221/1375)
  质量组: high (4个候选笑话)
  质量组: medium (4个候选笑话)
  质量组: low (4个候选笑话)
  并发执行 3 个评估任务 (max_workers=3)...
    [路由] qwen3.6-27b -> DashScope API
    [路由] qwen3.6-27b -> DashScope API
    [路由] qwen3.6-27b -> DashScope API
    [qwen3.6-27b] 决策: select | 选笑话编号: 4
    [qwen3.6-27b] 决策: select | 选笑话编号: 2
    [qwen3.6-27b] 决策: select | 选笑话编号: 2

  Item完成: 耗时31.5s | 总耗时354.0min
  速率限制器状态: 可用令牌=960.0/960
  已保存中间结果 (221 条)

============================================================
处理 en_0322... (222/1375)
  质量组: high (4个候选笑话)
  质量组: medium (4个候选笑话)
  质量组: low (4个候选笑话)
  并发执行 3 个评估任务 (max_workers=3)...
    [路由] qwen3.6-27b -> DashScope API    [路由] qwen3.6-27b -> DashScope API
    [路由] qwen3.6-27b -> DashScope API

    [qwen3.6-27b] 决策: create | 选笑话编号: None
    [qwen3.6-27b] 决策: create | 选笑话编号: None
    [qwen3.6-27b] 决策: create | 选笑话编号: None

  Item完成: 耗时50.7s | 总耗时354.9min
  速率限制器状态: 可用令牌=960.0/960
  已保存中间结果 (222 条)

============================================================
处理 en_0323... (223/1375)
  质量组: high (4个候选笑话)
  质量组: medium (4个候选笑话)
  质量组: low (4个候选笑话)
  并发执行 3 个评估任务 (max_workers=3)...
    [路由] qwen3.6-27b -> DashScope API
    [路由] qwen3.6-27b -> DashScope API    [路由] qwen3.6-27b -> DashScope API

    [qwen3.6-27b] 决策: select | 选笑话编号: 4
    [qwen3.6-27b] 决策: create | 选笑话编号: None
    [API] 可重试异常: HTTPSConnectionPool(host='dashscope.aliyuncs.com', port=443): Read timed out. (read timeout=300), 等待2.5s后重试 (1/5), model=qwen3.6-27b
    [qwen3.6-27b] 决策: select | 选笑话编号: 3

  Item完成: 耗时338.0s | 总耗时360.5min
  速率限制器状态: 可用令牌=960.0/960
  已保存中间结果 (223 条)

============================================================
处理 en_0324... (224/1375)
  质量组: high (4个候选笑话)
  质量组: medium (4个候选笑话)
  质量组: low (4个候选笑话)
  并发执行 3 个评估任务 (max_workers=3)...
    [路由] qwen3.6-27b -> DashScope API
    [路由] qwen3.6-27b -> DashScope API
    [路由] qwen3.6-27b -> DashScope API
    [qwen3.6-27b] 决策: create | 选笑话编号: None
    [qwen3.6-27b] 决策: create | 选笑话编号: None
    [qwen3.6-27b] 决策: create | 选笑话编号: None

  Item完成: 耗时51.4s | 总耗时361.4min
  速率限制器状态: 可用令牌=960.0/960
  已保存中间结果 (224 条)

============================================================
处理 en_0325... (225/1375)
  质量组: high (4个候选笑话)
  质量组: medium (4个候选笑话)
  质量组: low (4个候选笑话)
  并发执行 3 个评估任务 (max_workers=3)...
    [路由] qwen3.6-27b -> DashScope API
    [路由] qwen3.6-27b -> DashScope API
    [路由] qwen3.6-27b -> DashScope API
    [qwen3.6-27b] 决策: select | 选笑话编号: 2
    [qwen3.6-27b] 决策: create | 选笑话编号: None
    [qwen3.6-27b] 决策: create | 选笑话编号: None

  Item完成: 耗时46.6s | 总耗时362.1min
  速率限制器状态: 可用令牌=960.0/960
  已保存中间结果 (225 条)

============================================================
处理 en_0326... (226/1375)
  质量组: high (4个候选笑话)
  质量组: medium (4个候选笑话)
  质量组: low (4个候选笑话)
  并发执行 3 个评估任务 (max_workers=3)...
    [路由] qwen3.6-27b -> DashScope API
    [路由] qwen3.6-27b -> DashScope API    [路由] qwen3.6-27b -> DashScope API

    [qwen3.6-27b] 决策: select | 选笑话编号: 4
    [qwen3.6-27b] 决策: create | 选笑话编号: None
    [qwen3.6-27b] 决策: create | 选笑话编号: None

  Item完成: 耗时59.2s | 总耗时363.1min
  速率限制器状态: 可用令牌=960.0/960
  已保存中间结果 (226 条)

============================================================
处理 en_0327... (227/1375)
  质量组: high (4个候选笑话)
  质量组: medium (4个候选笑话)
  质量组: low (4个候选笑话)
  并发执行 3 个评估任务 (max_workers=3)...
    [路由] qwen3.6-27b -> DashScope API    [路由] qwen3.6-27b -> DashScope API
    [路由] qwen3.6-27b -> DashScope API

    [qwen3.6-27b] 决策: select | 选笑话编号: 2
    [qwen3.6-27b] 决策: create | 选笑话编号: None
    [qwen3.6-27b] 决策: create | 选笑话编号: None

  Item完成: 耗时79.1s | 总耗时364.4min
  速率限制器状态: 可用令牌=960.0/960
  已保存中间结果 (227 条)

============================================================
处理 en_0328... (228/1375)
  质量组: high (4个候选笑话)
  质量组: medium (4个候选笑话)
  质量组: low (4个候选笑话)
  并发执行 3 个评估任务 (max_workers=3)...
    [路由] qwen3.6-27b -> DashScope API    [路由] qwen3.6-27b -> DashScope API

    [路由] qwen3.6-27b -> DashScope API
    [qwen3.6-27b] 决策: create | 选笑话编号: None
    [qwen3.6-27b] 决策: create | 选笑话编号: None
    [qwen3.6-27b] 决策: create | 选笑话编号: None

  Item完成: 耗时196.4s | 总耗时367.7min
  速率限制器状态: 可用令牌=960.0/960
  已保存中间结果 (228 条)

============================================================
处理 en_0329... (229/1375)
  质量组: high (4个候选笑话)
  质量组: medium (4个候选笑话)
  质量组: low (4个候选笑话)
  并发执行 3 个评估任务 (max_workers=3)...
    [路由] qwen3.6-27b -> DashScope API
    [路由] qwen3.6-27b -> DashScope API
    [路由] qwen3.6-27b -> DashScope API
    [qwen3.6-27b] 决策: select | 选笑话编号: 2
    [qwen3.6-27b] 决策: create | 选笑话编号: None
    [qwen3.6-27b] 决策: create | 选笑话编号: None

  Item完成: 耗时54.6s | 总耗时368.6min
  速率限制器状态: 可用令牌=960.0/960
  已保存中间结果 (229 条)

============================================================
处理 en_0330... (230/1375)
  质量组: high (4个候选笑话)
  质量组: medium (4个候选笑话)
  质量组: low (4个候选笑话)
  并发执行 3 个评估任务 (max_workers=3)...
    [路由] qwen3.6-27b -> DashScope API
    [路由] qwen3.6-27b -> DashScope API    [路由] qwen3.6-27b -> DashScope API

    [qwen3.6-27b] 决策: create | 选笑话编号: None
    [qwen3.6-27b] 决策: create | 选笑话编号: None
    [qwen3.6-27b] 决策: select | 选笑话编号: 1

  Item完成: 耗时93.0s | 总耗时370.2min
  速率限制器状态: 可用令牌=960.0/960
  已保存中间结果 (230 条)

============================================================
处理 en_0331... (231/1375)
  质量组: high (4个候选笑话)
  质量组: medium (4个候选笑话)
  质量组: low (4个候选笑话)
  并发执行 3 个评估任务 (max_workers=3)...
    [路由] qwen3.6-27b -> DashScope API
    [路由] qwen3.6-27b -> DashScope API    [路由] qwen3.6-27b -> DashScope API

    [qwen3.6-27b] 决策: select | 选笑话编号: 4
    [qwen3.6-27b] 决策: create | 选笑话编号: None
    [qwen3.6-27b] 决策: create | 选笑话编号: None

  Item完成: 耗时86.5s | 总耗时371.6min
  速率限制器状态: 可用令牌=960.0/960
  已保存中间结果 (231 条)

============================================================
处理 en_0332... (232/1375)
  质量组: high (4个候选笑话)
  质量组: medium (4个候选笑话)
  质量组: low (4个候选笑话)
  并发执行 3 个评估任务 (max_workers=3)...
    [路由] qwen3.6-27b -> DashScope API
    [路由] qwen3.6-27b -> DashScope API
    [路由] qwen3.6-27b -> DashScope API
    [qwen3.6-27b] 决策: select | 选笑话编号: 4
    [qwen3.6-27b] 决策: select | 选笑话编号: 1
    [qwen3.6-27b] 决策: create | 选笑话编号: None

  Item完成: 耗时43.0s | 总耗时372.3min
  速率限制器状态: 可用令牌=960.0/960
  已保存中间结果 (232 条)

============================================================
处理 en_0333... (233/1375)
  质量组: high (4个候选笑话)
  质量组: medium (4个候选笑话)
  质量组: low (4个候选笑话)
  并发执行 3 个评估任务 (max_workers=3)...
    [路由] qwen3.6-27b -> DashScope API    [路由] qwen3.6-27b -> DashScope API
    [路由] qwen3.6-27b -> DashScope API

    [qwen3.6-27b] 决策: select | 选笑话编号: 4
    [qwen3.6-27b] 决策: create | 选笑话编号: None
    [qwen3.6-27b] 决策: create | 选笑话编号: None

  Item完成: 耗时56.5s | 总耗时373.3min
  速率限制器状态: 可用令牌=960.0/960
  已保存中间结果 (233 条)

============================================================
处理 en_0334... (234/1375)
  质量组: high (4个候选笑话)
  质量组: medium (4个候选笑话)
  质量组: low (4个候选笑话)
  并发执行 3 个评估任务 (max_workers=3)...
    [路由] qwen3.6-27b -> DashScope API
    [路由] qwen3.6-27b -> DashScope API    [路由] qwen3.6-27b -> DashScope API

    [qwen3.6-27b] 决策: select | 选笑话编号: 2
    [qwen3.6-27b] 决策: create | 选笑话编号: None
    [qwen3.6-27b] 决策: create | 选笑话编号: None

  Item完成: 耗时85.6s | 总耗时374.7min
  速率限制器状态: 可用令牌=960.0/960
  已保存中间结果 (234 条)

============================================================
处理 en_0335... (235/1375)
  质量组: high (4个候选笑话)
  质量组: medium (4个候选笑话)
  质量组: low (4个候选笑话)
  并发执行 3 个评估任务 (max_workers=3)...
    [路由] qwen3.6-27b -> DashScope API
    [路由] qwen3.6-27b -> DashScope API    [路由] qwen3.6-27b -> DashScope API

    [qwen3.6-27b] 决策: select | 选笑话编号: 2
    [qwen3.6-27b] 决策: create | 选笑话编号: None
    [qwen3.6-27b] 决策: create | 选笑话编号: None

  Item完成: 耗时58.9s | 总耗时375.7min
  速率限制器状态: 可用令牌=960.0/960
  已保存中间结果 (235 条)

============================================================
处理 en_0336... (236/1375)
  质量组: high (4个候选笑话)
  质量组: medium (4个候选笑话)
  质量组: low (4个候选笑话)
  并发执行 3 个评估任务 (max_workers=3)...
    [路由] qwen3.6-27b -> DashScope API    [路由] qwen3.6-27b -> DashScope API
    [路由] qwen3.6-27b -> DashScope API

    [qwen3.6-27b] 决策: create | 选笑话编号: None
    [qwen3.6-27b] 决策: create | 选笑话编号: None
    [qwen3.6-27b] 决策: select | 选笑话编号: 2

  Item完成: 耗时90.5s | 总耗时377.2min
  速率限制器状态: 可用令牌=960.0/960
  已保存中间结果 (236 条)

============================================================
处理 en_0337... (237/1375)
  质量组: high (4个候选笑话)
  质量组: medium (4个候选笑话)
  质量组: low (4个候选笑话)
  并发执行 3 个评估任务 (max_workers=3)...
    [路由] qwen3.6-27b -> DashScope API
    [路由] qwen3.6-27b -> DashScope API
    [路由] qwen3.6-27b -> DashScope API
    [qwen3.6-27b] 决策: select | 选笑话编号: 2
    [qwen3.6-27b] 决策: create | 选笑话编号: None
    [qwen3.6-27b] 决策: create | 选笑话编号: None

  Item完成: 耗时51.6s | 总耗时378.1min
  速率限制器状态: 可用令牌=960.0/960
  已保存中间结果 (237 条)

============================================================
处理 en_0338... (238/1375)
  质量组: high (4个候选笑话)
  质量组: medium (4个候选笑话)
  质量组: low (4个候选笑话)
  并发执行 3 个评估任务 (max_workers=3)...
    [路由] qwen3.6-27b -> DashScope API    [路由] qwen3.6-27b -> DashScope API
    [路由] qwen3.6-27b -> DashScope API

    [qwen3.6-27b] 决策: select | 选笑话编号: 2
    [qwen3.6-27b] 决策: create | 选笑话编号: None
    [API] 可重试异常: HTTPSConnectionPool(host='dashscope.aliyuncs.com', port=443): Read timed out. (read timeout=300), 等待2.1s后重试 (1/5), model=qwen3.6-27b
    [qwen3.6-27b] 决策: create | 选笑话编号: None

  Item完成: 耗时354.5s | 总耗时384.0min
  速率限制器状态: 可用令牌=960.0/960
  已保存中间结果 (238 条)

============================================================
处理 en_0339... (239/1375)
  质量组: high (4个候选笑话)
  质量组: medium (4个候选笑话)
  质量组: low (4个候选笑话)
  并发执行 3 个评估任务 (max_workers=3)...
    [路由] qwen3.6-27b -> DashScope API
    [路由] qwen3.6-27b -> DashScope API    [路由] qwen3.6-27b -> DashScope API

    [qwen3.6-27b] 决策: select | 选笑话编号: 3
    [qwen3.6-27b] 决策: create | 选笑话编号: None
    [qwen3.6-27b] 决策: create | 选笑话编号: None

  Item完成: 耗时52.1s | 总耗时384.8min
  速率限制器状态: 可用令牌=960.0/960
  已保存中间结果 (239 条)

============================================================
处理 en_0340... (240/1375)
  质量组: high (4个候选笑话)
  质量组: medium (4个候选笑话)
  质量组: low (4个候选笑话)
  并发执行 3 个评估任务 (max_workers=3)...
    [路由] qwen3.6-27b -> DashScope API
    [路由] qwen3.6-27b -> DashScope API
    [路由] qwen3.6-27b -> DashScope API
    [qwen3.6-27b] 决策: select | 选笑话编号: 2
    [qwen3.6-27b] 决策: create | 选笑话编号: None
    [qwen3.6-27b] 决策: create | 选笑话编号: None

  Item完成: 耗时65.8s | 总耗时385.9min
  速率限制器状态: 可用令牌=960.0/960
  已保存中间结果 (240 条)

============================================================
处理 en_0341... (241/1375)
  质量组: high (4个候选笑话)
  质量组: medium (4个候选笑话)
  质量组: low (4个候选笑话)
  并发执行 3 个评估任务 (max_workers=3)...
    [路由] qwen3.6-27b -> DashScope API
    [路由] qwen3.6-27b -> DashScope API    [路由] qwen3.6-27b -> DashScope API

    [qwen3.6-27b] 决策: select | 选笑话编号: 2
    [qwen3.6-27b] 决策: create | 选笑话编号: None
    [qwen3.6-27b] 决策: create | 选笑话编号: None

  Item完成: 耗时55.0s | 总耗时386.9min
  速率限制器状态: 可用令牌=960.0/960
  已保存中间结果 (241 条)

============================================================
处理 en_0342... (242/1375)
  质量组: high (4个候选笑话)
  质量组: medium (4个候选笑话)
  质量组: low (4个候选笑话)
  并发执行 3 个评估任务 (max_workers=3)...
    [路由] qwen3.6-27b -> DashScope API    [路由] qwen3.6-27b -> DashScope API
    [路由] qwen3.6-27b -> DashScope API

    [qwen3.6-27b] 决策: select | 选笑话编号: 4
    [qwen3.6-27b] 决策: select | 选笑话编号: 4
    [qwen3.6-27b] 决策: create | 选笑话编号: None

  Item完成: 耗时35.9s | 总耗时387.5min
  速率限制器状态: 可用令牌=960.0/960
  已保存中间结果 (242 条)

============================================================
处理 en_0343... (243/1375)
  质量组: high (4个候选笑话)
  质量组: medium (4个候选笑话)
  质量组: low (4个候选笑话)
  并发执行 3 个评估任务 (max_workers=3)...
    [路由] qwen3.6-27b -> DashScope API
    [路由] qwen3.6-27b -> DashScope API    [路由] qwen3.6-27b -> DashScope API

    [qwen3.6-27b] 决策: select | 选笑话编号: 4
    [qwen3.6-27b] 决策: create | 选笑话编号: None
    [API] 可重试异常: HTTPSConnectionPool(host='dashscope.aliyuncs.com', port=443): Read timed out. (read timeout=300), 等待1.8s后重试 (1/5), model=qwen3.6-27b
    [qwen3.6-27b] 决策: create | 选笑话编号: None

  Item完成: 耗时343.5s | 总耗时393.2min
  速率限制器状态: 可用令牌=960.0/960
  已保存中间结果 (243 条)

============================================================
处理 en_0344... (244/1375)
  质量组: high (4个候选笑话)
  质量组: medium (4个候选笑话)
  质量组: low (4个候选笑话)
  并发执行 3 个评估任务 (max_workers=3)...
    [路由] qwen3.6-27b -> DashScope API
    [路由] qwen3.6-27b -> DashScope API
    [路由] qwen3.6-27b -> DashScope API
    [qwen3.6-27b] 决策: select | 选笑话编号: 1
    [qwen3.6-27b] 决策: select | 选笑话编号: 3
    [qwen3.6-27b] 决策: create | 选笑话编号: None

  Item完成: 耗时43.4s | 总耗时393.9min
  速率限制器状态: 可用令牌=960.0/960
  已保存中间结果 (244 条)

============================================================
处理 en_0345... (245/1375)
  质量组: high (4个候选笑话)
  质量组: medium (4个候选笑话)
  质量组: low (4个候选笑话)
  并发执行 3 个评估任务 (max_workers=3)...
    [路由] qwen3.6-27b -> DashScope API    [路由] qwen3.6-27b -> DashScope API
    [路由] qwen3.6-27b -> DashScope API

    [qwen3.6-27b] 决策: select | 选笑话编号: 2
    [qwen3.6-27b] 决策: create | 选笑话编号: None
    [qwen3.6-27b] 决策: select | 选笑话编号: 4

  Item完成: 耗时66.4s | 总耗时395.0min
  速率限制器状态: 可用令牌=960.0/960
  已保存中间结果 (245 条)

============================================================
处理 en_0346... (246/1375)
  质量组: high (4个候选笑话)
  质量组: medium (4个候选笑话)
  质量组: low (4个候选笑话)
  并发执行 3 个评估任务 (max_workers=3)...
    [路由] qwen3.6-27b -> DashScope API    [路由] qwen3.6-27b -> DashScope API

    [路由] qwen3.6-27b -> DashScope API
    [qwen3.6-27b] 决策: select | 选笑话编号: 3
    [qwen3.6-27b] 决策: select | 选笑话编号: 1
    [qwen3.6-27b] 决策: select | 选笑话编号: 4

  Item完成: 耗时37.1s | 总耗时395.6min
  速率限制器状态: 可用令牌=960.0/960
  已保存中间结果 (246 条)

============================================================
处理 en_0347... (247/1375)
  质量组: high (4个候选笑话)
  质量组: medium (4个候选笑话)
  质量组: low (4个候选笑话)
  并发执行 3 个评估任务 (max_workers=3)...
    [路由] qwen3.6-27b -> DashScope API    [路由] qwen3.6-27b -> DashScope API

    [路由] qwen3.6-27b -> DashScope API
    [qwen3.6-27b] 决策: select | 选笑话编号: 2
    [qwen3.6-27b] 决策: create | 选笑话编号: None
    [qwen3.6-27b] 决策: create | 选笑话编号: None

  Item完成: 耗时66.1s | 总耗时396.7min
  速率限制器状态: 可用令牌=960.0/960
  已保存中间结果 (247 条)

============================================================
处理 en_0348... (248/1375)
  质量组: high (4个候选笑话)
  质量组: medium (4个候选笑话)
  质量组: low (4个候选笑话)
  并发执行 3 个评估任务 (max_workers=3)...
    [路由] qwen3.6-27b -> DashScope API
    [路由] qwen3.6-27b -> DashScope API
    [路由] qwen3.6-27b -> DashScope API
    [qwen3.6-27b] 决策: select | 选笑话编号: 3
    [qwen3.6-27b] 决策: create | 选笑话编号: None
    [qwen3.6-27b] 决策: create | 选笑话编号: None

  Item完成: 耗时35.9s | 总耗时397.3min
  速率限制器状态: 可用令牌=960.0/960
  已保存中间结果 (248 条)

============================================================
处理 en_0349... (249/1375)
  质量组: high (4个候选笑话)
  质量组: medium (4个候选笑话)
  质量组: low (4个候选笑话)
  并发执行 3 个评估任务 (max_workers=3)...
    [路由] qwen3.6-27b -> DashScope API
    [路由] qwen3.6-27b -> DashScope API
    [路由] qwen3.6-27b -> DashScope API
    [qwen3.6-27b] 决策: select | 选笑话编号: 2
    [qwen3.6-27b] 决策: select | 选笑话编号: 4
    [qwen3.6-27b] 决策: create | 选笑话编号: None

  Item完成: 耗时51.6s | 总耗时398.2min
  速率限制器状态: 可用令牌=960.0/960
  已保存中间结果 (249 条)

============================================================
处理 en_0350... (250/1375)
  质量组: high (4个候选笑话)
  质量组: medium (4个候选笑话)
  质量组: low (4个候选笑话)
  并发执行 3 个评估任务 (max_workers=3)...
    [路由] qwen3.6-27b -> DashScope API    [路由] qwen3.6-27b -> DashScope API

    [路由] qwen3.6-27b -> DashScope API
    [qwen3.6-27b] 决策: create | 选笑话编号: None
    [qwen3.6-27b] 决策: create | 选笑话编号: None
    [API] 可重试异常: HTTPSConnectionPool(host='dashscope.aliyuncs.com', port=443): Read timed out. (read timeout=300), 等待2.0s后重试 (1/5), model=qwen3.6-27b
    [qwen3.6-27b] 决策: create | 选笑话编号: None

  Item完成: 耗时356.4s | 总耗时404.1min
  速率限制器状态: 可用令牌=960.0/960
  已保存中间结果 (250 条)

============================================================
处理 en_0351... (251/1375)
  质量组: high (4个候选笑话)
  质量组: medium (4个候选笑话)
  质量组: low (4个候选笑话)
  并发执行 3 个评估任务 (max_workers=3)...
    [路由] qwen3.6-27b -> DashScope API    [路由] qwen3.6-27b -> DashScope API
    [路由] qwen3.6-27b -> DashScope API

    [qwen3.6-27b] 决策: select | 选笑话编号: 2
    [qwen3.6-27b] 决策: select | 选笑话编号: 2
    [qwen3.6-27b] 决策: create | 选笑话编号: None

  Item完成: 耗时68.5s | 总耗时405.3min
  速率限制器状态: 可用令牌=960.0/960
  已保存中间结果 (251 条)

============================================================
处理 en_0352... (252/1375)
  质量组: high (4个候选笑话)
  质量组: medium (4个候选笑话)
  质量组: low (4个候选笑话)
  并发执行 3 个评估任务 (max_workers=3)...
    [路由] qwen3.6-27b -> DashScope API    [路由] qwen3.6-27b -> DashScope API

    [路由] qwen3.6-27b -> DashScope API
    [qwen3.6-27b] 决策: select | 选笑话编号: 2
    [qwen3.6-27b] 决策: create | 选笑话编号: None
    [qwen3.6-27b] 决策: create | 选笑话编号: None

  Item完成: 耗时78.3s | 总耗时406.6min
  速率限制器状态: 可用令牌=960.0/960
  已保存中间结果 (252 条)

============================================================
处理 en_0353... (253/1375)
  质量组: high (4个候选笑话)
  质量组: medium (4个候选笑话)
  质量组: low (4个候选笑话)
  并发执行 3 个评估任务 (max_workers=3)...
    [路由] qwen3.6-27b -> DashScope API    [路由] qwen3.6-27b -> DashScope API
    [路由] qwen3.6-27b -> DashScope API

    [qwen3.6-27b] 决策: select | 选笑话编号: 2
    [qwen3.6-27b] 决策: create | 选笑话编号: None
    [qwen3.6-27b] 决策: create | 选笑话编号: None

  Item完成: 耗时42.1s | 总耗时407.3min
  速率限制器状态: 可用令牌=960.0/960
  已保存中间结果 (253 条)

============================================================
处理 en_0354... (254/1375)
  质量组: high (4个候选笑话)
  质量组: medium (4个候选笑话)
  质量组: low (4个候选笑话)
  并发执行 3 个评估任务 (max_workers=3)...
    [路由] qwen3.6-27b -> DashScope API
    [路由] qwen3.6-27b -> DashScope API
    [路由] qwen3.6-27b -> DashScope API
    [qwen3.6-27b] 决策: select | 选笑话编号: 2
    [qwen3.6-27b] 决策: create | 选笑话编号: None
    [qwen3.6-27b] 决策: create | 选笑话编号: None

  Item完成: 耗时60.5s | 总耗时408.3min
  速率限制器状态: 可用令牌=960.0/960
  已保存中间结果 (254 条)

============================================================
处理 en_0355... (255/1375)
  质量组: high (4个候选笑话)
  质量组: medium (4个候选笑话)
  质量组: low (4个候选笑话)
  并发执行 3 个评估任务 (max_workers=3)...
    [路由] qwen3.6-27b -> DashScope API
    [路由] qwen3.6-27b -> DashScope API    [路由] qwen3.6-27b -> DashScope API

    [qwen3.6-27b] 决策: select | 选笑话编号: 1
    [qwen3.6-27b] 决策: select | 选笑话编号: 4
    [qwen3.6-27b] 决策: select | 选笑话编号: 4

  Item完成: 耗时89.3s | 总耗时409.8min
  速率限制器状态: 可用令牌=960.0/960
  已保存中间结果 (255 条)

============================================================
处理 en_0356... (256/1375)
  质量组: high (4个候选笑话)
  质量组: medium (4个候选笑话)
  质量组: low (4个候选笑话)
  并发执行 3 个评估任务 (max_workers=3)...
    [路由] qwen3.6-27b -> DashScope API
    [路由] qwen3.6-27b -> DashScope API    [路由] qwen3.6-27b -> DashScope API

    [qwen3.6-27b] 决策: select | 选笑话编号: 3
    [qwen3.6-27b] 决策: create | 选笑话编号: None
    [qwen3.6-27b] 决策: select | 选笑话编号: 3

  Item完成: 耗时56.2s | 总耗时410.7min
  速率限制器状态: 可用令牌=960.0/960
  已保存中间结果 (256 条)

============================================================
处理 en_0357... (257/1375)
  质量组: high (4个候选笑话)
  质量组: medium (4个候选笑话)
  质量组: low (4个候选笑话)
  并发执行 3 个评估任务 (max_workers=3)...
    [路由] qwen3.6-27b -> DashScope API
    [路由] qwen3.6-27b -> DashScope API    [路由] qwen3.6-27b -> DashScope API

    [qwen3.6-27b] 决策: select | 选笑话编号: 1
    [qwen3.6-27b] 决策: select | 选笑话编号: 4
    [qwen3.6-27b] 决策: create | 选笑话编号: None

  Item完成: 耗时51.6s | 总耗时411.6min
  速率限制器状态: 可用令牌=960.0/960
  已保存中间结果 (257 条)

============================================================
处理 en_0358... (258/1375)
  质量组: high (4个候选笑话)
  质量组: medium (4个候选笑话)
  质量组: low (4个候选笑话)
  并发执行 3 个评估任务 (max_workers=3)...
    [路由] qwen3.6-27b -> DashScope API
    [路由] qwen3.6-27b -> DashScope API    [路由] qwen3.6-27b -> DashScope API

    [qwen3.6-27b] 决策: select | 选笑话编号: 2
    [qwen3.6-27b] 决策: select | 选笑话编号: 2
    [qwen3.6-27b] 决策: create | 选笑话编号: None

  Item完成: 耗时66.0s | 总耗时412.7min
  速率限制器状态: 可用令牌=960.0/960
  已保存中间结果 (258 条)

============================================================
处理 en_0359... (259/1375)
  质量组: high (4个候选笑话)
  质量组: medium (4个候选笑话)
  质量组: low (4个候选笑话)
  并发执行 3 个评估任务 (max_workers=3)...
    [路由] qwen3.6-27b -> DashScope API
    [路由] qwen3.6-27b -> DashScope API    [路由] qwen3.6-27b -> DashScope API

    [qwen3.6-27b] 决策: select | 选笑话编号: 4
    [qwen3.6-27b] 决策: create | 选笑话编号: None
    [qwen3.6-27b] 决策: create | 选笑话编号: None

  Item完成: 耗时92.0s | 总耗时414.2min
  速率限制器状态: 可用令牌=960.0/960
  已保存中间结果 (259 条)

============================================================
处理 en_0360... (260/1375)
  质量组: high (4个候选笑话)
  质量组: medium (4个候选笑话)
  质量组: low (4个候选笑话)
  并发执行 3 个评估任务 (max_workers=3)...
    [路由] qwen3.6-27b -> DashScope API    [路由] qwen3.6-27b -> DashScope API

    [路由] qwen3.6-27b -> DashScope API
    [qwen3.6-27b] 决策: select | 选笑话编号: 2
    [qwen3.6-27b] 决策: create | 选笑话编号: None
    [qwen3.6-27b] 决策: create | 选笑话编号: None

  Item完成: 耗时85.1s | 总耗时415.7min
  速率限制器状态: 可用令牌=960.0/960
  已保存中间结果 (260 条)

============================================================
处理 en_0361... (261/1375)
  质量组: high (4个候选笑话)
  质量组: medium (4个候选笑话)
  质量组: low (4个候选笑话)
  并发执行 3 个评估任务 (max_workers=3)...
    [路由] qwen3.6-27b -> DashScope API    [路由] qwen3.6-27b -> DashScope API
    [路由] qwen3.6-27b -> DashScope API

    [qwen3.6-27b] 决策: select | 选笑话编号: 4
    [qwen3.6-27b] 决策: create | 选笑话编号: None
    [qwen3.6-27b] 决策: create | 选笑话编号: None

  Item完成: 耗时79.7s | 总耗时417.0min
  速率限制器状态: 可用令牌=960.0/960
  已保存中间结果 (261 条)

============================================================
处理 en_0362... (262/1375)
  质量组: high (4个候选笑话)
  质量组: medium (4个候选笑话)
  质量组: low (4个候选笑话)
  并发执行 3 个评估任务 (max_workers=3)...
    [路由] qwen3.6-27b -> DashScope API    [路由] qwen3.6-27b -> DashScope API

    [路由] qwen3.6-27b -> DashScope API
    [qwen3.6-27b] 决策: select | 选笑话编号: 3
    [qwen3.6-27b] 决策: select | 选笑话编号: 2
    [qwen3.6-27b] 决策: create | 选笑话编号: None

  Item完成: 耗时38.2s | 总耗时417.6min
  速率限制器状态: 可用令牌=960.0/960
  已保存中间结果 (262 条)

============================================================
处理 en_0363... (263/1375)
  质量组: high (4个候选笑话)
  质量组: medium (4个候选笑话)
  质量组: low (4个候选笑话)
  并发执行 3 个评估任务 (max_workers=3)...
    [路由] qwen3.6-27b -> DashScope API
    [路由] qwen3.6-27b -> DashScope API    [路由] qwen3.6-27b -> DashScope API

    [qwen3.6-27b] 决策: select | 选笑话编号: 2
    [qwen3.6-27b] 决策: select | 选笑话编号: 2
    [qwen3.6-27b] 决策: create | 选笑话编号: None

  Item完成: 耗时67.4s | 总耗时418.8min
  速率限制器状态: 可用令牌=960.0/960
  已保存中间结果 (263 条)

============================================================
处理 en_0364... (264/1375)
  质量组: high (4个候选笑话)
  质量组: medium (4个候选笑话)
  质量组: low (4个候选笑话)
  并发执行 3 个评估任务 (max_workers=3)...
    [路由] qwen3.6-27b -> DashScope API
    [路由] qwen3.6-27b -> DashScope API    [路由] qwen3.6-27b -> DashScope API

    [qwen3.6-27b] 决策: create | 选笑话编号: None
    [qwen3.6-27b] 决策: create | 选笑话编号: None
    [API] 可重试异常: HTTPSConnectionPool(host='dashscope.aliyuncs.com', port=443): Read timed out. (read timeout=300), 等待2.4s后重试 (1/5), model=qwen3.6-27b
    [qwen3.6-27b] 决策: create | 选笑话编号: None

  Item完成: 耗时329.4s | 总耗时424.2min
  速率限制器状态: 可用令牌=960.0/960
  已保存中间结果 (264 条)

============================================================
处理 en_0365... (265/1375)
  质量组: high (4个候选笑话)
  质量组: medium (4个候选笑话)
  质量组: low (4个候选笑话)
  并发执行 3 个评估任务 (max_workers=3)...
    [路由] qwen3.6-27b -> DashScope API    [路由] qwen3.6-27b -> DashScope API

    [路由] qwen3.6-27b -> DashScope API
    [qwen3.6-27b] 决策: select | 选笑话编号: 3
    [qwen3.6-27b] 决策: create | 选笑话编号: None
    [qwen3.6-27b] 决策: create | 选笑话编号: None

  Item完成: 耗时55.0s | 总耗时425.2min
  速率限制器状态: 可用令牌=960.0/960
  已保存中间结果 (265 条)

============================================================
处理 en_0366... (266/1375)
  质量组: high (4个候选笑话)
  质量组: medium (4个候选笑话)
  质量组: low (4个候选笑话)
  并发执行 3 个评估任务 (max_workers=3)...
    [路由] qwen3.6-27b -> DashScope API    [路由] qwen3.6-27b -> DashScope API

    [路由] qwen3.6-27b -> DashScope API
    [qwen3.6-27b] 决策: create | 选笑话编号: None
    [qwen3.6-27b] 决策: select | 选笑话编号: 2
    [qwen3.6-27b] 决策: create | 选笑话编号: None

  Item完成: 耗时59.5s | 总耗时426.2min
  速率限制器状态: 可用令牌=960.0/960
  已保存中间结果 (266 条)

============================================================
处理 en_0367... (267/1375)
  质量组: high (4个候选笑话)
  质量组: medium (4个候选笑话)
  质量组: low (4个候选笑话)
  并发执行 3 个评估任务 (max_workers=3)...
    [路由] qwen3.6-27b -> DashScope API    [路由] qwen3.6-27b -> DashScope API

    [路由] qwen3.6-27b -> DashScope API
    [qwen3.6-27b] 决策: select | 选笑话编号: 4
    [qwen3.6-27b] 决策: select | 选笑话编号: 4
    [qwen3.6-27b] 决策: create | 选笑话编号: None

  Item完成: 耗时43.6s | 总耗时426.9min
  速率限制器状态: 可用令牌=960.0/960
  已保存中间结果 (267 条)

============================================================
处理 en_0368... (268/1375)
  质量组: high (4个候选笑话)
  质量组: medium (4个候选笑话)
  质量组: low (4个候选笑话)
  并发执行 3 个评估任务 (max_workers=3)...
    [路由] qwen3.6-27b -> DashScope API
    [路由] qwen3.6-27b -> DashScope API
    [路由] qwen3.6-27b -> DashScope API
    [qwen3.6-27b] 决策: create | 选笑话编号: None
    [qwen3.6-27b] 决策: select | 选笑话编号: 2
    [qwen3.6-27b] 决策: create | 选笑话编号: None

  Item完成: 耗时103.1s | 总耗时428.6min
  速率限制器状态: 可用令牌=960.0/960
  已保存中间结果 (268 条)

============================================================
处理 en_0369... (269/1375)
  质量组: high (4个候选笑话)
  质量组: medium (4个候选笑话)
  质量组: low (4个候选笑话)
  并发执行 3 个评估任务 (max_workers=3)...
    [路由] qwen3.6-27b -> DashScope API    [路由] qwen3.6-27b -> DashScope API
    [路由] qwen3.6-27b -> DashScope API

    [qwen3.6-27b] 决策: select | 选笑话编号: 3
    [qwen3.6-27b] 决策: create | 选笑话编号: None
    [qwen3.6-27b] 决策: create | 选笑话编号: None

  Item完成: 耗时52.0s | 总耗时429.5min
  速率限制器状态: 可用令牌=960.0/960
  已保存中间结果 (269 条)

============================================================
处理 en_0370... (270/1375)
  质量组: high (4个候选笑话)
  质量组: medium (4个候选笑话)
  质量组: low (4个候选笑话)
  并发执行 3 个评估任务 (max_workers=3)...
    [路由] qwen3.6-27b -> DashScope API
    [路由] qwen3.6-27b -> DashScope API    [路由] qwen3.6-27b -> DashScope API

    [qwen3.6-27b] 决策: select | 选笑话编号: 3
    [qwen3.6-27b] 决策: select | 选笑话编号: 2
    [qwen3.6-27b] 决策: select | 选笑话编号: 3

  Item完成: 耗时58.4s | 总耗时430.4min
  速率限制器状态: 可用令牌=960.0/960
  已保存中间结果 (270 条)

============================================================
处理 en_0371... (271/1375)
  质量组: high (4个候选笑话)
  质量组: medium (4个候选笑话)
  质量组: low (4个候选笑话)
  并发执行 3 个评估任务 (max_workers=3)...
    [路由] qwen3.6-27b -> DashScope API
    [路由] qwen3.6-27b -> DashScope API    [路由] qwen3.6-27b -> DashScope API

    [qwen3.6-27b] 决策: select | 选笑话编号: 2
    [qwen3.6-27b] 决策: select | 选笑话编号: 1
    [qwen3.6-27b] 决策: select | 选笑话编号: 2

  Item完成: 耗时130.9s | 总耗时432.6min
  速率限制器状态: 可用令牌=960.0/960
  已保存中间结果 (271 条)

============================================================
处理 en_0372... (272/1375)
  质量组: high (4个候选笑话)
  质量组: medium (4个候选笑话)
  质量组: low (4个候选笑话)
  并发执行 3 个评估任务 (max_workers=3)...
    [路由] qwen3.6-27b -> DashScope API
    [路由] qwen3.6-27b -> DashScope API    [路由] qwen3.6-27b -> DashScope API

    [qwen3.6-27b] 决策: select | 选笑话编号: 1
    [qwen3.6-27b] 决策: select | 选笑话编号: 3
    [qwen3.6-27b] 决策: select | 选笑话编号: 3

  Item完成: 耗时38.7s | 总耗时433.3min
  速率限制器状态: 可用令牌=960.0/960
  已保存中间结果 (272 条)

============================================================
处理 en_0373... (273/1375)
  质量组: high (4个候选笑话)
  质量组: medium (4个候选笑话)
  质量组: low (4个候选笑话)
  并发执行 3 个评估任务 (max_workers=3)...
    [路由] qwen3.6-27b -> DashScope API    [路由] qwen3.6-27b -> DashScope API
    [路由] qwen3.6-27b -> DashScope API

    [qwen3.6-27b] 决策: select | 选笑话编号: 4
    [qwen3.6-27b] 决策: create | 选笑话编号: None
    [qwen3.6-27b] 决策: create | 选笑话编号: None

  Item完成: 耗时82.8s | 总耗时434.7min
  速率限制器状态: 可用令牌=960.0/960
  已保存中间结果 (273 条)

============================================================
处理 en_0374... (274/1375)
  质量组: high (4个候选笑话)
  质量组: medium (4个候选笑话)
  质量组: low (4个候选笑话)
  并发执行 3 个评估任务 (max_workers=3)...
    [路由] qwen3.6-27b -> DashScope API
    [路由] qwen3.6-27b -> DashScope API
    [路由] qwen3.6-27b -> DashScope API
    [qwen3.6-27b] 决策: select | 选笑话编号: 2
    [qwen3.6-27b] 决策: create | 选笑话编号: None
    [qwen3.6-27b] 决策: create | 选笑话编号: None

  Item完成: 耗时65.5s | 总耗时435.8min
  速率限制器状态: 可用令牌=960.0/960
  已保存中间结果 (274 条)

============================================================
处理 en_0375... (275/1375)
  质量组: high (4个候选笑话)
  质量组: medium (4个候选笑话)
  质量组: low (4个候选笑话)
  并发执行 3 个评估任务 (max_workers=3)...
    [路由] qwen3.6-27b -> DashScope API
    [路由] qwen3.6-27b -> DashScope API    [路由] qwen3.6-27b -> DashScope API

    [qwen3.6-27b] 决策: select | 选笑话编号: 3
    [qwen3.6-27b] 决策: select | 选笑话编号: 4
    [qwen3.6-27b] 决策: create | 选笑话编号: None

  Item完成: 耗时80.5s | 总耗时437.1min
  速率限制器状态: 可用令牌=960.0/960
  已保存中间结果 (275 条)

============================================================
处理 en_0376... (276/1375)
  质量组: high (4个候选笑话)
  质量组: medium (4个候选笑话)
  质量组: low (4个候选笑话)
  并发执行 3 个评估任务 (max_workers=3)...
    [路由] qwen3.6-27b -> DashScope API    [路由] qwen3.6-27b -> DashScope API
    [路由] qwen3.6-27b -> DashScope API

    [qwen3.6-27b] 决策: create | 选笑话编号: None
    [qwen3.6-27b] 决策: select | 选笑话编号: 4
    [qwen3.6-27b] 决策: create | 选笑话编号: None

  Item完成: 耗时44.5s | 总耗时437.8min
  速率限制器状态: 可用令牌=960.0/960
  已保存中间结果 (276 条)

============================================================
处理 en_0377... (277/1375)
  质量组: high (4个候选笑话)
  质量组: medium (4个候选笑话)
  质量组: low (4个候选笑话)
  并发执行 3 个评估任务 (max_workers=3)...
    [路由] qwen3.6-27b -> DashScope API    [路由] qwen3.6-27b -> DashScope API

    [路由] qwen3.6-27b -> DashScope API
    [qwen3.6-27b] 决策: select | 选笑话编号: 2
    [qwen3.6-27b] 决策: select | 选笑话编号: 4
    [qwen3.6-27b] 决策: create | 选笑话编号: None

  Item完成: 耗时54.2s | 总耗时438.7min
  速率限制器状态: 可用令牌=960.0/960
  已保存中间结果 (277 条)

============================================================
处理 en_0378... (278/1375)
  质量组: high (4个候选笑话)
  质量组: medium (4个候选笑话)
  质量组: low (4个候选笑话)
  并发执行 3 个评估任务 (max_workers=3)...
    [路由] qwen3.6-27b -> DashScope API    [路由] qwen3.6-27b -> DashScope API

    [路由] qwen3.6-27b -> DashScope API
    [qwen3.6-27b] 决策: select | 选笑话编号: 4
    [qwen3.6-27b] 决策: select | 选笑话编号: 2
    [qwen3.6-27b] 决策: select | 选笑话编号: 4

  Item完成: 耗时45.4s | 总耗时439.5min
  速率限制器状态: 可用令牌=960.0/960
  已保存中间结果 (278 条)

============================================================
处理 en_0379... (279/1375)
  质量组: high (4个候选笑话)
  质量组: medium (4个候选笑话)
  质量组: low (4个候选笑话)
  并发执行 3 个评估任务 (max_workers=3)...
    [路由] qwen3.6-27b -> DashScope API    [路由] qwen3.6-27b -> DashScope API

    [路由] qwen3.6-27b -> DashScope API
    [qwen3.6-27b] 决策: create | 选笑话编号: None
    [qwen3.6-27b] 决策: select | 选笑话编号: 2
    [qwen3.6-27b] 决策: create | 选笑话编号: None

  Item完成: 耗时76.3s | 总耗时440.8min
  速率限制器状态: 可用令牌=960.0/960
  已保存中间结果 (279 条)

============================================================
处理 en_0380... (280/1375)
  质量组: high (4个候选笑话)
  质量组: medium (4个候选笑话)
  质量组: low (4个候选笑话)
  并发执行 3 个评估任务 (max_workers=3)...
    [路由] qwen3.6-27b -> DashScope API    [路由] qwen3.6-27b -> DashScope API
    [路由] qwen3.6-27b -> DashScope API

    [qwen3.6-27b] 决策: select | 选笑话编号: 1
    [qwen3.6-27b] 决策: create | 选笑话编号: None
    [qwen3.6-27b] 决策: create | 选笑话编号: None

  Item完成: 耗时81.7s | 总耗时442.1min
  速率限制器状态: 可用令牌=960.0/960
  已保存中间结果 (280 条)

============================================================
处理 en_0381... (281/1375)
  质量组: high (4个候选笑话)
  质量组: medium (4个候选笑话)
  质量组: low (4个候选笑话)
  并发执行 3 个评估任务 (max_workers=3)...
    [路由] qwen3.6-27b -> DashScope API    [路由] qwen3.6-27b -> DashScope API
    [路由] qwen3.6-27b -> DashScope API

    [qwen3.6-27b] 决策: select | 选笑话编号: 2
    [qwen3.6-27b] 决策: create | 选笑话编号: None
    [qwen3.6-27b] 决策: create | 选笑话编号: None

  Item完成: 耗时66.4s | 总耗时443.2min
  速率限制器状态: 可用令牌=960.0/960
  已保存中间结果 (281 条)

============================================================
处理 en_0382... (282/1375)
  质量组: high (4个候选笑话)
  质量组: medium (4个候选笑话)
  质量组: low (4个候选笑话)
  并发执行 3 个评估任务 (max_workers=3)...
    [路由] qwen3.6-27b -> DashScope API    [路由] qwen3.6-27b -> DashScope API

    [路由] qwen3.6-27b -> DashScope API
    [qwen3.6-27b] 决策: create | 选笑话编号: None
    [qwen3.6-27b] 决策: select | 选笑话编号: 1
    [qwen3.6-27b] 决策: select | 选笑话编号: 1

  Item完成: 耗时82.1s | 总耗时444.6min
  速率限制器状态: 可用令牌=960.0/960
  已保存中间结果 (282 条)

============================================================
处理 en_0383... (283/1375)
  质量组: high (4个候选笑话)
  质量组: medium (4个候选笑话)
  质量组: low (4个候选笑话)
  并发执行 3 个评估任务 (max_workers=3)...
    [路由] qwen3.6-27b -> DashScope API
    [路由] qwen3.6-27b -> DashScope API
    [路由] qwen3.6-27b -> DashScope API
    [qwen3.6-27b] 决策: create | 选笑话编号: None
    [qwen3.6-27b] 决策: create | 选笑话编号: None
    [qwen3.6-27b] 决策: create | 选笑话编号: None

  Item完成: 耗时62.2s | 总耗时445.7min
  速率限制器状态: 可用令牌=960.0/960
  已保存中间结果 (283 条)

============================================================
处理 en_0384... (284/1375)
  质量组: high (4个候选笑话)
  质量组: medium (4个候选笑话)
  质量组: low (4个候选笑话)
  并发执行 3 个评估任务 (max_workers=3)...
    [路由] qwen3.6-27b -> DashScope API
    [路由] qwen3.6-27b -> DashScope API    [路由] qwen3.6-27b -> DashScope API

    [qwen3.6-27b] 决策: select | 选笑话编号: 2
    [qwen3.6-27b] 决策: select | 选笑话编号: 2
    [qwen3.6-27b] 决策: create | 选笑话编号: None

  Item完成: 耗时52.2s | 总耗时446.5min
  速率限制器状态: 可用令牌=960.0/960
  已保存中间结果 (284 条)

============================================================
处理 en_0385... (285/1375)
  质量组: high (4个候选笑话)
  质量组: medium (4个候选笑话)
  质量组: low (4个候选笑话)
  并发执行 3 个评估任务 (max_workers=3)...
    [路由] qwen3.6-27b -> DashScope API    [路由] qwen3.6-27b -> DashScope API
    [路由] qwen3.6-27b -> DashScope API

    [qwen3.6-27b] 决策: select | 选笑话编号: 2
    [qwen3.6-27b] 决策: select | 选笑话编号: 2
    [qwen3.6-27b] 决策: create | 选笑话编号: None

  Item完成: 耗时33.4s | 总耗时447.1min
  速率限制器状态: 可用令牌=960.0/960
  已保存中间结果 (285 条)

============================================================
处理 en_0386... (286/1375)
  质量组: high (4个候选笑话)
  质量组: medium (4个候选笑话)
  质量组: low (4个候选笑话)
  并发执行 3 个评估任务 (max_workers=3)...
    [路由] qwen3.6-27b -> DashScope API    [路由] qwen3.6-27b -> DashScope API
    [路由] qwen3.6-27b -> DashScope API

    [qwen3.6-27b] 决策: select | 选笑话编号: 2
    [qwen3.6-27b] 决策: select | 选笑话编号: 3
    [qwen3.6-27b] 决策: select | 选笑话编号: 2

  Item完成: 耗时30.9s | 总耗时447.6min
  速率限制器状态: 可用令牌=960.0/960
  已保存中间结果 (286 条)

============================================================
处理 en_0387... (287/1375)
  质量组: high (4个候选笑话)
  质量组: medium (4个候选笑话)
  质量组: low (4个候选笑话)
  并发执行 3 个评估任务 (max_workers=3)...
    [路由] qwen3.6-27b -> DashScope API    [路由] qwen3.6-27b -> DashScope API

    [路由] qwen3.6-27b -> DashScope API
    [qwen3.6-27b] 决策: create | 选笑话编号: None
    [qwen3.6-27b] 决策: create | 选笑话编号: None
    [qwen3.6-27b] 决策: create | 选笑话编号: None

  Item完成: 耗时71.1s | 总耗时448.8min
  速率限制器状态: 可用令牌=960.0/960
  已保存中间结果 (287 条)

============================================================
处理 en_0388... (288/1375)
  质量组: high (4个候选笑话)
  质量组: medium (4个候选笑话)
  质量组: low (4个候选笑话)
  并发执行 3 个评估任务 (max_workers=3)...
    [路由] qwen3.6-27b -> DashScope API
    [路由] qwen3.6-27b -> DashScope API
    [路由] qwen3.6-27b -> DashScope API
    [qwen3.6-27b] 决策: select | 选笑话编号: 4
    [qwen3.6-27b] 决策: select | 选笑话编号: 2
    [qwen3.6-27b] 决策: select | 选笑话编号: 4

  Item完成: 耗时25.1s | 总耗时449.2min
  速率限制器状态: 可用令牌=960.0/960
  已保存中间结果 (288 条)

============================================================
处理 en_0389... (289/1375)
  质量组: high (4个候选笑话)
  质量组: medium (4个候选笑话)
  质量组: low (4个候选笑话)
  并发执行 3 个评估任务 (max_workers=3)...
    [路由] qwen3.6-27b -> DashScope API    [路由] qwen3.6-27b -> DashScope API

    [路由] qwen3.6-27b -> DashScope API
    [qwen3.6-27b] 决策: select | 选笑话编号: 2
    [qwen3.6-27b] 决策: create | 选笑话编号: None
    [qwen3.6-27b] 决策: create | 选笑话编号: None

  Item完成: 耗时55.4s | 总耗时450.1min
  速率限制器状态: 可用令牌=960.0/960
  已保存中间结果 (289 条)

============================================================
处理 en_0390... (290/1375)
  质量组: high (4个候选笑话)
  质量组: medium (4个候选笑话)
  质量组: low (4个候选笑话)
  并发执行 3 个评估任务 (max_workers=3)...
    [路由] qwen3.6-27b -> DashScope API
    [路由] qwen3.6-27b -> DashScope API
    [路由] qwen3.6-27b -> DashScope API
    [qwen3.6-27b] 决策: select | 选笑话编号: 3
    [qwen3.6-27b] 决策: select | 选笑话编号: 4
    [qwen3.6-27b] 决策: create | 选笑话编号: None

  Item完成: 耗时40.6s | 总耗时450.8min
  速率限制器状态: 可用令牌=960.0/960
  已保存中间结果 (290 条)

============================================================
处理 en_0391... (291/1375)
  质量组: high (4个候选笑话)
  质量组: medium (4个候选笑话)
  质量组: low (4个候选笑话)
  并发执行 3 个评估任务 (max_workers=3)...
    [路由] qwen3.6-27b -> DashScope API    [路由] qwen3.6-27b -> DashScope API

    [路由] qwen3.6-27b -> DashScope API
    [qwen3.6-27b] 决策: select | 选笑话编号: 3
    [qwen3.6-27b] 决策: select | 选笑话编号: 2
    [qwen3.6-27b] 决策: select | 选笑话编号: 4

  Item完成: 耗时65.7s | 总耗时451.9min
  速率限制器状态: 可用令牌=960.0/960
  已保存中间结果 (291 条)

============================================================
处理 en_0392... (292/1375)
  质量组: high (4个候选笑话)
  质量组: medium (4个候选笑话)
  质量组: low (4个候选笑话)
  并发执行 3 个评估任务 (max_workers=3)...
    [路由] qwen3.6-27b -> DashScope API    [路由] qwen3.6-27b -> DashScope API
    [路由] qwen3.6-27b -> DashScope API

    [qwen3.6-27b] 决策: select | 选笑话编号: 4
    [qwen3.6-27b] 决策: create | 选笑话编号: None
    [qwen3.6-27b] 决策: select | 选笑话编号: 1

  Item完成: 耗时80.9s | 总耗时453.3min
  速率限制器状态: 可用令牌=960.0/960
  已保存中间结果 (292 条)

============================================================
处理 en_0393... (293/1375)
  质量组: high (4个候选笑话)
  质量组: medium (4个候选笑话)
  质量组: low (4个候选笑话)
  并发执行 3 个评估任务 (max_workers=3)...
    [路由] qwen3.6-27b -> DashScope API    [路由] qwen3.6-27b -> DashScope API
    [路由] qwen3.6-27b -> DashScope API

    [qwen3.6-27b] 决策: select | 选笑话编号: 2
    [qwen3.6-27b] 决策: create | 选笑话编号: None
    [qwen3.6-27b] 决策: create | 选笑话编号: None

  Item完成: 耗时104.8s | 总耗时455.0min
  速率限制器状态: 可用令牌=960.0/960
  已保存中间结果 (293 条)

============================================================
处理 en_0394... (294/1375)
  质量组: high (4个候选笑话)
  质量组: medium (4个候选笑话)
  质量组: low (4个候选笑话)
  并发执行 3 个评估任务 (max_workers=3)...
    [路由] qwen3.6-27b -> DashScope API
    [路由] qwen3.6-27b -> DashScope API
    [路由] qwen3.6-27b -> DashScope API
    [qwen3.6-27b] 决策: select | 选笑话编号: 3
    [qwen3.6-27b] 决策: select | 选笑话编号: 2
    [qwen3.6-27b] 决策: create | 选笑话编号: None

  Item完成: 耗时51.2s | 总耗时455.9min
  速率限制器状态: 可用令牌=960.0/960
  已保存中间结果 (294 条)

============================================================
处理 en_0395... (295/1375)
  质量组: high (4个候选笑话)
  质量组: medium (4个候选笑话)
  质量组: low (4个候选笑话)
  并发执行 3 个评估任务 (max_workers=3)...
    [路由] qwen3.6-27b -> DashScope API    [路由] qwen3.6-27b -> DashScope API

    [路由] qwen3.6-27b -> DashScope API
    [qwen3.6-27b] 决策: select | 选笑话编号: 3
    [qwen3.6-27b] 决策: create | 选笑话编号: None
    [qwen3.6-27b] 决策: create | 选笑话编号: None

  Item完成: 耗时64.9s | 总耗时456.9min
  速率限制器状态: 可用令牌=960.0/960
  已保存中间结果 (295 条)

============================================================
处理 en_0396... (296/1375)
  质量组: high (4个候选笑话)
  质量组: medium (4个候选笑话)
  质量组: low (4个候选笑话)
  并发执行 3 个评估任务 (max_workers=3)...
    [路由] qwen3.6-27b -> DashScope API    [路由] qwen3.6-27b -> DashScope API
    [路由] qwen3.6-27b -> DashScope API

    [qwen3.6-27b] 决策: select | 选笑话编号: 4
    [qwen3.6-27b] 决策: create | 选笑话编号: None
    [API] 可重试异常: HTTPSConnectionPool(host='dashscope.aliyuncs.com', port=443): Read timed out. (read timeout=300), 等待2.0s后重试 (1/5), model=qwen3.6-27b
    [qwen3.6-27b] 决策: create | 选笑话编号: None

  Item完成: 耗时364.2s | 总耗时463.0min
  速率限制器状态: 可用令牌=960.0/960
  已保存中间结果 (296 条)

============================================================
处理 en_0397... (297/1375)
  质量组: high (4个候选笑话)
  质量组: medium (4个候选笑话)
  质量组: low (4个候选笑话)
  并发执行 3 个评估任务 (max_workers=3)...
    [路由] qwen3.6-27b -> DashScope API
    [路由] qwen3.6-27b -> DashScope API    [路由] qwen3.6-27b -> DashScope API

    [qwen3.6-27b] 决策: create | 选笑话编号: None
    [qwen3.6-27b] 决策: create | 选笑话编号: None
    [qwen3.6-27b] 决策: create | 选笑话编号: None

  Item完成: 耗时67.3s | 总耗时464.1min
  速率限制器状态: 可用令牌=960.0/960
  已保存中间结果 (297 条)

============================================================
处理 en_0398... (298/1375)
  质量组: high (4个候选笑话)
  质量组: medium (4个候选笑话)
  质量组: low (4个候选笑话)
  并发执行 3 个评估任务 (max_workers=3)...
    [路由] qwen3.6-27b -> DashScope API    [路由] qwen3.6-27b -> DashScope API
    [路由] qwen3.6-27b -> DashScope API

    [qwen3.6-27b] 决策: select | 选笑话编号: 3
    [qwen3.6-27b] 决策: select | 选笑话编号: 2
    [qwen3.6-27b] 决策: create | 选笑话编号: None

  Item完成: 耗时47.0s | 总耗时464.9min
  速率限制器状态: 可用令牌=960.0/960
  已保存中间结果 (298 条)

============================================================
处理 en_0399... (299/1375)
  质量组: high (4个候选笑话)
  质量组: medium (4个候选笑话)
  质量组: low (4个候选笑话)
  并发执行 3 个评估任务 (max_workers=3)...
    [路由] qwen3.6-27b -> DashScope API    [路由] qwen3.6-27b -> DashScope API

    [路由] qwen3.6-27b -> DashScope API
    [qwen3.6-27b] 决策: select | 选笑话编号: 2
    [API] 可重试异常: HTTPSConnectionPool(host='dashscope.aliyuncs.com', port=443): Read timed out. (read timeout=300), 等待1.6s后重试 (1/5), model=qwen3.6-27b
    [API] 可重试异常: HTTPSConnectionPool(host='dashscope.aliyuncs.com', port=443): Read timed out. (read timeout=300), 等待1.5s后重试 (1/5), model=qwen3.6-27b
    [qwen3.6-27b] 决策: create | 选笑话编号: None
    [qwen3.6-27b] 决策: select | 选笑话编号: 3

  Item完成: 耗时379.0s | 总耗时471.2min
  速率限制器状态: 可用令牌=960.0/960
  已保存中间结果 (299 条)

============================================================
处理 en_0400... (300/1375)
  质量组: high (4个候选笑话)
  质量组: medium (4个候选笑话)
  质量组: low (4个候选笑话)
  并发执行 3 个评估任务 (max_workers=3)...
    [路由] qwen3.6-27b -> DashScope API
    [路由] qwen3.6-27b -> DashScope API    [路由] qwen3.6-27b -> DashScope API

    [qwen3.6-27b] 决策: select | 选笑话编号: 2
    [qwen3.6-27b] 决策: select | 选笑话编号: 2
    [qwen3.6-27b] 决策: select | 选笑话编号: 3

  Item完成: 耗时27.3s | 总耗时471.7min
  速率限制器状态: 可用令牌=960.0/960
  已保存中间结果 (300 条)

============================================================
处理 en_0401... (301/1375)
  质量组: high (4个候选笑话)
  质量组: medium (4个候选笑话)
  质量组: low (4个候选笑话)
  并发执行 3 个评估任务 (max_workers=3)...
    [路由] qwen3.6-27b -> DashScope API
    [路由] qwen3.6-27b -> DashScope API
    [路由] qwen3.6-27b -> DashScope API
    [qwen3.6-27b] 决策: select | 选笑话编号: 3
    [qwen3.6-27b] 决策: select | 选笑话编号: 2
    [qwen3.6-27b] 决策: select | 选笑话编号: 1

  Item完成: 耗时66.6s | 总耗时472.8min
  速率限制器状态: 可用令牌=960.0/960
  已保存中间结果 (301 条)

============================================================
处理 en_0402... (302/1375)
  质量组: high (4个候选笑话)
  质量组: medium (4个候选笑话)
  质量组: low (4个候选笑话)
  并发执行 3 个评估任务 (max_workers=3)...
    [路由] qwen3.6-27b -> DashScope API    [路由] qwen3.6-27b -> DashScope API
    [路由] qwen3.6-27b -> DashScope API

    [qwen3.6-27b] 决策: select | 选笑话编号: 3
    [qwen3.6-27b] 决策: select | 选笑话编号: 2
    [qwen3.6-27b] 决策: select | 选笑话编号: 2

  Item完成: 耗时58.9s | 总耗时473.8min
  速率限制器状态: 可用令牌=960.0/960
  已保存中间结果 (302 条)

============================================================
处理 en_0403... (303/1375)
  质量组: high (4个候选笑话)
  质量组: medium (4个候选笑话)
  质量组: low (4个候选笑话)
  并发执行 3 个评估任务 (max_workers=3)...
    [路由] qwen3.6-27b -> DashScope API    [路由] qwen3.6-27b -> DashScope API

    [路由] qwen3.6-27b -> DashScope API
    [qwen3.6-27b] 决策: select | 选笑话编号: 3
    [qwen3.6-27b] 决策: select | 选笑话编号: 2
    [qwen3.6-27b] 决策: select | 选笑话编号: 4

  Item完成: 耗时29.6s | 总耗时474.3min
  速率限制器状态: 可用令牌=960.0/960
  已保存中间结果 (303 条)

============================================================
处理 en_0404... (304/1375)
  质量组: high (4个候选笑话)
  质量组: medium (4个候选笑话)
  质量组: low (4个候选笑话)
  并发执行 3 个评估任务 (max_workers=3)...
    [路由] qwen3.6-27b -> DashScope API
    [路由] qwen3.6-27b -> DashScope API
    [路由] qwen3.6-27b -> DashScope API
    [qwen3.6-27b] 决策: select | 选笑话编号: 2
    [qwen3.6-27b] 决策: select | 选笑话编号: 1
    [qwen3.6-27b] 决策: create | 选笑话编号: None

  Item完成: 耗时45.3s | 总耗时475.0min
  速率限制器状态: 可用令牌=960.0/960
  已保存中间结果 (304 条)

============================================================
处理 en_0405... (305/1375)
  质量组: high (4个候选笑话)
  质量组: medium (4个候选笑话)
  质量组: low (4个候选笑话)
  并发执行 3 个评估任务 (max_workers=3)...
    [路由] qwen3.6-27b -> DashScope API    [路由] qwen3.6-27b -> DashScope API
    [路由] qwen3.6-27b -> DashScope API

    [qwen3.6-27b] 决策: select | 选笑话编号: 2
    [qwen3.6-27b] 决策: select | 选笑话编号: 3
    [qwen3.6-27b] 决策: create | 选笑话编号: None

  Item完成: 耗时78.4s | 总耗时476.4min
  速率限制器状态: 可用令牌=960.0/960
  已保存中间结果 (305 条)

============================================================
处理 en_0406... (306/1375)
  质量组: high (4个候选笑话)
  质量组: medium (4个候选笑话)
  质量组: low (4个候选笑话)
  并发执行 3 个评估任务 (max_workers=3)...
    [路由] qwen3.6-27b -> DashScope API
    [路由] qwen3.6-27b -> DashScope API
    [路由] qwen3.6-27b -> DashScope API
    [qwen3.6-27b] 决策: select | 选笑话编号: 2
    [qwen3.6-27b] 决策: create | 选笑话编号: None
    [qwen3.6-27b] 决策: create | 选笑话编号: None

  Item完成: 耗时71.5s | 总耗时477.6min
  速率限制器状态: 可用令牌=960.0/960
  已保存中间结果 (306 条)

============================================================
处理 en_0407... (307/1375)
  质量组: high (4个候选笑话)
  质量组: medium (4个候选笑话)
  质量组: low (4个候选笑话)
  并发执行 3 个评估任务 (max_workers=3)...
    [路由] qwen3.6-27b -> DashScope API    [路由] qwen3.6-27b -> DashScope API
    [路由] qwen3.6-27b -> DashScope API

    [qwen3.6-27b] 决策: select | 选笑话编号: 4
    [qwen3.6-27b] 决策: select | 选笑话编号: 4
    [qwen3.6-27b] 决策: select | 选笑话编号: 3

  Item完成: 耗时24.3s | 总耗时478.0min
  速率限制器状态: 可用令牌=960.0/960
  已保存中间结果 (307 条)

============================================================
处理 en_0408... (308/1375)
  质量组: high (4个候选笑话)
  质量组: medium (4个候选笑话)
  质量组: low (4个候选笑话)
  并发执行 3 个评估任务 (max_workers=3)...
    [路由] qwen3.6-27b -> DashScope API    [路由] qwen3.6-27b -> DashScope API

    [路由] qwen3.6-27b -> DashScope API
    [qwen3.6-27b] 决策: select | 选笑话编号: 2
    [qwen3.6-27b] 决策: select | 选笑话编号: 3
    [qwen3.6-27b] 决策: create | 选笑话编号: None

  Item完成: 耗时59.5s | 总耗时479.0min
  速率限制器状态: 可用令牌=960.0/960
  已保存中间结果 (308 条)

============================================================
处理 en_0409... (309/1375)
  质量组: high (4个候选笑话)
  质量组: medium (4个候选笑话)
  质量组: low (4个候选笑话)
  并发执行 3 个评估任务 (max_workers=3)...
    [路由] qwen3.6-27b -> DashScope API
    [路由] qwen3.6-27b -> DashScope API    [路由] qwen3.6-27b -> DashScope API

    [qwen3.6-27b] 决策: select | 选笑话编号: 4
    [qwen3.6-27b] 决策: create | 选笑话编号: None
    [qwen3.6-27b] 决策: select | 选笑话编号: 4

  Item完成: 耗时50.6s | 总耗时479.8min
  速率限制器状态: 可用令牌=960.0/960
  已保存中间结果 (309 条)

============================================================
处理 en_0410... (310/1375)
  质量组: high (4个候选笑话)
  质量组: medium (4个候选笑话)
  质量组: low (4个候选笑话)
  并发执行 3 个评估任务 (max_workers=3)...
    [路由] qwen3.6-27b -> DashScope API    [路由] qwen3.6-27b -> DashScope API

    [路由] qwen3.6-27b -> DashScope API
    [qwen3.6-27b] 决策: select | 选笑话编号: 3
    [qwen3.6-27b] 决策: select | 选笑话编号: 4
    [API] 可重试异常: HTTPSConnectionPool(host='dashscope.aliyuncs.com', port=443): Read timed out. (read timeout=300), 等待2.4s后重试 (1/5), model=qwen3.6-27b
    [API] 可重试异常: HTTPSConnectionPool(host='dashscope.aliyuncs.com', port=443): Read timed out. (read timeout=300), 等待3.6s后重试 (2/5), model=qwen3.6-27b
    [qwen3.6-27b] 决策: create | 选笑话编号: None

  Item完成: 耗时683.7s | 总耗时491.2min
  速率限制器状态: 可用令牌=960.0/960
  已保存中间结果 (310 条)

============================================================
处理 en_0411... (311/1375)
  质量组: high (4个候选笑话)
  质量组: medium (4个候选笑话)
  质量组: low (4个候选笑话)
  并发执行 3 个评估任务 (max_workers=3)...
    [路由] qwen3.6-27b -> DashScope API
    [路由] qwen3.6-27b -> DashScope API    [路由] qwen3.6-27b -> DashScope API

    [qwen3.6-27b] 决策: create | 选笑话编号: None
    [qwen3.6-27b] 决策: create | 选笑话编号: None
    [qwen3.6-27b] 决策: create | 选笑话编号: None

  Item完成: 耗时64.2s | 总耗时492.3min
  速率限制器状态: 可用令牌=960.0/960
  已保存中间结果 (311 条)

============================================================
处理 en_0412... (312/1375)
  质量组: high (4个候选笑话)
  质量组: medium (4个候选笑话)
  质量组: low (4个候选笑话)
  并发执行 3 个评估任务 (max_workers=3)...
    [路由] qwen3.6-27b -> DashScope API    [路由] qwen3.6-27b -> DashScope API
    [路由] qwen3.6-27b -> DashScope API

    [qwen3.6-27b] 决策: create | 选笑话编号: None
    [qwen3.6-27b] 决策: select | 选笑话编号: 4
    [qwen3.6-27b] 决策: create | 选笑话编号: None

  Item完成: 耗时121.9s | 总耗时494.3min
  速率限制器状态: 可用令牌=960.0/960
  已保存中间结果 (312 条)

============================================================
处理 en_0413... (313/1375)
  质量组: high (4个候选笑话)
  质量组: medium (4个候选笑话)
  质量组: low (4个候选笑话)
  并发执行 3 个评估任务 (max_workers=3)...
    [路由] qwen3.6-27b -> DashScope API
    [路由] qwen3.6-27b -> DashScope API
    [路由] qwen3.6-27b -> DashScope API
    [qwen3.6-27b] 决策: select | 选笑话编号: 4
    [qwen3.6-27b] 决策: select | 选笑话编号: 2
    [qwen3.6-27b] 决策: create | 选笑话编号: None

  Item完成: 耗时36.2s | 总耗时494.9min
  速率限制器状态: 可用令牌=960.0/960
  已保存中间结果 (313 条)

============================================================
处理 en_0414... (314/1375)
  质量组: high (4个候选笑话)
  质量组: medium (4个候选笑话)
  质量组: low (4个候选笑话)
  并发执行 3 个评估任务 (max_workers=3)...
    [路由] qwen3.6-27b -> DashScope API
    [路由] qwen3.6-27b -> DashScope API    [路由] qwen3.6-27b -> DashScope API

    [qwen3.6-27b] 决策: create | 选笑话编号: None
    [qwen3.6-27b] 决策: create | 选笑话编号: None
    [API] 可重试异常: HTTPSConnectionPool(host='dashscope.aliyuncs.com', port=443): Read timed out. (read timeout=300), 等待1.5s后重试 (1/5), model=qwen3.6-27b
    [qwen3.6-27b] 决策: create | 选笑话编号: None

  Item完成: 耗时384.2s | 总耗时501.3min
  速率限制器状态: 可用令牌=960.0/960
  已保存中间结果 (314 条)

============================================================
处理 en_0415... (315/1375)
  质量组: high (4个候选笑话)
  质量组: medium (4个候选笑话)
  质量组: low (4个候选笑话)
  并发执行 3 个评估任务 (max_workers=3)...
    [路由] qwen3.6-27b -> DashScope API    [路由] qwen3.6-27b -> DashScope API
    [路由] qwen3.6-27b -> DashScope API

    [qwen3.6-27b] 决策: create | 选笑话编号: None
    [qwen3.6-27b] 决策: create | 选笑话编号: None
    [qwen3.6-27b] 决策: create | 选笑话编号: None

  Item完成: 耗时63.2s | 总耗时502.4min
  速率限制器状态: 可用令牌=960.0/960
  已保存中间结果 (315 条)

============================================================
处理 en_0416... (316/1375)
  质量组: high (4个候选笑话)
  质量组: medium (4个候选笑话)
  质量组: low (4个候选笑话)
  并发执行 3 个评估任务 (max_workers=3)...
    [路由] qwen3.6-27b -> DashScope API
    [路由] qwen3.6-27b -> DashScope API
    [路由] qwen3.6-27b -> DashScope API
    [qwen3.6-27b] 决策: select | 选笑话编号: 3
    [qwen3.6-27b] 决策: select | 选笑话编号: 4
    [qwen3.6-27b] 决策: create | 选笑话编号: None

  Item完成: 耗时49.5s | 总耗时503.2min
  速率限制器状态: 可用令牌=960.0/960
  已保存中间结果 (316 条)

============================================================
处理 en_0417... (317/1375)
  质量组: high (4个候选笑话)
  质量组: medium (4个候选笑话)
  质量组: low (4个候选笑话)
  并发执行 3 个评估任务 (max_workers=3)...
    [路由] qwen3.6-27b -> DashScope API
    [路由] qwen3.6-27b -> DashScope API
    [路由] qwen3.6-27b -> DashScope API
    [qwen3.6-27b] 决策: select | 选笑话编号: 2
    [qwen3.6-27b] 决策: select | 选笑话编号: 2
    [qwen3.6-27b] 决策: create | 选笑话编号: None

  Item完成: 耗时90.9s | 总耗时504.7min
  速率限制器状态: 可用令牌=960.0/960
  已保存中间结果 (317 条)

============================================================
处理 en_0418... (318/1375)
  质量组: high (4个候选笑话)
  质量组: medium (4个候选笑话)
  质量组: low (4个候选笑话)
  并发执行 3 个评估任务 (max_workers=3)...
    [路由] qwen3.6-27b -> DashScope API    [路由] qwen3.6-27b -> DashScope API

    [路由] qwen3.6-27b -> DashScope API
    [qwen3.6-27b] 决策: select | 选笑话编号: 4
    [qwen3.6-27b] 决策: create | 选笑话编号: None
    [qwen3.6-27b] 决策: create | 选笑话编号: None

  Item完成: 耗时85.0s | 总耗时506.1min
  速率限制器状态: 可用令牌=960.0/960
  已保存中间结果 (318 条)

============================================================
处理 en_0419... (319/1375)
  质量组: high (4个候选笑话)
  质量组: medium (4个候选笑话)
  质量组: low (4个候选笑话)
  并发执行 3 个评估任务 (max_workers=3)...
    [路由] qwen3.6-27b -> DashScope API
    [路由] qwen3.6-27b -> DashScope API
    [路由] qwen3.6-27b -> DashScope API
    [qwen3.6-27b] 决策: select | 选笑话编号: 3
    [qwen3.6-27b] 决策: create | 选笑话编号: None
    [qwen3.6-27b] 决策: create | 选笑话编号: None

  Item完成: 耗时121.4s | 总耗时508.2min
  速率限制器状态: 可用令牌=960.0/960
  已保存中间结果 (319 条)

============================================================
处理 en_0420... (320/1375)
  质量组: high (4个候选笑话)
  质量组: medium (4个候选笑话)
  质量组: low (4个候选笑话)
  并发执行 3 个评估任务 (max_workers=3)...
    [路由] qwen3.6-27b -> DashScope API    [路由] qwen3.6-27b -> DashScope API

    [路由] qwen3.6-27b -> DashScope API
    [qwen3.6-27b] 决策: select | 选笑话编号: 3
    [qwen3.6-27b] 决策: create | 选笑话编号: None
    [API] 可重试异常: HTTPSConnectionPool(host='dashscope.aliyuncs.com', port=443): Read timed out. (read timeout=300), 等待1.8s后重试 (1/5), model=qwen3.6-27b
    [qwen3.6-27b] 决策: create | 选笑话编号: None

  Item完成: 耗时356.4s | 总耗时514.1min
  速率限制器状态: 可用令牌=960.0/960
  已保存中间结果 (320 条)

============================================================
处理 en_0421... (321/1375)
  质量组: high (4个候选笑话)
  质量组: medium (4个候选笑话)
  质量组: low (4个候选笑话)
  并发执行 3 个评估任务 (max_workers=3)...
    [路由] qwen3.6-27b -> DashScope API
    [路由] qwen3.6-27b -> DashScope API    [路由] qwen3.6-27b -> DashScope API

    [qwen3.6-27b] 决策: create | 选笑话编号: None
    [qwen3.6-27b] 决策: create | 选笑话编号: None
    [qwen3.6-27b] 决策: create | 选笑话编号: None

  Item完成: 耗时46.6s | 总耗时514.9min
  速率限制器状态: 可用令牌=960.0/960
  已保存中间结果 (321 条)

============================================================
处理 en_0422... (322/1375)
  质量组: high (4个候选笑话)
  质量组: medium (4个候选笑话)
  质量组: low (4个候选笑话)
  并发执行 3 个评估任务 (max_workers=3)...
    [路由] qwen3.6-27b -> DashScope API    [路由] qwen3.6-27b -> DashScope API

    [路由] qwen3.6-27b -> DashScope API
    [qwen3.6-27b] 决策: create | 选笑话编号: None
    [qwen3.6-27b] 决策: select | 选笑话编号: 2
    [qwen3.6-27b] 决策: create | 选笑话编号: None

  Item完成: 耗时34.6s | 总耗时515.5min
  速率限制器状态: 可用令牌=960.0/960
  已保存中间结果 (322 条)

============================================================
处理 en_0423... (323/1375)
  质量组: high (4个候选笑话)
  质量组: medium (4个候选笑话)
  质量组: low (4个候选笑话)
  并发执行 3 个评估任务 (max_workers=3)...
    [路由] qwen3.6-27b -> DashScope API    [路由] qwen3.6-27b -> DashScope API

    [路由] qwen3.6-27b -> DashScope API
    [qwen3.6-27b] 决策: select | 选笑话编号: 2
    [qwen3.6-27b] 决策: create | 选笑话编号: None
    [qwen3.6-27b] 决策: create | 选笑话编号: None

  Item完成: 耗时64.0s | 总耗时516.5min
  速率限制器状态: 可用令牌=960.0/960
  已保存中间结果 (323 条)

============================================================
处理 en_0424... (324/1375)
  质量组: high (4个候选笑话)
  质量组: medium (4个候选笑话)
  质量组: low (4个候选笑话)
  并发执行 3 个评估任务 (max_workers=3)...
    [路由] qwen3.6-27b -> DashScope API
    [路由] qwen3.6-27b -> DashScope API    [路由] qwen3.6-27b -> DashScope API

    [qwen3.6-27b] 决策: select | 选笑话编号: 2
    [qwen3.6-27b] 决策: create | 选笑话编号: None
    [qwen3.6-27b] 决策: select | 选笑话编号: 2

  Item完成: 耗时61.3s | 总耗时517.5min
  速率限制器状态: 可用令牌=960.0/960
  已保存中间结果 (324 条)

============================================================
处理 en_0425... (325/1375)
  质量组: high (4个候选笑话)
  质量组: medium (4个候选笑话)
  质量组: low (4个候选笑话)
  并发执行 3 个评估任务 (max_workers=3)...
    [路由] qwen3.6-27b -> DashScope API
    [路由] qwen3.6-27b -> DashScope API    [路由] qwen3.6-27b -> DashScope API

    [qwen3.6-27b] 决策: select | 选笑话编号: 2
    [qwen3.6-27b] 决策: select | 选笑话编号: 3
    [qwen3.6-27b] 决策: create | 选笑话编号: None

  Item完成: 耗时71.2s | 总耗时518.7min
  速率限制器状态: 可用令牌=960.0/960
  已保存中间结果 (325 条)

============================================================
处理 en_0426... (326/1375)
  质量组: high (4个候选笑话)
  质量组: medium (4个候选笑话)
  质量组: low (4个候选笑话)
  并发执行 3 个评估任务 (max_workers=3)...
    [路由] qwen3.6-27b -> DashScope API
    [路由] qwen3.6-27b -> DashScope API    [路由] qwen3.6-27b -> DashScope API

    [qwen3.6-27b] 决策: create | 选笑话编号: None
    [qwen3.6-27b] 决策: create | 选笑话编号: None
    [qwen3.6-27b] 决策: create | 选笑话编号: None

  Item完成: 耗时52.8s | 总耗时519.6min
  速率限制器状态: 可用令牌=960.0/960
  已保存中间结果 (326 条)

============================================================
处理 en_0427... (327/1375)
  质量组: high (4个候选笑话)
  质量组: medium (4个候选笑话)
  质量组: low (4个候选笑话)
  并发执行 3 个评估任务 (max_workers=3)...
    [路由] qwen3.6-27b -> DashScope API
    [路由] qwen3.6-27b -> DashScope API    [路由] qwen3.6-27b -> DashScope API

    [qwen3.6-27b] 决策: select | 选笑话编号: 2
    [qwen3.6-27b] 决策: select | 选笑话编号: 4
    [qwen3.6-27b] 决策: create | 选笑话编号: None

  Item完成: 耗时65.2s | 总耗时520.7min
  速率限制器状态: 可用令牌=960.0/960
  已保存中间结果 (327 条)

============================================================
处理 en_0428... (328/1375)
  质量组: high (4个候选笑话)
  质量组: medium (4个候选笑话)
  质量组: low (4个候选笑话)
  并发执行 3 个评估任务 (max_workers=3)...
    [路由] qwen3.6-27b -> DashScope API
    [路由] qwen3.6-27b -> DashScope API    [路由] qwen3.6-27b -> DashScope API

    [qwen3.6-27b] 决策: select | 选笑话编号: 2
    [qwen3.6-27b] 决策: create | 选笑话编号: None
    [qwen3.6-27b] 决策: create | 选笑话编号: None

  Item完成: 耗时77.5s | 总耗时522.0min
  速率限制器状态: 可用令牌=960.0/960
  已保存中间结果 (328 条)

============================================================
处理 en_0429... (329/1375)
  质量组: high (4个候选笑话)
  质量组: medium (4个候选笑话)
  质量组: low (4个候选笑话)
  并发执行 3 个评估任务 (max_workers=3)...
    [路由] qwen3.6-27b -> DashScope API    [路由] qwen3.6-27b -> DashScope API

    [路由] qwen3.6-27b -> DashScope API
    [qwen3.6-27b] 决策: select | 选笑话编号: 3
    [qwen3.6-27b] 决策: create | 选笑话编号: None
    [qwen3.6-27b] 决策: create | 选笑话编号: None

  Item完成: 耗时65.9s | 总耗时523.1min
  速率限制器状态: 可用令牌=960.0/960
  已保存中间结果 (329 条)

============================================================
处理 en_0430... (330/1375)
  质量组: high (4个候选笑话)
  质量组: medium (4个候选笑话)
  质量组: low (4个候选笑话)
  并发执行 3 个评估任务 (max_workers=3)...
    [路由] qwen3.6-27b -> DashScope API
    [路由] qwen3.6-27b -> DashScope API    [路由] qwen3.6-27b -> DashScope API

    [qwen3.6-27b] 决策: select | 选笑话编号: 1
    [qwen3.6-27b] 决策: select | 选笑话编号: 4
    [qwen3.6-27b] 决策: create | 选笑话编号: None

  Item完成: 耗时150.3s | 总耗时525.6min
  速率限制器状态: 可用令牌=960.0/960
  已保存中间结果 (330 条)

============================================================
处理 en_0431... (331/1375)
  质量组: high (4个候选笑话)
  质量组: medium (4个候选笑话)
  质量组: low (4个候选笑话)
  并发执行 3 个评估任务 (max_workers=3)...
    [路由] qwen3.6-27b -> DashScope API    [路由] qwen3.6-27b -> DashScope API

    [路由] qwen3.6-27b -> DashScope API
    [qwen3.6-27b] 决策: select | 选笑话编号: 3
    [qwen3.6-27b] 决策: create | 选笑话编号: None
    [API] 可重试异常: HTTPSConnectionPool(host='dashscope.aliyuncs.com', port=443): Read timed out. (read timeout=300), 等待1.5s后重试 (1/5), model=qwen3.6-27b
    [qwen3.6-27b] 决策: select | 选笑话编号: 1

  Item完成: 耗时329.5s | 总耗时531.1min
  速率限制器状态: 可用令牌=960.0/960
  已保存中间结果 (331 条)

============================================================
处理 en_0432... (332/1375)
  质量组: high (4个候选笑话)
  质量组: medium (4个候选笑话)
  质量组: low (4个候选笑话)
  并发执行 3 个评估任务 (max_workers=3)...
    [路由] qwen3.6-27b -> DashScope API    [路由] qwen3.6-27b -> DashScope API
    [路由] qwen3.6-27b -> DashScope API

    [qwen3.6-27b] 决策: select | 选笑话编号: 4
    [qwen3.6-27b] 决策: create | 选笑话编号: None
    [qwen3.6-27b] 决策: create | 选笑话编号: None

  Item完成: 耗时74.2s | 总耗时532.3min
  速率限制器状态: 可用令牌=960.0/960
  已保存中间结果 (332 条)

============================================================
处理 en_0433... (333/1375)
  质量组: high (4个候选笑话)
  质量组: medium (4个候选笑话)
  质量组: low (4个候选笑话)
  并发执行 3 个评估任务 (max_workers=3)...
    [路由] qwen3.6-27b -> DashScope API    [路由] qwen3.6-27b -> DashScope API
    [路由] qwen3.6-27b -> DashScope API

    [qwen3.6-27b] 决策: create | 选笑话编号: None
    [qwen3.6-27b] 决策: create | 选笑话编号: None
    [qwen3.6-27b] 决策: create | 选笑话编号: None

  Item完成: 耗时84.8s | 总耗时533.8min
  速率限制器状态: 可用令牌=960.0/960
  已保存中间结果 (333 条)

============================================================
处理 en_0434... (334/1375)
  质量组: high (4个候选笑话)
  质量组: medium (4个候选笑话)
  质量组: low (4个候选笑话)
  并发执行 3 个评估任务 (max_workers=3)...
    [路由] qwen3.6-27b -> DashScope API    [路由] qwen3.6-27b -> DashScope API

    [路由] qwen3.6-27b -> DashScope API
    [qwen3.6-27b] 决策: select | 选笑话编号: 2
    [qwen3.6-27b] 决策: create | 选笑话编号: None
    [qwen3.6-27b] 决策: create | 选笑话编号: None

  Item完成: 耗时34.1s | 总耗时534.3min
  速率限制器状态: 可用令牌=960.0/960
  已保存中间结果 (334 条)

============================================================
处理 en_0435... (335/1375)
  质量组: high (4个候选笑话)
  质量组: medium (4个候选笑话)
  质量组: low (4个候选笑话)
  并发执行 3 个评估任务 (max_workers=3)...
    [路由] qwen3.6-27b -> DashScope API    [路由] qwen3.6-27b -> DashScope API

    [路由] qwen3.6-27b -> DashScope API
    [qwen3.6-27b] 决策: select | 选笑话编号: 3
    [qwen3.6-27b] 决策: create | 选笑话编号: None
    [qwen3.6-27b] 决策: create | 选笑话编号: None

  Item完成: 耗时61.9s | 总耗时535.4min
  速率限制器状态: 可用令牌=960.0/960
  已保存中间结果 (335 条)

============================================================
处理 en_0436... (336/1375)
  质量组: high (4个候选笑话)
  质量组: medium (4个候选笑话)
  质量组: low (4个候选笑话)
  并发执行 3 个评估任务 (max_workers=3)...
    [路由] qwen3.6-27b -> DashScope API    [路由] qwen3.6-27b -> DashScope API
    [路由] qwen3.6-27b -> DashScope API

    [qwen3.6-27b] 决策: select | 选笑话编号: 2
    [qwen3.6-27b] 决策: select | 选笑话编号: 2
    [qwen3.6-27b] 决策: select | 选笑话编号: 1

  Item完成: 耗时24.4s | 总耗时535.8min
  速率限制器状态: 可用令牌=960.0/960
  已保存中间结果 (336 条)

============================================================
处理 en_0437... (337/1375)
  质量组: high (4个候选笑话)
  质量组: medium (4个候选笑话)
  质量组: low (4个候选笑话)
  并发执行 3 个评估任务 (max_workers=3)...
    [路由] qwen3.6-27b -> DashScope API
    [路由] qwen3.6-27b -> DashScope API
    [路由] qwen3.6-27b -> DashScope API
    [qwen3.6-27b] 决策: select | 选笑话编号: 2
    [qwen3.6-27b] 决策: create | 选笑话编号: None
    [qwen3.6-27b] 决策: create | 选笑话编号: None

  Item完成: 耗时54.2s | 总耗时536.7min
  速率限制器状态: 可用令牌=960.0/960
  已保存中间结果 (337 条)

============================================================
处理 en_0438... (338/1375)
  质量组: high (4个候选笑话)
  质量组: medium (4个候选笑话)
  质量组: low (4个候选笑话)
  并发执行 3 个评估任务 (max_workers=3)...
    [路由] qwen3.6-27b -> DashScope API    [路由] qwen3.6-27b -> DashScope API

    [路由] qwen3.6-27b -> DashScope API
    [qwen3.6-27b] 决策: select | 选笑话编号: 4
    [qwen3.6-27b] 决策: create | 选笑话编号: None
    [qwen3.6-27b] 决策: create | 选笑话编号: None

  Item完成: 耗时36.2s | 总耗时537.3min
  速率限制器状态: 可用令牌=960.0/960
  已保存中间结果 (338 条)

============================================================
处理 en_0439... (339/1375)
  质量组: high (4个候选笑话)
  质量组: medium (4个候选笑话)
  质量组: low (4个候选笑话)
  并发执行 3 个评估任务 (max_workers=3)...
    [路由] qwen3.6-27b -> DashScope API    [路由] qwen3.6-27b -> DashScope API
    [路由] qwen3.6-27b -> DashScope API

    [qwen3.6-27b] 决策: select | 选笑话编号: 2
    [qwen3.6-27b] 决策: create | 选笑话编号: None
    [qwen3.6-27b] 决策: create | 选笑话编号: None

  Item完成: 耗时63.6s | 总耗时538.3min
  速率限制器状态: 可用令牌=960.0/960
  已保存中间结果 (339 条)

============================================================
处理 en_0440... (340/1375)
  质量组: high (4个候选笑话)
  质量组: medium (4个候选笑话)
  质量组: low (4个候选笑话)
  并发执行 3 个评估任务 (max_workers=3)...
    [路由] qwen3.6-27b -> DashScope API    [路由] qwen3.6-27b -> DashScope API
    [路由] qwen3.6-27b -> DashScope API

    [qwen3.6-27b] 决策: create | 选笑话编号: None
    [qwen3.6-27b] 决策: create | 选笑话编号: None
    [qwen3.6-27b] 决策: create | 选笑话编号: None

  Item完成: 耗时104.7s | 总耗时540.1min
  速率限制器状态: 可用令牌=960.0/960
  已保存中间结果 (340 条)

============================================================
处理 en_0441... (341/1375)
  质量组: high (4个候选笑话)
  质量组: medium (4个候选笑话)
  质量组: low (4个候选笑话)
  并发执行 3 个评估任务 (max_workers=3)...
    [路由] qwen3.6-27b -> DashScope API
    [路由] qwen3.6-27b -> DashScope API    [路由] qwen3.6-27b -> DashScope API

    [qwen3.6-27b] 决策: select | 选笑话编号: 4
    [qwen3.6-27b] 决策: select | 选笑话编号: 1
    [qwen3.6-27b] 决策: create | 选笑话编号: None

  Item完成: 耗时44.1s | 总耗时540.8min
  速率限制器状态: 可用令牌=960.0/960
  已保存中间结果 (341 条)

============================================================
处理 en_0442... (342/1375)
  质量组: high (4个候选笑话)
  质量组: medium (4个候选笑话)
  质量组: low (4个候选笑话)
  并发执行 3 个评估任务 (max_workers=3)...
    [路由] qwen3.6-27b -> DashScope API    [路由] qwen3.6-27b -> DashScope API

    [路由] qwen3.6-27b -> DashScope API
    [qwen3.6-27b] 决策: create | 选笑话编号: None
    [qwen3.6-27b] 决策: create | 选笑话编号: None
    [qwen3.6-27b] 决策: create | 选笑话编号: None

  Item完成: 耗时93.6s | 总耗时542.4min
  速率限制器状态: 可用令牌=960.0/960
  已保存中间结果 (342 条)

============================================================
处理 en_0443... (343/1375)
  质量组: high (4个候选笑话)
  质量组: medium (4个候选笑话)
  质量组: low (4个候选笑话)
  并发执行 3 个评估任务 (max_workers=3)...
    [路由] qwen3.6-27b -> DashScope API
    [路由] qwen3.6-27b -> DashScope API
    [路由] qwen3.6-27b -> DashScope API
    [qwen3.6-27b] 决策: select | 选笑话编号: 3
    [qwen3.6-27b] 决策: create | 选笑话编号: None
    [qwen3.6-27b] 决策: create | 选笑话编号: None

  Item完成: 耗时56.2s | 总耗时543.3min
  速率限制器状态: 可用令牌=960.0/960
  已保存中间结果 (343 条)

============================================================
处理 en_0444... (344/1375)
  质量组: high (4个候选笑话)
  质量组: medium (4个候选笑话)
  质量组: low (4个候选笑话)
  并发执行 3 个评估任务 (max_workers=3)...
    [路由] qwen3.6-27b -> DashScope API
    [路由] qwen3.6-27b -> DashScope API
    [路由] qwen3.6-27b -> DashScope API
    [qwen3.6-27b] 决策: create | 选笑话编号: None
    [qwen3.6-27b] 决策: create | 选笑话编号: None
    [qwen3.6-27b] 决策: select | 选笑话编号: 3

  Item完成: 耗时53.2s | 总耗时544.2min
  速率限制器状态: 可用令牌=960.0/960
  已保存中间结果 (344 条)

============================================================
处理 en_0445... (345/1375)
  质量组: high (4个候选笑话)
  质量组: medium (4个候选笑话)
  质量组: low (4个候选笑话)
  并发执行 3 个评估任务 (max_workers=3)...
    [路由] qwen3.6-27b -> DashScope API
    [路由] qwen3.6-27b -> DashScope API    [路由] qwen3.6-27b -> DashScope API

    [qwen3.6-27b] 决策: select | 选笑话编号: 1
    [qwen3.6-27b] 决策: select | 选笑话编号: 2
    [API] JSON解析失败: JSON解析失败: Extra data: line 7 column 1 (char 492), model=qwen3.6-27b
    [qwen3.6-27b] 决策:  | 选笑话编号: ?

  Item完成: 耗时29.4s | 总耗时544.7min
  速率限制器状态: 可用令牌=960.0/960
  已保存中间结果 (345 条)

============================================================
处理 en_0446... (346/1375)
  质量组: high (4个候选笑话)
  质量组: medium (4个候选笑话)
  质量组: low (4个候选笑话)
  并发执行 3 个评估任务 (max_workers=3)...
    [路由] qwen3.6-27b -> DashScope API    [路由] qwen3.6-27b -> DashScope API

    [路由] qwen3.6-27b -> DashScope API
    [qwen3.6-27b] 决策: select | 选笑话编号: 4
    [qwen3.6-27b] 决策: create | 选笑话编号: None
    [qwen3.6-27b] 决策: create | 选笑话编号: None

  Item完成: 耗时90.6s | 总耗时546.2min
  速率限制器状态: 可用令牌=960.0/960
  已保存中间结果 (346 条)

============================================================
处理 en_0447... (347/1375)
  质量组: high (4个候选笑话)
  质量组: medium (4个候选笑话)
  质量组: low (4个候选笑话)
  并发执行 3 个评估任务 (max_workers=3)...
    [路由] qwen3.6-27b -> DashScope API    [路由] qwen3.6-27b -> DashScope API

    [路由] qwen3.6-27b -> DashScope API
    [qwen3.6-27b] 决策: select | 选笑话编号: 3
    [qwen3.6-27b] 决策: create | 选笑话编号: None
    [qwen3.6-27b] 决策: create | 选笑话编号: None

  Item完成: 耗时68.0s | 总耗时547.3min
  速率限制器状态: 可用令牌=960.0/960
  已保存中间结果 (347 条)

============================================================
处理 en_0448... (348/1375)
  质量组: high (4个候选笑话)
  质量组: medium (4个候选笑话)
  质量组: low (4个候选笑话)
  并发执行 3 个评估任务 (max_workers=3)...
    [路由] qwen3.6-27b -> DashScope API    [路由] qwen3.6-27b -> DashScope API
    [路由] qwen3.6-27b -> DashScope API

    [qwen3.6-27b] 决策: select | 选笑话编号: 3
    [qwen3.6-27b] 决策: create | 选笑话编号: None
    [qwen3.6-27b] 决策: create | 选笑话编号: None

  Item完成: 耗时75.8s | 总耗时548.6min
  速率限制器状态: 可用令牌=960.0/960
  已保存中间结果 (348 条)

============================================================
处理 en_0449... (349/1375)
  质量组: high (4个候选笑话)
  质量组: medium (4个候选笑话)
  质量组: low (4个候选笑话)
  并发执行 3 个评估任务 (max_workers=3)...
    [路由] qwen3.6-27b -> DashScope API    [路由] qwen3.6-27b -> DashScope API

    [路由] qwen3.6-27b -> DashScope API
    [qwen3.6-27b] 决策: select | 选笑话编号: 2
    [qwen3.6-27b] 决策: create | 选笑话编号: None
    [qwen3.6-27b] 决策: create | 选笑话编号: None

  Item完成: 耗时44.4s | 总耗时549.4min
  速率限制器状态: 可用令牌=960.0/960
  已保存中间结果 (349 条)

============================================================
处理 en_0450... (350/1375)
  质量组: high (4个候选笑话)
  质量组: medium (4个候选笑话)
  质量组: low (4个候选笑话)
  并发执行 3 个评估任务 (max_workers=3)...
    [路由] qwen3.6-27b -> DashScope API
    [路由] qwen3.6-27b -> DashScope API
    [路由] qwen3.6-27b -> DashScope API
    [qwen3.6-27b] 决策: select | 选笑话编号: 4
    [qwen3.6-27b] 决策: create | 选笑话编号: None
    [qwen3.6-27b] 决策: create | 选笑话编号: None

  Item完成: 耗时56.9s | 总耗时550.3min
  速率限制器状态: 可用令牌=960.0/960
  已保存中间结果 (350 条)

============================================================
处理 en_0451... (351/1375)
  质量组: high (4个候选笑话)
  质量组: medium (4个候选笑话)
  质量组: low (4个候选笑话)
  并发执行 3 个评估任务 (max_workers=3)...
    [路由] qwen3.6-27b -> DashScope API    [路由] qwen3.6-27b -> DashScope API
    [路由] qwen3.6-27b -> DashScope API

    [qwen3.6-27b] 决策: select | 选笑话编号: 2
    [qwen3.6-27b] 决策: select | 选笑话编号: 1
    [qwen3.6-27b] 决策: create | 选笑话编号: None

  Item完成: 耗时39.6s | 总耗时551.0min
  速率限制器状态: 可用令牌=960.0/960
  已保存中间结果 (351 条)

============================================================
处理 en_0452... (352/1375)
  质量组: high (4个候选笑话)
  质量组: medium (4个候选笑话)
  质量组: low (4个候选笑话)
  并发执行 3 个评估任务 (max_workers=3)...
    [路由] qwen3.6-27b -> DashScope API
    [路由] qwen3.6-27b -> DashScope API
    [路由] qwen3.6-27b -> DashScope API
    [qwen3.6-27b] 决策: select | 选笑话编号: 3
    [qwen3.6-27b] 决策: create | 选笑话编号: None
    [qwen3.6-27b] 决策: create | 选笑话编号: None

  Item完成: 耗时68.7s | 总耗时552.1min
  速率限制器状态: 可用令牌=960.0/960
  已保存中间结果 (352 条)

============================================================
处理 en_0453... (353/1375)
  质量组: high (4个候选笑话)
  质量组: medium (4个候选笑话)
  质量组: low (4个候选笑话)
  并发执行 3 个评估任务 (max_workers=3)...
    [路由] qwen3.6-27b -> DashScope API
    [路由] qwen3.6-27b -> DashScope API    [路由] qwen3.6-27b -> DashScope API

    [qwen3.6-27b] 决策: create | 选笑话编号: None
    [qwen3.6-27b] 决策: select | 选笑话编号: 3
    [qwen3.6-27b] 决策: select | 选笑话编号: 2

  Item完成: 耗时40.4s | 总耗时552.8min
  速率限制器状态: 可用令牌=960.0/960
  已保存中间结果 (353 条)

============================================================
处理 en_0454... (354/1375)
  质量组: high (4个候选笑话)
  质量组: medium (4个候选笑话)
  质量组: low (4个候选笑话)
  并发执行 3 个评估任务 (max_workers=3)...
    [路由] qwen3.6-27b -> DashScope API    [路由] qwen3.6-27b -> DashScope API
    [路由] qwen3.6-27b -> DashScope API

    [qwen3.6-27b] 决策: create | 选笑话编号: None
    [qwen3.6-27b] 决策: select | 选笑话编号: 3
    [qwen3.6-27b] 决策: select | 选笑话编号: 2

  Item完成: 耗时46.7s | 总耗时553.6min
  速率限制器状态: 可用令牌=960.0/960
  已保存中间结果 (354 条)

============================================================
处理 en_0455... (355/1375)
  质量组: high (4个候选笑话)
  质量组: medium (4个候选笑话)
  质量组: low (4个候选笑话)
  并发执行 3 个评估任务 (max_workers=3)...
    [路由] qwen3.6-27b -> DashScope API
    [路由] qwen3.6-27b -> DashScope API    [路由] qwen3.6-27b -> DashScope API

    [qwen3.6-27b] 决策: select | 选笑话编号: 2
    [qwen3.6-27b] 决策: select | 选笑话编号: 2
    [qwen3.6-27b] 决策: select | 选笑话编号: 3

  Item完成: 耗时38.2s | 总耗时554.2min
  速率限制器状态: 可用令牌=960.0/960
  已保存中间结果 (355 条)

============================================================
处理 en_0456... (356/1375)
  质量组: high (4个候选笑话)
  质量组: medium (4个候选笑话)
  质量组: low (4个候选笑话)
  并发执行 3 个评估任务 (max_workers=3)...
    [路由] qwen3.6-27b -> DashScope API    [路由] qwen3.6-27b -> DashScope API

    [路由] qwen3.6-27b -> DashScope API
    [qwen3.6-27b] 决策: select | 选笑话编号: 3
    [qwen3.6-27b] 决策: create | 选笑话编号: None
    [qwen3.6-27b] 决策: select | 选笑话编号: 3

  Item完成: 耗时81.6s | 总耗时555.6min
  速率限制器状态: 可用令牌=960.0/960
  已保存中间结果 (356 条)

============================================================
处理 en_0457... (357/1375)
  质量组: high (4个候选笑话)
  质量组: medium (4个候选笑话)
  质量组: low (4个候选笑话)
  并发执行 3 个评估任务 (max_workers=3)...
    [路由] qwen3.6-27b -> DashScope API    [路由] qwen3.6-27b -> DashScope API
    [路由] qwen3.6-27b -> DashScope API

    [qwen3.6-27b] 决策: select | 选笑话编号: 3
    [qwen3.6-27b] 决策: select | 选笑话编号: 4
    [qwen3.6-27b] 决策: select | 选笑话编号: 4

  Item完成: 耗时25.3s | 总耗时556.0min
  速率限制器状态: 可用令牌=960.0/960
  已保存中间结果 (357 条)

============================================================
处理 en_0458... (358/1375)
  质量组: high (4个候选笑话)
  质量组: medium (4个候选笑话)
  质量组: low (4个候选笑话)
  并发执行 3 个评估任务 (max_workers=3)...
    [路由] qwen3.6-27b -> DashScope API
    [路由] qwen3.6-27b -> DashScope API
    [路由] qwen3.6-27b -> DashScope API
    [qwen3.6-27b] 决策: select | 选笑话编号: 4
    [qwen3.6-27b] 决策: create | 选笑话编号: None
    [qwen3.6-27b] 决策: create | 选笑话编号: None

  Item完成: 耗时58.8s | 总耗时557.0min
  速率限制器状态: 可用令牌=960.0/960
  已保存中间结果 (358 条)

============================================================
处理 en_0459... (359/1375)
  质量组: high (4个候选笑话)
  质量组: medium (4个候选笑话)
  质量组: low (4个候选笑话)
  并发执行 3 个评估任务 (max_workers=3)...
    [路由] qwen3.6-27b -> DashScope API    [路由] qwen3.6-27b -> DashScope API
    [路由] qwen3.6-27b -> DashScope API

    [API] JSON解析失败: JSON解析失败: Extra data: line 7 column 1 (char 677), model=qwen3.6-27b
    [qwen3.6-27b] 决策:  | 选笑话编号: ?
    [qwen3.6-27b] 决策: select | 选笑话编号: 2
    [API] 可重试异常: HTTPSConnectionPool(host='dashscope.aliyuncs.com', port=443): Read timed out. (read timeout=300), 等待1.6s后重试 (1/5), model=qwen3.6-27b
    [qwen3.6-27b] 决策: select | 选笑话编号: 4

  Item完成: 耗时323.1s | 总耗时562.4min
  速率限制器状态: 可用令牌=960.0/960
  已保存中间结果 (359 条)

============================================================
处理 en_0460... (360/1375)
  质量组: high (4个候选笑话)
  质量组: medium (4个候选笑话)
  质量组: low (4个候选笑话)
  并发执行 3 个评估任务 (max_workers=3)...
    [路由] qwen3.6-27b -> DashScope API
    [路由] qwen3.6-27b -> DashScope API
    [路由] qwen3.6-27b -> DashScope API
    [qwen3.6-27b] 决策: create | 选笑话编号: None
    [qwen3.6-27b] 决策: create | 选笑话编号: None
    [qwen3.6-27b] 决策: create | 选笑话编号: None

  Item完成: 耗时68.1s | 总耗时563.5min
  速率限制器状态: 可用令牌=960.0/960
  已保存中间结果 (360 条)

============================================================
处理 en_0461... (361/1375)
  质量组: high (4个候选笑话)
  质量组: medium (4个候选笑话)
  质量组: low (4个候选笑话)
  并发执行 3 个评估任务 (max_workers=3)...
    [路由] qwen3.6-27b -> DashScope API    [路由] qwen3.6-27b -> DashScope API

    [路由] qwen3.6-27b -> DashScope API
    [qwen3.6-27b] 决策: select | 选笑话编号: 2
    [qwen3.6-27b] 决策: create | 选笑话编号: None
    [qwen3.6-27b] 决策: create | 选笑话编号: None

  Item完成: 耗时66.7s | 总耗时564.6min
  速率限制器状态: 可用令牌=960.0/960
  已保存中间结果 (361 条)

============================================================
处理 en_0462... (362/1375)
  质量组: high (4个候选笑话)
  质量组: medium (4个候选笑话)
  质量组: low (4个候选笑话)
  并发执行 3 个评估任务 (max_workers=3)...
    [路由] qwen3.6-27b -> DashScope API
    [路由] qwen3.6-27b -> DashScope API
    [路由] qwen3.6-27b -> DashScope API
    [qwen3.6-27b] 决策: select | 选笑话编号: 1
    [qwen3.6-27b] 决策: select | 选笑话编号: 4
    [qwen3.6-27b] 决策: select | 选笑话编号: 2

  Item完成: 耗时52.5s | 总耗时565.5min
  速率限制器状态: 可用令牌=960.0/960
  已保存中间结果 (362 条)

============================================================
处理 en_0463... (363/1375)
  质量组: high (4个候选笑话)
  质量组: medium (4个候选笑话)
  质量组: low (4个候选笑话)
  并发执行 3 个评估任务 (max_workers=3)...
    [路由] qwen3.6-27b -> DashScope API    [路由] qwen3.6-27b -> DashScope API

    [路由] qwen3.6-27b -> DashScope API
    [qwen3.6-27b] 决策: select | 选笑话编号: 2
    [qwen3.6-27b] 决策: create | 选笑话编号: None
    [qwen3.6-27b] 决策: select | 选笑话编号: 3

  Item完成: 耗时107.9s | 总耗时567.3min
  速率限制器状态: 可用令牌=960.0/960
  已保存中间结果 (363 条)

============================================================
处理 en_0464... (364/1375)
  质量组: high (4个候选笑话)
  质量组: medium (4个候选笑话)
  质量组: low (4个候选笑话)
  并发执行 3 个评估任务 (max_workers=3)...
    [路由] qwen3.6-27b -> DashScope API    [路由] qwen3.6-27b -> DashScope API
    [路由] qwen3.6-27b -> DashScope API

    [qwen3.6-27b] 决策: select | 选笑话编号: 4
    [qwen3.6-27b] 决策: select | 选笑话编号: 2
    [qwen3.6-27b] 决策: create | 选笑话编号: None

  Item完成: 耗时55.9s | 总耗时568.2min
  速率限制器状态: 可用令牌=960.0/960
  已保存中间结果 (364 条)

============================================================
处理 en_0465... (365/1375)
  质量组: high (4个候选笑话)
  质量组: medium (4个候选笑话)
  质量组: low (4个候选笑话)
  并发执行 3 个评估任务 (max_workers=3)...
    [路由] qwen3.6-27b -> DashScope API    [路由] qwen3.6-27b -> DashScope API

    [路由] qwen3.6-27b -> DashScope API
    [qwen3.6-27b] 决策: select | 选笑话编号: 3
    [qwen3.6-27b] 决策: select | 选笑话编号: 2
    [API] 可重试异常: HTTPSConnectionPool(host='dashscope.aliyuncs.com', port=443): Read timed out. (read timeout=300), 等待1.9s后重试 (1/5), model=qwen3.6-27b
    [qwen3.6-27b] 决策: create | 选笑话编号: None

  Item完成: 耗时352.9s | 总耗时574.1min
  速率限制器状态: 可用令牌=960.0/960
  已保存中间结果 (365 条)

============================================================
处理 en_0466... (366/1375)
  质量组: high (4个候选笑话)
  质量组: medium (4个候选笑话)
  质量组: low (4个候选笑话)
  并发执行 3 个评估任务 (max_workers=3)...
    [路由] qwen3.6-27b -> DashScope API    [路由] qwen3.6-27b -> DashScope API
    [路由] qwen3.6-27b -> DashScope API

    [qwen3.6-27b] 决策: select | 选笑话编号: 4
    [qwen3.6-27b] 决策: create | 选笑话编号: None
    [qwen3.6-27b] 决策: create | 选笑话编号: None

  Item完成: 耗时55.2s | 总耗时575.0min
  速率限制器状态: 可用令牌=960.0/960
  已保存中间结果 (366 条)

============================================================
处理 en_0467... (367/1375)
  质量组: high (4个候选笑话)
  质量组: medium (4个候选笑话)
  质量组: low (4个候选笑话)
  并发执行 3 个评估任务 (max_workers=3)...
    [路由] qwen3.6-27b -> DashScope API    [路由] qwen3.6-27b -> DashScope API

    [路由] qwen3.6-27b -> DashScope API
    [qwen3.6-27b] 决策: select | 选笑话编号: 3
    [qwen3.6-27b] 决策: select | 选笑话编号: 4
    [qwen3.6-27b] 决策: create | 选笑话编号: None

  Item完成: 耗时64.2s | 总耗时576.1min
  速率限制器状态: 可用令牌=960.0/960
  已保存中间结果 (367 条)

============================================================
处理 en_0468... (368/1375)
  质量组: high (4个候选笑话)
  质量组: medium (4个候选笑话)
  质量组: low (4个候选笑话)
  并发执行 3 个评估任务 (max_workers=3)...
    [路由] qwen3.6-27b -> DashScope API
    [路由] qwen3.6-27b -> DashScope API
    [路由] qwen3.6-27b -> DashScope API
    [API] JSON解析失败: JSON解析失败: Extra data: line 7 column 1 (char 574), model=qwen3.6-27b
    [qwen3.6-27b] 决策:  | 选笑话编号: ?
    [qwen3.6-27b] 决策: select | 选笑话编号: 3
    [qwen3.6-27b] 决策: create | 选笑话编号: None

  Item完成: 耗时38.4s | 总耗时576.7min
  速率限制器状态: 可用令牌=960.0/960
  已保存中间结果 (368 条)

============================================================
处理 en_0469... (369/1375)
  质量组: high (4个候选笑话)
  质量组: medium (4个候选笑话)
  质量组: low (4个候选笑话)
  并发执行 3 个评估任务 (max_workers=3)...
    [路由] qwen3.6-27b -> DashScope API    [路由] qwen3.6-27b -> DashScope API

    [路由] qwen3.6-27b -> DashScope API
    [qwen3.6-27b] 决策: select | 选笑话编号: 3
    [qwen3.6-27b] 决策: create | 选笑话编号: None
    [qwen3.6-27b] 决策: create | 选笑话编号: None

  Item完成: 耗时54.9s | 总耗时577.7min
  速率限制器状态: 可用令牌=960.0/960
  已保存中间结果 (369 条)

============================================================
处理 en_0470... (370/1375)
  质量组: high (4个候选笑话)
  质量组: medium (4个候选笑话)
  质量组: low (4个候选笑话)
  并发执行 3 个评估任务 (max_workers=3)...
    [路由] qwen3.6-27b -> DashScope API
    [路由] qwen3.6-27b -> DashScope API
    [路由] qwen3.6-27b -> DashScope API
    [qwen3.6-27b] 决策: create | 选笑话编号: None
    [qwen3.6-27b] 决策: select | 选笑话编号: 4
    [qwen3.6-27b] 决策: select | 选笑话编号: 2

  Item完成: 耗时53.0s | 总耗时578.5min
  速率限制器状态: 可用令牌=960.0/960
  已保存中间结果 (370 条)

============================================================
处理 en_0471... (371/1375)
  质量组: high (4个候选笑话)
  质量组: medium (4个候选笑话)
  质量组: low (4个候选笑话)
  并发执行 3 个评估任务 (max_workers=3)...
    [路由] qwen3.6-27b -> DashScope API
    [路由] qwen3.6-27b -> DashScope API    [路由] qwen3.6-27b -> DashScope API

    [qwen3.6-27b] 决策: select | 选笑话编号: 2
    [qwen3.6-27b] 决策: create | 选笑话编号: None
    [qwen3.6-27b] 决策: create | 选笑话编号: None

  Item完成: 耗时58.7s | 总耗时579.5min
  速率限制器状态: 可用令牌=960.0/960
  已保存中间结果 (371 条)

============================================================
处理 en_0472... (372/1375)
  质量组: high (4个候选笑话)
  质量组: medium (4个候选笑话)
  质量组: low (4个候选笑话)
  并发执行 3 个评估任务 (max_workers=3)...
    [路由] qwen3.6-27b -> DashScope API
    [路由] qwen3.6-27b -> DashScope API
    [路由] qwen3.6-27b -> DashScope API
    [qwen3.6-27b] 决策: select | 选笑话编号: 3
    [API] JSON解析失败: JSON解析失败: Extra data: line 7 column 1 (char 518), model=qwen3.6-27b
    [qwen3.6-27b] 决策:  | 选笑话编号: ?
    [qwen3.6-27b] 决策: select | 选笑话编号: 2

  Item完成: 耗时33.5s | 总耗时580.1min
  速率限制器状态: 可用令牌=960.0/960
  已保存中间结果 (372 条)

============================================================
处理 en_0473... (373/1375)
  质量组: high (4个候选笑话)
  质量组: medium (4个候选笑话)
  质量组: low (4个候选笑话)
  并发执行 3 个评估任务 (max_workers=3)...
    [路由] qwen3.6-27b -> DashScope API    [路由] qwen3.6-27b -> DashScope API
    [路由] qwen3.6-27b -> DashScope API

    [qwen3.6-27b] 决策: select | 选笑话编号: 2
    [qwen3.6-27b] 决策: create | 选笑话编号: None
    [qwen3.6-27b] 决策: create | 选笑话编号: None

  Item完成: 耗时69.3s | 总耗时581.2min
  速率限制器状态: 可用令牌=960.0/960
  已保存中间结果 (373 条)

============================================================
处理 en_0474... (374/1375)
  质量组: high (4个候选笑话)
  质量组: medium (4个候选笑话)
  质量组: low (4个候选笑话)
  并发执行 3 个评估任务 (max_workers=3)...
    [路由] qwen3.6-27b -> DashScope API
    [路由] qwen3.6-27b -> DashScope API
    [路由] qwen3.6-27b -> DashScope API
    [qwen3.6-27b] 决策: create | 选笑话编号: None
    [qwen3.6-27b] 决策: create | 选笑话编号: None
    [API] 可重试异常: HTTPSConnectionPool(host='dashscope.aliyuncs.com', port=443): Read timed out. (read timeout=300), 等待2.0s后重试 (1/5), model=qwen3.6-27b
    [qwen3.6-27b] 决策: create | 选笑话编号: None

  Item完成: 耗时329.9s | 总耗时586.7min
  速率限制器状态: 可用令牌=960.0/960
  已保存中间结果 (374 条)

============================================================
处理 en_0475... (375/1375)
  质量组: high (4个候选笑话)
  质量组: medium (4个候选笑话)
  质量组: low (4个候选笑话)
  并发执行 3 个评估任务 (max_workers=3)...
    [路由] qwen3.6-27b -> DashScope API    [路由] qwen3.6-27b -> DashScope API
    [路由] qwen3.6-27b -> DashScope API

    [qwen3.6-27b] 决策: create | 选笑话编号: None
    [qwen3.6-27b] 决策: select | 选笑话编号: 4
    [qwen3.6-27b] 决策: select | 选笑话编号: 3

  Item完成: 耗时45.1s | 总耗时587.5min
  速率限制器状态: 可用令牌=960.0/960
  已保存中间结果 (375 条)

============================================================
处理 en_0476... (376/1375)
  质量组: high (4个候选笑话)
  质量组: medium (4个候选笑话)
  质量组: low (4个候选笑话)
  并发执行 3 个评估任务 (max_workers=3)...
    [路由] qwen3.6-27b -> DashScope API
    [路由] qwen3.6-27b -> DashScope API    [路由] qwen3.6-27b -> DashScope API

    [qwen3.6-27b] 决策: select | 选笑话编号: 3
    [qwen3.6-27b] 决策: select | 选笑话编号: 2
    [qwen3.6-27b] 决策: create | 选笑话编号: None

  Item完成: 耗时59.9s | 总耗时588.5min
  速率限制器状态: 可用令牌=960.0/960
  已保存中间结果 (376 条)

============================================================
处理 en_0477... (377/1375)
  质量组: high (4个候选笑话)
  质量组: medium (4个候选笑话)
  质量组: low (4个候选笑话)
  并发执行 3 个评估任务 (max_workers=3)...
    [路由] qwen3.6-27b -> DashScope API
    [路由] qwen3.6-27b -> DashScope API    [路由] qwen3.6-27b -> DashScope API

    [qwen3.6-27b] 决策: select | 选笑话编号: 1
    [API] JSON解析失败: JSON解析失败: Extra data: line 7 column 1 (char 815), model=qwen3.6-27b
    [qwen3.6-27b] 决策:  | 选笑话编号: ?
    [qwen3.6-27b] 决策: select | 选笑话编号: 1

  Item完成: 耗时26.5s | 总耗时588.9min
  速率限制器状态: 可用令牌=960.0/960
  已保存中间结果 (377 条)

============================================================
处理 en_0478... (378/1375)
  质量组: high (4个候选笑话)
  质量组: medium (4个候选笑话)
  质量组: low (4个候选笑话)
  并发执行 3 个评估任务 (max_workers=3)...
    [路由] qwen3.6-27b -> DashScope API    [路由] qwen3.6-27b -> DashScope API
    [路由] qwen3.6-27b -> DashScope API

    [API] JSON解析失败: JSON解析失败: Extra data: line 7 column 1 (char 668), model=qwen3.6-27b
    [qwen3.6-27b] 决策:  | 选笑话编号: ?
    [qwen3.6-27b] 决策: create | 选笑话编号: None
    [qwen3.6-27b] 决策: select | 选笑话编号: 2

  Item完成: 耗时30.1s | 总耗时589.4min
  速率限制器状态: 可用令牌=960.0/960
  已保存中间结果 (378 条)

============================================================
处理 en_0479... (379/1375)
  质量组: high (4个候选笑话)
  质量组: medium (4个候选笑话)
  质量组: low (4个候选笑话)
  并发执行 3 个评估任务 (max_workers=3)...
    [路由] qwen3.6-27b -> DashScope API    [路由] qwen3.6-27b -> DashScope API
    [路由] qwen3.6-27b -> DashScope API

    [qwen3.6-27b] 决策: select | 选笑话编号: 2
    [qwen3.6-27b] 决策: create | 选笑话编号: None
    [qwen3.6-27b] 决策: create | 选笑话编号: None

  Item完成: 耗时55.6s | 总耗时590.4min
  速率限制器状态: 可用令牌=960.0/960
  已保存中间结果 (379 条)

============================================================
处理 en_0480... (380/1375)
  质量组: high (4个候选笑话)
  质量组: medium (4个候选笑话)
  质量组: low (4个候选笑话)
  并发执行 3 个评估任务 (max_workers=3)...
    [路由] qwen3.6-27b -> DashScope API
    [路由] qwen3.6-27b -> DashScope API    [路由] qwen3.6-27b -> DashScope API

    [qwen3.6-27b] 决策: select | 选笑话编号: 4
    [qwen3.6-27b] 决策: select | 选笑话编号: 2
    [qwen3.6-27b] 决策: create | 选笑话编号: None

  Item完成: 耗时39.7s | 总耗时591.0min
  速率限制器状态: 可用令牌=960.0/960
  已保存中间结果 (380 条)

============================================================
处理 en_0481... (381/1375)
  质量组: high (4个候选笑话)
  质量组: medium (4个候选笑话)
  质量组: low (4个候选笑话)
  并发执行 3 个评估任务 (max_workers=3)...
    [路由] qwen3.6-27b -> DashScope API
    [路由] qwen3.6-27b -> DashScope API    [路由] qwen3.6-27b -> DashScope API

    [qwen3.6-27b] 决策: select | 选笑话编号: 2
    [qwen3.6-27b] 决策: select | 选笑话编号: 2
    [qwen3.6-27b] 决策: create | 选笑话编号: None

  Item完成: 耗时41.2s | 总耗时591.7min
  速率限制器状态: 可用令牌=960.0/960
  已保存中间结果 (381 条)

============================================================
处理 en_0482... (382/1375)
  质量组: high (4个候选笑话)
  质量组: medium (4个候选笑话)
  质量组: low (4个候选笑话)
  并发执行 3 个评估任务 (max_workers=3)...
    [路由] qwen3.6-27b -> DashScope API    [路由] qwen3.6-27b -> DashScope API

    [路由] qwen3.6-27b -> DashScope API
    [qwen3.6-27b] 决策: create | 选笑话编号: None
    [qwen3.6-27b] 决策: create | 选笑话编号: None
    [qwen3.6-27b] 决策: select | 选笑话编号: 2

  Item完成: 耗时98.2s | 总耗时593.4min
  速率限制器状态: 可用令牌=960.0/960
  已保存中间结果 (382 条)

============================================================
处理 en_0483... (383/1375)
  质量组: high (4个候选笑话)
  质量组: medium (4个候选笑话)
  质量组: low (4个候选笑话)
  并发执行 3 个评估任务 (max_workers=3)...
    [路由] qwen3.6-27b -> DashScope API
    [路由] qwen3.6-27b -> DashScope API    [路由] qwen3.6-27b -> DashScope API

    [qwen3.6-27b] 决策: select | 选笑话编号: 2
    [qwen3.6-27b] 决策: create | 选笑话编号: None
    [qwen3.6-27b] 决策: create | 选笑话编号: None

  Item完成: 耗时39.7s | 总耗时594.0min
  速率限制器状态: 可用令牌=960.0/960
  已保存中间结果 (383 条)

============================================================
处理 en_0484... (384/1375)
  质量组: high (4个候选笑话)
  质量组: medium (4个候选笑话)
  质量组: low (4个候选笑话)
  并发执行 3 个评估任务 (max_workers=3)...
    [路由] qwen3.6-27b -> DashScope API
    [路由] qwen3.6-27b -> DashScope API    [路由] qwen3.6-27b -> DashScope API

    [qwen3.6-27b] 决策: select | 选笑话编号: 2
    [qwen3.6-27b] 决策: create | 选笑话编号: None
    [qwen3.6-27b] 决策: create | 选笑话编号: None

  Item完成: 耗时65.4s | 总耗时595.1min
  速率限制器状态: 可用令牌=960.0/960
  已保存中间结果 (384 条)

============================================================
处理 en_0485... (385/1375)
  质量组: high (4个候选笑话)
  质量组: medium (4个候选笑话)
  质量组: low (4个候选笑话)
  并发执行 3 个评估任务 (max_workers=3)...
    [路由] qwen3.6-27b -> DashScope API    [路由] qwen3.6-27b -> DashScope API

    [路由] qwen3.6-27b -> DashScope API
    [qwen3.6-27b] 决策: select | 选笑话编号: 1
    [qwen3.6-27b] 决策: create | 选笑话编号: None
    [qwen3.6-27b] 决策: create | 选笑话编号: None

  Item完成: 耗时68.0s | 总耗时596.3min
  速率限制器状态: 可用令牌=960.0/960
  已保存中间结果 (385 条)

============================================================
处理 en_0486... (386/1375)
  质量组: high (4个候选笑话)
  质量组: medium (4个候选笑话)
  质量组: low (4个候选笑话)
  并发执行 3 个评估任务 (max_workers=3)...
    [路由] qwen3.6-27b -> DashScope API
    [路由] qwen3.6-27b -> DashScope API
    [路由] qwen3.6-27b -> DashScope API
    [qwen3.6-27b] 决策: select | 选笑话编号: 4
    [qwen3.6-27b] 决策: create | 选笑话编号: None
    [qwen3.6-27b] 决策: create | 选笑话编号: None

  Item完成: 耗时44.6s | 总耗时597.0min
  速率限制器状态: 可用令牌=960.0/960
  已保存中间结果 (386 条)

============================================================
处理 en_0487... (387/1375)
  质量组: high (4个候选笑话)
  质量组: medium (4个候选笑话)
  质量组: low (4个候选笑话)
  并发执行 3 个评估任务 (max_workers=3)...
    [路由] qwen3.6-27b -> DashScope API    [路由] qwen3.6-27b -> DashScope API

    [路由] qwen3.6-27b -> DashScope API
    [qwen3.6-27b] 决策: create | 选笑话编号: None
    [qwen3.6-27b] 决策: create | 选笑话编号: None
    [qwen3.6-27b] 决策: create | 选笑话编号: None

  Item完成: 耗时62.8s | 总耗时598.1min
  速率限制器状态: 可用令牌=960.0/960
  已保存中间结果 (387 条)

============================================================
处理 en_0488... (388/1375)
  质量组: high (4个候选笑话)
  质量组: medium (4个候选笑话)
  质量组: low (4个候选笑话)
  并发执行 3 个评估任务 (max_workers=3)...
    [路由] qwen3.6-27b -> DashScope API    [路由] qwen3.6-27b -> DashScope API

    [路由] qwen3.6-27b -> DashScope API
    [qwen3.6-27b] 决策: select | 选笑话编号: 4
    [qwen3.6-27b] 决策: select | 选笑话编号: 3
    [qwen3.6-27b] 决策: select | 选笑话编号: 4

  Item完成: 耗时58.4s | 总耗时599.0min
  速率限制器状态: 可用令牌=960.0/960
  已保存中间结果 (388 条)

============================================================
处理 en_0489... (389/1375)
  质量组: high (4个候选笑话)
  质量组: medium (4个候选笑话)
  质量组: low (4个候选笑话)
  并发执行 3 个评估任务 (max_workers=3)...
    [路由] qwen3.6-27b -> DashScope API    [路由] qwen3.6-27b -> DashScope API
    [路由] qwen3.6-27b -> DashScope API

    [qwen3.6-27b] 决策: select | 选笑话编号: 3
    [qwen3.6-27b] 决策: create | 选笑话编号: None
    [qwen3.6-27b] 决策: create | 选笑话编号: None

  Item完成: 耗时109.2s | 总耗时600.8min
  速率限制器状态: 可用令牌=960.0/960
  已保存中间结果 (389 条)

============================================================
处理 en_0490... (390/1375)
  质量组: high (4个候选笑话)
  质量组: medium (4个候选笑话)
  质量组: low (4个候选笑话)
  并发执行 3 个评估任务 (max_workers=3)...
    [路由] qwen3.6-27b -> DashScope API
    [路由] qwen3.6-27b -> DashScope API    [路由] qwen3.6-27b -> DashScope API

    [qwen3.6-27b] 决策: select | 选笑话编号: 3
    [qwen3.6-27b] 决策: select | 选笑话编号: 2
    [qwen3.6-27b] 决策: select | 选笑话编号: 2

  Item完成: 耗时34.0s | 总耗时601.4min
  速率限制器状态: 可用令牌=960.0/960
  已保存中间结果 (390 条)

============================================================
处理 en_0491... (391/1375)
  质量组: high (4个候选笑话)
  质量组: medium (4个候选笑话)
  质量组: low (4个候选笑话)
  并发执行 3 个评估任务 (max_workers=3)...
    [路由] qwen3.6-27b -> DashScope API    [路由] qwen3.6-27b -> DashScope API

    [路由] qwen3.6-27b -> DashScope API
    [qwen3.6-27b] 决策: select | 选笑话编号: 4
    [qwen3.6-27b] 决策: select | 选笑话编号: 4
    [qwen3.6-27b] 决策: create | 选笑话编号: None

  Item完成: 耗时30.2s | 总耗时601.9min
  速率限制器状态: 可用令牌=960.0/960
  已保存中间结果 (391 条)

============================================================
处理 en_0492... (392/1375)
  质量组: high (4个候选笑话)
  质量组: medium (4个候选笑话)
  质量组: low (4个候选笑话)
  并发执行 3 个评估任务 (max_workers=3)...
    [路由] qwen3.6-27b -> DashScope API
    [路由] qwen3.6-27b -> DashScope API    [路由] qwen3.6-27b -> DashScope API

    [qwen3.6-27b] 决策: select | 选笑话编号: 4
    [qwen3.6-27b] 决策: select | 选笑话编号: 3
    [qwen3.6-27b] 决策: select | 选笑话编号: 4

  Item完成: 耗时29.9s | 总耗时602.4min
  速率限制器状态: 可用令牌=960.0/960
  已保存中间结果 (392 条)

============================================================
处理 en_0493... (393/1375)
  质量组: high (4个候选笑话)
  质量组: medium (4个候选笑话)
  质量组: low (4个候选笑话)
  并发执行 3 个评估任务 (max_workers=3)...
    [路由] qwen3.6-27b -> DashScope API
    [路由] qwen3.6-27b -> DashScope API    [路由] qwen3.6-27b -> DashScope API

    [qwen3.6-27b] 决策: select | 选笑话编号: 4
    [qwen3.6-27b] 决策: select | 选笑话编号: 2
    [qwen3.6-27b] 决策: create | 选笑话编号: None

  Item完成: 耗时41.8s | 总耗时603.1min
  速率限制器状态: 可用令牌=960.0/960
  已保存中间结果 (393 条)

============================================================
处理 en_0494... (394/1375)
  质量组: high (4个候选笑话)
  质量组: medium (4个候选笑话)
  质量组: low (4个候选笑话)
  并发执行 3 个评估任务 (max_workers=3)...
    [路由] qwen3.6-27b -> DashScope API    [路由] qwen3.6-27b -> DashScope API

    [路由] qwen3.6-27b -> DashScope API
    [qwen3.6-27b] 决策: select | 选笑话编号: 2
    [qwen3.6-27b] 决策: select | 选笑话编号: 4
    [qwen3.6-27b] 决策: create | 选笑话编号: None

  Item完成: 耗时44.7s | 总耗时603.9min
  速率限制器状态: 可用令牌=960.0/960
  已保存中间结果 (394 条)

============================================================
处理 en_0495... (395/1375)
  质量组: high (4个候选笑话)
  质量组: medium (4个候选笑话)
  质量组: low (4个候选笑话)
  并发执行 3 个评估任务 (max_workers=3)...
    [路由] qwen3.6-27b -> DashScope API    [路由] qwen3.6-27b -> DashScope API
    [路由] qwen3.6-27b -> DashScope API

    [qwen3.6-27b] 决策: select | 选笑话编号: 2
    [qwen3.6-27b] 决策: select | 选笑话编号: 2
    [qwen3.6-27b] 决策: select | 选笑话编号: 2

  Item完成: 耗时23.7s | 总耗时604.3min
  速率限制器状态: 可用令牌=960.0/960
  已保存中间结果 (395 条)

============================================================
处理 en_0496... (396/1375)
  质量组: high (4个候选笑话)
  质量组: medium (4个候选笑话)
  质量组: low (4个候选笑话)
  并发执行 3 个评估任务 (max_workers=3)...
    [路由] qwen3.6-27b -> DashScope API    [路由] qwen3.6-27b -> DashScope API

    [路由] qwen3.6-27b -> DashScope API
    [qwen3.6-27b] 决策: select | 选笑话编号: 2
    [qwen3.6-27b] 决策: select | 选笑话编号: 4
    [qwen3.6-27b] 决策: create | 选笑话编号: None

  Item完成: 耗时36.5s | 总耗时604.9min
  速率限制器状态: 可用令牌=960.0/960
  已保存中间结果 (396 条)

============================================================
处理 en_0497... (397/1375)
  质量组: high (4个候选笑话)
  质量组: medium (4个候选笑话)
  质量组: low (4个候选笑话)
  并发执行 3 个评估任务 (max_workers=3)...
    [路由] qwen3.6-27b -> DashScope API
    [路由] qwen3.6-27b -> DashScope API
    [路由] qwen3.6-27b -> DashScope API
    [qwen3.6-27b] 决策: select | 选笑话编号: 4
    [qwen3.6-27b] 决策: create | 选笑话编号: None
    [API] 可重试异常: HTTPSConnectionPool(host='dashscope.aliyuncs.com', port=443): Read timed out. (read timeout=300), 等待2.2s后重试 (1/5), model=qwen3.6-27b
    [qwen3.6-27b] 决策: create | 选笑话编号: None

  Item完成: 耗时349.9s | 总耗时610.7min
  速率限制器状态: 可用令牌=960.0/960
  已保存中间结果 (397 条)

============================================================
处理 en_0498... (398/1375)
  质量组: high (4个候选笑话)
  质量组: medium (4个候选笑话)
  质量组: low (4个候选笑话)
  并发执行 3 个评估任务 (max_workers=3)...
    [路由] qwen3.6-27b -> DashScope API    [路由] qwen3.6-27b -> DashScope API
    [路由] qwen3.6-27b -> DashScope API

    [qwen3.6-27b] 决策: select | 选笑话编号: 2
    [qwen3.6-27b] 决策: select | 选笑话编号: 1
    [qwen3.6-27b] 决策: select | 选笑话编号: 2

  Item完成: 耗时29.4s | 总耗时611.2min
  速率限制器状态: 可用令牌=960.0/960
  已保存中间结果 (398 条)

============================================================
处理 en_0499... (399/1375)
  质量组: high (4个候选笑话)
  质量组: medium (4个候选笑话)
  质量组: low (4个候选笑话)
  并发执行 3 个评估任务 (max_workers=3)...
    [路由] qwen3.6-27b -> DashScope API
    [路由] qwen3.6-27b -> DashScope API    [路由] qwen3.6-27b -> DashScope API

    [qwen3.6-27b] 决策: create | 选笑话编号: None
    [qwen3.6-27b] 决策: select | 选笑话编号: 4
    [qwen3.6-27b] 决策: select | 选笑话编号: 3

  Item完成: 耗时64.2s | 总耗时612.3min
  速率限制器状态: 可用令牌=960.0/960
  已保存中间结果 (399 条)

============================================================
处理 en_0500... (400/1375)
  质量组: high (4个候选笑话)
  质量组: medium (4个候选笑话)
  质量组: low (4个候选笑话)
  并发执行 3 个评估任务 (max_workers=3)...
    [路由] qwen3.6-27b -> DashScope API    [路由] qwen3.6-27b -> DashScope API
    [路由] qwen3.6-27b -> DashScope API

    [qwen3.6-27b] 决策: select | 选笑话编号: 2
    [qwen3.6-27b] 决策: select | 选笑话编号: 4
    [qwen3.6-27b] 决策: create | 选笑话编号: None

  Item完成: 耗时49.5s | 总耗时613.1min
  速率限制器状态: 可用令牌=960.0/960
  已保存中间结果 (400 条)

============================================================
处理 en_0501... (401/1375)
  质量组: high (4个候选笑话)
  质量组: medium (4个候选笑话)
  质量组: low (4个候选笑话)
  并发执行 3 个评估任务 (max_workers=3)...
    [路由] qwen3.6-27b -> DashScope API    [路由] qwen3.6-27b -> DashScope API

    [路由] qwen3.6-27b -> DashScope API
    [qwen3.6-27b] 决策: create | 选笑话编号: None
    [qwen3.6-27b] 决策: select | 选笑话编号: 2
    [qwen3.6-27b] 决策: create | 选笑话编号: None

  Item完成: 耗时87.9s | 总耗时614.6min
  速率限制器状态: 可用令牌=960.0/960
  已保存中间结果 (401 条)

============================================================
处理 en_0502... (402/1375)
  质量组: high (4个候选笑话)
  质量组: medium (4个候选笑话)
  质量组: low (4个候选笑话)
  并发执行 3 个评估任务 (max_workers=3)...
    [路由] qwen3.6-27b -> DashScope API    [路由] qwen3.6-27b -> DashScope API

    [路由] qwen3.6-27b -> DashScope API
    [qwen3.6-27b] 决策: select | 选笑话编号: 4
    [qwen3.6-27b] 决策: select | 选笑话编号: 2
    [qwen3.6-27b] 决策: create | 选笑话编号: None

  Item完成: 耗时43.8s | 总耗时615.3min
  速率限制器状态: 可用令牌=960.0/960
  已保存中间结果 (402 条)

============================================================
处理 en_0503... (403/1375)
  质量组: high (4个候选笑话)
  质量组: medium (4个候选笑话)
  质量组: low (4个候选笑话)
  并发执行 3 个评估任务 (max_workers=3)...
    [路由] qwen3.6-27b -> DashScope API
    [路由] qwen3.6-27b -> DashScope API    [路由] qwen3.6-27b -> DashScope API

    [qwen3.6-27b] 决策: select | 选笑话编号: 1
    [qwen3.6-27b] 决策: create | 选笑话编号: None
    [qwen3.6-27b] 决策: create | 选笑话编号: None

  Item完成: 耗时66.9s | 总耗时616.4min
  速率限制器状态: 可用令牌=960.0/960
  已保存中间结果 (403 条)

============================================================
处理 en_0504... (404/1375)
  质量组: high (4个候选笑话)
  质量组: medium (4个候选笑话)
  质量组: low (4个候选笑话)
  并发执行 3 个评估任务 (max_workers=3)...
    [路由] qwen3.6-27b -> DashScope API
    [路由] qwen3.6-27b -> DashScope API    [路由] qwen3.6-27b -> DashScope API

    [qwen3.6-27b] 决策: select | 选笑话编号: 4
    [qwen3.6-27b] 决策: select | 选笑话编号: 2
    [qwen3.6-27b] 决策: create | 选笑话编号: None

  Item完成: 耗时69.0s | 总耗时617.6min
  速率限制器状态: 可用令牌=960.0/960
  已保存中间结果 (404 条)

============================================================
处理 en_0505... (405/1375)
  质量组: high (4个候选笑话)
  质量组: medium (4个候选笑话)
  质量组: low (4个候选笑话)
  并发执行 3 个评估任务 (max_workers=3)...
    [路由] qwen3.6-27b -> DashScope API
    [路由] qwen3.6-27b -> DashScope API    [路由] qwen3.6-27b -> DashScope API

    [qwen3.6-27b] 决策: select | 选笑话编号: 3
    [qwen3.6-27b] 决策: select | 选笑话编号: 3
    [qwen3.6-27b] 决策: select | 选笑话编号: 2

  Item完成: 耗时23.3s | 总耗时618.0min
  速率限制器状态: 可用令牌=960.0/960
  已保存中间结果 (405 条)

============================================================
处理 en_0506... (406/1375)
  质量组: high (4个候选笑话)
  质量组: medium (4个候选笑话)
  质量组: low (4个候选笑话)
  并发执行 3 个评估任务 (max_workers=3)...
    [路由] qwen3.6-27b -> DashScope API    [路由] qwen3.6-27b -> DashScope API

    [路由] qwen3.6-27b -> DashScope API
    [qwen3.6-27b] 决策: select | 选笑话编号: 4
    [qwen3.6-27b] 决策: select | 选笑话编号: 3
    [qwen3.6-27b] 决策: create | 选笑话编号: None

  Item完成: 耗时54.9s | 总耗时618.9min
  速率限制器状态: 可用令牌=960.0/960
  已保存中间结果 (406 条)

============================================================
处理 en_0507... (407/1375)
  质量组: high (4个候选笑话)
  质量组: medium (4个候选笑话)
  质量组: low (4个候选笑话)
  并发执行 3 个评估任务 (max_workers=3)...
    [路由] qwen3.6-27b -> DashScope API    [路由] qwen3.6-27b -> DashScope API
    [路由] qwen3.6-27b -> DashScope API

    [qwen3.6-27b] 决策: select | 选笑话编号: 2
    [qwen3.6-27b] 决策: create | 选笑话编号: None
    [qwen3.6-27b] 决策: create | 选笑话编号: None

  Item完成: 耗时41.6s | 总耗时619.6min
  速率限制器状态: 可用令牌=960.0/960
  已保存中间结果 (407 条)

============================================================
处理 en_0508... (408/1375)
  质量组: high (4个候选笑话)
  质量组: medium (4个候选笑话)
  质量组: low (4个候选笑话)
  并发执行 3 个评估任务 (max_workers=3)...
    [路由] qwen3.6-27b -> DashScope API    [路由] qwen3.6-27b -> DashScope API

    [路由] qwen3.6-27b -> DashScope API
    [qwen3.6-27b] 决策: select | 选笑话编号: 2
    [qwen3.6-27b] 决策: create | 选笑话编号: None
    [qwen3.6-27b] 决策: create | 选笑话编号: None

  Item完成: 耗时85.8s | 总耗时621.0min
  速率限制器状态: 可用令牌=960.0/960
  已保存中间结果 (408 条)

============================================================
处理 en_0509... (409/1375)
  质量组: high (4个候选笑话)
  质量组: medium (4个候选笑话)
  质量组: low (4个候选笑话)
  并发执行 3 个评估任务 (max_workers=3)...
    [路由] qwen3.6-27b -> DashScope API
    [路由] qwen3.6-27b -> DashScope API
    [路由] qwen3.6-27b -> DashScope API
    [qwen3.6-27b] 决策: select | 选笑话编号: 1
    [qwen3.6-27b] 决策: create | 选笑话编号: None
    [qwen3.6-27b] 决策: create | 选笑话编号: None

  Item完成: 耗时33.7s | 总耗时621.6min
  速率限制器状态: 可用令牌=960.0/960
  已保存中间结果 (409 条)

============================================================
处理 en_0510... (410/1375)
  质量组: high (4个候选笑话)
  质量组: medium (4个候选笑话)
  质量组: low (4个候选笑话)
  并发执行 3 个评估任务 (max_workers=3)...
    [路由] qwen3.6-27b -> DashScope API    [路由] qwen3.6-27b -> DashScope API

    [路由] qwen3.6-27b -> DashScope API
    [qwen3.6-27b] 决策: select | 选笑话编号: 2
    [qwen3.6-27b] 决策: create | 选笑话编号: None
    [qwen3.6-27b] 决策: select | 选笑话编号: 4

  Item完成: 耗时90.1s | 总耗时623.1min
  速率限制器状态: 可用令牌=960.0/960
  已保存中间结果 (410 条)

============================================================
处理 en_0511... (411/1375)
  质量组: high (4个候选笑话)
  质量组: medium (4个候选笑话)
  质量组: low (4个候选笑话)
  并发执行 3 个评估任务 (max_workers=3)...
    [路由] qwen3.6-27b -> DashScope API    [路由] qwen3.6-27b -> DashScope API

    [路由] qwen3.6-27b -> DashScope API
    [qwen3.6-27b] 决策: select | 选笑话编号: 1
    [qwen3.6-27b] 决策: select | 选笑话编号: 2
    [qwen3.6-27b] 决策: create | 选笑话编号: None

  Item完成: 耗时76.9s | 总耗时624.4min
  速率限制器状态: 可用令牌=960.0/960
  已保存中间结果 (411 条)

============================================================
处理 en_0512... (412/1375)
  质量组: high (4个候选笑话)
  质量组: medium (4个候选笑话)
  质量组: low (4个候选笑话)
  并发执行 3 个评估任务 (max_workers=3)...
    [路由] qwen3.6-27b -> DashScope API
    [路由] qwen3.6-27b -> DashScope API    [路由] qwen3.6-27b -> DashScope API

    [qwen3.6-27b] 决策: select | 选笑话编号: 2
    [qwen3.6-27b] 决策: select | 选笑话编号: 4
    [qwen3.6-27b] 决策: create | 选笑话编号: None

  Item完成: 耗时68.0s | 总耗时625.5min
  速率限制器状态: 可用令牌=960.0/960
  已保存中间结果 (412 条)

============================================================
处理 en_0513... (413/1375)
  质量组: high (4个候选笑话)
  质量组: medium (4个候选笑话)
  质量组: low (4个候选笑话)
  并发执行 3 个评估任务 (max_workers=3)...
    [路由] qwen3.6-27b -> DashScope API
    [路由] qwen3.6-27b -> DashScope API    [路由] qwen3.6-27b -> DashScope API

    [qwen3.6-27b] 决策: select | 选笑话编号: 1
    [qwen3.6-27b] 决策: select | 选笑话编号: 4
    [qwen3.6-27b] 决策: create | 选笑话编号: None

  Item完成: 耗时56.3s | 总耗时626.4min
  速率限制器状态: 可用令牌=960.0/960
  已保存中间结果 (413 条)

============================================================
处理 en_0514... (414/1375)
  质量组: high (4个候选笑话)
  质量组: medium (4个候选笑话)
  质量组: low (4个候选笑话)
  并发执行 3 个评估任务 (max_workers=3)...
    [路由] qwen3.6-27b -> DashScope API    [路由] qwen3.6-27b -> DashScope API
    [路由] qwen3.6-27b -> DashScope API

    [qwen3.6-27b] 决策: select | 选笑话编号: 3
    [qwen3.6-27b] 决策: create | 选笑话编号: None
    [qwen3.6-27b] 决策: create | 选笑话编号: None

  Item完成: 耗时51.2s | 总耗时627.3min
  速率限制器状态: 可用令牌=960.0/960
  已保存中间结果 (414 条)

============================================================
处理 en_0515... (415/1375)
  质量组: high (4个候选笑话)
  质量组: medium (4个候选笑话)
  质量组: low (4个候选笑话)
  并发执行 3 个评估任务 (max_workers=3)...
    [路由] qwen3.6-27b -> DashScope API    [路由] qwen3.6-27b -> DashScope API

    [路由] qwen3.6-27b -> DashScope API
    [qwen3.6-27b] 决策: select | 选笑话编号: 4
    [qwen3.6-27b] 决策: select | 选笑话编号: 3
    [qwen3.6-27b] 决策: create | 选笑话编号: None

  Item完成: 耗时51.5s | 总耗时628.2min
  速率限制器状态: 可用令牌=960.0/960
  已保存中间结果 (415 条)

============================================================
处理 en_0516... (416/1375)
  质量组: high (4个候选笑话)
  质量组: medium (4个候选笑话)
  质量组: low (4个候选笑话)
  并发执行 3 个评估任务 (max_workers=3)...
    [路由] qwen3.6-27b -> DashScope API
    [路由] qwen3.6-27b -> DashScope API
    [路由] qwen3.6-27b -> DashScope API
    [qwen3.6-27b] 决策: select | 选笑话编号: 2
    [qwen3.6-27b] 决策: select | 选笑话编号: 3
    [qwen3.6-27b] 决策: create | 选笑话编号: None

  Item完成: 耗时43.6s | 总耗时628.9min
  速率限制器状态: 可用令牌=960.0/960
  已保存中间结果 (416 条)

============================================================
处理 en_0517... (417/1375)
  质量组: high (4个候选笑话)
  质量组: medium (4个候选笑话)
  质量组: low (4个候选笑话)
  并发执行 3 个评估任务 (max_workers=3)...
    [路由] qwen3.6-27b -> DashScope API    [路由] qwen3.6-27b -> DashScope API
    [路由] qwen3.6-27b -> DashScope API

    [qwen3.6-27b] 决策: select | 选笑话编号: 2
    [qwen3.6-27b] 决策: select | 选笑话编号: 3
    [qwen3.6-27b] 决策: select | 选笑话编号: 4

  Item完成: 耗时55.7s | 总耗时629.8min
  速率限制器状态: 可用令牌=960.0/960
  已保存中间结果 (417 条)

============================================================
处理 en_0518... (418/1375)
  质量组: high (4个候选笑话)
  质量组: medium (4个候选笑话)
  质量组: low (4个候选笑话)
  并发执行 3 个评估任务 (max_workers=3)...
    [路由] qwen3.6-27b -> DashScope API    [路由] qwen3.6-27b -> DashScope API

    [路由] qwen3.6-27b -> DashScope API
    [qwen3.6-27b] 决策: select | 选笑话编号: 2
    [qwen3.6-27b] 决策: create | 选笑话编号: None
    [qwen3.6-27b] 决策: create | 选笑话编号: None

  Item完成: 耗时84.8s | 总耗时631.2min
  速率限制器状态: 可用令牌=960.0/960
  已保存中间结果 (418 条)

============================================================
处理 en_0519... (419/1375)
  质量组: high (4个候选笑话)
  质量组: medium (4个候选笑话)
  质量组: low (4个候选笑话)
  并发执行 3 个评估任务 (max_workers=3)...
    [路由] qwen3.6-27b -> DashScope API    [路由] qwen3.6-27b -> DashScope API

    [路由] qwen3.6-27b -> DashScope API
    [qwen3.6-27b] 决策: select | 选笑话编号: 2
    [qwen3.6-27b] 决策: create | 选笑话编号: None
    [qwen3.6-27b] 决策: create | 选笑话编号: None

  Item完成: 耗时68.7s | 总耗时632.4min
  速率限制器状态: 可用令牌=960.0/960
  已保存中间结果 (419 条)

============================================================
处理 en_0520... (420/1375)
  质量组: high (4个候选笑话)
  质量组: medium (4个候选笑话)
  质量组: low (4个候选笑话)
  并发执行 3 个评估任务 (max_workers=3)...
    [路由] qwen3.6-27b -> DashScope API
    [路由] qwen3.6-27b -> DashScope API
    [路由] qwen3.6-27b -> DashScope API
    [qwen3.6-27b] 决策: create | 选笑话编号: None
    [qwen3.6-27b] 决策: create | 选笑话编号: None
    [qwen3.6-27b] 决策: create | 选笑话编号: None

  Item完成: 耗时115.7s | 总耗时634.3min
  速率限制器状态: 可用令牌=960.0/960
  已保存中间结果 (420 条)

============================================================
处理 en_0521... (421/1375)
  质量组: high (4个候选笑话)
  质量组: medium (4个候选笑话)
  质量组: low (4个候选笑话)
  并发执行 3 个评估任务 (max_workers=3)...
    [路由] qwen3.6-27b -> DashScope API    [路由] qwen3.6-27b -> DashScope API
    [路由] qwen3.6-27b -> DashScope API

    [qwen3.6-27b] 决策: select | 选笑话编号: 2
    [qwen3.6-27b] 决策: create | 选笑话编号: None
    [qwen3.6-27b] 决策: create | 选笑话编号: None

  Item完成: 耗时32.3s | 总耗时634.8min
  速率限制器状态: 可用令牌=960.0/960
  已保存中间结果 (421 条)

============================================================
处理 en_0522... (422/1375)
  质量组: high (4个候选笑话)
  质量组: medium (4个候选笑话)
  质量组: low (4个候选笑话)
  并发执行 3 个评估任务 (max_workers=3)...
    [路由] qwen3.6-27b -> DashScope API    [路由] qwen3.6-27b -> DashScope API

    [路由] qwen3.6-27b -> DashScope API
    [qwen3.6-27b] 决策: select | 选笑话编号: 4
    [qwen3.6-27b] 决策: select | 选笑话编号: 4
    [API] 可重试异常: HTTPSConnectionPool(host='dashscope.aliyuncs.com', port=443): Read timed out. (read timeout=300), 等待1.6s后重试 (1/5), model=qwen3.6-27b
    [qwen3.6-27b] 决策: create | 选笑话编号: None

  Item完成: 耗时332.4s | 总耗时640.4min
  速率限制器状态: 可用令牌=960.0/960
  已保存中间结果 (422 条)

============================================================
处理 en_0523... (423/1375)
  质量组: high (4个候选笑话)
  质量组: medium (4个候选笑话)
  质量组: low (4个候选笑话)
  并发执行 3 个评估任务 (max_workers=3)...
    [路由] qwen3.6-27b -> DashScope API    [路由] qwen3.6-27b -> DashScope API
    [路由] qwen3.6-27b -> DashScope API

    [qwen3.6-27b] 决策: select | 选笑话编号: 3
    [qwen3.6-27b] 决策: select | 选笑话编号: 3
    [qwen3.6-27b] 决策: create | 选笑话编号: None

  Item完成: 耗时63.5s | 总耗时641.4min
  速率限制器状态: 可用令牌=960.0/960
  已保存中间结果 (423 条)

============================================================
处理 en_0524... (424/1375)
  质量组: high (4个候选笑话)
  质量组: medium (4个候选笑话)
  质量组: low (4个候选笑话)
  并发执行 3 个评估任务 (max_workers=3)...
    [路由] qwen3.6-27b -> DashScope API
    [路由] qwen3.6-27b -> DashScope API    [路由] qwen3.6-27b -> DashScope API

    [qwen3.6-27b] 决策: select | 选笑话编号: 3
    [qwen3.6-27b] 决策: create | 选笑话编号: None
    [qwen3.6-27b] 决策: create | 选笑话编号: None

  Item完成: 耗时45.1s | 总耗时642.2min
  速率限制器状态: 可用令牌=960.0/960
  已保存中间结果 (424 条)

============================================================
处理 en_0525... (425/1375)
  质量组: high (4个候选笑话)
  质量组: medium (4个候选笑话)
  质量组: low (4个候选笑话)
  并发执行 3 个评估任务 (max_workers=3)...
    [路由] qwen3.6-27b -> DashScope API
    [路由] qwen3.6-27b -> DashScope API    [路由] qwen3.6-27b -> DashScope API

    [qwen3.6-27b] 决策: select | 选笑话编号: 1
    [qwen3.6-27b] 决策: create | 选笑话编号: None
    [qwen3.6-27b] 决策: create | 选笑话编号: None

  Item完成: 耗时82.2s | 总耗时643.6min
  速率限制器状态: 可用令牌=960.0/960
  已保存中间结果 (425 条)

============================================================
处理 en_0526... (426/1375)
  质量组: high (4个候选笑话)
  质量组: medium (4个候选笑话)
  质量组: low (4个候选笑话)
  并发执行 3 个评估任务 (max_workers=3)...
    [路由] qwen3.6-27b -> DashScope API    [路由] qwen3.6-27b -> DashScope API
    [路由] qwen3.6-27b -> DashScope API

    [qwen3.6-27b] 决策: create | 选笑话编号: None
    [qwen3.6-27b] 决策: select | 选笑话编号: 1
    [qwen3.6-27b] 决策: create | 选笑话编号: None

  Item完成: 耗时49.9s | 总耗时644.4min
  速率限制器状态: 可用令牌=960.0/960
  已保存中间结果 (426 条)

============================================================
处理 en_0527... (427/1375)
  质量组: high (4个候选笑话)
  质量组: medium (4个候选笑话)
  质量组: low (4个候选笑话)
  并发执行 3 个评估任务 (max_workers=3)...
    [路由] qwen3.6-27b -> DashScope API    [路由] qwen3.6-27b -> DashScope API

    [路由] qwen3.6-27b -> DashScope API
    [qwen3.6-27b] 决策: select | 选笑话编号: 3
    [qwen3.6-27b] 决策: select | 选笑话编号: 2
    [qwen3.6-27b] 决策: create | 选笑话编号: None

  Item完成: 耗时49.2s | 总耗时645.2min
  速率限制器状态: 可用令牌=960.0/960
  已保存中间结果 (427 条)

============================================================
处理 en_0528... (428/1375)
  质量组: high (4个候选笑话)
  质量组: medium (4个候选笑话)
  质量组: low (4个候选笑话)
  并发执行 3 个评估任务 (max_workers=3)...
    [路由] qwen3.6-27b -> DashScope API
    [路由] qwen3.6-27b -> DashScope API
    [路由] qwen3.6-27b -> DashScope API
    [qwen3.6-27b] 决策: select | 选笑话编号: 2
    [qwen3.6-27b] 决策: select | 选笑话编号: 4
    [qwen3.6-27b] 决策: create | 选笑话编号: None

  Item完成: 耗时49.3s | 总耗时646.1min
  速率限制器状态: 可用令牌=960.0/960
  已保存中间结果 (428 条)

============================================================
处理 en_0529... (429/1375)
  质量组: high (4个候选笑话)
  质量组: medium (4个候选笑话)
  质量组: low (4个候选笑话)
  并发执行 3 个评估任务 (max_workers=3)...
    [路由] qwen3.6-27b -> DashScope API
    [路由] qwen3.6-27b -> DashScope API    [路由] qwen3.6-27b -> DashScope API

    [qwen3.6-27b] 决策: create | 选笑话编号: None
    [qwen3.6-27b] 决策: create | 选笑话编号: None
    [qwen3.6-27b] 决策: create | 选笑话编号: None

  Item完成: 耗时43.6s | 总耗时646.8min
  速率限制器状态: 可用令牌=960.0/960
  已保存中间结果 (429 条)

============================================================
处理 en_0530... (430/1375)
  质量组: high (4个候选笑话)
  质量组: medium (4个候选笑话)
  质量组: low (4个候选笑话)
  并发执行 3 个评估任务 (max_workers=3)...
    [路由] qwen3.6-27b -> DashScope API
    [路由] qwen3.6-27b -> DashScope API
    [路由] qwen3.6-27b -> DashScope API
    [qwen3.6-27b] 决策: select | 选笑话编号: 1
    [qwen3.6-27b] 决策: select | 选笑话编号: 2
    [qwen3.6-27b] 决策: create | 选笑话编号: None

  Item完成: 耗时56.9s | 总耗时647.7min
  速率限制器状态: 可用令牌=960.0/960
  已保存中间结果 (430 条)

============================================================
处理 en_0531... (431/1375)
  质量组: high (4个候选笑话)
  质量组: medium (4个候选笑话)
  质量组: low (4个候选笑话)
  并发执行 3 个评估任务 (max_workers=3)...
    [路由] qwen3.6-27b -> DashScope API
    [路由] qwen3.6-27b -> DashScope API
    [路由] qwen3.6-27b -> DashScope API
    [qwen3.6-27b] 决策: create | 选笑话编号: None
    [qwen3.6-27b] 决策: select | 选笑话编号: 1
    [qwen3.6-27b] 决策: select | 选笑话编号: 1

  Item完成: 耗时89.5s | 总耗时649.2min
  速率限制器状态: 可用令牌=960.0/960
  已保存中间结果 (431 条)

============================================================
处理 en_0532... (432/1375)
  质量组: high (4个候选笑话)
  质量组: medium (4个候选笑话)
  质量组: low (4个候选笑话)
  并发执行 3 个评估任务 (max_workers=3)...
    [路由] qwen3.6-27b -> DashScope API
    [路由] qwen3.6-27b -> DashScope API    [路由] qwen3.6-27b -> DashScope API

    [qwen3.6-27b] 决策: create | 选笑话编号: None
    [API] 可重试异常: HTTPSConnectionPool(host='dashscope.aliyuncs.com', port=443): Read timed out. (read timeout=300), 等待2.3s后重试 (1/5), model=qwen3.6-27b
    [API] 可重试异常: HTTPSConnectionPool(host='dashscope.aliyuncs.com', port=443): Read timed out. (read timeout=300), 等待2.4s后重试 (1/5), model=qwen3.6-27b
    [qwen3.6-27b] 决策: create | 选笑话编号: None
    [qwen3.6-27b] 决策: create | 选笑话编号: None

  Item完成: 耗时349.1s | 总耗时655.0min
  速率限制器状态: 可用令牌=960.0/960
  已保存中间结果 (432 条)

============================================================
处理 en_0533... (433/1375)
  质量组: high (4个候选笑话)
  质量组: medium (4个候选笑话)
  质量组: low (4个候选笑话)
  并发执行 3 个评估任务 (max_workers=3)...
    [路由] qwen3.6-27b -> DashScope API
    [路由] qwen3.6-27b -> DashScope API
    [路由] qwen3.6-27b -> DashScope API
    [qwen3.6-27b] 决策: select | 选笑话编号: 2
    [API] JSON解析失败: JSON解析失败: Extra data: line 7 column 1 (char 533), model=qwen3.6-27b
    [qwen3.6-27b] 决策:  | 选笑话编号: ?
    [qwen3.6-27b] 决策: create | 选笑话编号: None

  Item完成: 耗时61.3s | 总耗时656.1min
  速率限制器状态: 可用令牌=960.0/960
  已保存中间结果 (433 条)

============================================================
处理 en_0534... (434/1375)
  质量组: high (4个候选笑话)
  质量组: medium (4个候选笑话)
  质量组: low (4个候选笑话)
  并发执行 3 个评估任务 (max_workers=3)...
    [路由] qwen3.6-27b -> DashScope API    [路由] qwen3.6-27b -> DashScope API

    [路由] qwen3.6-27b -> DashScope API
    [qwen3.6-27b] 决策: select | 选笑话编号: 4
    [qwen3.6-27b] 决策: select | 选笑话编号: 1
    [qwen3.6-27b] 决策: create | 选笑话编号: None

  Item完成: 耗时46.0s | 总耗时656.8min
  速率限制器状态: 可用令牌=960.0/960
  已保存中间结果 (434 条)

============================================================
处理 en_0535... (435/1375)
  质量组: high (4个候选笑话)
  质量组: medium (4个候选笑话)
  质量组: low (4个候选笑话)
  并发执行 3 个评估任务 (max_workers=3)...
    [路由] qwen3.6-27b -> DashScope API
    [路由] qwen3.6-27b -> DashScope API
    [路由] qwen3.6-27b -> DashScope API
    [qwen3.6-27b] 决策: create | 选笑话编号: None
    [qwen3.6-27b] 决策: create | 选笑话编号: None
    [qwen3.6-27b] 决策: create | 选笑话编号: None

  Item完成: 耗时64.6s | 总耗时657.9min
  速率限制器状态: 可用令牌=960.0/960
  已保存中间结果 (435 条)

============================================================
处理 en_0536... (436/1375)
  质量组: high (4个候选笑话)
  质量组: medium (4个候选笑话)
  质量组: low (4个候选笑话)
  并发执行 3 个评估任务 (max_workers=3)...
    [路由] qwen3.6-27b -> DashScope API    [路由] qwen3.6-27b -> DashScope API
    [路由] qwen3.6-27b -> DashScope API

    [qwen3.6-27b] 决策: select | 选笑话编号: 2
    [qwen3.6-27b] 决策: select | 选笑话编号: 4
    [qwen3.6-27b] 决策: create | 选笑话编号: None

  Item完成: 耗时107.5s | 总耗时659.7min
  速率限制器状态: 可用令牌=960.0/960
  已保存中间结果 (436 条)

============================================================
处理 en_0537... (437/1375)
  质量组: high (4个候选笑话)
  质量组: medium (4个候选笑话)
  质量组: low (4个候选笑话)
  并发执行 3 个评估任务 (max_workers=3)...
    [路由] qwen3.6-27b -> DashScope API
    [路由] qwen3.6-27b -> DashScope API
    [路由] qwen3.6-27b -> DashScope API
    [qwen3.6-27b] 决策: select | 选笑话编号: 3
    [qwen3.6-27b] 决策: select | 选笑话编号: 4
    [qwen3.6-27b] 决策: create | 选笑话编号: None

  Item完成: 耗时45.9s | 总耗时660.5min
  速率限制器状态: 可用令牌=960.0/960
  已保存中间结果 (437 条)

============================================================
处理 en_0538... (438/1375)
  质量组: high (4个候选笑话)
  质量组: medium (4个候选笑话)
  质量组: low (4个候选笑话)
  并发执行 3 个评估任务 (max_workers=3)...
    [路由] qwen3.6-27b -> DashScope API    [路由] qwen3.6-27b -> DashScope API
    [路由] qwen3.6-27b -> DashScope API

    [qwen3.6-27b] 决策: select | 选笑话编号: 4
    [qwen3.6-27b] 决策: select | 选笑话编号: 3
    [API] 可重试异常: HTTPSConnectionPool(host='dashscope.aliyuncs.com', port=443): Read timed out. (read timeout=300), 等待1.8s后重试 (1/5), model=qwen3.6-27b
    [API] 可重试异常: HTTPSConnectionPool(host='dashscope.aliyuncs.com', port=443): Read timed out. (read timeout=300), 等待3.6s后重试 (2/5), model=qwen3.6-27b
    [API] 可重试异常: HTTPSConnectionPool(host='dashscope.aliyuncs.com', port=443): Read timed out. (read timeout=300), 等待6.2s后重试 (3/5), model=qwen3.6-27b
    [qwen3.6-27b] 决策: create | 选笑话编号: None

  Item完成: 耗时964.0s | 总耗时676.5min
  速率限制器状态: 可用令牌=960.0/960
  已保存中间结果 (438 条)

============================================================
处理 en_0539... (439/1375)
  质量组: high (4个候选笑话)
  质量组: medium (4个候选笑话)
  质量组: low (4个候选笑话)
  并发执行 3 个评估任务 (max_workers=3)...
    [路由] qwen3.6-27b -> DashScope API    [路由] qwen3.6-27b -> DashScope API

    [路由] qwen3.6-27b -> DashScope API
    [qwen3.6-27b] 决策: select | 选笑话编号: 3
    [qwen3.6-27b] 决策: create | 选笑话编号: None
    [qwen3.6-27b] 决策: create | 选笑话编号: None

  Item完成: 耗时63.2s | 总耗时677.6min
  速率限制器状态: 可用令牌=960.0/960
  已保存中间结果 (439 条)

============================================================
处理 en_0540... (440/1375)
  质量组: high (4个候选笑话)
  质量组: medium (4个候选笑话)
  质量组: low (4个候选笑话)
  并发执行 3 个评估任务 (max_workers=3)...
    [路由] qwen3.6-27b -> DashScope API
    [路由] qwen3.6-27b -> DashScope API
    [路由] qwen3.6-27b -> DashScope API
    [qwen3.6-27b] 决策: select | 选笑话编号: 1
    [qwen3.6-27b] 决策: create | 选笑话编号: None
    [qwen3.6-27b] 决策: create | 选笑话编号: None

  Item完成: 耗时72.6s | 总耗时678.8min
  速率限制器状态: 可用令牌=960.0/960
  已保存中间结果 (440 条)

============================================================
处理 en_0541... (441/1375)
  质量组: high (4个候选笑话)
  质量组: medium (4个候选笑话)
  质量组: low (4个候选笑话)
  并发执行 3 个评估任务 (max_workers=3)...
    [路由] qwen3.6-27b -> DashScope API
    [路由] qwen3.6-27b -> DashScope API    [路由] qwen3.6-27b -> DashScope API

    [qwen3.6-27b] 决策: select | 选笑话编号: 2
    [qwen3.6-27b] 决策: select | 选笑话编号: 3
    [qwen3.6-27b] 决策: select | 选笑话编号: 3

  Item完成: 耗时24.6s | 总耗时679.2min
  速率限制器状态: 可用令牌=960.0/960
  已保存中间结果 (441 条)

============================================================
处理 en_0542... (442/1375)
  质量组: high (4个候选笑话)
  质量组: medium (4个候选笑话)
  质量组: low (4个候选笑话)
  并发执行 3 个评估任务 (max_workers=3)...
    [路由] qwen3.6-27b -> DashScope API
    [路由] qwen3.6-27b -> DashScope API
    [路由] qwen3.6-27b -> DashScope API
    [API] JSON解析失败: JSON解析失败: Expecting ',' delimiter: line 4 column 103 (char 157), model=qwen3.6-27b
    [qwen3.6-27b] 决策:  | 选笑话编号: ?
    [qwen3.6-27b] 决策: create | 选笑话编号: None
    [qwen3.6-27b] 决策: create | 选笑话编号: None

  Item完成: 耗时72.5s | 总耗时680.4min
  速率限制器状态: 可用令牌=960.0/960
  已保存中间结果 (442 条)

============================================================
处理 en_0543... (443/1375)
  质量组: high (4个候选笑话)
  质量组: medium (4个候选笑话)
  质量组: low (4个候选笑话)
  并发执行 3 个评估任务 (max_workers=3)...
    [路由] qwen3.6-27b -> DashScope API
    [路由] qwen3.6-27b -> DashScope API    [路由] qwen3.6-27b -> DashScope API

    [qwen3.6-27b] 决策: select | 选笑话编号: 2
    [qwen3.6-27b] 决策: create | 选笑话编号: None
    [qwen3.6-27b] 决策: select | 选笑话编号: 3

  Item完成: 耗时111.3s | 总耗时682.3min
  速率限制器状态: 可用令牌=960.0/960
  已保存中间结果 (443 条)

============================================================
处理 en_0544... (444/1375)
  质量组: high (4个候选笑话)
  质量组: medium (4个候选笑话)
  质量组: low (4个候选笑话)
  并发执行 3 个评估任务 (max_workers=3)...
    [路由] qwen3.6-27b -> DashScope API    [路由] qwen3.6-27b -> DashScope API
    [路由] qwen3.6-27b -> DashScope API

    [qwen3.6-27b] 决策: create | 选笑话编号: None
    [qwen3.6-27b] 决策: create | 选笑话编号: None
    [qwen3.6-27b] 决策: create | 选笑话编号: None

  Item完成: 耗时55.2s | 总耗时683.2min
  速率限制器状态: 可用令牌=960.0/960
  已保存中间结果 (444 条)

============================================================
处理 en_0545... (445/1375)
  质量组: high (4个候选笑话)
  质量组: medium (4个候选笑话)
  质量组: low (4个候选笑话)
  并发执行 3 个评估任务 (max_workers=3)...
    [路由] qwen3.6-27b -> DashScope API    [路由] qwen3.6-27b -> DashScope API

    [路由] qwen3.6-27b -> DashScope API
    [qwen3.6-27b] 决策: create | 选笑话编号: None
    [qwen3.6-27b] 决策: create | 选笑话编号: None
    [API] 可重试异常: HTTPSConnectionPool(host='dashscope.aliyuncs.com', port=443): Read timed out. (read timeout=300), 等待1.8s后重试 (1/5), model=qwen3.6-27b
    [qwen3.6-27b] 决策: create | 选笑话编号: None

  Item完成: 耗时361.7s | 总耗时689.2min
  速率限制器状态: 可用令牌=960.0/960
  已保存中间结果 (445 条)

============================================================
处理 en_0546... (446/1375)
  质量组: high (4个候选笑话)
  质量组: medium (4个候选笑话)
  质量组: low (4个候选笑话)
  并发执行 3 个评估任务 (max_workers=3)...
    [路由] qwen3.6-27b -> DashScope API
    [路由] qwen3.6-27b -> DashScope API    [路由] qwen3.6-27b -> DashScope API

    [qwen3.6-27b] 决策: select | 选笑话编号: 3
    [qwen3.6-27b] 决策: select | 选笑话编号: 2
    [qwen3.6-27b] 决策: create | 选笑话编号: None

  Item完成: 耗时39.1s | 总耗时689.9min
  速率限制器状态: 可用令牌=960.0/960
  已保存中间结果 (446 条)

============================================================
处理 en_0547... (447/1375)
  质量组: high (4个候选笑话)
  质量组: medium (4个候选笑话)
  质量组: low (4个候选笑话)
  并发执行 3 个评估任务 (max_workers=3)...
    [路由] qwen3.6-27b -> DashScope API    [路由] qwen3.6-27b -> DashScope API
    [路由] qwen3.6-27b -> DashScope API

    [qwen3.6-27b] 决策: select | 选笑话编号: 1
    [qwen3.6-27b] 决策: select | 选笑话编号: 1
    [qwen3.6-27b] 决策: select | 选笑话编号: 1

  Item完成: 耗时67.7s | 总耗时691.0min
  速率限制器状态: 可用令牌=960.0/960
  已保存中间结果 (447 条)

============================================================
处理 en_0548... (448/1375)
  质量组: high (4个候选笑话)
  质量组: medium (4个候选笑话)
  质量组: low (4个候选笑话)
  并发执行 3 个评估任务 (max_workers=3)...
    [路由] qwen3.6-27b -> DashScope API    [路由] qwen3.6-27b -> DashScope API
    [路由] qwen3.6-27b -> DashScope API

    [qwen3.6-27b] 决策: create | 选笑话编号: None
    [qwen3.6-27b] 决策: create | 选笑话编号: None
    [qwen3.6-27b] 决策: create | 选笑话编号: None

  Item完成: 耗时95.4s | 总耗时692.6min
  速率限制器状态: 可用令牌=960.0/960
  已保存中间结果 (448 条)

============================================================
处理 en_0549... (449/1375)
  质量组: high (4个候选笑话)
  质量组: medium (4个候选笑话)
  质量组: low (4个候选笑话)
  并发执行 3 个评估任务 (max_workers=3)...
    [路由] qwen3.6-27b -> DashScope API
    [路由] qwen3.6-27b -> DashScope API    [路由] qwen3.6-27b -> DashScope API

    [qwen3.6-27b] 决策: select | 选笑话编号: 2
    [qwen3.6-27b] 决策: create | 选笑话编号: None
    [qwen3.6-27b] 决策: create | 选笑话编号: None

  Item完成: 耗时38.1s | 总耗时693.3min
  速率限制器状态: 可用令牌=960.0/960
  已保存中间结果 (449 条)

============================================================
处理 en_0550... (450/1375)
  质量组: high (4个候选笑话)
  质量组: medium (4个候选笑话)
  质量组: low (4个候选笑话)
  并发执行 3 个评估任务 (max_workers=3)...
    [路由] qwen3.6-27b -> DashScope API    [路由] qwen3.6-27b -> DashScope API

    [路由] qwen3.6-27b -> DashScope API
    [qwen3.6-27b] 决策: select | 选笑话编号: 4
    [qwen3.6-27b] 决策: create | 选笑话编号: None
    [qwen3.6-27b] 决策: create | 选笑话编号: None

  Item完成: 耗时56.1s | 总耗时694.2min
  速率限制器状态: 可用令牌=960.0/960
  已保存中间结果 (450 条)

============================================================
处理 en_0551... (451/1375)
  质量组: high (4个候选笑话)
  质量组: medium (4个候选笑话)
  质量组: low (4个候选笑话)
  并发执行 3 个评估任务 (max_workers=3)...
    [路由] qwen3.6-27b -> DashScope API
    [路由] qwen3.6-27b -> DashScope API    [路由] qwen3.6-27b -> DashScope API

    [qwen3.6-27b] 决策: create | 选笑话编号: None
    [qwen3.6-27b] 决策: select | 选笑话编号: 4
    [qwen3.6-27b] 决策: create | 选笑话编号: None

  Item完成: 耗时28.8s | 总耗时694.7min
  速率限制器状态: 可用令牌=960.0/960
  已保存中间结果 (451 条)

============================================================
处理 en_0552... (452/1375)
  质量组: high (4个候选笑话)
  质量组: medium (4个候选笑话)
  质量组: low (4个候选笑话)
  并发执行 3 个评估任务 (max_workers=3)...
    [路由] qwen3.6-27b -> DashScope API    [路由] qwen3.6-27b -> DashScope API

    [路由] qwen3.6-27b -> DashScope API
    [qwen3.6-27b] 决策: select | 选笑话编号: 1
    [qwen3.6-27b] 决策: select | 选笑话编号: 2
    [qwen3.6-27b] 决策: create | 选笑话编号: None

  Item完成: 耗时64.9s | 总耗时695.8min
  速率限制器状态: 可用令牌=960.0/960
  已保存中间结果 (452 条)

============================================================
处理 en_0553... (453/1375)
  质量组: high (4个候选笑话)
  质量组: medium (4个候选笑话)
  质量组: low (4个候选笑话)
  并发执行 3 个评估任务 (max_workers=3)...
    [路由] qwen3.6-27b -> DashScope API
    [路由] qwen3.6-27b -> DashScope API
    [路由] qwen3.6-27b -> DashScope API
    [qwen3.6-27b] 决策: select | 选笑话编号: 1
    [qwen3.6-27b] 决策: create | 选笑话编号: None
    [qwen3.6-27b] 决策: create | 选笑话编号: None

  Item完成: 耗时72.9s | 总耗时697.0min
  速率限制器状态: 可用令牌=960.0/960
  已保存中间结果 (453 条)

============================================================
处理 en_0554... (454/1375)
  质量组: high (4个候选笑话)
  质量组: medium (4个候选笑话)
  质量组: low (4个候选笑话)
  并发执行 3 个评估任务 (max_workers=3)...
    [路由] qwen3.6-27b -> DashScope API    [路由] qwen3.6-27b -> DashScope API

    [路由] qwen3.6-27b -> DashScope API
    [qwen3.6-27b] 决策: select | 选笑话编号: 3
    [qwen3.6-27b] 决策: select | 选笑话编号: 4
    [qwen3.6-27b] 决策: create | 选笑话编号: None

  Item完成: 耗时62.6s | 总耗时698.0min
  速率限制器状态: 可用令牌=960.0/960
  已保存中间结果 (454 条)

============================================================
处理 en_0555... (455/1375)
  质量组: high (4个候选笑话)
  质量组: medium (4个候选笑话)
  质量组: low (4个候选笑话)
  并发执行 3 个评估任务 (max_workers=3)...
    [路由] qwen3.6-27b -> DashScope API
    [路由] qwen3.6-27b -> DashScope API    [路由] qwen3.6-27b -> DashScope API

    [qwen3.6-27b] 决策: create | 选笑话编号: None
    [qwen3.6-27b] 决策: select | 选笑话编号: 3
    [API] 可重试异常: HTTPSConnectionPool(host='dashscope.aliyuncs.com', port=443): Read timed out. (read timeout=300), 等待2.3s后重试 (1/5), model=qwen3.6-27b
    [qwen3.6-27b] 决策: create | 选笑话编号: None

  Item完成: 耗时361.4s | 总耗时704.1min
  速率限制器状态: 可用令牌=960.0/960
  已保存中间结果 (455 条)

============================================================
处理 en_0556... (456/1375)
  质量组: high (4个候选笑话)
  质量组: medium (4个候选笑话)
  质量组: low (4个候选笑话)
  并发执行 3 个评估任务 (max_workers=3)...
    [路由] qwen3.6-27b -> DashScope API    [路由] qwen3.6-27b -> DashScope API
    [路由] qwen3.6-27b -> DashScope API

    [qwen3.6-27b] 决策: select | 选笑话编号: 2
    [qwen3.6-27b] 决策: create | 选笑话编号: None
    [qwen3.6-27b] 决策: create | 选笑话编号: None

  Item完成: 耗时61.1s | 总耗时705.1min
  速率限制器状态: 可用令牌=960.0/960
  已保存中间结果 (456 条)

============================================================
处理 en_0557... (457/1375)
  质量组: high (4个候选笑话)
  质量组: medium (4个候选笑话)
  质量组: low (4个候选笑话)
  并发执行 3 个评估任务 (max_workers=3)...
    [路由] qwen3.6-27b -> DashScope API    [路由] qwen3.6-27b -> DashScope API
    [路由] qwen3.6-27b -> DashScope API

    [qwen3.6-27b] 决策: select | 选笑话编号: 2
    [qwen3.6-27b] 决策: create | 选笑话编号: None
    [qwen3.6-27b] 决策: create | 选笑话编号: None

  Item完成: 耗时87.2s | 总耗时706.5min
  速率限制器状态: 可用令牌=960.0/960
  已保存中间结果 (457 条)

============================================================
处理 en_0558... (458/1375)
  质量组: high (4个候选笑话)
  质量组: medium (4个候选笑话)
  质量组: low (4个候选笑话)
  并发执行 3 个评估任务 (max_workers=3)...
    [路由] qwen3.6-27b -> DashScope API    [路由] qwen3.6-27b -> DashScope API
    [路由] qwen3.6-27b -> DashScope API

    [qwen3.6-27b] 决策: select | 选笑话编号: 2
    [qwen3.6-27b] 决策: create | 选笑话编号: None
    [qwen3.6-27b] 决策: select | 选笑话编号: 3

  Item完成: 耗时37.3s | 总耗时707.2min
  速率限制器状态: 可用令牌=960.0/960
  已保存中间结果 (458 条)

============================================================
处理 en_0559... (459/1375)
  质量组: high (4个候选笑话)
  质量组: medium (4个候选笑话)
  质量组: low (4个候选笑话)
  并发执行 3 个评估任务 (max_workers=3)...
    [路由] qwen3.6-27b -> DashScope API    [路由] qwen3.6-27b -> DashScope API

    [路由] qwen3.6-27b -> DashScope API
    [qwen3.6-27b] 决策: select | 选笑话编号: 4
    [API] JSON解析失败: JSON解析失败: Extra data: line 7 column 1 (char 498), model=qwen3.6-27b
    [qwen3.6-27b] 决策:  | 选笑话编号: ?
    [qwen3.6-27b] 决策: create | 选笑话编号: None

  Item完成: 耗时31.6s | 总耗时707.7min
  速率限制器状态: 可用令牌=960.0/960
  已保存中间结果 (459 条)

============================================================
处理 en_0560... (460/1375)
  质量组: high (4个候选笑话)
  质量组: medium (4个候选笑话)
  质量组: low (4个候选笑话)
  并发执行 3 个评估任务 (max_workers=3)...
    [路由] qwen3.6-27b -> DashScope API
    [路由] qwen3.6-27b -> DashScope API    [路由] qwen3.6-27b -> DashScope API

    [qwen3.6-27b] 决策: select | 选笑话编号: 4
    [qwen3.6-27b] 决策: select | 选笑话编号: 1
    [qwen3.6-27b] 决策: create | 选笑话编号: None

  Item完成: 耗时47.7s | 总耗时708.5min
  速率限制器状态: 可用令牌=960.0/960
  已保存中间结果 (460 条)

============================================================
处理 en_0561... (461/1375)
  质量组: high (4个候选笑话)
  质量组: medium (4个候选笑话)
  质量组: low (4个候选笑话)
  并发执行 3 个评估任务 (max_workers=3)...
    [路由] qwen3.6-27b -> DashScope API
    [路由] qwen3.6-27b -> DashScope API    [路由] qwen3.6-27b -> DashScope API

    [qwen3.6-27b] 决策: select | 选笑话编号: 2
    [qwen3.6-27b] 决策: select | 选笑话编号: 3
    [qwen3.6-27b] 决策: create | 选笑话编号: None

  Item完成: 耗时31.7s | 总耗时709.0min
  速率限制器状态: 可用令牌=960.0/960
  已保存中间结果 (461 条)

============================================================
处理 en_0562... (462/1375)
  质量组: high (4个候选笑话)
  质量组: medium (4个候选笑话)
  质量组: low (4个候选笑话)
  并发执行 3 个评估任务 (max_workers=3)...
    [路由] qwen3.6-27b -> DashScope API    [路由] qwen3.6-27b -> DashScope API
    [路由] qwen3.6-27b -> DashScope API

    [qwen3.6-27b] 决策: select | 选笑话编号: 1
    [qwen3.6-27b] 决策: create | 选笑话编号: None
    [qwen3.6-27b] 决策: create | 选笑话编号: None

  Item完成: 耗时59.7s | 总耗时710.0min
  速率限制器状态: 可用令牌=960.0/960
  已保存中间结果 (462 条)

============================================================
处理 en_0563... (463/1375)
  质量组: high (4个候选笑话)
  质量组: medium (4个候选笑话)
  质量组: low (4个候选笑话)
  并发执行 3 个评估任务 (max_workers=3)...
    [路由] qwen3.6-27b -> DashScope API
    [路由] qwen3.6-27b -> DashScope API    [路由] qwen3.6-27b -> DashScope API

    [qwen3.6-27b] 决策: select | 选笑话编号: 4
    [qwen3.6-27b] 决策: select | 选笑话编号: 4
    [qwen3.6-27b] 决策: create | 选笑话编号: None

  Item完成: 耗时35.5s | 总耗时710.6min
  速率限制器状态: 可用令牌=960.0/960
  已保存中间结果 (463 条)

============================================================
处理 en_0564... (464/1375)
  质量组: high (4个候选笑话)
  质量组: medium (4个候选笑话)
  质量组: low (4个候选笑话)
  并发执行 3 个评估任务 (max_workers=3)...
    [路由] qwen3.6-27b -> DashScope API
    [路由] qwen3.6-27b -> DashScope API    [路由] qwen3.6-27b -> DashScope API

    [qwen3.6-27b] 决策: select | 选笑话编号: 4
    [qwen3.6-27b] 决策: create | 选笑话编号: None
    [qwen3.6-27b] 决策: select | 选笑话编号: 1

  Item完成: 耗时57.2s | 总耗时711.6min
  速率限制器状态: 可用令牌=960.0/960
  已保存中间结果 (464 条)

============================================================
处理 en_0565... (465/1375)
  质量组: high (4个候选笑话)
  质量组: medium (4个候选笑话)
  质量组: low (4个候选笑话)
  并发执行 3 个评估任务 (max_workers=3)...
    [路由] qwen3.6-27b -> DashScope API    [路由] qwen3.6-27b -> DashScope API

    [路由] qwen3.6-27b -> DashScope API
    [qwen3.6-27b] 决策: select | 选笑话编号: 2
    [qwen3.6-27b] 决策: select | 选笑话编号: 2
    [qwen3.6-27b] 决策: create | 选笑话编号: None

  Item完成: 耗时44.8s | 总耗时712.3min
  速率限制器状态: 可用令牌=960.0/960
  已保存中间结果 (465 条)

============================================================
处理 en_0566... (466/1375)
  质量组: high (4个候选笑话)
  质量组: medium (4个候选笑话)
  质量组: low (4个候选笑话)
  并发执行 3 个评估任务 (max_workers=3)...
    [路由] qwen3.6-27b -> DashScope API
    [路由] qwen3.6-27b -> DashScope API    [路由] qwen3.6-27b -> DashScope API

    [qwen3.6-27b] 决策: select | 选笑话编号: 3
    [qwen3.6-27b] 决策: create | 选笑话编号: None
    [qwen3.6-27b] 决策: create | 选笑话编号: None

  Item完成: 耗时58.6s | 总耗时713.3min
  速率限制器状态: 可用令牌=960.0/960
  已保存中间结果 (466 条)

============================================================
处理 en_0567... (467/1375)
  质量组: high (4个候选笑话)
  质量组: medium (4个候选笑话)
  质量组: low (4个候选笑话)
  并发执行 3 个评估任务 (max_workers=3)...
    [路由] qwen3.6-27b -> DashScope API
    [路由] qwen3.6-27b -> DashScope API
    [路由] qwen3.6-27b -> DashScope API
    [qwen3.6-27b] 决策: create | 选笑话编号: None
    [qwen3.6-27b] 决策: create | 选笑话编号: None
    [qwen3.6-27b] 决策: create | 选笑话编号: None

  Item完成: 耗时60.0s | 总耗时714.3min
  速率限制器状态: 可用令牌=960.0/960
  已保存中间结果 (467 条)

============================================================
处理 en_0568... (468/1375)
  质量组: high (4个候选笑话)
  质量组: medium (4个候选笑话)
  质量组: low (4个候选笑话)
  并发执行 3 个评估任务 (max_workers=3)...
    [路由] qwen3.6-27b -> DashScope API
    [路由] qwen3.6-27b -> DashScope API    [路由] qwen3.6-27b -> DashScope API

    [qwen3.6-27b] 决策: select | 选笑话编号: 2
    [qwen3.6-27b] 决策: create | 选笑话编号: None
    [qwen3.6-27b] 决策: create | 选笑话编号: None

  Item完成: 耗时72.6s | 总耗时715.5min
  速率限制器状态: 可用令牌=960.0/960
  已保存中间结果 (468 条)

============================================================
处理 en_0569... (469/1375)
  质量组: high (4个候选笑话)
  质量组: medium (4个候选笑话)
  质量组: low (4个候选笑话)
  并发执行 3 个评估任务 (max_workers=3)...
    [路由] qwen3.6-27b -> DashScope API    [路由] qwen3.6-27b -> DashScope API

    [路由] qwen3.6-27b -> DashScope API
    [qwen3.6-27b] 决策: create | 选笑话编号: None
    [API] 可重试异常: HTTPSConnectionPool(host='dashscope.aliyuncs.com', port=443): Read timed out. (read timeout=300), 等待2.1s后重试 (1/5), model=qwen3.6-27b
    [API] 可重试异常: HTTPSConnectionPool(host='dashscope.aliyuncs.com', port=443): Read timed out. (read timeout=300), 等待2.2s后重试 (1/5), model=qwen3.6-27b
    [qwen3.6-27b] 决策: create | 选笑话编号: None
    [qwen3.6-27b] 决策: create | 选笑话编号: None

  Item完成: 耗时385.6s | 总耗时721.9min
  速率限制器状态: 可用令牌=960.0/960
  已保存中间结果 (469 条)

============================================================
处理 en_0570... (470/1375)
  质量组: high (4个候选笑话)
  质量组: medium (4个候选笑话)
  质量组: low (4个候选笑话)
  并发执行 3 个评估任务 (max_workers=3)...
    [路由] qwen3.6-27b -> DashScope API    [路由] qwen3.6-27b -> DashScope API

    [路由] qwen3.6-27b -> DashScope API
    [qwen3.6-27b] 决策: select | 选笑话编号: 2
    [qwen3.6-27b] 决策: select | 选笑话编号: 2
    [API] 可重试异常: HTTPSConnectionPool(host='dashscope.aliyuncs.com', port=443): Read timed out. (read timeout=300), 等待1.9s后重试 (1/5), model=qwen3.6-27b
    [qwen3.6-27b] 决策: select | 选笑话编号: 1

  Item完成: 耗时387.2s | 总耗时728.4min
  速率限制器状态: 可用令牌=960.0/960
  已保存中间结果 (470 条)

============================================================
处理 en_0571... (471/1375)
  质量组: high (4个候选笑话)
  质量组: medium (4个候选笑话)
  质量组: low (4个候选笑话)
  并发执行 3 个评估任务 (max_workers=3)...
    [路由] qwen3.6-27b -> DashScope API
    [路由] qwen3.6-27b -> DashScope API    [路由] qwen3.6-27b -> DashScope API

    [qwen3.6-27b] 决策: create | 选笑话编号: None
    [qwen3.6-27b] 决策: create | 选笑话编号: None
    [API] 可重试异常: HTTPSConnectionPool(host='dashscope.aliyuncs.com', port=443): Read timed out. (read timeout=300), 等待1.9s后重试 (1/5), model=qwen3.6-27b
    [qwen3.6-27b] 决策: create | 选笑话编号: None

  Item完成: 耗时366.1s | 总耗时734.5min
  速率限制器状态: 可用令牌=960.0/960
  已保存中间结果 (471 条)

============================================================
处理 en_0572... (472/1375)
  质量组: high (4个候选笑话)
  质量组: medium (4个候选笑话)
  质量组: low (4个候选笑话)
  并发执行 3 个评估任务 (max_workers=3)...
    [路由] qwen3.6-27b -> DashScope API    [路由] qwen3.6-27b -> DashScope API

    [路由] qwen3.6-27b -> DashScope API
    [qwen3.6-27b] 决策: select | 选笑话编号: 4
    [qwen3.6-27b] 决策: create | 选笑话编号: None
    [qwen3.6-27b] 决策: create | 选笑话编号: None

  Item完成: 耗时56.9s | 总耗时735.4min
  速率限制器状态: 可用令牌=960.0/960
  已保存中间结果 (472 条)

============================================================
处理 en_0573... (473/1375)
  质量组: high (4个候选笑话)
  质量组: medium (4个候选笑话)
  质量组: low (4个候选笑话)
  并发执行 3 个评估任务 (max_workers=3)...
    [路由] qwen3.6-27b -> DashScope API
    [路由] qwen3.6-27b -> DashScope API
    [路由] qwen3.6-27b -> DashScope API
    [qwen3.6-27b] 决策: select | 选笑话编号: 2
    [qwen3.6-27b] 决策: select | 选笑话编号: 3
    [qwen3.6-27b] 决策: create | 选笑话编号: None

  Item完成: 耗时44.4s | 总耗时736.2min
  速率限制器状态: 可用令牌=960.0/960
  已保存中间结果 (473 条)

============================================================
处理 en_0574... (474/1375)
  质量组: high (4个候选笑话)
  质量组: medium (4个候选笑话)
  质量组: low (4个候选笑话)
  并发执行 3 个评估任务 (max_workers=3)...
    [路由] qwen3.6-27b -> DashScope API
    [路由] qwen3.6-27b -> DashScope API    [路由] qwen3.6-27b -> DashScope API

    [qwen3.6-27b] 决策: create | 选笑话编号: None
    [qwen3.6-27b] 决策: create | 选笑话编号: None
    [qwen3.6-27b] 决策: select | 选笑话编号: 4

  Item完成: 耗时53.5s | 总耗时737.1min
  速率限制器状态: 可用令牌=960.0/960
  已保存中间结果 (474 条)

============================================================
处理 en_0575... (475/1375)
  质量组: high (4个候选笑话)
  质量组: medium (4个候选笑话)
  质量组: low (4个候选笑话)
  并发执行 3 个评估任务 (max_workers=3)...
    [路由] qwen3.6-27b -> DashScope API
    [路由] qwen3.6-27b -> DashScope API
    [路由] qwen3.6-27b -> DashScope API
    [qwen3.6-27b] 决策: select | 选笑话编号: 4
    [qwen3.6-27b] 决策: select | 选笑话编号: 2
    [qwen3.6-27b] 决策: create | 选笑话编号: None

  Item完成: 耗时66.0s | 总耗时738.2min
  速率限制器状态: 可用令牌=960.0/960
  已保存中间结果 (475 条)

============================================================
处理 en_0576... (476/1375)
  质量组: high (4个候选笑话)
  质量组: medium (4个候选笑话)
  质量组: low (4个候选笑话)
  并发执行 3 个评估任务 (max_workers=3)...
    [路由] qwen3.6-27b -> DashScope API
    [路由] qwen3.6-27b -> DashScope API    [路由] qwen3.6-27b -> DashScope API

    [qwen3.6-27b] 决策: select | 选笑话编号: 2
    [qwen3.6-27b] 决策: select | 选笑话编号: 4
    [qwen3.6-27b] 决策: select | 选笑话编号: 4

  Item完成: 耗时22.8s | 总耗时738.6min
  速率限制器状态: 可用令牌=960.0/960
  已保存中间结果 (476 条)

============================================================
处理 en_0577... (477/1375)
  质量组: high (4个候选笑话)
  质量组: medium (4个候选笑话)
  质量组: low (4个候选笑话)
  并发执行 3 个评估任务 (max_workers=3)...
    [路由] qwen3.6-27b -> DashScope API
    [路由] qwen3.6-27b -> DashScope API    [路由] qwen3.6-27b -> DashScope API

    [qwen3.6-27b] 决策: select | 选笑话编号: 2
    [qwen3.6-27b] 决策: select | 选笑话编号: 1
    [qwen3.6-27b] 决策: create | 选笑话编号: None

  Item完成: 耗时38.8s | 总耗时739.2min
  速率限制器状态: 可用令牌=960.0/960
  已保存中间结果 (477 条)

============================================================
处理 en_0578... (478/1375)
  质量组: high (4个候选笑话)
  质量组: medium (4个候选笑话)
  质量组: low (4个候选笑话)
  并发执行 3 个评估任务 (max_workers=3)...
    [路由] qwen3.6-27b -> DashScope API    [路由] qwen3.6-27b -> DashScope API

    [路由] qwen3.6-27b -> DashScope API
    [qwen3.6-27b] 决策: create | 选笑话编号: None
    [qwen3.6-27b] 决策: create | 选笑话编号: None
    [qwen3.6-27b] 决策: create | 选笑话编号: None

  Item完成: 耗时80.5s | 总耗时740.6min
  速率限制器状态: 可用令牌=960.0/960
  已保存中间结果 (478 条)

============================================================
处理 en_0579... (479/1375)
  质量组: high (4个候选笑话)
  质量组: medium (4个候选笑话)
  质量组: low (4个候选笑话)
  并发执行 3 个评估任务 (max_workers=3)...
    [路由] qwen3.6-27b -> DashScope API
    [路由] qwen3.6-27b -> DashScope API    [路由] qwen3.6-27b -> DashScope API

    [qwen3.6-27b] 决策: select | 选笑话编号: 2
    [qwen3.6-27b] 决策: select | 选笑话编号: 4
    [qwen3.6-27b] 决策: create | 选笑话编号: None

  Item完成: 耗时87.7s | 总耗时742.0min
  速率限制器状态: 可用令牌=960.0/960
  已保存中间结果 (479 条)

============================================================
处理 en_0580... (480/1375)
  质量组: high (4个候选笑话)
  质量组: medium (4个候选笑话)
  质量组: low (4个候选笑话)
  并发执行 3 个评估任务 (max_workers=3)...
    [路由] qwen3.6-27b -> DashScope API
    [路由] qwen3.6-27b -> DashScope API    [路由] qwen3.6-27b -> DashScope API

    [qwen3.6-27b] 决策: select | 选笑话编号: 3
    [qwen3.6-27b] 决策: select | 选笑话编号: 3
    [API] 可重试异常: HTTPSConnectionPool(host='dashscope.aliyuncs.com', port=443): Read timed out. (read timeout=300), 等待1.5s后重试 (1/5), model=qwen3.6-27b
    [qwen3.6-27b] 决策: create | 选笑话编号: None

  Item完成: 耗时339.4s | 总耗时747.7min
  速率限制器状态: 可用令牌=960.0/960
  已保存中间结果 (480 条)

============================================================
处理 en_0581... (481/1375)
  质量组: high (4个候选笑话)
  质量组: medium (4个候选笑话)
  质量组: low (4个候选笑话)
  并发执行 3 个评估任务 (max_workers=3)...
    [路由] qwen3.6-27b -> DashScope API
    [路由] qwen3.6-27b -> DashScope API
    [路由] qwen3.6-27b -> DashScope API
    [qwen3.6-27b] 决策: create | 选笑话编号: None
    [qwen3.6-27b] 决策: create | 选笑话编号: None
    [API] 可重试异常: HTTPSConnectionPool(host='dashscope.aliyuncs.com', port=443): Read timed out. (read timeout=300), 等待2.5s后重试 (1/5), model=qwen3.6-27b
    [qwen3.6-27b] 决策: create | 选笑话编号: None

  Item完成: 耗时360.6s | 总耗时753.7min
  速率限制器状态: 可用令牌=960.0/960
  已保存中间结果 (481 条)

============================================================
处理 en_0582... (482/1375)
  质量组: high (4个候选笑话)
  质量组: medium (4个候选笑话)
  质量组: low (4个候选笑话)
  并发执行 3 个评估任务 (max_workers=3)...
    [路由] qwen3.6-27b -> DashScope API    [路由] qwen3.6-27b -> DashScope API

    [路由] qwen3.6-27b -> DashScope API
    [qwen3.6-27b] 决策: select | 选笑话编号: 4
    [qwen3.6-27b] 决策: select | 选笑话编号: 3
    [qwen3.6-27b] 决策: create | 选笑话编号: None

  Item完成: 耗时73.3s | 总耗时754.9min
  速率限制器状态: 可用令牌=960.0/960
  已保存中间结果 (482 条)

============================================================
处理 en_0583... (483/1375)
  质量组: high (4个候选笑话)
  质量组: medium (4个候选笑话)
  质量组: low (4个候选笑话)
  并发执行 3 个评估任务 (max_workers=3)...
    [路由] qwen3.6-27b -> DashScope API
    [路由] qwen3.6-27b -> DashScope API    [路由] qwen3.6-27b -> DashScope API

    [qwen3.6-27b] 决策: create | 选笑话编号: None
    [qwen3.6-27b] 决策: create | 选笑话编号: None
    [qwen3.6-27b] 决策: create | 选笑话编号: None

  Item完成: 耗时58.8s | 总耗时755.9min
  速率限制器状态: 可用令牌=960.0/960
  已保存中间结果 (483 条)

============================================================
处理 en_0584... (484/1375)
  质量组: high (4个候选笑话)
  质量组: medium (4个候选笑话)
  质量组: low (4个候选笑话)
  并发执行 3 个评估任务 (max_workers=3)...
    [路由] qwen3.6-27b -> DashScope API    [路由] qwen3.6-27b -> DashScope API
    [路由] qwen3.6-27b -> DashScope API

    [qwen3.6-27b] 决策: select | 选笑话编号: 3
    [qwen3.6-27b] 决策: select | 选笑话编号: 3
    [qwen3.6-27b] 决策: create | 选笑话编号: None

  Item完成: 耗时37.3s | 总耗时756.5min
  速率限制器状态: 可用令牌=960.0/960
  已保存中间结果 (484 条)

============================================================
处理 en_0585... (485/1375)
  质量组: high (4个候选笑话)
  质量组: medium (4个候选笑话)
  质量组: low (4个候选笑话)
  并发执行 3 个评估任务 (max_workers=3)...
    [路由] qwen3.6-27b -> DashScope API    [路由] qwen3.6-27b -> DashScope API

    [路由] qwen3.6-27b -> DashScope API
    [qwen3.6-27b] 决策: select | 选笑话编号: 2
    [qwen3.6-27b] 决策: create | 选笑话编号: None
    [qwen3.6-27b] 决策: select | 选笑话编号: 4

  Item完成: 耗时44.0s | 总耗时757.3min
  速率限制器状态: 可用令牌=960.0/960
  已保存中间结果 (485 条)

============================================================
处理 en_0586... (486/1375)
  质量组: high (4个候选笑话)
  质量组: medium (4个候选笑话)
  质量组: low (4个候选笑话)
  并发执行 3 个评估任务 (max_workers=3)...
    [路由] qwen3.6-27b -> DashScope API
    [路由] qwen3.6-27b -> DashScope API    [路由] qwen3.6-27b -> DashScope API

    [qwen3.6-27b] 决策: select | 选笑话编号: 3
    [qwen3.6-27b] 决策: select | 选笑话编号: 1
    [qwen3.6-27b] 决策: create | 选笑话编号: None

  Item完成: 耗时28.1s | 总耗时757.7min
  速率限制器状态: 可用令牌=960.0/960
  已保存中间结果 (486 条)

============================================================
处理 en_0587... (487/1375)
  质量组: high (4个候选笑话)
  质量组: medium (4个候选笑话)
  质量组: low (4个候选笑话)
  并发执行 3 个评估任务 (max_workers=3)...
    [路由] qwen3.6-27b -> DashScope API
    [路由] qwen3.6-27b -> DashScope API
    [路由] qwen3.6-27b -> DashScope API
    [qwen3.6-27b] 决策: select | 选笑话编号: 2
    [qwen3.6-27b] 决策: create | 选笑话编号: None
    [qwen3.6-27b] 决策: create | 选笑话编号: None

  Item完成: 耗时54.1s | 总耗时758.6min
  速率限制器状态: 可用令牌=960.0/960
  已保存中间结果 (487 条)

============================================================
处理 en_0588... (488/1375)
  质量组: high (4个候选笑话)
  质量组: medium (4个候选笑话)
  质量组: low (4个候选笑话)
  并发执行 3 个评估任务 (max_workers=3)...
    [路由] qwen3.6-27b -> DashScope API
    [路由] qwen3.6-27b -> DashScope API
    [路由] qwen3.6-27b -> DashScope API
    [qwen3.6-27b] 决策: select | 选笑话编号: 3
    [qwen3.6-27b] 决策: create | 选笑话编号: None
    [qwen3.6-27b] 决策: create | 选笑话编号: None

  Item完成: 耗时41.6s | 总耗时759.3min
  速率限制器状态: 可用令牌=960.0/960
  已保存中间结果 (488 条)

============================================================
处理 en_0589... (489/1375)
  质量组: high (4个候选笑话)
  质量组: medium (4个候选笑话)
  质量组: low (4个候选笑话)
  并发执行 3 个评估任务 (max_workers=3)...
    [路由] qwen3.6-27b -> DashScope API
    [路由] qwen3.6-27b -> DashScope API    [路由] qwen3.6-27b -> DashScope API

    [qwen3.6-27b] 决策: select | 选笑话编号: 2
    [qwen3.6-27b] 决策: select | 选笑话编号: 4
    [qwen3.6-27b] 决策: create | 选笑话编号: None

  Item完成: 耗时37.6s | 总耗时760.0min
  速率限制器状态: 可用令牌=960.0/960
  已保存中间结果 (489 条)

============================================================
处理 en_0590... (490/1375)
  质量组: high (4个候选笑话)
  质量组: medium (4个候选笑话)
  质量组: low (4个候选笑话)
  并发执行 3 个评估任务 (max_workers=3)...
    [路由] qwen3.6-27b -> DashScope API    [路由] qwen3.6-27b -> DashScope API

    [路由] qwen3.6-27b -> DashScope API
    [qwen3.6-27b] 决策: select | 选笑话编号: 1
    [qwen3.6-27b] 决策: select | 选笑话编号: 4
    [qwen3.6-27b] 决策: create | 选笑话编号: None

  Item完成: 耗时65.0s | 总耗时761.0min
  速率限制器状态: 可用令牌=960.0/960
  已保存中间结果 (490 条)

============================================================
处理 en_0591... (491/1375)
  质量组: high (4个候选笑话)
  质量组: medium (4个候选笑话)
  质量组: low (4个候选笑话)
  并发执行 3 个评估任务 (max_workers=3)...
    [路由] qwen3.6-27b -> DashScope API
    [路由] qwen3.6-27b -> DashScope API
    [路由] qwen3.6-27b -> DashScope API
    [qwen3.6-27b] 决策: select | 选笑话编号: 4
    [qwen3.6-27b] 决策: create | 选笑话编号: None
    [qwen3.6-27b] 决策: select | 选笑话编号: 4

  Item完成: 耗时103.6s | 总耗时762.8min
  速率限制器状态: 可用令牌=960.0/960
  已保存中间结果 (491 条)

============================================================
处理 en_0592... (492/1375)
  质量组: high (4个候选笑话)
  质量组: medium (4个候选笑话)
  质量组: low (4个候选笑话)
  并发执行 3 个评估任务 (max_workers=3)...
    [路由] qwen3.6-27b -> DashScope API
    [路由] qwen3.6-27b -> DashScope API
    [路由] qwen3.6-27b -> DashScope API
    [qwen3.6-27b] 决策: select | 选笑话编号: 3
    [qwen3.6-27b] 决策: create | 选笑话编号: None
    [qwen3.6-27b] 决策: create | 选笑话编号: None

  Item完成: 耗时64.0s | 总耗时763.8min
  速率限制器状态: 可用令牌=960.0/960
  已保存中间结果 (492 条)

============================================================
处理 en_0593... (493/1375)
  质量组: high (4个候选笑话)
  质量组: medium (4个候选笑话)
  质量组: low (4个候选笑话)
  并发执行 3 个评估任务 (max_workers=3)...
    [路由] qwen3.6-27b -> DashScope API    [路由] qwen3.6-27b -> DashScope API
    [路由] qwen3.6-27b -> DashScope API

    [qwen3.6-27b] 决策: create | 选笑话编号: None
    [qwen3.6-27b] 决策: create | 选笑话编号: None
    [qwen3.6-27b] 决策: create | 选笑话编号: None

  Item完成: 耗时73.3s | 总耗时765.1min
  速率限制器状态: 可用令牌=960.0/960
  已保存中间结果 (493 条)

============================================================
处理 en_0594... (494/1375)
  质量组: high (4个候选笑话)
  质量组: medium (4个候选笑话)
  质量组: low (4个候选笑话)
  并发执行 3 个评估任务 (max_workers=3)...
    [路由] qwen3.6-27b -> DashScope API    [路由] qwen3.6-27b -> DashScope API
    [路由] qwen3.6-27b -> DashScope API

    [qwen3.6-27b] 决策: create | 选笑话编号: None
    [qwen3.6-27b] 决策: select | 选笑话编号: 2
    [qwen3.6-27b] 决策: create | 选笑话编号: None

  Item完成: 耗时36.1s | 总耗时765.7min
  速率限制器状态: 可用令牌=960.0/960
  已保存中间结果 (494 条)

============================================================
处理 en_0595... (495/1375)
  质量组: high (4个候选笑话)
  质量组: medium (4个候选笑话)
  质量组: low (4个候选笑话)
  并发执行 3 个评估任务 (max_workers=3)...
    [路由] qwen3.6-27b -> DashScope API
    [路由] qwen3.6-27b -> DashScope API
    [路由] qwen3.6-27b -> DashScope API
    [qwen3.6-27b] 决策: select | 选笑话编号: 4
    [qwen3.6-27b] 决策: create | 选笑话编号: None
    [qwen3.6-27b] 决策: create | 选笑话编号: None

  Item完成: 耗时44.9s | 总耗时766.4min
  速率限制器状态: 可用令牌=960.0/960
  已保存中间结果 (495 条)

============================================================
处理 en_0596... (496/1375)
  质量组: high (4个候选笑话)
  质量组: medium (4个候选笑话)
  质量组: low (4个候选笑话)
  并发执行 3 个评估任务 (max_workers=3)...
    [路由] qwen3.6-27b -> DashScope API    [路由] qwen3.6-27b -> DashScope API

    [路由] qwen3.6-27b -> DashScope API
    [qwen3.6-27b] 决策: create | 选笑话编号: None
    [qwen3.6-27b] 决策: select | 选笑话编号: 2
    [qwen3.6-27b] 决策: create | 选笑话编号: None

  Item完成: 耗时47.2s | 总耗时767.2min
  速率限制器状态: 可用令牌=960.0/960
  已保存中间结果 (496 条)

============================================================
处理 en_0597... (497/1375)
  质量组: high (4个候选笑话)
  质量组: medium (4个候选笑话)
  质量组: low (4个候选笑话)
  并发执行 3 个评估任务 (max_workers=3)...
    [路由] qwen3.6-27b -> DashScope API
    [路由] qwen3.6-27b -> DashScope API
    [路由] qwen3.6-27b -> DashScope API
    [qwen3.6-27b] 决策: create | 选笑话编号: None
    [qwen3.6-27b] 决策: create | 选笑话编号: None
    [qwen3.6-27b] 决策: create | 选笑话编号: None

  Item完成: 耗时63.5s | 总耗时768.3min
  速率限制器状态: 可用令牌=960.0/960
  已保存中间结果 (497 条)

============================================================
处理 en_0598... (498/1375)
  质量组: high (4个候选笑话)
  质量组: medium (4个候选笑话)
  质量组: low (4个候选笑话)
  并发执行 3 个评估任务 (max_workers=3)...
    [路由] qwen3.6-27b -> DashScope API    [路由] qwen3.6-27b -> DashScope API

    [路由] qwen3.6-27b -> DashScope API
    [qwen3.6-27b] 决策: select | 选笑话编号: 2
    [qwen3.6-27b] 决策: create | 选笑话编号: None
    [qwen3.6-27b] 决策: select | 选笑话编号: 2

  Item完成: 耗时68.3s | 总耗时769.4min
  速率限制器状态: 可用令牌=960.0/960
  已保存中间结果 (498 条)

============================================================
处理 en_0599... (499/1375)
  质量组: high (4个候选笑话)
  质量组: medium (4个候选笑话)
  质量组: low (4个候选笑话)
  并发执行 3 个评估任务 (max_workers=3)...
    [路由] qwen3.6-27b -> DashScope API
    [路由] qwen3.6-27b -> DashScope API    [路由] qwen3.6-27b -> DashScope API

    [qwen3.6-27b] 决策: select | 选笑话编号: 4
    [qwen3.6-27b] 决策: select | 选笑话编号: 2
    [qwen3.6-27b] 决策: select | 选笑话编号: 1

  Item完成: 耗时34.8s | 总耗时770.0min
  速率限制器状态: 可用令牌=960.0/960
  已保存中间结果 (499 条)

============================================================
处理 en_0600... (500/1375)
  质量组: high (4个候选笑话)
  质量组: medium (4个候选笑话)
  质量组: low (4个候选笑话)
  并发执行 3 个评估任务 (max_workers=3)...
    [路由] qwen3.6-27b -> DashScope API    [路由] qwen3.6-27b -> DashScope API

    [路由] qwen3.6-27b -> DashScope API
    [qwen3.6-27b] 决策: create | 选笑话编号: None
    [qwen3.6-27b] 决策: create | 选笑话编号: None
    [qwen3.6-27b] 决策: create | 选笑话编号: None

  Item完成: 耗时75.0s | 总耗时771.2min
  速率限制器状态: 可用令牌=960.0/960
  已保存中间结果 (500 条)

============================================================
处理 en_0601... (501/1375)
  质量组: high (4个候选笑话)
  质量组: medium (4个候选笑话)
  质量组: low (4个候选笑话)
  并发执行 3 个评估任务 (max_workers=3)...
    [路由] qwen3.6-27b -> DashScope API
    [路由] qwen3.6-27b -> DashScope API    [路由] qwen3.6-27b -> DashScope API

    [qwen3.6-27b] 决策: select | 选笑话编号: 2
    [qwen3.6-27b] 决策: create | 选笑话编号: None
    [qwen3.6-27b] 决策: create | 选笑话编号: None

  Item完成: 耗时54.9s | 总耗时772.2min
  速率限制器状态: 可用令牌=960.0/960
  已保存中间结果 (501 条)

============================================================
处理 en_0602... (502/1375)
  质量组: high (4个候选笑话)
  质量组: medium (4个候选笑话)
  质量组: low (4个候选笑话)
  并发执行 3 个评估任务 (max_workers=3)...
    [路由] qwen3.6-27b -> DashScope API
    [路由] qwen3.6-27b -> DashScope API    [路由] qwen3.6-27b -> DashScope API

    [qwen3.6-27b] 决策: select | 选笑话编号: 3
    [qwen3.6-27b] 决策: create | 选笑话编号: None
    [qwen3.6-27b] 决策: create | 选笑话编号: None

  Item完成: 耗时61.2s | 总耗时773.2min
  速率限制器状态: 可用令牌=960.0/960
  已保存中间结果 (502 条)

============================================================
处理 en_0603... (503/1375)
  质量组: high (4个候选笑话)
  质量组: medium (4个候选笑话)
  质量组: low (4个候选笑话)
  并发执行 3 个评估任务 (max_workers=3)...
    [路由] qwen3.6-27b -> DashScope API    [路由] qwen3.6-27b -> DashScope API

    [路由] qwen3.6-27b -> DashScope API
    [qwen3.6-27b] 决策: select | 选笑话编号: 2
    [qwen3.6-27b] 决策: select | 选笑话编号: 2
    [qwen3.6-27b] 决策: create | 选笑话编号: None

  Item完成: 耗时32.3s | 总耗时773.7min
  速率限制器状态: 可用令牌=960.0/960
  已保存中间结果 (503 条)

============================================================
处理 en_0604... (504/1375)
  质量组: high (4个候选笑话)
  质量组: medium (4个候选笑话)
  质量组: low (4个候选笑话)
  并发执行 3 个评估任务 (max_workers=3)...
    [路由] qwen3.6-27b -> DashScope API    [路由] qwen3.6-27b -> DashScope API
    [路由] qwen3.6-27b -> DashScope API

    [qwen3.6-27b] 决策: select | 选笑话编号: 2
    [qwen3.6-27b] 决策: create | 选笑话编号: None
    [qwen3.6-27b] 决策: create | 选笑话编号: None

  Item完成: 耗时70.8s | 总耗时774.9min
  速率限制器状态: 可用令牌=960.0/960
  已保存中间结果 (504 条)

============================================================
处理 en_0605... (505/1375)
  质量组: high (4个候选笑话)
  质量组: medium (4个候选笑话)
  质量组: low (4个候选笑话)
  并发执行 3 个评估任务 (max_workers=3)...
    [路由] qwen3.6-27b -> DashScope API    [路由] qwen3.6-27b -> DashScope API
    [路由] qwen3.6-27b -> DashScope API

    [qwen3.6-27b] 决策: select | 选笑话编号: 2
    [qwen3.6-27b] 决策: create | 选笑话编号: None
    [qwen3.6-27b] 决策: create | 选笑话编号: None

  Item完成: 耗时79.0s | 总耗时776.2min
  速率限制器状态: 可用令牌=960.0/960
  已保存中间结果 (505 条)

============================================================
处理 en_0606... (506/1375)
  质量组: high (4个候选笑话)
  质量组: medium (4个候选笑话)
  质量组: low (4个候选笑话)
  并发执行 3 个评估任务 (max_workers=3)...
    [路由] qwen3.6-27b -> DashScope API    [路由] qwen3.6-27b -> DashScope API

    [路由] qwen3.6-27b -> DashScope API
    [qwen3.6-27b] 决策: create | 选笑话编号: None
    [qwen3.6-27b] 决策: create | 选笑话编号: None
    [qwen3.6-27b] 决策: select | 选笑话编号: 4

  Item完成: 耗时60.0s | 总耗时777.2min
  速率限制器状态: 可用令牌=960.0/960
  已保存中间结果 (506 条)

============================================================
处理 en_0607... (507/1375)
  质量组: high (4个候选笑话)
  质量组: medium (4个候选笑话)
  质量组: low (4个候选笑话)
  并发执行 3 个评估任务 (max_workers=3)...
    [路由] qwen3.6-27b -> DashScope API    [路由] qwen3.6-27b -> DashScope API

    [路由] qwen3.6-27b -> DashScope API
    [qwen3.6-27b] 决策: create | 选笑话编号: None
    [qwen3.6-27b] 决策: create | 选笑话编号: None
    [qwen3.6-27b] 决策: select | 选笑话编号: 2

  Item完成: 耗时66.9s | 总耗时778.3min
  速率限制器状态: 可用令牌=960.0/960
  已保存中间结果 (507 条)

============================================================
处理 en_0608... (508/1375)
  质量组: high (4个候选笑话)
  质量组: medium (4个候选笑话)
  质量组: low (4个候选笑话)
  并发执行 3 个评估任务 (max_workers=3)...
    [路由] qwen3.6-27b -> DashScope API
    [路由] qwen3.6-27b -> DashScope API    [路由] qwen3.6-27b -> DashScope API

    [qwen3.6-27b] 决策: select | 选笑话编号: 4
    [qwen3.6-27b] 决策: create | 选笑话编号: None
    [qwen3.6-27b] 决策: create | 选笑话编号: None

  Item完成: 耗时59.7s | 总耗时779.3min
  速率限制器状态: 可用令牌=960.0/960
  已保存中间结果 (508 条)

============================================================
处理 en_0609... (509/1375)
  质量组: high (4个候选笑话)
  质量组: medium (4个候选笑话)
  质量组: low (4个候选笑话)
  并发执行 3 个评估任务 (max_workers=3)...
    [路由] qwen3.6-27b -> DashScope API
    [路由] qwen3.6-27b -> DashScope API
    [路由] qwen3.6-27b -> DashScope API
    [qwen3.6-27b] 决策: select | 选笑话编号: 4
    [qwen3.6-27b] 决策: create | 选笑话编号: None
    [qwen3.6-27b] 决策: select | 选笑话编号: 2

  Item完成: 耗时39.6s | 总耗时780.0min
  速率限制器状态: 可用令牌=960.0/960
  已保存中间结果 (509 条)

============================================================
处理 en_0610... (510/1375)
  质量组: high (4个候选笑话)
  质量组: medium (4个候选笑话)
  质量组: low (4个候选笑话)
  并发执行 3 个评估任务 (max_workers=3)...
    [路由] qwen3.6-27b -> DashScope API
    [路由] qwen3.6-27b -> DashScope API
    [路由] qwen3.6-27b -> DashScope API
    [qwen3.6-27b] 决策: create | 选笑话编号: None
    [qwen3.6-27b] 决策: select | 选笑话编号: 1
    [qwen3.6-27b] 决策: create | 选笑话编号: None

  Item完成: 耗时63.2s | 总耗时781.1min
  速率限制器状态: 可用令牌=960.0/960
  已保存中间结果 (510 条)

============================================================
处理 en_0611... (511/1375)
  质量组: high (4个候选笑话)
  质量组: medium (4个候选笑话)
  质量组: low (4个候选笑话)
  并发执行 3 个评估任务 (max_workers=3)...
    [路由] qwen3.6-27b -> DashScope API
    [路由] qwen3.6-27b -> DashScope API
    [路由] qwen3.6-27b -> DashScope API
    [qwen3.6-27b] 决策: select | 选笑话编号: 2
    [qwen3.6-27b] 决策: create | 选笑话编号: None
    [qwen3.6-27b] 决策: create | 选笑话编号: None

  Item完成: 耗时36.0s | 总耗时781.7min
  速率限制器状态: 可用令牌=960.0/960
  已保存中间结果 (511 条)

============================================================
处理 en_0612... (512/1375)
  质量组: high (4个候选笑话)
  质量组: medium (4个候选笑话)
  质量组: low (4个候选笑话)
  并发执行 3 个评估任务 (max_workers=3)...
    [路由] qwen3.6-27b -> DashScope API    [路由] qwen3.6-27b -> DashScope API
    [路由] qwen3.6-27b -> DashScope API

    [qwen3.6-27b] 决策: create | 选笑话编号: None
    [qwen3.6-27b] 决策: select | 选笑话编号: 4
    [API] 可重试异常: HTTPSConnectionPool(host='dashscope.aliyuncs.com', port=443): Read timed out. (read timeout=300), 等待2.1s后重试 (1/5), model=qwen3.6-27b
    [qwen3.6-27b] 决策: create | 选笑话编号: None

  Item完成: 耗时334.6s | 总耗时787.2min
  速率限制器状态: 可用令牌=960.0/960
  已保存中间结果 (512 条)

============================================================
处理 en_0613... (513/1375)
  质量组: high (4个候选笑话)
  质量组: medium (4个候选笑话)
  质量组: low (4个候选笑话)
  并发执行 3 个评估任务 (max_workers=3)...
    [路由] qwen3.6-27b -> DashScope API    [路由] qwen3.6-27b -> DashScope API
    [路由] qwen3.6-27b -> DashScope API

    [qwen3.6-27b] 决策: select | 选笑话编号: 3
    [qwen3.6-27b] 决策: create | 选笑话编号: None
    [qwen3.6-27b] 决策: create | 选笑话编号: None

  Item完成: 耗时41.4s | 总耗时787.9min
  速率限制器状态: 可用令牌=960.0/960
  已保存中间结果 (513 条)

============================================================
处理 en_0614... (514/1375)
  质量组: high (4个候选笑话)
  质量组: medium (4个候选笑话)
  质量组: low (4个候选笑话)
  并发执行 3 个评估任务 (max_workers=3)...
    [路由] qwen3.6-27b -> DashScope API
    [路由] qwen3.6-27b -> DashScope API    [路由] qwen3.6-27b -> DashScope API

    [qwen3.6-27b] 决策: select | 选笑话编号: 3
    [qwen3.6-27b] 决策: select | 选笑话编号: 4
    [qwen3.6-27b] 决策: create | 选笑话编号: None

  Item完成: 耗时98.5s | 总耗时789.6min
  速率限制器状态: 可用令牌=960.0/960
  已保存中间结果 (514 条)

============================================================
处理 en_0615... (515/1375)
  质量组: high (4个候选笑话)
  质量组: medium (4个候选笑话)
  质量组: low (4个候选笑话)
  并发执行 3 个评估任务 (max_workers=3)...
    [路由] qwen3.6-27b -> DashScope API    [路由] qwen3.6-27b -> DashScope API

    [路由] qwen3.6-27b -> DashScope API
    [qwen3.6-27b] 决策: select | 选笑话编号: 3
    [qwen3.6-27b] 决策: create | 选笑话编号: None
    [qwen3.6-27b] 决策: create | 选笑话编号: None

  Item完成: 耗时57.6s | 总耗时790.5min
  速率限制器状态: 可用令牌=960.0/960
  已保存中间结果 (515 条)

============================================================
处理 en_0616... (516/1375)
  质量组: high (4个候选笑话)
  质量组: medium (4个候选笑话)
  质量组: low (4个候选笑话)
  并发执行 3 个评估任务 (max_workers=3)...
    [路由] qwen3.6-27b -> DashScope API
    [路由] qwen3.6-27b -> DashScope API    [路由] qwen3.6-27b -> DashScope API

    [qwen3.6-27b] 决策: select | 选笑话编号: 3
    [qwen3.6-27b] 决策: create | 选笑话编号: None
    [API] 可重试异常: HTTPSConnectionPool(host='dashscope.aliyuncs.com', port=443): Read timed out. (read timeout=300), 等待1.7s后重试 (1/5), model=qwen3.6-27b
    [qwen3.6-27b] 决策: create | 选笑话编号: None

  Item完成: 耗时330.3s | 总耗时796.1min
  速率限制器状态: 可用令牌=960.0/960
  已保存中间结果 (516 条)

============================================================
处理 en_0617... (517/1375)
  质量组: high (4个候选笑话)
  质量组: medium (4个候选笑话)
  质量组: low (4个候选笑话)
  并发执行 3 个评估任务 (max_workers=3)...
    [路由] qwen3.6-27b -> DashScope API
    [路由] qwen3.6-27b -> DashScope API
    [路由] qwen3.6-27b -> DashScope API
    [qwen3.6-27b] 决策: select | 选笑话编号: 1
    [qwen3.6-27b] 决策: select | 选笑话编号: 1
    [qwen3.6-27b] 决策: create | 选笑话编号: None

  Item完成: 耗时50.8s | 总耗时796.9min
  速率限制器状态: 可用令牌=960.0/960
  已保存中间结果 (517 条)

============================================================
处理 en_0618... (518/1375)
  质量组: high (4个候选笑话)
  质量组: medium (4个候选笑话)
  质量组: low (4个候选笑话)
  并发执行 3 个评估任务 (max_workers=3)...
    [路由] qwen3.6-27b -> DashScope API    [路由] qwen3.6-27b -> DashScope API
    [路由] qwen3.6-27b -> DashScope API

    [qwen3.6-27b] 决策: select | 选笑话编号: 3
    [qwen3.6-27b] 决策: create | 选笑话编号: None
    [qwen3.6-27b] 决策: create | 选笑话编号: None

  Item完成: 耗时44.6s | 总耗时797.6min
  速率限制器状态: 可用令牌=960.0/960
  已保存中间结果 (518 条)

============================================================
处理 en_0619... (519/1375)
  质量组: high (4个候选笑话)
  质量组: medium (4个候选笑话)
  质量组: low (4个候选笑话)
  并发执行 3 个评估任务 (max_workers=3)...
    [路由] qwen3.6-27b -> DashScope API    [路由] qwen3.6-27b -> DashScope API

    [路由] qwen3.6-27b -> DashScope API
    [qwen3.6-27b] 决策: create | 选笑话编号: None
    [qwen3.6-27b] 决策: create | 选笑话编号: None
    [qwen3.6-27b] 决策: create | 选笑话编号: None

  Item完成: 耗时73.6s | 总耗时798.9min
  速率限制器状态: 可用令牌=960.0/960
  已保存中间结果 (519 条)

============================================================
处理 en_0620... (520/1375)
  质量组: high (4个候选笑话)
  质量组: medium (4个候选笑话)
  质量组: low (4个候选笑话)
  并发执行 3 个评估任务 (max_workers=3)...
    [路由] qwen3.6-27b -> DashScope API
    [路由] qwen3.6-27b -> DashScope API
    [路由] qwen3.6-27b -> DashScope API
    [qwen3.6-27b] 决策: select | 选笑话编号: 1
    [qwen3.6-27b] 决策: create | 选笑话编号: None
    [qwen3.6-27b] 决策: select | 选笑话编号: 3

  Item完成: 耗时114.7s | 总耗时800.8min
  速率限制器状态: 可用令牌=960.0/960
  已保存中间结果 (520 条)

============================================================
处理 en_0621... (521/1375)
  质量组: high (4个候选笑话)
  质量组: medium (4个候选笑话)
  质量组: low (4个候选笑话)
  并发执行 3 个评估任务 (max_workers=3)...
    [路由] qwen3.6-27b -> DashScope API    [路由] qwen3.6-27b -> DashScope API
    [路由] qwen3.6-27b -> DashScope API

    [qwen3.6-27b] 决策: select | 选笑话编号: 2
    [qwen3.6-27b] 决策: select | 选笑话编号: 2
    [qwen3.6-27b] 决策: create | 选笑话编号: None

  Item完成: 耗时66.8s | 总耗时801.9min
  速率限制器状态: 可用令牌=960.0/960
  已保存中间结果 (521 条)

============================================================
处理 en_0622... (522/1375)
  质量组: high (4个候选笑话)
  质量组: medium (4个候选笑话)
  质量组: low (4个候选笑话)
  并发执行 3 个评估任务 (max_workers=3)...
    [路由] qwen3.6-27b -> DashScope API
    [路由] qwen3.6-27b -> DashScope API
    [路由] qwen3.6-27b -> DashScope API
    [qwen3.6-27b] 决策: select | 选笑话编号: 2
    [qwen3.6-27b] 决策: create | 选笑话编号: None
    [qwen3.6-27b] 决策: create | 选笑话编号: None

  Item完成: 耗时61.1s | 总耗时802.9min
  速率限制器状态: 可用令牌=960.0/960
  已保存中间结果 (522 条)

============================================================
处理 en_0623... (523/1375)
  质量组: high (4个候选笑话)
  质量组: medium (4个候选笑话)
  质量组: low (4个候选笑话)
  并发执行 3 个评估任务 (max_workers=3)...
    [路由] qwen3.6-27b -> DashScope API
    [路由] qwen3.6-27b -> DashScope API
    [路由] qwen3.6-27b -> DashScope API
    [qwen3.6-27b] 决策: select | 选笑话编号: 4
    [qwen3.6-27b] 决策: select | 选笑话编号: 2
    [qwen3.6-27b] 决策: create | 选笑话编号: None

  Item完成: 耗时34.2s | 总耗时803.5min
  速率限制器状态: 可用令牌=960.0/960
  已保存中间结果 (523 条)

============================================================
处理 en_0624... (524/1375)
  质量组: high (4个候选笑话)
  质量组: medium (4个候选笑话)
  质量组: low (4个候选笑话)
  并发执行 3 个评估任务 (max_workers=3)...
    [路由] qwen3.6-27b -> DashScope API
    [路由] qwen3.6-27b -> DashScope API
    [路由] qwen3.6-27b -> DashScope API
    [qwen3.6-27b] 决策: select | 选笑话编号: 4
    [qwen3.6-27b] 决策: select | 选笑话编号: 3
    [qwen3.6-27b] 决策: select | 选笑话编号: 1

  Item完成: 耗时105.2s | 总耗时805.3min
  速率限制器状态: 可用令牌=960.0/960
  已保存中间结果 (524 条)

============================================================
处理 en_0625... (525/1375)
  质量组: high (4个候选笑话)
  质量组: medium (4个候选笑话)
  质量组: low (4个候选笑话)
  并发执行 3 个评估任务 (max_workers=3)...
    [路由] qwen3.6-27b -> DashScope API    [路由] qwen3.6-27b -> DashScope API

    [路由] qwen3.6-27b -> DashScope API
    [qwen3.6-27b] 决策: select | 选笑话编号: 4
    [qwen3.6-27b] 决策: select | 选笑话编号: 4
    [qwen3.6-27b] 决策: select | 选笑话编号: 3

  Item完成: 耗时34.7s | 总耗时805.8min
  速率限制器状态: 可用令牌=960.0/960
  已保存中间结果 (525 条)

============================================================
处理 en_0626... (526/1375)
  质量组: high (4个候选笑话)
  质量组: medium (4个候选笑话)
  质量组: low (4个候选笑话)
  并发执行 3 个评估任务 (max_workers=3)...
    [路由] qwen3.6-27b -> DashScope API
    [路由] qwen3.6-27b -> DashScope API    [路由] qwen3.6-27b -> DashScope API

    [qwen3.6-27b] 决策: select | 选笑话编号: 2
    [qwen3.6-27b] 决策: create | 选笑话编号: None
    [qwen3.6-27b] 决策: create | 选笑话编号: None

  Item完成: 耗时75.4s | 总耗时807.1min
  速率限制器状态: 可用令牌=960.0/960
  已保存中间结果 (526 条)

============================================================
处理 en_0627... (527/1375)
  质量组: high (4个候选笑话)
  质量组: medium (4个候选笑话)
  质量组: low (4个候选笑话)
  并发执行 3 个评估任务 (max_workers=3)...
    [路由] qwen3.6-27b -> DashScope API
    [路由] qwen3.6-27b -> DashScope API    [路由] qwen3.6-27b -> DashScope API

    [qwen3.6-27b] 决策: select | 选笑话编号: 2
    [qwen3.6-27b] 决策: select | 选笑话编号: 3
    [qwen3.6-27b] 决策: create | 选笑话编号: None

  Item完成: 耗时76.5s | 总耗时808.4min
  速率限制器状态: 可用令牌=960.0/960
  已保存中间结果 (527 条)

============================================================
处理 en_0628... (528/1375)
  质量组: high (4个候选笑话)
  质量组: medium (4个候选笑话)
  质量组: low (4个候选笑话)
  并发执行 3 个评估任务 (max_workers=3)...
    [路由] qwen3.6-27b -> DashScope API    [路由] qwen3.6-27b -> DashScope API

    [路由] qwen3.6-27b -> DashScope API
    [qwen3.6-27b] 决策: select | 选笑话编号: 4
    [qwen3.6-27b] 决策: create | 选笑话编号: None
    [qwen3.6-27b] 决策: select | 选笑话编号: 3

  Item完成: 耗时50.5s | 总耗时809.2min
  速率限制器状态: 可用令牌=960.0/960
  已保存中间结果 (528 条)

============================================================
处理 en_0629... (529/1375)
  质量组: high (4个候选笑话)
  质量组: medium (4个候选笑话)
  质量组: low (4个候选笑话)
  并发执行 3 个评估任务 (max_workers=3)...
    [路由] qwen3.6-27b -> DashScope API
    [路由] qwen3.6-27b -> DashScope API    [路由] qwen3.6-27b -> DashScope API

    [qwen3.6-27b] 决策: select | 选笑话编号: 2
    [qwen3.6-27b] 决策: select | 选笑话编号: 2
    [qwen3.6-27b] 决策: create | 选笑话编号: None

  Item完成: 耗时38.4s | 总耗时809.9min
  速率限制器状态: 可用令牌=960.0/960
  已保存中间结果 (529 条)

============================================================
处理 en_0630... (530/1375)
  质量组: high (4个候选笑话)
  质量组: medium (4个候选笑话)
  质量组: low (4个候选笑话)
  并发执行 3 个评估任务 (max_workers=3)...
    [路由] qwen3.6-27b -> DashScope API    [路由] qwen3.6-27b -> DashScope API
    [路由] qwen3.6-27b -> DashScope API

    [qwen3.6-27b] 决策: select | 选笑话编号: 2
    [qwen3.6-27b] 决策: select | 选笑话编号: 1
    [qwen3.6-27b] 决策: create | 选笑话编号: None

  Item完成: 耗时48.1s | 总耗时810.7min
  速率限制器状态: 可用令牌=960.0/960
  已保存中间结果 (530 条)

============================================================
处理 en_0631... (531/1375)
  质量组: high (4个候选笑话)
  质量组: medium (4个候选笑话)
  质量组: low (4个候选笑话)
  并发执行 3 个评估任务 (max_workers=3)...
    [路由] qwen3.6-27b -> DashScope API    [路由] qwen3.6-27b -> DashScope API
    [路由] qwen3.6-27b -> DashScope API

    [qwen3.6-27b] 决策: select | 选笑话编号: 2
    [qwen3.6-27b] 决策: select | 选笑话编号: 3
    [qwen3.6-27b] 决策: create | 选笑话编号: None

  Item完成: 耗时82.3s | 总耗时812.0min
  速率限制器状态: 可用令牌=960.0/960
  已保存中间结果 (531 条)

============================================================
处理 en_0632... (532/1375)
  质量组: high (4个候选笑话)
  质量组: medium (4个候选笑话)
  质量组: low (4个候选笑话)
  并发执行 3 个评估任务 (max_workers=3)...
    [路由] qwen3.6-27b -> DashScope API
    [路由] qwen3.6-27b -> DashScope API    [路由] qwen3.6-27b -> DashScope API

    [qwen3.6-27b] 决策: select | 选笑话编号: 2
    [qwen3.6-27b] 决策: select | 选笑话编号: 4
    [qwen3.6-27b] 决策: create | 选笑话编号: None

  Item完成: 耗时45.5s | 总耗时812.8min
  速率限制器状态: 可用令牌=960.0/960
  已保存中间结果 (532 条)

============================================================
处理 en_0633... (533/1375)
  质量组: high (4个候选笑话)
  质量组: medium (4个候选笑话)
  质量组: low (4个候选笑话)
  并发执行 3 个评估任务 (max_workers=3)...
    [路由] qwen3.6-27b -> DashScope API
    [路由] qwen3.6-27b -> DashScope API    [路由] qwen3.6-27b -> DashScope API

    [qwen3.6-27b] 决策: select | 选笑话编号: 4
    [qwen3.6-27b] 决策: create | 选笑话编号: None
    [qwen3.6-27b] 决策: select | 选笑话编号: 4

  Item完成: 耗时49.5s | 总耗时813.6min
  速率限制器状态: 可用令牌=960.0/960
  已保存中间结果 (533 条)

============================================================
处理 en_0634... (534/1375)
  质量组: high (4个候选笑话)
  质量组: medium (4个候选笑话)
  质量组: low (4个候选笑话)
  并发执行 3 个评估任务 (max_workers=3)...
    [路由] qwen3.6-27b -> DashScope API
    [路由] qwen3.6-27b -> DashScope API    [路由] qwen3.6-27b -> DashScope API

    [qwen3.6-27b] 决策: select | 选笑话编号: 3
    [qwen3.6-27b] 决策: create | 选笑话编号: None
    [qwen3.6-27b] 决策: select | 选笑话编号: 2

  Item完成: 耗时51.7s | 总耗时814.5min
  速率限制器状态: 可用令牌=960.0/960
  已保存中间结果 (534 条)

============================================================
处理 en_0635... (535/1375)
  质量组: high (4个候选笑话)
  质量组: medium (4个候选笑话)
  质量组: low (4个候选笑话)
  并发执行 3 个评估任务 (max_workers=3)...
    [路由] qwen3.6-27b -> DashScope API
    [路由] qwen3.6-27b -> DashScope API    [路由] qwen3.6-27b -> DashScope API

    [qwen3.6-27b] 决策: create | 选笑话编号: None
    [qwen3.6-27b] 决策: create | 选笑话编号: None
    [qwen3.6-27b] 决策: create | 选笑话编号: None

  Item完成: 耗时53.3s | 总耗时815.4min
  速率限制器状态: 可用令牌=960.0/960
  已保存中间结果 (535 条)

============================================================
处理 en_0636... (536/1375)
  质量组: high (4个候选笑话)
  质量组: medium (4个候选笑话)
  质量组: low (4个候选笑话)
  并发执行 3 个评估任务 (max_workers=3)...
    [路由] qwen3.6-27b -> DashScope API    [路由] qwen3.6-27b -> DashScope API
    [路由] qwen3.6-27b -> DashScope API

    [qwen3.6-27b] 决策: select | 选笑话编号: 4
    [qwen3.6-27b] 决策: create | 选笑话编号: None
    [qwen3.6-27b] 决策: create | 选笑话编号: None

  Item完成: 耗时44.4s | 总耗时816.1min
  速率限制器状态: 可用令牌=960.0/960
  已保存中间结果 (536 条)

============================================================
处理 en_0637... (537/1375)
  质量组: high (4个候选笑话)
  质量组: medium (4个候选笑话)
  质量组: low (4个候选笑话)
  并发执行 3 个评估任务 (max_workers=3)...
    [路由] qwen3.6-27b -> DashScope API
    [路由] qwen3.6-27b -> DashScope API    [路由] qwen3.6-27b -> DashScope API

    [qwen3.6-27b] 决策: select | 选笑话编号: 2
    [qwen3.6-27b] 决策: select | 选笑话编号: 2
    [qwen3.6-27b] 决策: select | 选笑话编号: 3

  Item完成: 耗时31.9s | 总耗时816.7min
  速率限制器状态: 可用令牌=960.0/960
  已保存中间结果 (537 条)

============================================================
处理 en_0638... (538/1375)
  质量组: high (4个候选笑话)
  质量组: medium (4个候选笑话)
  质量组: low (4个候选笑话)
  并发执行 3 个评估任务 (max_workers=3)...
    [路由] qwen3.6-27b -> DashScope API    [路由] qwen3.6-27b -> DashScope API

    [路由] qwen3.6-27b -> DashScope API
    [qwen3.6-27b] 决策: select | 选笑话编号: 2
    [qwen3.6-27b] 决策: select | 选笑话编号: 2
    [qwen3.6-27b] 决策: create | 选笑话编号: None

  Item完成: 耗时33.7s | 总耗时817.2min
  速率限制器状态: 可用令牌=960.0/960
  已保存中间结果 (538 条)

============================================================
处理 en_0639... (539/1375)
  质量组: high (4个候选笑话)
  质量组: medium (4个候选笑话)
  质量组: low (4个候选笑话)
  并发执行 3 个评估任务 (max_workers=3)...
    [路由] qwen3.6-27b -> DashScope API    [路由] qwen3.6-27b -> DashScope API

    [路由] qwen3.6-27b -> DashScope API
    [qwen3.6-27b] 决策: select | 选笑话编号: 3
    [qwen3.6-27b] 决策: create | 选笑话编号: None
    [qwen3.6-27b] 决策: create | 选笑话编号: None

  Item完成: 耗时60.7s | 总耗时818.2min
  速率限制器状态: 可用令牌=960.0/960
  已保存中间结果 (539 条)

============================================================
处理 en_0640... (540/1375)
  质量组: high (4个候选笑话)
  质量组: medium (4个候选笑话)
  质量组: low (4个候选笑话)
  并发执行 3 个评估任务 (max_workers=3)...
    [路由] qwen3.6-27b -> DashScope API
    [路由] qwen3.6-27b -> DashScope API    [路由] qwen3.6-27b -> DashScope API

    [qwen3.6-27b] 决策: select | 选笑话编号: 2
    [qwen3.6-27b] 决策: select | 选笑话编号: 3
    [qwen3.6-27b] 决策: create | 选笑话编号: None

  Item完成: 耗时38.0s | 总耗时818.9min
  速率限制器状态: 可用令牌=960.0/960
  已保存中间结果 (540 条)

============================================================
处理 en_0641... (541/1375)
  质量组: high (4个候选笑话)
  质量组: medium (4个候选笑话)
  质量组: low (4个候选笑话)
  并发执行 3 个评估任务 (max_workers=3)...
    [路由] qwen3.6-27b -> DashScope API
    [路由] qwen3.6-27b -> DashScope API    [路由] qwen3.6-27b -> DashScope API

    [qwen3.6-27b] 决策: select | 选笑话编号: 4
    [qwen3.6-27b] 决策: select | 选笑话编号: 1
    [qwen3.6-27b] 决策: create | 选笑话编号: None

  Item完成: 耗时99.3s | 总耗时820.5min
  速率限制器状态: 可用令牌=960.0/960
  已保存中间结果 (541 条)

============================================================
处理 en_0642... (542/1375)
  质量组: high (4个候选笑话)
  质量组: medium (4个候选笑话)
  质量组: low (4个候选笑话)
  并发执行 3 个评估任务 (max_workers=3)...
    [路由] qwen3.6-27b -> DashScope API
    [路由] qwen3.6-27b -> DashScope API    [路由] qwen3.6-27b -> DashScope API

    [qwen3.6-27b] 决策: create | 选笑话编号: None
    [qwen3.6-27b] 决策: create | 选笑话编号: None
    [qwen3.6-27b] 决策: select | 选笑话编号: 3

  Item完成: 耗时58.5s | 总耗时821.5min
  速率限制器状态: 可用令牌=960.0/960
  已保存中间结果 (542 条)

============================================================
处理 en_0643... (543/1375)
  质量组: high (4个候选笑话)
  质量组: medium (4个候选笑话)
  质量组: low (4个候选笑话)
  并发执行 3 个评估任务 (max_workers=3)...
    [路由] qwen3.6-27b -> DashScope API    [路由] qwen3.6-27b -> DashScope API

    [路由] qwen3.6-27b -> DashScope API
    [qwen3.6-27b] 决策: create | 选笑话编号: None
    [qwen3.6-27b] 决策: create | 选笑话编号: None
    [qwen3.6-27b] 决策: create | 选笑话编号: None

  Item完成: 耗时65.8s | 总耗时822.6min
  速率限制器状态: 可用令牌=960.0/960
  已保存中间结果 (543 条)

============================================================
处理 en_0644... (544/1375)
  质量组: high (4个候选笑话)
  质量组: medium (4个候选笑话)
  质量组: low (4个候选笑话)
  并发执行 3 个评估任务 (max_workers=3)...
    [路由] qwen3.6-27b -> DashScope API
    [路由] qwen3.6-27b -> DashScope API
    [路由] qwen3.6-27b -> DashScope API
    [qwen3.6-27b] 决策: select | 选笑话编号: 2
    [qwen3.6-27b] 决策: create | 选笑话编号: None
    [qwen3.6-27b] 决策: select | 选笑话编号: 2

  Item完成: 耗时70.2s | 总耗时823.8min
  速率限制器状态: 可用令牌=960.0/960
  已保存中间结果 (544 条)

============================================================
处理 en_0645... (545/1375)
  质量组: high (4个候选笑话)
  质量组: medium (4个候选笑话)
  质量组: low (4个候选笑话)
  并发执行 3 个评估任务 (max_workers=3)...
    [路由] qwen3.6-27b -> DashScope API
    [路由] qwen3.6-27b -> DashScope API    [路由] qwen3.6-27b -> DashScope API

    [qwen3.6-27b] 决策: select | 选笑话编号: 4
    [qwen3.6-27b] 决策: select | 选笑话编号: 4
    [qwen3.6-27b] 决策: create | 选笑话编号: None

  Item完成: 耗时63.9s | 总耗时824.8min
  速率限制器状态: 可用令牌=960.0/960
  已保存中间结果 (545 条)

============================================================
处理 en_0646... (546/1375)
  质量组: high (4个候选笑话)
  质量组: medium (4个候选笑话)
  质量组: low (4个候选笑话)
  并发执行 3 个评估任务 (max_workers=3)...
    [路由] qwen3.6-27b -> DashScope API    [路由] qwen3.6-27b -> DashScope API
    [路由] qwen3.6-27b -> DashScope API

    [qwen3.6-27b] 决策: select | 选笑话编号: 1
    [qwen3.6-27b] 决策: create | 选笑话编号: None
    [qwen3.6-27b] 决策: select | 选笑话编号: 1

  Item完成: 耗时73.9s | 总耗时826.1min
  速率限制器状态: 可用令牌=960.0/960
  已保存中间结果 (546 条)

============================================================
处理 en_0647... (547/1375)
  质量组: high (4个候选笑话)
  质量组: medium (4个候选笑话)
  质量组: low (4个候选笑话)
  并发执行 3 个评估任务 (max_workers=3)...
    [路由] qwen3.6-27b -> DashScope API
    [路由] qwen3.6-27b -> DashScope API    [路由] qwen3.6-27b -> DashScope API

    [qwen3.6-27b] 决策: select | 选笑话编号: 2
    [qwen3.6-27b] 决策: select | 选笑话编号: 2
    [qwen3.6-27b] 决策: create | 选笑话编号: None

  Item完成: 耗时53.2s | 总耗时827.0min
  速率限制器状态: 可用令牌=960.0/960
  已保存中间结果 (547 条)

============================================================
处理 en_0648... (548/1375)
  质量组: high (4个候选笑话)
  质量组: medium (4个候选笑话)
  质量组: low (4个候选笑话)
  并发执行 3 个评估任务 (max_workers=3)...
    [路由] qwen3.6-27b -> DashScope API    [路由] qwen3.6-27b -> DashScope API
    [路由] qwen3.6-27b -> DashScope API

    [qwen3.6-27b] 决策: create | 选笑话编号: None
    [qwen3.6-27b] 决策: select | 选笑话编号: 4
    [qwen3.6-27b] 决策: select | 选笑话编号: 4

  Item完成: 耗时56.5s | 总耗时827.9min
  速率限制器状态: 可用令牌=960.0/960
  已保存中间结果 (548 条)

============================================================
处理 en_0649... (549/1375)
  质量组: high (4个候选笑话)
  质量组: medium (4个候选笑话)
  质量组: low (4个候选笑话)
  并发执行 3 个评估任务 (max_workers=3)...
    [路由] qwen3.6-27b -> DashScope API
    [路由] qwen3.6-27b -> DashScope API    [路由] qwen3.6-27b -> DashScope API

    [qwen3.6-27b] 决策: select | 选笑话编号: 4
    [qwen3.6-27b] 决策: create | 选笑话编号: None
    [API] 可重试异常: HTTPSConnectionPool(host='dashscope.aliyuncs.com', port=443): Read timed out. (read timeout=300), 等待1.7s后重试 (1/5), model=qwen3.6-27b
    [API] 可重试异常: HTTPSConnectionPool(host='dashscope.aliyuncs.com', port=443): Read timed out. (read timeout=300), 等待4.5s后重试 (2/5), model=qwen3.6-27b
    [qwen3.6-27b] 决策: create | 选笑话编号: None

  Item完成: 耗时740.0s | 总耗时840.2min
  速率限制器状态: 可用令牌=960.0/960
  已保存中间结果 (549 条)

============================================================
处理 en_0650... (550/1375)
  质量组: high (4个候选笑话)
  质量组: medium (4个候选笑话)
  质量组: low (4个候选笑话)
  并发执行 3 个评估任务 (max_workers=3)...
    [路由] qwen3.6-27b -> DashScope API
    [路由] qwen3.6-27b -> DashScope API
    [路由] qwen3.6-27b -> DashScope API
    [qwen3.6-27b] 决策: select | 选笑话编号: 4
    [qwen3.6-27b] 决策: create | 选笑话编号: None
    [qwen3.6-27b] 决策: select | 选笑话编号: 1

  Item完成: 耗时101.9s | 总耗时841.9min
  速率限制器状态: 可用令牌=960.0/960
  已保存中间结果 (550 条)

============================================================
处理 en_0651... (551/1375)
  质量组: high (4个候选笑话)
  质量组: medium (4个候选笑话)
  质量组: low (4个候选笑话)
  并发执行 3 个评估任务 (max_workers=3)...
    [路由] qwen3.6-27b -> DashScope API
    [路由] qwen3.6-27b -> DashScope API
    [路由] qwen3.6-27b -> DashScope API
    [qwen3.6-27b] 决策: select | 选笑话编号: 4
    [qwen3.6-27b] 决策: select | 选笑话编号: 3
    [qwen3.6-27b] 决策: create | 选笑话编号: None

  Item完成: 耗时108.9s | 总耗时843.8min
  速率限制器状态: 可用令牌=960.0/960
  已保存中间结果 (551 条)

============================================================
处理 en_0652... (552/1375)
  质量组: high (4个候选笑话)
  质量组: medium (4个候选笑话)
  质量组: low (4个候选笑话)
  并发执行 3 个评估任务 (max_workers=3)...
    [路由] qwen3.6-27b -> DashScope API
    [路由] qwen3.6-27b -> DashScope API    [路由] qwen3.6-27b -> DashScope API

    [qwen3.6-27b] 决策: select | 选笑话编号: 1
    [qwen3.6-27b] 决策: select | 选笑话编号: 1
    [qwen3.6-27b] 决策: create | 选笑话编号: None

  Item完成: 耗时75.6s | 总耗时845.0min
  速率限制器状态: 可用令牌=960.0/960
  已保存中间结果 (552 条)

============================================================
处理 en_0653... (553/1375)
  质量组: high (4个候选笑话)
  质量组: medium (4个候选笑话)
  质量组: low (4个候选笑话)
  并发执行 3 个评估任务 (max_workers=3)...
    [路由] qwen3.6-27b -> DashScope API
    [路由] qwen3.6-27b -> DashScope API
    [路由] qwen3.6-27b -> DashScope API
    [qwen3.6-27b] 决策: select | 选笑话编号: 4
    [qwen3.6-27b] 决策: create | 选笑话编号: None
    [qwen3.6-27b] 决策: create | 选笑话编号: None

  Item完成: 耗时50.6s | 总耗时845.9min
  速率限制器状态: 可用令牌=960.0/960
  已保存中间结果 (553 条)

============================================================
处理 en_0654... (554/1375)
  质量组: high (4个候选笑话)
  质量组: medium (4个候选笑话)
  质量组: low (4个候选笑话)
  并发执行 3 个评估任务 (max_workers=3)...
    [路由] qwen3.6-27b -> DashScope API    [路由] qwen3.6-27b -> DashScope API
    [路由] qwen3.6-27b -> DashScope API

    [qwen3.6-27b] 决策: select | 选笑话编号: 2
    [qwen3.6-27b] 决策: select | 选笑话编号: 1
    [qwen3.6-27b] 决策: create | 选笑话编号: None

  Item完成: 耗时90.0s | 总耗时847.4min
  速率限制器状态: 可用令牌=960.0/960
  已保存中间结果 (554 条)

============================================================
处理 en_0655... (555/1375)
  质量组: high (4个候选笑话)
  质量组: medium (4个候选笑话)
  质量组: low (4个候选笑话)
  并发执行 3 个评估任务 (max_workers=3)...
    [路由] qwen3.6-27b -> DashScope API
    [路由] qwen3.6-27b -> DashScope API    [路由] qwen3.6-27b -> DashScope API

    [qwen3.6-27b] 决策: select | 选笑话编号: 4
    [qwen3.6-27b] 决策: create | 选笑话编号: None
    [qwen3.6-27b] 决策: create | 选笑话编号: None

  Item完成: 耗时44.2s | 总耗时848.1min
  速率限制器状态: 可用令牌=960.0/960
  已保存中间结果 (555 条)

============================================================
处理 en_0656... (556/1375)
  质量组: high (4个候选笑话)
  质量组: medium (4个候选笑话)
  质量组: low (4个候选笑话)
  并发执行 3 个评估任务 (max_workers=3)...
    [路由] qwen3.6-27b -> DashScope API    [路由] qwen3.6-27b -> DashScope API
    [路由] qwen3.6-27b -> DashScope API

    [qwen3.6-27b] 决策: select | 选笑话编号: 2
    [qwen3.6-27b] 决策: create | 选笑话编号: None
    [qwen3.6-27b] 决策: create | 选笑话编号: None

  Item完成: 耗时38.3s | 总耗时848.8min
  速率限制器状态: 可用令牌=960.0/960
  已保存中间结果 (556 条)

============================================================
处理 en_0657... (557/1375)
  质量组: high (4个候选笑话)
  质量组: medium (4个候选笑话)
  质量组: low (4个候选笑话)
  并发执行 3 个评估任务 (max_workers=3)...
    [路由] qwen3.6-27b -> DashScope API
    [路由] qwen3.6-27b -> DashScope API    [路由] qwen3.6-27b -> DashScope API

    [qwen3.6-27b] 决策: select | 选笑话编号: 2
    [qwen3.6-27b] 决策: create | 选笑话编号: None
    [qwen3.6-27b] 决策: create | 选笑话编号: None

  Item完成: 耗时53.9s | 总耗时849.7min
  速率限制器状态: 可用令牌=960.0/960
  已保存中间结果 (557 条)

============================================================
处理 en_0658... (558/1375)
  质量组: high (4个候选笑话)
  质量组: medium (4个候选笑话)
  质量组: low (4个候选笑话)
  并发执行 3 个评估任务 (max_workers=3)...
    [路由] qwen3.6-27b -> DashScope API
    [路由] qwen3.6-27b -> DashScope API    [路由] qwen3.6-27b -> DashScope API

    [qwen3.6-27b] 决策: select | 选笑话编号: 4
    [qwen3.6-27b] 决策: select | 选笑话编号: 2
    [qwen3.6-27b] 决策: create | 选笑话编号: None

  Item完成: 耗时76.4s | 总耗时850.9min
  速率限制器状态: 可用令牌=960.0/960
  已保存中间结果 (558 条)

============================================================
处理 en_0659... (559/1375)
  质量组: high (4个候选笑话)
  质量组: medium (4个候选笑话)
  质量组: low (4个候选笑话)
  并发执行 3 个评估任务 (max_workers=3)...
    [路由] qwen3.6-27b -> DashScope API    [路由] qwen3.6-27b -> DashScope API
    [路由] qwen3.6-27b -> DashScope API

    [qwen3.6-27b] 决策: select | 选笑话编号: 2
    [qwen3.6-27b] 决策: select | 选笑话编号: 2
    [qwen3.6-27b] 决策: create | 选笑话编号: None

  Item完成: 耗时29.7s | 总耗时851.4min
  速率限制器状态: 可用令牌=960.0/960
  已保存中间结果 (559 条)

============================================================
处理 en_0660... (560/1375)
  质量组: high (4个候选笑话)
  质量组: medium (4个候选笑话)
  质量组: low (4个候选笑话)
  并发执行 3 个评估任务 (max_workers=3)...
    [路由] qwen3.6-27b -> DashScope API
    [路由] qwen3.6-27b -> DashScope API    [路由] qwen3.6-27b -> DashScope API

    [qwen3.6-27b] 决策: select | 选笑话编号: 4
    [qwen3.6-27b] 决策: select | 选笑话编号: 2
    [qwen3.6-27b] 决策: select | 选笑话编号: 4

  Item完成: 耗时70.1s | 总耗时852.6min
  速率限制器状态: 可用令牌=960.0/960
  已保存中间结果 (560 条)

============================================================
处理 en_0661... (561/1375)
  质量组: high (4个候选笑话)
  质量组: medium (4个候选笑话)
  质量组: low (4个候选笑话)
  并发执行 3 个评估任务 (max_workers=3)...
    [路由] qwen3.6-27b -> DashScope API
    [路由] qwen3.6-27b -> DashScope API    [路由] qwen3.6-27b -> DashScope API

    [qwen3.6-27b] 决策: select | 选笑话编号: 3
    [qwen3.6-27b] 决策: select | 选笑话编号: 3
    [API] 可重试异常: HTTPSConnectionPool(host='dashscope.aliyuncs.com', port=443): Read timed out. (read timeout=300), 等待2.5s后重试 (1/5), model=qwen3.6-27b
    [qwen3.6-27b] 决策: select | 选笑话编号: 2

  Item完成: 耗时322.2s | 总耗时858.0min
  速率限制器状态: 可用令牌=960.0/960
  已保存中间结果 (561 条)

============================================================
处理 en_0662... (562/1375)
  质量组: high (4个候选笑话)
  质量组: medium (4个候选笑话)
  质量组: low (4个候选笑话)
  并发执行 3 个评估任务 (max_workers=3)...
    [路由] qwen3.6-27b -> DashScope API    [路由] qwen3.6-27b -> DashScope API
    [路由] qwen3.6-27b -> DashScope API

    [qwen3.6-27b] 决策: select | 选笑话编号: 2
    [qwen3.6-27b] 决策: create | 选笑话编号: None
    [qwen3.6-27b] 决策: select | 选笑话编号: 4

  Item完成: 耗时33.4s | 总耗时858.5min
  速率限制器状态: 可用令牌=960.0/960
  已保存中间结果 (562 条)

============================================================
处理 en_0663... (563/1375)
  质量组: high (4个候选笑话)
  质量组: medium (4个候选笑话)
  质量组: low (4个候选笑话)
  并发执行 3 个评估任务 (max_workers=3)...
    [路由] qwen3.6-27b -> DashScope API    [路由] qwen3.6-27b -> DashScope API
    [路由] qwen3.6-27b -> DashScope API

    [qwen3.6-27b] 决策: create | 选笑话编号: None
    [qwen3.6-27b] 决策: select | 选笑话编号: 2
    [qwen3.6-27b] 决策: select | 选笑话编号: 3

  Item完成: 耗时25.8s | 总耗时859.0min
  速率限制器状态: 可用令牌=960.0/960
  已保存中间结果 (563 条)

============================================================
处理 en_0664... (564/1375)
  质量组: high (4个候选笑话)
  质量组: medium (4个候选笑话)
  质量组: low (4个候选笑话)
  并发执行 3 个评估任务 (max_workers=3)...
    [路由] qwen3.6-27b -> DashScope API
    [路由] qwen3.6-27b -> DashScope API
    [路由] qwen3.6-27b -> DashScope API
    [qwen3.6-27b] 决策: create | 选笑话编号: None
    [qwen3.6-27b] 决策: create | 选笑话编号: None
    [qwen3.6-27b] 决策: create | 选笑话编号: None

  Item完成: 耗时76.9s | 总耗时860.3min
  速率限制器状态: 可用令牌=960.0/960
  已保存中间结果 (564 条)

============================================================
处理 en_0665... (565/1375)
  质量组: high (4个候选笑话)
  质量组: medium (4个候选笑话)
  质量组: low (4个候选笑话)
  并发执行 3 个评估任务 (max_workers=3)...
    [路由] qwen3.6-27b -> DashScope API
    [路由] qwen3.6-27b -> DashScope API    [路由] qwen3.6-27b -> DashScope API

    [qwen3.6-27b] 决策: select | 选笑话编号: 1
    [qwen3.6-27b] 决策: select | 选笑话编号: 4
    [qwen3.6-27b] 决策: select | 选笑话编号: 4

  Item完成: 耗时44.4s | 总耗时861.0min
  速率限制器状态: 可用令牌=960.0/960
  已保存中间结果 (565 条)

============================================================
处理 en_0666... (566/1375)
  质量组: high (4个候选笑话)
  质量组: medium (4个候选笑话)
  质量组: low (4个候选笑话)
  并发执行 3 个评估任务 (max_workers=3)...
    [路由] qwen3.6-27b -> DashScope API    [路由] qwen3.6-27b -> DashScope API

    [路由] qwen3.6-27b -> DashScope API
    [qwen3.6-27b] 决策: select | 选笑话编号: 2
    [qwen3.6-27b] 决策: create | 选笑话编号: None
    [qwen3.6-27b] 决策: create | 选笑话编号: None

  Item完成: 耗时88.8s | 总耗时862.5min
  速率限制器状态: 可用令牌=960.0/960
  已保存中间结果 (566 条)

============================================================
处理 en_0667... (567/1375)
  质量组: high (4个候选笑话)
  质量组: medium (4个候选笑话)
  质量组: low (4个候选笑话)
  并发执行 3 个评估任务 (max_workers=3)...
    [路由] qwen3.6-27b -> DashScope API
    [路由] qwen3.6-27b -> DashScope API
    [路由] qwen3.6-27b -> DashScope API
    [qwen3.6-27b] 决策: select | 选笑话编号: 3
    [qwen3.6-27b] 决策: create | 选笑话编号: None
    [qwen3.6-27b] 决策: select | 选笑话编号: 2

  Item完成: 耗时35.8s | 总耗时863.1min
  速率限制器状态: 可用令牌=960.0/960
  已保存中间结果 (567 条)

============================================================
处理 en_0668... (568/1375)
  质量组: high (4个候选笑话)
  质量组: medium (4个候选笑话)
  质量组: low (4个候选笑话)
  并发执行 3 个评估任务 (max_workers=3)...
    [路由] qwen3.6-27b -> DashScope API
    [路由] qwen3.6-27b -> DashScope API
    [路由] qwen3.6-27b -> DashScope API
    [qwen3.6-27b] 决策: select | 选笑话编号: 4
    [qwen3.6-27b] 决策: create | 选笑话编号: None
    [qwen3.6-27b] 决策: create | 选笑话编号: None

  Item完成: 耗时53.2s | 总耗时864.0min
  速率限制器状态: 可用令牌=960.0/960
  已保存中间结果 (568 条)

============================================================
处理 en_0669... (569/1375)
  质量组: high (4个候选笑话)
  质量组: medium (4个候选笑话)
  质量组: low (4个候选笑话)
  并发执行 3 个评估任务 (max_workers=3)...
    [路由] qwen3.6-27b -> DashScope API
    [路由] qwen3.6-27b -> DashScope API    [路由] qwen3.6-27b -> DashScope API

    [qwen3.6-27b] 决策: select | 选笑话编号: 4
    [qwen3.6-27b] 决策: create | 选笑话编号: None
    [API] 可重试异常: HTTPSConnectionPool(host='dashscope.aliyuncs.com', port=443): Read timed out. (read timeout=300), 等待2.0s后重试 (1/5), model=qwen3.6-27b
    [qwen3.6-27b] 决策: select | 选笑话编号: 3

  Item完成: 耗时323.4s | 总耗时869.4min
  速率限制器状态: 可用令牌=960.0/960
  已保存中间结果 (569 条)

============================================================
处理 en_0670... (570/1375)
  质量组: high (4个候选笑话)
  质量组: medium (4个候选笑话)
  质量组: low (4个候选笑话)
  并发执行 3 个评估任务 (max_workers=3)...
    [路由] qwen3.6-27b -> DashScope API
    [路由] qwen3.6-27b -> DashScope API
    [路由] qwen3.6-27b -> DashScope API
    [qwen3.6-27b] 决策: select | 选笑话编号: 2
    [qwen3.6-27b] 决策: create | 选笑话编号: None
    [qwen3.6-27b] 决策: create | 选笑话编号: None

  Item完成: 耗时41.2s | 总耗时870.0min
  速率限制器状态: 可用令牌=960.0/960
  已保存中间结果 (570 条)

============================================================
处理 en_0671... (571/1375)
  质量组: high (4个候选笑话)
  质量组: medium (4个候选笑话)
  质量组: low (4个候选笑话)
  并发执行 3 个评估任务 (max_workers=3)...
    [路由] qwen3.6-27b -> DashScope API
    [路由] qwen3.6-27b -> DashScope API    [路由] qwen3.6-27b -> DashScope API

    [qwen3.6-27b] 决策: select | 选笑话编号: 2
    [qwen3.6-27b] 决策: select | 选笑话编号: 3
    [qwen3.6-27b] 决策: create | 选笑话编号: None

  Item完成: 耗时50.7s | 总耗时870.9min
  速率限制器状态: 可用令牌=960.0/960
  已保存中间结果 (571 条)

============================================================
处理 en_0672... (572/1375)
  质量组: high (4个候选笑话)
  质量组: medium (4个候选笑话)
  质量组: low (4个候选笑话)
  并发执行 3 个评估任务 (max_workers=3)...
    [路由] qwen3.6-27b -> DashScope API
    [路由] qwen3.6-27b -> DashScope API    [路由] qwen3.6-27b -> DashScope API

    [qwen3.6-27b] 决策: select | 选笑话编号: 1
    [qwen3.6-27b] 决策: select | 选笑话编号: 2
    [qwen3.6-27b] 决策: create | 选笑话编号: None

  Item完成: 耗时63.5s | 总耗时872.0min
  速率限制器状态: 可用令牌=960.0/960
  已保存中间结果 (572 条)

============================================================
处理 en_0673... (573/1375)
  质量组: high (4个候选笑话)
  质量组: medium (4个候选笑话)
  质量组: low (4个候选笑话)
  并发执行 3 个评估任务 (max_workers=3)...
    [路由] qwen3.6-27b -> DashScope API    [路由] qwen3.6-27b -> DashScope API

    [路由] qwen3.6-27b -> DashScope API
    [qwen3.6-27b] 决策: select | 选笑话编号: 2
    [qwen3.6-27b] 决策: create | 选笑话编号: None
    [qwen3.6-27b] 决策: create | 选笑话编号: None

  Item完成: 耗时66.7s | 总耗时873.1min
  速率限制器状态: 可用令牌=960.0/960
  已保存中间结果 (573 条)

============================================================
处理 en_0674... (574/1375)
  质量组: high (4个候选笑话)
  质量组: medium (4个候选笑话)
  质量组: low (4个候选笑话)
  并发执行 3 个评估任务 (max_workers=3)...
    [路由] qwen3.6-27b -> DashScope API    [路由] qwen3.6-27b -> DashScope API

    [路由] qwen3.6-27b -> DashScope API
    [qwen3.6-27b] 决策: select | 选笑话编号: 2
    [qwen3.6-27b] 决策: select | 选笑话编号: 4
    [qwen3.6-27b] 决策: select | 选笑话编号: 4

  Item完成: 耗时57.3s | 总耗时874.0min
  速率限制器状态: 可用令牌=960.0/960
  已保存中间结果 (574 条)

============================================================
处理 en_0675... (575/1375)
  质量组: high (4个候选笑话)
  质量组: medium (4个候选笑话)
  质量组: low (4个候选笑话)
  并发执行 3 个评估任务 (max_workers=3)...
    [路由] qwen3.6-27b -> DashScope API
    [路由] qwen3.6-27b -> DashScope API    [路由] qwen3.6-27b -> DashScope API

    [qwen3.6-27b] 决策: select | 选笑话编号: 2
    [qwen3.6-27b] 决策: create | 选笑话编号: None
    [API] 可重试异常: HTTPSConnectionPool(host='dashscope.aliyuncs.com', port=443): Read timed out. (read timeout=300), 等待2.4s后重试 (1/5), model=qwen3.6-27b
    [API] 可重试异常: HTTPSConnectionPool(host='dashscope.aliyuncs.com', port=443): Read timed out. (read timeout=300), 等待4.4s后重试 (2/5), model=qwen3.6-27b
    [qwen3.6-27b] 决策: create | 选笑话编号: None

  Item完成: 耗时704.2s | 总耗时885.8min
  速率限制器状态: 可用令牌=960.0/960
  已保存中间结果 (575 条)

============================================================
处理 en_0676... (576/1375)
  质量组: high (4个候选笑话)
  质量组: medium (4个候选笑话)
  质量组: low (4个候选笑话)
  并发执行 3 个评估任务 (max_workers=3)...
    [路由] qwen3.6-27b -> DashScope API
    [路由] qwen3.6-27b -> DashScope API    [路由] qwen3.6-27b -> DashScope API

    [qwen3.6-27b] 决策: select | 选笑话编号: 2
    [qwen3.6-27b] 决策: create | 选笑话编号: None
    [qwen3.6-27b] 决策: create | 选笑话编号: None

  Item完成: 耗时134.6s | 总耗时888.0min
  速率限制器状态: 可用令牌=960.0/960
  已保存中间结果 (576 条)

============================================================
处理 en_0677... (577/1375)
  质量组: high (4个候选笑话)
  质量组: medium (4个候选笑话)
  质量组: low (4个候选笑话)
  并发执行 3 个评估任务 (max_workers=3)...
    [路由] qwen3.6-27b -> DashScope API
    [路由] qwen3.6-27b -> DashScope API
    [路由] qwen3.6-27b -> DashScope API
    [qwen3.6-27b] 决策: create | 选笑话编号: None
    [qwen3.6-27b] 决策: select | 选笑话编号: 3
    [qwen3.6-27b] 决策: create | 选笑话编号: None

  Item完成: 耗时58.1s | 总耗时889.0min
  速率限制器状态: 可用令牌=960.0/960
  已保存中间结果 (577 条)

============================================================
处理 en_0678... (578/1375)
  质量组: high (4个候选笑话)
  质量组: medium (4个候选笑话)
  质量组: low (4个候选笑话)
  并发执行 3 个评估任务 (max_workers=3)...
    [路由] qwen3.6-27b -> DashScope API    [路由] qwen3.6-27b -> DashScope API

    [路由] qwen3.6-27b -> DashScope API
    [qwen3.6-27b] 决策: select | 选笑话编号: 2
    [qwen3.6-27b] 决策: create | 选笑话编号: None
    [qwen3.6-27b] 决策: create | 选笑话编号: None

  Item完成: 耗时46.9s | 总耗时889.8min
  速率限制器状态: 可用令牌=960.0/960
  已保存中间结果 (578 条)

============================================================
处理 en_0679... (579/1375)
  质量组: high (4个候选笑话)
  质量组: medium (4个候选笑话)
  质量组: low (4个候选笑话)
  并发执行 3 个评估任务 (max_workers=3)...
    [路由] qwen3.6-27b -> DashScope API    [路由] qwen3.6-27b -> DashScope API
    [路由] qwen3.6-27b -> DashScope API

    [qwen3.6-27b] 决策: select | 选笑话编号: 4
    [qwen3.6-27b] 决策: select | 选笑话编号: 3
    [qwen3.6-27b] 决策: create | 选笑话编号: None

  Item完成: 耗时57.5s | 总耗时890.7min
  速率限制器状态: 可用令牌=960.0/960
  已保存中间结果 (579 条)

============================================================
处理 en_0680... (580/1375)
  质量组: high (4个候选笑话)
  质量组: medium (4个候选笑话)
  质量组: low (4个候选笑话)
  并发执行 3 个评估任务 (max_workers=3)...
    [路由] qwen3.6-27b -> DashScope API
    [路由] qwen3.6-27b -> DashScope API
    [路由] qwen3.6-27b -> DashScope API
    [qwen3.6-27b] 决策: select | 选笑话编号: 2
    [qwen3.6-27b] 决策: create | 选笑话编号: None
    [qwen3.6-27b] 决策: create | 选笑话编号: None

  Item完成: 耗时45.7s | 总耗时891.5min
  速率限制器状态: 可用令牌=960.0/960
  已保存中间结果 (580 条)

============================================================
处理 en_0681... (581/1375)
  质量组: high (4个候选笑话)
  质量组: medium (4个候选笑话)
  质量组: low (4个候选笑话)
  并发执行 3 个评估任务 (max_workers=3)...
    [路由] qwen3.6-27b -> DashScope API
    [路由] qwen3.6-27b -> DashScope API
    [路由] qwen3.6-27b -> DashScope API
    [qwen3.6-27b] 决策: select | 选笑话编号: 3
    [qwen3.6-27b] 决策: select | 选笑话编号: 2
    [qwen3.6-27b] 决策: select | 选笑话编号: 2

  Item完成: 耗时40.0s | 总耗时892.2min
  速率限制器状态: 可用令牌=960.0/960
  已保存中间结果 (581 条)

============================================================
处理 en_0682... (582/1375)
  质量组: high (4个候选笑话)
  质量组: medium (4个候选笑话)
  质量组: low (4个候选笑话)
  并发执行 3 个评估任务 (max_workers=3)...
    [路由] qwen3.6-27b -> DashScope API    [路由] qwen3.6-27b -> DashScope API
    [路由] qwen3.6-27b -> DashScope API

    [qwen3.6-27b] 决策: select | 选笑话编号: 2
    [qwen3.6-27b] 决策: select | 选笑话编号: 4
    [qwen3.6-27b] 决策: create | 选笑话编号: None

  Item完成: 耗时32.5s | 总耗时892.7min
  速率限制器状态: 可用令牌=960.0/960
  已保存中间结果 (582 条)

============================================================
处理 en_0683... (583/1375)
  质量组: high (4个候选笑话)
  质量组: medium (4个候选笑话)
  质量组: low (4个候选笑话)
  并发执行 3 个评估任务 (max_workers=3)...
    [路由] qwen3.6-27b -> DashScope API    [路由] qwen3.6-27b -> DashScope API
    [路由] qwen3.6-27b -> DashScope API

    [qwen3.6-27b] 决策: create | 选笑话编号: None
    [qwen3.6-27b] 决策: create | 选笑话编号: None
    [API] 可重试异常: HTTPSConnectionPool(host='dashscope.aliyuncs.com', port=443): Read timed out. (read timeout=300), 等待1.9s后重试 (1/5), model=qwen3.6-27b
    [qwen3.6-27b] 决策: create | 选笑话编号: None

  Item完成: 耗时343.0s | 总耗时898.4min
  速率限制器状态: 可用令牌=960.0/960
  已保存中间结果 (583 条)

============================================================
处理 en_0684... (584/1375)
  质量组: high (4个候选笑话)
  质量组: medium (4个候选笑话)
  质量组: low (4个候选笑话)
  并发执行 3 个评估任务 (max_workers=3)...
    [路由] qwen3.6-27b -> DashScope API
    [路由] qwen3.6-27b -> DashScope API    [路由] qwen3.6-27b -> DashScope API

    [qwen3.6-27b] 决策: create | 选笑话编号: None
    [qwen3.6-27b] 决策: create | 选笑话编号: None
    [qwen3.6-27b] 决策: create | 选笑话编号: None

  Item完成: 耗时74.0s | 总耗时899.7min
  速率限制器状态: 可用令牌=960.0/960
  已保存中间结果 (584 条)

============================================================
处理 en_0685... (585/1375)
  质量组: high (4个候选笑话)
  质量组: medium (4个候选笑话)
  质量组: low (4个候选笑话)
  并发执行 3 个评估任务 (max_workers=3)...
    [路由] qwen3.6-27b -> DashScope API
    [路由] qwen3.6-27b -> DashScope API
    [路由] qwen3.6-27b -> DashScope API
    [qwen3.6-27b] 决策: select | 选笑话编号: 2
    [qwen3.6-27b] 决策: select | 选笑话编号: 4
    [qwen3.6-27b] 决策: create | 选笑话编号: None

  Item完成: 耗时55.0s | 总耗时900.6min
  速率限制器状态: 可用令牌=960.0/960
  已保存中间结果 (585 条)

============================================================
处理 en_0686... (586/1375)
  质量组: high (4个候选笑话)
  质量组: medium (4个候选笑话)
  质量组: low (4个候选笑话)
  并发执行 3 个评估任务 (max_workers=3)...
    [路由] qwen3.6-27b -> DashScope API
    [路由] qwen3.6-27b -> DashScope API
    [路由] qwen3.6-27b -> DashScope API
    [qwen3.6-27b] 决策: select | 选笑话编号: 2
    [qwen3.6-27b] 决策: select | 选笑话编号: 2
    [qwen3.6-27b] 决策: create | 选笑话编号: None

  Item完成: 耗时63.8s | 总耗时901.6min
  速率限制器状态: 可用令牌=960.0/960
  已保存中间结果 (586 条)

============================================================
处理 en_0687... (587/1375)
  质量组: high (4个候选笑话)
  质量组: medium (4个候选笑话)
  质量组: low (4个候选笑话)
  并发执行 3 个评估任务 (max_workers=3)...
    [路由] qwen3.6-27b -> DashScope API    [路由] qwen3.6-27b -> DashScope API

    [路由] qwen3.6-27b -> DashScope API
    [qwen3.6-27b] 决策: select | 选笑话编号: 2
    [qwen3.6-27b] 决策: select | 选笑话编号: 4
    [qwen3.6-27b] 决策: create | 选笑话编号: None

  Item完成: 耗时80.0s | 总耗时903.0min
  速率限制器状态: 可用令牌=960.0/960
  已保存中间结果 (587 条)

============================================================
处理 en_0688... (588/1375)
  质量组: high (4个候选笑话)
  质量组: medium (4个候选笑话)
  质量组: low (4个候选笑话)
  并发执行 3 个评估任务 (max_workers=3)...
    [路由] qwen3.6-27b -> DashScope API
    [路由] qwen3.6-27b -> DashScope API
    [路由] qwen3.6-27b -> DashScope API
    [qwen3.6-27b] 决策: select | 选笑话编号: 4
    [qwen3.6-27b] 决策: create | 选笑话编号: None
    [qwen3.6-27b] 决策: create | 选笑话编号: None

  Item完成: 耗时71.2s | 总耗时904.2min
  速率限制器状态: 可用令牌=960.0/960
  已保存中间结果 (588 条)

============================================================
处理 en_0689... (589/1375)
  质量组: high (4个候选笑话)
  质量组: medium (4个候选笑话)
  质量组: low (4个候选笑话)
  并发执行 3 个评估任务 (max_workers=3)...
    [路由] qwen3.6-27b -> DashScope API    [路由] qwen3.6-27b -> DashScope API
    [路由] qwen3.6-27b -> DashScope API

    [qwen3.6-27b] 决策: select | 选笑话编号: 4
    [qwen3.6-27b] 决策: select | 选笑话编号: 4
    [qwen3.6-27b] 决策: create | 选笑话编号: None

  Item完成: 耗时72.1s | 总耗时905.4min
  速率限制器状态: 可用令牌=960.0/960
  已保存中间结果 (589 条)

============================================================
处理 en_0690... (590/1375)
  质量组: high (4个候选笑话)
  质量组: medium (4个候选笑话)
  质量组: low (4个候选笑话)
  并发执行 3 个评估任务 (max_workers=3)...
    [路由] qwen3.6-27b -> DashScope API
    [路由] qwen3.6-27b -> DashScope API    [路由] qwen3.6-27b -> DashScope API

    [qwen3.6-27b] 决策: select | 选笑话编号: 2
    [qwen3.6-27b] 决策: create | 选笑话编号: None
    [qwen3.6-27b] 决策: select | 选笑话编号: 1

  Item完成: 耗时70.2s | 总耗时906.5min
  速率限制器状态: 可用令牌=960.0/960
  已保存中间结果 (590 条)

============================================================
处理 en_0691... (591/1375)
  质量组: high (4个候选笑话)
  质量组: medium (4个候选笑话)
  质量组: low (4个候选笑话)
  并发执行 3 个评估任务 (max_workers=3)...
    [路由] qwen3.6-27b -> DashScope API    [路由] qwen3.6-27b -> DashScope API
    [路由] qwen3.6-27b -> DashScope API

    [qwen3.6-27b] 决策: select | 选笑话编号: 2
    [qwen3.6-27b] 决策: create | 选笑话编号: None
    [qwen3.6-27b] 决策: create | 选笑话编号: None

  Item完成: 耗时52.1s | 总耗时907.4min
  速率限制器状态: 可用令牌=960.0/960
  已保存中间结果 (591 条)

============================================================
处理 en_0692... (592/1375)
  质量组: high (4个候选笑话)
  质量组: medium (4个候选笑话)
  质量组: low (4个候选笑话)
  并发执行 3 个评估任务 (max_workers=3)...
    [路由] qwen3.6-27b -> DashScope API
    [路由] qwen3.6-27b -> DashScope API    [路由] qwen3.6-27b -> DashScope API

    [qwen3.6-27b] 决策: select | 选笑话编号: 1
    [qwen3.6-27b] 决策: create | 选笑话编号: None
    [qwen3.6-27b] 决策: create | 选笑话编号: None

  Item完成: 耗时33.9s | 总耗时908.0min
  速率限制器状态: 可用令牌=960.0/960
  已保存中间结果 (592 条)

============================================================
处理 en_0693... (593/1375)
  质量组: high (4个候选笑话)
  质量组: medium (4个候选笑话)
  质量组: low (4个候选笑话)
  并发执行 3 个评估任务 (max_workers=3)...
    [路由] qwen3.6-27b -> DashScope API
    [路由] qwen3.6-27b -> DashScope API    [路由] qwen3.6-27b -> DashScope API

    [qwen3.6-27b] 决策: select | 选笑话编号: 3
    [qwen3.6-27b] 决策: select | 选笑话编号: 2
    [qwen3.6-27b] 决策: create | 选笑话编号: None

  Item完成: 耗时45.8s | 总耗时908.8min
  速率限制器状态: 可用令牌=960.0/960
  已保存中间结果 (593 条)

============================================================
处理 en_0694... (594/1375)
  质量组: high (4个候选笑话)
  质量组: medium (4个候选笑话)
  质量组: low (4个候选笑话)
  并发执行 3 个评估任务 (max_workers=3)...
    [路由] qwen3.6-27b -> DashScope API    [路由] qwen3.6-27b -> DashScope API

    [路由] qwen3.6-27b -> DashScope API
    [qwen3.6-27b] 决策: select | 选笑话编号: 4
    [qwen3.6-27b] 决策: select | 选笑话编号: 4
    [qwen3.6-27b] 决策: create | 选笑话编号: None

  Item完成: 耗时35.6s | 总耗时909.3min
  速率限制器状态: 可用令牌=960.0/960
  已保存中间结果 (594 条)

============================================================
处理 en_0695... (595/1375)
  质量组: high (4个候选笑话)
  质量组: medium (4个候选笑话)
  质量组: low (4个候选笑话)
  并发执行 3 个评估任务 (max_workers=3)...
    [路由] qwen3.6-27b -> DashScope API
    [路由] qwen3.6-27b -> DashScope API
    [路由] qwen3.6-27b -> DashScope API
    [qwen3.6-27b] 决策: select | 选笑话编号: 3
    [qwen3.6-27b] 决策: create | 选笑话编号: None
    [qwen3.6-27b] 决策: create | 选笑话编号: None

  Item完成: 耗时49.2s | 总耗时910.2min
  速率限制器状态: 可用令牌=960.0/960
  已保存中间结果 (595 条)

============================================================
处理 en_0696... (596/1375)
  质量组: high (4个候选笑话)
  质量组: medium (4个候选笑话)
  质量组: low (4个候选笑话)
  并发执行 3 个评估任务 (max_workers=3)...
    [路由] qwen3.6-27b -> DashScope API
    [路由] qwen3.6-27b -> DashScope API    [路由] qwen3.6-27b -> DashScope API

    [qwen3.6-27b] 决策: create | 选笑话编号: None
    [qwen3.6-27b] 决策: create | 选笑话编号: None
    [qwen3.6-27b] 决策: create | 选笑话编号: None

  Item完成: 耗时62.5s | 总耗时911.2min
  速率限制器状态: 可用令牌=960.0/960
  已保存中间结果 (596 条)

============================================================
处理 en_0697... (597/1375)
  质量组: high (4个候选笑话)
  质量组: medium (4个候选笑话)
  质量组: low (4个候选笑话)
  并发执行 3 个评估任务 (max_workers=3)...
    [路由] qwen3.6-27b -> DashScope API    [路由] qwen3.6-27b -> DashScope API

    [路由] qwen3.6-27b -> DashScope API
    [qwen3.6-27b] 决策: select | 选笑话编号: 3
    [qwen3.6-27b] 决策: create | 选笑话编号: None
    [qwen3.6-27b] 决策: create | 选笑话编号: None

  Item完成: 耗时67.8s | 总耗时912.3min
  速率限制器状态: 可用令牌=960.0/960
  已保存中间结果 (597 条)

============================================================
处理 en_0698... (598/1375)
  质量组: high (4个候选笑话)
  质量组: medium (4个候选笑话)
  质量组: low (4个候选笑话)
  并发执行 3 个评估任务 (max_workers=3)...
    [路由] qwen3.6-27b -> DashScope API
    [路由] qwen3.6-27b -> DashScope API
    [路由] qwen3.6-27b -> DashScope API
    [qwen3.6-27b] 决策: select | 选笑话编号: 3
    [qwen3.6-27b] 决策: select | 选笑话编号: 3
    [qwen3.6-27b] 决策: select | 选笑话编号: 4

  Item完成: 耗时39.7s | 总耗时913.0min
  速率限制器状态: 可用令牌=960.0/960
  已保存中间结果 (598 条)

============================================================
处理 en_0699... (599/1375)
  质量组: high (4个候选笑话)
  质量组: medium (4个候选笑话)
  质量组: low (4个候选笑话)
  并发执行 3 个评估任务 (max_workers=3)...
    [路由] qwen3.6-27b -> DashScope API
    [路由] qwen3.6-27b -> DashScope API
    [路由] qwen3.6-27b -> DashScope API
    [qwen3.6-27b] 决策: select | 选笑话编号: 1
    [qwen3.6-27b] 决策: create | 选笑话编号: None
    [qwen3.6-27b] 决策: create | 选笑话编号: None

  Item完成: 耗时66.1s | 总耗时914.1min
  速率限制器状态: 可用令牌=960.0/960
  已保存中间结果 (599 条)

============================================================
处理 en_0700... (600/1375)
  质量组: high (4个候选笑话)
  质量组: medium (4个候选笑话)
  质量组: low (4个候选笑话)
  并发执行 3 个评估任务 (max_workers=3)...
    [路由] qwen3.6-27b -> DashScope API    [路由] qwen3.6-27b -> DashScope API
    [路由] qwen3.6-27b -> DashScope API

    [qwen3.6-27b] 决策: select | 选笑话编号: 2
    [qwen3.6-27b] 决策: create | 选笑话编号: None
    [qwen3.6-27b] 决策: create | 选笑话编号: None

  Item完成: 耗时50.3s | 总耗时915.0min
  速率限制器状态: 可用令牌=960.0/960
  已保存中间结果 (600 条)

============================================================
处理 en_0701... (601/1375)
  质量组: high (4个候选笑话)
  质量组: medium (4个候选笑话)
  质量组: low (4个候选笑话)
  并发执行 3 个评估任务 (max_workers=3)...
    [路由] qwen3.6-27b -> DashScope API
    [路由] qwen3.6-27b -> DashScope API
    [路由] qwen3.6-27b -> DashScope API
    [qwen3.6-27b] 决策: select | 选笑话编号: 4
    [qwen3.6-27b] 决策: create | 选笑话编号: None
    [qwen3.6-27b] 决策: create | 选笑话编号: None

  Item完成: 耗时47.1s | 总耗时915.7min
  速率限制器状态: 可用令牌=960.0/960
  已保存中间结果 (601 条)

============================================================
处理 en_0702... (602/1375)
  质量组: high (4个候选笑话)
  质量组: medium (4个候选笑话)
  质量组: low (4个候选笑话)
  并发执行 3 个评估任务 (max_workers=3)...
    [路由] qwen3.6-27b -> DashScope API    [路由] qwen3.6-27b -> DashScope API
    [路由] qwen3.6-27b -> DashScope API

    [qwen3.6-27b] 决策: select | 选笑话编号: 4
    [qwen3.6-27b] 决策: create | 选笑话编号: None
    [qwen3.6-27b] 决策: create | 选笑话编号: None

  Item完成: 耗时81.1s | 总耗时917.1min
  速率限制器状态: 可用令牌=960.0/960
  已保存中间结果 (602 条)

============================================================
处理 en_0703... (603/1375)
  质量组: high (4个候选笑话)
  质量组: medium (4个候选笑话)
  质量组: low (4个候选笑话)
  并发执行 3 个评估任务 (max_workers=3)...
    [路由] qwen3.6-27b -> DashScope API    [路由] qwen3.6-27b -> DashScope API
    [路由] qwen3.6-27b -> DashScope API

    [qwen3.6-27b] 决策: select | 选笑话编号: 2
    [qwen3.6-27b] 决策: select | 选笑话编号: 2
    [qwen3.6-27b] 决策: create | 选笑话编号: None

  Item完成: 耗时64.5s | 总耗时918.2min
  速率限制器状态: 可用令牌=960.0/960
  已保存中间结果 (603 条)

============================================================
处理 en_0704... (604/1375)
  质量组: high (4个候选笑话)
  质量组: medium (4个候选笑话)
  质量组: low (4个候选笑话)
  并发执行 3 个评估任务 (max_workers=3)...
    [路由] qwen3.6-27b -> DashScope API
    [路由] qwen3.6-27b -> DashScope API
    [路由] qwen3.6-27b -> DashScope API
    [qwen3.6-27b] 决策: select | 选笑话编号: 3
    [qwen3.6-27b] 决策: create | 选笑话编号: None
    [qwen3.6-27b] 决策: create | 选笑话编号: None

  Item完成: 耗时40.9s | 总耗时918.9min
  速率限制器状态: 可用令牌=960.0/960
  已保存中间结果 (604 条)

============================================================
处理 en_0705... (605/1375)
  质量组: high (4个候选笑话)
  质量组: medium (4个候选笑话)
  质量组: low (4个候选笑话)
  并发执行 3 个评估任务 (max_workers=3)...
    [路由] qwen3.6-27b -> DashScope API
    [路由] qwen3.6-27b -> DashScope API    [路由] qwen3.6-27b -> DashScope API

    [qwen3.6-27b] 决策: select | 选笑话编号: 2
    [qwen3.6-27b] 决策: select | 选笑话编号: 1
    [qwen3.6-27b] 决策: select | 选笑话编号: 2

  Item完成: 耗时34.4s | 总耗时919.4min
  速率限制器状态: 可用令牌=960.0/960
  已保存中间结果 (605 条)

============================================================
处理 en_0706... (606/1375)
  质量组: high (4个候选笑话)
  质量组: medium (4个候选笑话)
  质量组: low (4个候选笑话)
  并发执行 3 个评估任务 (max_workers=3)...
    [路由] qwen3.6-27b -> DashScope API
    [路由] qwen3.6-27b -> DashScope API    [路由] qwen3.6-27b -> DashScope API

    [qwen3.6-27b] 决策: select | 选笑话编号: 2
    [qwen3.6-27b] 决策: create | 选笑话编号: None
    [qwen3.6-27b] 决策: create | 选笑话编号: None

  Item完成: 耗时82.1s | 总耗时920.8min
  速率限制器状态: 可用令牌=960.0/960
  已保存中间结果 (606 条)

============================================================
处理 en_0707... (607/1375)
  质量组: high (4个候选笑话)
  质量组: medium (4个候选笑话)
  质量组: low (4个候选笑话)
  并发执行 3 个评估任务 (max_workers=3)...
    [路由] qwen3.6-27b -> DashScope API
    [路由] qwen3.6-27b -> DashScope API    [路由] qwen3.6-27b -> DashScope API

    [qwen3.6-27b] 决策: create | 选笑话编号: None
    [qwen3.6-27b] 决策: create | 选笑话编号: None
    [qwen3.6-27b] 决策: create | 选笑话编号: None

  Item完成: 耗时86.0s | 总耗时922.2min
  速率限制器状态: 可用令牌=960.0/960
  已保存中间结果 (607 条)

============================================================
处理 en_0708... (608/1375)
  质量组: high (4个候选笑话)
  质量组: medium (4个候选笑话)
  质量组: low (4个候选笑话)
  并发执行 3 个评估任务 (max_workers=3)...
    [路由] qwen3.6-27b -> DashScope API
    [路由] qwen3.6-27b -> DashScope API    [路由] qwen3.6-27b -> DashScope API

    [qwen3.6-27b] 决策: select | 选笑话编号: 2
    [qwen3.6-27b] 决策: select | 选笑话编号: 4
    [qwen3.6-27b] 决策: create | 选笑话编号: None

  Item完成: 耗时71.6s | 总耗时923.4min
  速率限制器状态: 可用令牌=960.0/960
  已保存中间结果 (608 条)

============================================================
处理 en_0709... (609/1375)
  质量组: high (4个候选笑话)
  质量组: medium (4个候选笑话)
  质量组: low (4个候选笑话)
  并发执行 3 个评估任务 (max_workers=3)...
    [路由] qwen3.6-27b -> DashScope API
    [路由] qwen3.6-27b -> DashScope API
    [路由] qwen3.6-27b -> DashScope API
    [qwen3.6-27b] 决策: select | 选笑话编号: 2
    [qwen3.6-27b] 决策: create | 选笑话编号: None
    [qwen3.6-27b] 决策: create | 选笑话编号: None

  Item完成: 耗时48.5s | 总耗时924.2min
  速率限制器状态: 可用令牌=960.0/960
  已保存中间结果 (609 条)

============================================================
处理 en_0710... (610/1375)
  质量组: high (4个候选笑话)
  质量组: medium (4个候选笑话)
  质量组: low (4个候选笑话)
  并发执行 3 个评估任务 (max_workers=3)...
    [路由] qwen3.6-27b -> DashScope API    [路由] qwen3.6-27b -> DashScope API
    [路由] qwen3.6-27b -> DashScope API

    [qwen3.6-27b] 决策: create | 选笑话编号: None
    [qwen3.6-27b] 决策: create | 选笑话编号: None
    [API] 可重试异常: HTTPSConnectionPool(host='dashscope.aliyuncs.com', port=443): Read timed out. (read timeout=300), 等待2.3s后重试 (1/5), model=qwen3.6-27b
    [qwen3.6-27b] 决策: create | 选笑话编号: None

  Item完成: 耗时370.8s | 总耗时930.4min
  速率限制器状态: 可用令牌=960.0/960
  已保存中间结果 (610 条)

============================================================
处理 en_0711... (611/1375)
  质量组: high (4个候选笑话)
  质量组: medium (4个候选笑话)
  质量组: low (4个候选笑话)
  并发执行 3 个评估任务 (max_workers=3)...
    [路由] qwen3.6-27b -> DashScope API
    [路由] qwen3.6-27b -> DashScope API
    [路由] qwen3.6-27b -> DashScope API
    [qwen3.6-27b] 决策: select | 选笑话编号: 2
    [qwen3.6-27b] 决策: create | 选笑话编号: None
    [qwen3.6-27b] 决策: create | 选笑话编号: None

  Item完成: 耗时54.5s | 总耗时931.3min
  速率限制器状态: 可用令牌=960.0/960
  已保存中间结果 (611 条)

============================================================
处理 en_0712... (612/1375)
  质量组: high (4个候选笑话)
  质量组: medium (4个候选笑话)
  质量组: low (4个候选笑话)
  并发执行 3 个评估任务 (max_workers=3)...
    [路由] qwen3.6-27b -> DashScope API
    [路由] qwen3.6-27b -> DashScope API    [路由] qwen3.6-27b -> DashScope API

    [qwen3.6-27b] 决策: select | 选笑话编号: 4
    [qwen3.6-27b] 决策: create | 选笑话编号: None
    [qwen3.6-27b] 决策: create | 选笑话编号: None

  Item完成: 耗时43.7s | 总耗时932.1min
  速率限制器状态: 可用令牌=960.0/960
  已保存中间结果 (612 条)

============================================================
处理 en_0713... (613/1375)
  质量组: high (4个候选笑话)
  质量组: medium (4个候选笑话)
  质量组: low (4个候选笑话)
  并发执行 3 个评估任务 (max_workers=3)...
    [路由] qwen3.6-27b -> DashScope API
    [路由] qwen3.6-27b -> DashScope API    [路由] qwen3.6-27b -> DashScope API

    [qwen3.6-27b] 决策: select | 选笑话编号: 3
    [qwen3.6-27b] 决策: select | 选笑话编号: 2
    [qwen3.6-27b] 决策: create | 选笑话编号: None

  Item完成: 耗时43.5s | 总耗时932.8min
  速率限制器状态: 可用令牌=960.0/960
  已保存中间结果 (613 条)

============================================================
处理 en_0714... (614/1375)
  质量组: high (4个候选笑话)
  质量组: medium (4个候选笑话)
  质量组: low (4个候选笑话)
  并发执行 3 个评估任务 (max_workers=3)...
    [路由] qwen3.6-27b -> DashScope API    [路由] qwen3.6-27b -> DashScope API

    [路由] qwen3.6-27b -> DashScope API
    [qwen3.6-27b] 决策: create | 选笑话编号: None
    [qwen3.6-27b] 决策: create | 选笑话编号: None
    [qwen3.6-27b] 决策: create | 选笑话编号: None

  Item完成: 耗时58.7s | 总耗时933.8min
  速率限制器状态: 可用令牌=960.0/960
  已保存中间结果 (614 条)

============================================================
处理 en_0715... (615/1375)
  质量组: high (4个候选笑话)
  质量组: medium (4个候选笑话)
  质量组: low (4个候选笑话)
  并发执行 3 个评估任务 (max_workers=3)...
    [路由] qwen3.6-27b -> DashScope API
    [路由] qwen3.6-27b -> DashScope API
    [路由] qwen3.6-27b -> DashScope API
    [qwen3.6-27b] 决策: create | 选笑话编号: None
    [qwen3.6-27b] 决策: select | 选笑话编号: 4
    [qwen3.6-27b] 决策: select | 选笑话编号: 2

  Item完成: 耗时67.0s | 总耗时934.9min
  速率限制器状态: 可用令牌=960.0/960
  已保存中间结果 (615 条)

============================================================
处理 en_0716... (616/1375)
  质量组: high (4个候选笑话)
  质量组: medium (4个候选笑话)
  质量组: low (4个候选笑话)
  并发执行 3 个评估任务 (max_workers=3)...
    [路由] qwen3.6-27b -> DashScope API
    [路由] qwen3.6-27b -> DashScope API
    [路由] qwen3.6-27b -> DashScope API
    [qwen3.6-27b] 决策: select | 选笑话编号: 2
    [qwen3.6-27b] 决策: create | 选笑话编号: None
    [qwen3.6-27b] 决策: create | 选笑话编号: None

  Item完成: 耗时88.4s | 总耗时936.4min
  速率限制器状态: 可用令牌=960.0/960
  已保存中间结果 (616 条)

============================================================
处理 en_0717... (617/1375)
  质量组: high (4个候选笑话)
  质量组: medium (4个候选笑话)
  质量组: low (4个候选笑话)
  并发执行 3 个评估任务 (max_workers=3)...
    [路由] qwen3.6-27b -> DashScope API
    [路由] qwen3.6-27b -> DashScope API
    [路由] qwen3.6-27b -> DashScope API
    [qwen3.6-27b] 决策: select | 选笑话编号: 4
    [qwen3.6-27b] 决策: create | 选笑话编号: None
    [qwen3.6-27b] 决策: create | 选笑话编号: None

  Item完成: 耗时62.5s | 总耗时937.4min
  速率限制器状态: 可用令牌=960.0/960
  已保存中间结果 (617 条)

============================================================
处理 en_0718... (618/1375)
  质量组: high (4个候选笑话)
  质量组: medium (4个候选笑话)
  质量组: low (4个候选笑话)
  并发执行 3 个评估任务 (max_workers=3)...
    [路由] qwen3.6-27b -> DashScope API
    [路由] qwen3.6-27b -> DashScope API
    [路由] qwen3.6-27b -> DashScope API
    [qwen3.6-27b] 决策: select | 选笑话编号: 2
    [qwen3.6-27b] 决策: create | 选笑话编号: None
    [qwen3.6-27b] 决策: create | 选笑话编号: None

  Item完成: 耗时74.8s | 总耗时938.7min
  速率限制器状态: 可用令牌=960.0/960
  已保存中间结果 (618 条)

============================================================
处理 en_0719... (619/1375)
  质量组: high (4个候选笑话)
  质量组: medium (4个候选笑话)
  质量组: low (4个候选笑话)
  并发执行 3 个评估任务 (max_workers=3)...
    [路由] qwen3.6-27b -> DashScope API
    [路由] qwen3.6-27b -> DashScope API    [路由] qwen3.6-27b -> DashScope API

    [qwen3.6-27b] 决策: select | 选笑话编号: 3
    [qwen3.6-27b] 决策: select | 选笑话编号: 2
    [qwen3.6-27b] 决策: create | 选笑话编号: None

  Item完成: 耗时66.6s | 总耗时939.8min
  速率限制器状态: 可用令牌=960.0/960
  已保存中间结果 (619 条)

============================================================
处理 en_0720... (620/1375)
  质量组: high (4个候选笑话)
  质量组: medium (4个候选笑话)
  质量组: low (4个候选笑话)
  并发执行 3 个评估任务 (max_workers=3)...
    [路由] qwen3.6-27b -> DashScope API
    [路由] qwen3.6-27b -> DashScope API
    [路由] qwen3.6-27b -> DashScope API
    [qwen3.6-27b] 决策: select | 选笑话编号: 3
    [qwen3.6-27b] 决策: select | 选笑话编号: 3
    [qwen3.6-27b] 决策: create | 选笑话编号: None

  Item完成: 耗时32.3s | 总耗时940.3min
  速率限制器状态: 可用令牌=960.0/960
  已保存中间结果 (620 条)

============================================================
处理 en_0721... (621/1375)
  质量组: high (4个候选笑话)
  质量组: medium (4个候选笑话)
  质量组: low (4个候选笑话)
  并发执行 3 个评估任务 (max_workers=3)...
    [路由] qwen3.6-27b -> DashScope API
    [路由] qwen3.6-27b -> DashScope API
    [路由] qwen3.6-27b -> DashScope API
    [qwen3.6-27b] 决策: select | 选笑话编号: 3
    [qwen3.6-27b] 决策: select | 选笑话编号: 2
    [qwen3.6-27b] 决策: create | 选笑话编号: None

  Item完成: 耗时34.2s | 总耗时940.9min
  速率限制器状态: 可用令牌=960.0/960
  已保存中间结果 (621 条)

============================================================
处理 en_0722... (622/1375)
  质量组: high (4个候选笑话)
  质量组: medium (4个候选笑话)
  质量组: low (4个候选笑话)
  并发执行 3 个评估任务 (max_workers=3)...
    [路由] qwen3.6-27b -> DashScope API    [路由] qwen3.6-27b -> DashScope API

    [路由] qwen3.6-27b -> DashScope API
    [qwen3.6-27b] 决策: select | 选笑话编号: 3
    [qwen3.6-27b] 决策: select | 选笑话编号: 4
    [qwen3.6-27b] 决策: select | 选笑话编号: 1

  Item完成: 耗时46.2s | 总耗时941.7min
  速率限制器状态: 可用令牌=960.0/960
  已保存中间结果 (622 条)

============================================================
处理 en_0723... (623/1375)
  质量组: high (4个候选笑话)
  质量组: medium (4个候选笑话)
  质量组: low (4个候选笑话)
  并发执行 3 个评估任务 (max_workers=3)...
    [路由] qwen3.6-27b -> DashScope API
    [路由] qwen3.6-27b -> DashScope API    [路由] qwen3.6-27b -> DashScope API

    [qwen3.6-27b] 决策: select | 选笑话编号: 4
    [qwen3.6-27b] 决策: create | 选笑话编号: None
    [qwen3.6-27b] 决策: select | 选笑话编号: 4

  Item完成: 耗时58.7s | 总耗时942.7min
  速率限制器状态: 可用令牌=960.0/960
  已保存中间结果 (623 条)

============================================================
处理 en_0724... (624/1375)
  质量组: high (4个候选笑话)
  质量组: medium (4个候选笑话)
  质量组: low (4个候选笑话)
  并发执行 3 个评估任务 (max_workers=3)...
    [路由] qwen3.6-27b -> DashScope API    [路由] qwen3.6-27b -> DashScope API

    [路由] qwen3.6-27b -> DashScope API
    [qwen3.6-27b] 决策: select | 选笑话编号: 2
    [qwen3.6-27b] 决策: select | 选笑话编号: 4
    [qwen3.6-27b] 决策: create | 选笑话编号: None

  Item完成: 耗时53.9s | 总耗时943.6min
  速率限制器状态: 可用令牌=960.0/960
  已保存中间结果 (624 条)

============================================================
处理 en_0725... (625/1375)
  质量组: high (4个候选笑话)
  质量组: medium (4个候选笑话)
  质量组: low (4个候选笑话)
  并发执行 3 个评估任务 (max_workers=3)...
    [路由] qwen3.6-27b -> DashScope API
    [路由] qwen3.6-27b -> DashScope API    [路由] qwen3.6-27b -> DashScope API

    [qwen3.6-27b] 决策: select | 选笑话编号: 4
    [qwen3.6-27b] 决策: select | 选笑话编号: 4
    [qwen3.6-27b] 决策: create | 选笑话编号: None

  Item完成: 耗时33.0s | 总耗时944.1min
  速率限制器状态: 可用令牌=960.0/960
  已保存中间结果 (625 条)

============================================================
处理 en_0726... (626/1375)
  质量组: high (4个候选笑话)
  质量组: medium (4个候选笑话)
  质量组: low (4个候选笑话)
  并发执行 3 个评估任务 (max_workers=3)...
    [路由] qwen3.6-27b -> DashScope API
    [路由] qwen3.6-27b -> DashScope API
    [路由] qwen3.6-27b -> DashScope API
    [qwen3.6-27b] 决策: select | 选笑话编号: 4
    [qwen3.6-27b] 决策: select | 选笑话编号: 4
    [qwen3.6-27b] 决策: create | 选笑话编号: None

  Item完成: 耗时50.6s | 总耗时945.0min
  速率限制器状态: 可用令牌=960.0/960
  已保存中间结果 (626 条)

============================================================
处理 en_0727... (627/1375)
  质量组: high (4个候选笑话)
  质量组: medium (4个候选笑话)
  质量组: low (4个候选笑话)
  并发执行 3 个评估任务 (max_workers=3)...
    [路由] qwen3.6-27b -> DashScope API
    [路由] qwen3.6-27b -> DashScope API
    [路由] qwen3.6-27b -> DashScope API
    [qwen3.6-27b] 决策: create | 选笑话编号: None
    [qwen3.6-27b] 决策: select | 选笑话编号: 2
    [qwen3.6-27b] 决策: create | 选笑话编号: None

  Item完成: 耗时55.2s | 总耗时945.9min
  速率限制器状态: 可用令牌=960.0/960
  已保存中间结果 (627 条)

============================================================
处理 en_0728... (628/1375)
  质量组: high (4个候选笑话)
  质量组: medium (4个候选笑话)
  质量组: low (4个候选笑话)
  并发执行 3 个评估任务 (max_workers=3)...
    [路由] qwen3.6-27b -> DashScope API
    [路由] qwen3.6-27b -> DashScope API
    [路由] qwen3.6-27b -> DashScope API
    [qwen3.6-27b] 决策: select | 选笑话编号: 2
    [qwen3.6-27b] 决策: create | 选笑话编号: None
    [API] 可重试异常: HTTPSConnectionPool(host='dashscope.aliyuncs.com', port=443): Read timed out. (read timeout=300), 等待2.5s后重试 (1/5), model=qwen3.6-27b
    [qwen3.6-27b] 决策: create | 选笑话编号: None

  Item完成: 耗时331.0s | 总耗时951.4min
  速率限制器状态: 可用令牌=960.0/960
  已保存中间结果 (628 条)

============================================================
处理 en_0729... (629/1375)
  质量组: high (4个候选笑话)
  质量组: medium (4个候选笑话)
  质量组: low (4个候选笑话)
  并发执行 3 个评估任务 (max_workers=3)...
    [路由] qwen3.6-27b -> DashScope API
    [路由] qwen3.6-27b -> DashScope API
    [路由] qwen3.6-27b -> DashScope API
    [qwen3.6-27b] 决策: select | 选笑话编号: 1
    [qwen3.6-27b] 决策: select | 选笑话编号: 4
    [qwen3.6-27b] 决策: select | 选笑话编号: 2

  Item完成: 耗时37.4s | 总耗时952.0min
  速率限制器状态: 可用令牌=960.0/960
  已保存中间结果 (629 条)

============================================================
处理 en_0730... (630/1375)
  质量组: high (4个候选笑话)
  质量组: medium (4个候选笑话)
  质量组: low (4个候选笑话)
  并发执行 3 个评估任务 (max_workers=3)...
    [路由] qwen3.6-27b -> DashScope API
    [路由] qwen3.6-27b -> DashScope API    [路由] qwen3.6-27b -> DashScope API

    [qwen3.6-27b] 决策: create | 选笑话编号: None
    [qwen3.6-27b] 决策: create | 选笑话编号: None
    [qwen3.6-27b] 决策: create | 选笑话编号: None

  Item完成: 耗时83.8s | 总耗时953.4min
  速率限制器状态: 可用令牌=960.0/960
  已保存中间结果 (630 条)

============================================================
处理 en_0731... (631/1375)
  质量组: high (4个候选笑话)
  质量组: medium (4个候选笑话)
  质量组: low (4个候选笑话)
  并发执行 3 个评估任务 (max_workers=3)...
    [路由] qwen3.6-27b -> DashScope API
    [路由] qwen3.6-27b -> DashScope API    [路由] qwen3.6-27b -> DashScope API

    [qwen3.6-27b] 决策: create | 选笑话编号: None
    [qwen3.6-27b] 决策: create | 选笑话编号: None
    [qwen3.6-27b] 决策: create | 选笑话编号: None

  Item完成: 耗时103.2s | 总耗时955.1min
  速率限制器状态: 可用令牌=960.0/960
  已保存中间结果 (631 条)

============================================================
处理 en_0732... (632/1375)
  质量组: high (4个候选笑话)
  质量组: medium (4个候选笑话)
  质量组: low (4个候选笑话)
  并发执行 3 个评估任务 (max_workers=3)...
    [路由] qwen3.6-27b -> DashScope API
    [路由] qwen3.6-27b -> DashScope API
    [路由] qwen3.6-27b -> DashScope API
    [qwen3.6-27b] 决策: select | 选笑话编号: 2
    [qwen3.6-27b] 决策: create | 选笑话编号: None
    [qwen3.6-27b] 决策: create | 选笑话编号: None

  Item完成: 耗时58.0s | 总耗时956.1min
  速率限制器状态: 可用令牌=960.0/960
  已保存中间结果 (632 条)

============================================================
处理 en_0733... (633/1375)
  质量组: high (4个候选笑话)
  质量组: medium (4个候选笑话)
  质量组: low (4个候选笑话)
  并发执行 3 个评估任务 (max_workers=3)...
    [路由] qwen3.6-27b -> DashScope API
    [路由] qwen3.6-27b -> DashScope API
    [路由] qwen3.6-27b -> DashScope API
    [qwen3.6-27b] 决策: create | 选笑话编号: None
    [qwen3.6-27b] 决策: select | 选笑话编号: 3
    [API] 可重试异常: HTTPSConnectionPool(host='dashscope.aliyuncs.com', port=443): Read timed out. (read timeout=300), 等待2.0s后重试 (1/5), model=qwen3.6-27b
    [qwen3.6-27b] 决策: create | 选笑话编号: None

  Item完成: 耗时338.8s | 总耗时961.8min
  速率限制器状态: 可用令牌=960.0/960
  已保存中间结果 (633 条)

============================================================
处理 en_0734... (634/1375)
  质量组: high (4个候选笑话)
  质量组: medium (4个候选笑话)
  质量组: low (4个候选笑话)
  并发执行 3 个评估任务 (max_workers=3)...
    [路由] qwen3.6-27b -> DashScope API
    [路由] qwen3.6-27b -> DashScope API
    [路由] qwen3.6-27b -> DashScope API
    [qwen3.6-27b] 决策: select | 选笑话编号: 4
    [qwen3.6-27b] 决策: create | 选笑话编号: None
    [API] 可重试异常: HTTPSConnectionPool(host='dashscope.aliyuncs.com', port=443): Read timed out. (read timeout=300), 等待2.1s后重试 (1/5), model=qwen3.6-27b
    [qwen3.6-27b] 决策: create | 选笑话编号: None

  Item完成: 耗时355.0s | 总耗时967.7min
  速率限制器状态: 可用令牌=960.0/960
  已保存中间结果 (634 条)

============================================================
处理 en_0735... (635/1375)
  质量组: high (4个候选笑话)
  质量组: medium (4个候选笑话)
  质量组: low (4个候选笑话)
  并发执行 3 个评估任务 (max_workers=3)...
    [路由] qwen3.6-27b -> DashScope API
    [路由] qwen3.6-27b -> DashScope API
    [路由] qwen3.6-27b -> DashScope API
    [qwen3.6-27b] 决策: select | 选笑话编号: 4
    [qwen3.6-27b] 决策: select | 选笑话编号: 4
    [qwen3.6-27b] 决策: create | 选笑话编号: None

  Item完成: 耗时46.1s | 总耗时968.5min
  速率限制器状态: 可用令牌=960.0/960
  已保存中间结果 (635 条)

============================================================
处理 en_0736... (636/1375)
  质量组: high (4个候选笑话)
  质量组: medium (4个候选笑话)
  质量组: low (4个候选笑话)
  并发执行 3 个评估任务 (max_workers=3)...
    [路由] qwen3.6-27b -> DashScope API
    [路由] qwen3.6-27b -> DashScope API
    [路由] qwen3.6-27b -> DashScope API
    [qwen3.6-27b] 决策: select | 选笑话编号: 3
    [qwen3.6-27b] 决策: create | 选笑话编号: None
    [qwen3.6-27b] 决策: create | 选笑话编号: None

  Item完成: 耗时37.7s | 总耗时969.1min
  速率限制器状态: 可用令牌=960.0/960
  已保存中间结果 (636 条)

============================================================
处理 en_0737... (637/1375)
  质量组: high (4个候选笑话)
  质量组: medium (4个候选笑话)
  质量组: low (4个候选笑话)
  并发执行 3 个评估任务 (max_workers=3)...
    [路由] qwen3.6-27b -> DashScope API
    [路由] qwen3.6-27b -> DashScope API
    [路由] qwen3.6-27b -> DashScope API
    [qwen3.6-27b] 决策: select | 选笑话编号: 2
    [qwen3.6-27b] 决策: create | 选笑话编号: None
    [qwen3.6-27b] 决策: create | 选笑话编号: None

  Item完成: 耗时42.1s | 总耗时969.8min
  速率限制器状态: 可用令牌=960.0/960
  已保存中间结果 (637 条)

============================================================
处理 en_0738... (638/1375)
  质量组: high (4个候选笑话)
  质量组: medium (4个候选笑话)
  质量组: low (4个候选笑话)
  并发执行 3 个评估任务 (max_workers=3)...
    [路由] qwen3.6-27b -> DashScope API    [路由] qwen3.6-27b -> DashScope API

    [路由] qwen3.6-27b -> DashScope API
    [qwen3.6-27b] 决策: select | 选笑话编号: 2
    [qwen3.6-27b] 决策: create | 选笑话编号: None
    [qwen3.6-27b] 决策: create | 选笑话编号: None

  Item完成: 耗时54.5s | 总耗时970.7min
  速率限制器状态: 可用令牌=960.0/960
  已保存中间结果 (638 条)

============================================================
处理 en_0739... (639/1375)
  质量组: high (4个候选笑话)
  质量组: medium (4个候选笑话)
  质量组: low (4个候选笑话)
  并发执行 3 个评估任务 (max_workers=3)...
    [路由] qwen3.6-27b -> DashScope API
    [路由] qwen3.6-27b -> DashScope API
    [路由] qwen3.6-27b -> DashScope API
    [qwen3.6-27b] 决策: create | 选笑话编号: None
    [qwen3.6-27b] 决策: create | 选笑话编号: None
    [qwen3.6-27b] 决策: select | 选笑话编号: 2

  Item完成: 耗时43.3s | 总耗时971.4min
  速率限制器状态: 可用令牌=960.0/960
  已保存中间结果 (639 条)

============================================================
处理 en_0740... (640/1375)
  质量组: high (4个候选笑话)
  质量组: medium (4个候选笑话)
  质量组: low (4个候选笑话)
  并发执行 3 个评估任务 (max_workers=3)...
    [路由] qwen3.6-27b -> DashScope API
    [路由] qwen3.6-27b -> DashScope API    [路由] qwen3.6-27b -> DashScope API

    [qwen3.6-27b] 决策: create | 选笑话编号: None
    [qwen3.6-27b] 决策: create | 选笑话编号: None
    [qwen3.6-27b] 决策: create | 选笑话编号: None

  Item完成: 耗时67.8s | 总耗时972.6min
  速率限制器状态: 可用令牌=960.0/960
  已保存中间结果 (640 条)

============================================================
处理 en_0741... (641/1375)
  质量组: high (4个候选笑话)
  质量组: medium (4个候选笑话)
  质量组: low (4个候选笑话)
  并发执行 3 个评估任务 (max_workers=3)...
    [路由] qwen3.6-27b -> DashScope API    [路由] qwen3.6-27b -> DashScope API

    [路由] qwen3.6-27b -> DashScope API
    [qwen3.6-27b] 决策: select | 选笑话编号: 4
    [qwen3.6-27b] 决策: select | 选笑话编号: 4
    [qwen3.6-27b] 决策: select | 选笑话编号: 4

  Item完成: 耗时50.8s | 总耗时973.4min
  速率限制器状态: 可用令牌=960.0/960
  已保存中间结果 (641 条)

============================================================
处理 en_0742... (642/1375)
  质量组: high (4个候选笑话)
  质量组: medium (4个候选笑话)
  质量组: low (4个候选笑话)
  并发执行 3 个评估任务 (max_workers=3)...
    [路由] qwen3.6-27b -> DashScope API
    [路由] qwen3.6-27b -> DashScope API
    [路由] qwen3.6-27b -> DashScope API
    [qwen3.6-27b] 决策: select | 选笑话编号: 2
    [qwen3.6-27b] 决策: create | 选笑话编号: None
    [qwen3.6-27b] 决策: create | 选笑话编号: None

  Item完成: 耗时51.1s | 总耗时974.3min
  速率限制器状态: 可用令牌=960.0/960
  已保存中间结果 (642 条)

============================================================
处理 en_0743... (643/1375)
  质量组: high (4个候选笑话)
  质量组: medium (4个候选笑话)
  质量组: low (4个候选笑话)
  并发执行 3 个评估任务 (max_workers=3)...
    [路由] qwen3.6-27b -> DashScope API    [路由] qwen3.6-27b -> DashScope API

    [路由] qwen3.6-27b -> DashScope API
    [qwen3.6-27b] 决策: select | 选笑话编号: 2
    [qwen3.6-27b] 决策: create | 选笑话编号: None
    [qwen3.6-27b] 决策: create | 选笑话编号: None

  Item完成: 耗时41.6s | 总耗时975.0min
  速率限制器状态: 可用令牌=960.0/960
  已保存中间结果 (643 条)

============================================================
处理 en_0744... (644/1375)
  质量组: high (4个候选笑话)
  质量组: medium (4个候选笑话)
  质量组: low (4个候选笑话)
  并发执行 3 个评估任务 (max_workers=3)...
    [路由] qwen3.6-27b -> DashScope API
    [路由] qwen3.6-27b -> DashScope API
    [路由] qwen3.6-27b -> DashScope API
    [qwen3.6-27b] 决策: select | 选笑话编号: 2
    [qwen3.6-27b] 决策: select | 选笑话编号: 4
    [qwen3.6-27b] 决策: select | 选笑话编号: 4

  Item完成: 耗时30.3s | 总耗时975.5min
  速率限制器状态: 可用令牌=960.0/960
  已保存中间结果 (644 条)

============================================================
处理 en_0745... (645/1375)
  质量组: high (4个候选笑话)
  质量组: medium (4个候选笑话)
  质量组: low (4个候选笑话)
  并发执行 3 个评估任务 (max_workers=3)...
    [路由] qwen3.6-27b -> DashScope API    [路由] qwen3.6-27b -> DashScope API

    [路由] qwen3.6-27b -> DashScope API
    [qwen3.6-27b] 决策: create | 选笑话编号: None
    [qwen3.6-27b] 决策: create | 选笑话编号: None
    [qwen3.6-27b] 决策: create | 选笑话编号: None

  Item完成: 耗时47.6s | 总耗时976.3min
  速率限制器状态: 可用令牌=960.0/960
  已保存中间结果 (645 条)

============================================================
处理 en_0746... (646/1375)
  质量组: high (4个候选笑话)
  质量组: medium (4个候选笑话)
  质量组: low (4个候选笑话)
  并发执行 3 个评估任务 (max_workers=3)...
    [路由] qwen3.6-27b -> DashScope API
    [路由] qwen3.6-27b -> DashScope API
    [路由] qwen3.6-27b -> DashScope API
    [qwen3.6-27b] 决策: select | 选笑话编号: 2
    [qwen3.6-27b] 决策: select | 选笑话编号: 3
    [qwen3.6-27b] 决策: create | 选笑话编号: None

  Item完成: 耗时39.5s | 总耗时976.9min
  速率限制器状态: 可用令牌=960.0/960
  已保存中间结果 (646 条)

============================================================
处理 en_0747... (647/1375)
  质量组: high (4个候选笑话)
  质量组: medium (4个候选笑话)
  质量组: low (4个候选笑话)
  并发执行 3 个评估任务 (max_workers=3)...
    [路由] qwen3.6-27b -> DashScope API
    [路由] qwen3.6-27b -> DashScope API
    [路由] qwen3.6-27b -> DashScope API
    [qwen3.6-27b] 决策: select | 选笑话编号: 3
    [qwen3.6-27b] 决策: select | 选笑话编号: 3
    [qwen3.6-27b] 决策: create | 选笑话编号: None

  Item完成: 耗时74.6s | 总耗时978.2min
  速率限制器状态: 可用令牌=960.0/960
  已保存中间结果 (647 条)

============================================================
处理 en_0748... (648/1375)
  质量组: high (4个候选笑话)
  质量组: medium (4个候选笑话)
  质量组: low (4个候选笑话)
  并发执行 3 个评估任务 (max_workers=3)...
    [路由] qwen3.6-27b -> DashScope API
    [路由] qwen3.6-27b -> DashScope API    [路由] qwen3.6-27b -> DashScope API

    [qwen3.6-27b] 决策: select | 选笑话编号: 2
    [qwen3.6-27b] 决策: create | 选笑话编号: None
    [qwen3.6-27b] 决策: select | 选笑话编号: 2

  Item完成: 耗时63.0s | 总耗时979.2min
  速率限制器状态: 可用令牌=960.0/960
  已保存中间结果 (648 条)

============================================================
处理 en_0749... (649/1375)
  质量组: high (4个候选笑话)
  质量组: medium (4个候选笑话)
  质量组: low (4个候选笑话)
  并发执行 3 个评估任务 (max_workers=3)...
    [路由] qwen3.6-27b -> DashScope API
    [路由] qwen3.6-27b -> DashScope API    [路由] qwen3.6-27b -> DashScope API

    [qwen3.6-27b] 决策: select | 选笑话编号: 3
    [qwen3.6-27b] 决策: select | 选笑话编号: 3
    [qwen3.6-27b] 决策: create | 选笑话编号: None

  Item完成: 耗时47.8s | 总耗时980.0min
  速率限制器状态: 可用令牌=960.0/960
  已保存中间结果 (649 条)

============================================================
处理 en_0750... (650/1375)
  质量组: high (4个候选笑话)
  质量组: medium (4个候选笑话)
  质量组: low (4个候选笑话)
  并发执行 3 个评估任务 (max_workers=3)...
    [路由] qwen3.6-27b -> DashScope API    [路由] qwen3.6-27b -> DashScope API

    [路由] qwen3.6-27b -> DashScope API
    [qwen3.6-27b] 决策: select | 选笑话编号: 2
    [API] 可重试异常: HTTPSConnectionPool(host='dashscope.aliyuncs.com', port=443): Read timed out. (read timeout=300), 等待2.5s后重试 (1/5), model=qwen3.6-27b
    [API] 可重试异常: HTTPSConnectionPool(host='dashscope.aliyuncs.com', port=443): Read timed out. (read timeout=300), 等待2.3s后重试 (1/5), model=qwen3.6-27b
    [qwen3.6-27b] 决策: create | 选笑话编号: None
    [API] 可重试异常: HTTPSConnectionPool(host='dashscope.aliyuncs.com', port=443): Read timed out. (read timeout=300), 等待4.0s后重试 (2/5), model=qwen3.6-27b
    [qwen3.6-27b] 决策: create | 选笑话编号: None

  Item完成: 耗时665.2s | 总耗时991.1min
  速率限制器状态: 可用令牌=960.0/960
  已保存中间结果 (650 条)

============================================================
处理 en_0751... (651/1375)
  质量组: high (4个候选笑话)
  质量组: medium (4个候选笑话)
  质量组: low (4个候选笑话)
  并发执行 3 个评估任务 (max_workers=3)...
    [路由] qwen3.6-27b -> DashScope API
    [路由] qwen3.6-27b -> DashScope API
    [路由] qwen3.6-27b -> DashScope API
    [qwen3.6-27b] 决策: select | 选笑话编号: 4
    [qwen3.6-27b] 决策: select | 选笑话编号: 2
    [qwen3.6-27b] 决策: select | 选笑话编号: 4

  Item完成: 耗时43.3s | 总耗时991.8min
  速率限制器状态: 可用令牌=960.0/960
  已保存中间结果 (651 条)

============================================================
处理 en_0752... (652/1375)
  质量组: high (4个候选笑话)
  质量组: medium (4个候选笑话)
  质量组: low (4个候选笑话)
  并发执行 3 个评估任务 (max_workers=3)...
    [路由] qwen3.6-27b -> DashScope API    [路由] qwen3.6-27b -> DashScope API
    [路由] qwen3.6-27b -> DashScope API

    [qwen3.6-27b] 决策: create | 选笑话编号: None
    [qwen3.6-27b] 决策: create | 选笑话编号: None
    [qwen3.6-27b] 决策: create | 选笑话编号: None

  Item完成: 耗时52.1s | 总耗时992.7min
  速率限制器状态: 可用令牌=960.0/960
  已保存中间结果 (652 条)

============================================================
处理 en_0753... (653/1375)
  质量组: high (4个候选笑话)
  质量组: medium (4个候选笑话)
  质量组: low (4个候选笑话)
  并发执行 3 个评估任务 (max_workers=3)...
    [路由] qwen3.6-27b -> DashScope API    [路由] qwen3.6-27b -> DashScope API
    [路由] qwen3.6-27b -> DashScope API

    [qwen3.6-27b] 决策: select | 选笑话编号: 4
    [qwen3.6-27b] 决策: create | 选笑话编号: None
    [qwen3.6-27b] 决策: select | 选笑话编号: 3

  Item完成: 耗时68.1s | 总耗时993.8min
  速率限制器状态: 可用令牌=960.0/960
  已保存中间结果 (653 条)

============================================================
处理 en_0754... (654/1375)
  质量组: high (4个候选笑话)
  质量组: medium (4个候选笑话)
  质量组: low (4个候选笑话)
  并发执行 3 个评估任务 (max_workers=3)...
    [路由] qwen3.6-27b -> DashScope API
    [路由] qwen3.6-27b -> DashScope API    [路由] qwen3.6-27b -> DashScope API

    [qwen3.6-27b] 决策: select | 选笑话编号: 3
    [qwen3.6-27b] 决策: create | 选笑话编号: None
    [API] 可重试异常: HTTPSConnectionPool(host='dashscope.aliyuncs.com', port=443): Read timed out. (read timeout=300), 等待1.5s后重试 (1/5), model=qwen3.6-27b
    [qwen3.6-27b] 决策: create | 选笑话编号: None

  Item完成: 耗时358.2s | 总耗时999.8min
  速率限制器状态: 可用令牌=960.0/960
  已保存中间结果 (654 条)

============================================================
处理 en_0755... (655/1375)
  质量组: high (4个候选笑话)
  质量组: medium (4个候选笑话)
  质量组: low (4个候选笑话)
  并发执行 3 个评估任务 (max_workers=3)...
    [路由] qwen3.6-27b -> DashScope API
    [路由] qwen3.6-27b -> DashScope API    [路由] qwen3.6-27b -> DashScope API

    [qwen3.6-27b] 决策: select | 选笑话编号: 1
    [qwen3.6-27b] 决策: create | 选笑话编号: None
    [qwen3.6-27b] 决策: create | 选笑话编号: None

  Item完成: 耗时69.5s | 总耗时1001.0min
  速率限制器状态: 可用令牌=960.0/960
  已保存中间结果 (655 条)

============================================================
处理 en_0756... (656/1375)
  质量组: high (4个候选笑话)
  质量组: medium (4个候选笑话)
  质量组: low (4个候选笑话)
  并发执行 3 个评估任务 (max_workers=3)...
    [路由] qwen3.6-27b -> DashScope API    [路由] qwen3.6-27b -> DashScope API
    [路由] qwen3.6-27b -> DashScope API

    [qwen3.6-27b] 决策: create | 选笑话编号: None
    [qwen3.6-27b] 决策: create | 选笑话编号: None
    [API] 可重试异常: HTTPSConnectionPool(host='dashscope.aliyuncs.com', port=443): Read timed out. (read timeout=300), 等待1.8s后重试 (1/5), model=qwen3.6-27b
    [qwen3.6-27b] 决策: select | 选笑话编号: 2

  Item完成: 耗时358.7s | 总耗时1007.0min
  速率限制器状态: 可用令牌=960.0/960
  已保存中间结果 (656 条)

============================================================
处理 en_0757... (657/1375)
  质量组: high (4个候选笑话)
  质量组: medium (4个候选笑话)
  质量组: low (4个候选笑话)
  并发执行 3 个评估任务 (max_workers=3)...
    [路由] qwen3.6-27b -> DashScope API    [路由] qwen3.6-27b -> DashScope API

    [路由] qwen3.6-27b -> DashScope API
    [qwen3.6-27b] 决策: select | 选笑话编号: 1
    [API] JSON解析失败: JSON解析失败: Extra data: line 7 column 1 (char 509), model=qwen3.6-27b
    [qwen3.6-27b] 决策:  | 选笑话编号: ?
    [API] 可重试异常: HTTPSConnectionPool(host='dashscope.aliyuncs.com', port=443): Read timed out. (read timeout=300), 等待1.9s后重试 (1/5), model=qwen3.6-27b
    [qwen3.6-27b] 决策: create | 选笑话编号: None

  Item完成: 耗时343.9s | 总耗时1012.7min
  速率限制器状态: 可用令牌=960.0/960
  已保存中间结果 (657 条)

============================================================
处理 en_0758... (658/1375)
  质量组: high (4个候选笑话)
  质量组: medium (4个候选笑话)
  质量组: low (4个候选笑话)
  并发执行 3 个评估任务 (max_workers=3)...
    [路由] qwen3.6-27b -> DashScope API    [路由] qwen3.6-27b -> DashScope API

    [路由] qwen3.6-27b -> DashScope API
    [qwen3.6-27b] 决策: select | 选笑话编号: 2
    [qwen3.6-27b] 决策: create | 选笑话编号: None
    [qwen3.6-27b] 决策: create | 选笑话编号: None

  Item完成: 耗时37.2s | 总耗时1013.3min
  速率限制器状态: 可用令牌=960.0/960
  已保存中间结果 (658 条)

============================================================
处理 en_0759... (659/1375)
  质量组: high (4个候选笑话)
  质量组: medium (4个候选笑话)
  质量组: low (4个候选笑话)
  并发执行 3 个评估任务 (max_workers=3)...
    [路由] qwen3.6-27b -> DashScope API
    [路由] qwen3.6-27b -> DashScope API    [路由] qwen3.6-27b -> DashScope API

    [qwen3.6-27b] 决策: select | 选笑话编号: 3
    [qwen3.6-27b] 决策: select | 选笑话编号: 2
    [qwen3.6-27b] 决策: create | 选笑话编号: None

  Item完成: 耗时49.4s | 总耗时1014.1min
  速率限制器状态: 可用令牌=960.0/960
  已保存中间结果 (659 条)

============================================================
处理 en_0760... (660/1375)
  质量组: high (4个候选笑话)
  质量组: medium (4个候选笑话)
  质量组: low (4个候选笑话)
  并发执行 3 个评估任务 (max_workers=3)...
    [路由] qwen3.6-27b -> DashScope API    [路由] qwen3.6-27b -> DashScope API

    [路由] qwen3.6-27b -> DashScope API
    [qwen3.6-27b] 决策: select | 选笑话编号: 2
    [qwen3.6-27b] 决策: select | 选笑话编号: 4
    [qwen3.6-27b] 决策: create | 选笑话编号: None

  Item完成: 耗时59.7s | 总耗时1015.1min
  速率限制器状态: 可用令牌=960.0/960
  已保存中间结果 (660 条)

============================================================
处理 en_0761... (661/1375)
  质量组: high (4个候选笑话)
  质量组: medium (4个候选笑话)
  质量组: low (4个候选笑话)
  并发执行 3 个评估任务 (max_workers=3)...
    [路由] qwen3.6-27b -> DashScope API
    [路由] qwen3.6-27b -> DashScope API    [路由] qwen3.6-27b -> DashScope API

    [qwen3.6-27b] 决策: select | 选笑话编号: 2
    [qwen3.6-27b] 决策: select | 选笑话编号: 1
    [qwen3.6-27b] 决策: select | 选笑话编号: 3

  Item完成: 耗时24.6s | 总耗时1015.6min
  速率限制器状态: 可用令牌=960.0/960
  已保存中间结果 (661 条)

============================================================
处理 en_0762... (662/1375)
  质量组: high (4个候选笑话)
  质量组: medium (4个候选笑话)
  质量组: low (4个候选笑话)
  并发执行 3 个评估任务 (max_workers=3)...
    [路由] qwen3.6-27b -> DashScope API    [路由] qwen3.6-27b -> DashScope API

    [路由] qwen3.6-27b -> DashScope API
    [qwen3.6-27b] 决策: select | 选笑话编号: 1
    [qwen3.6-27b] 决策: select | 选笑话编号: 1
    [API] 可重试异常: HTTPSConnectionPool(host='dashscope.aliyuncs.com', port=443): Read timed out. (read timeout=300), 等待1.6s后重试 (1/5), model=qwen3.6-27b
    [qwen3.6-27b] 决策: create | 选笑话编号: None

  Item完成: 耗时352.7s | 总耗时1021.4min
  速率限制器状态: 可用令牌=960.0/960
  已保存中间结果 (662 条)

============================================================
处理 en_0763... (663/1375)
  质量组: high (4个候选笑话)
  质量组: medium (4个候选笑话)
  质量组: low (4个候选笑话)
  并发执行 3 个评估任务 (max_workers=3)...
    [路由] qwen3.6-27b -> DashScope API
    [路由] qwen3.6-27b -> DashScope API
    [路由] qwen3.6-27b -> DashScope API
    [qwen3.6-27b] 决策: create | 选笑话编号: None
    [qwen3.6-27b] 决策: create | 选笑话编号: None
    [qwen3.6-27b] 决策: create | 选笑话编号: None

  Item完成: 耗时57.3s | 总耗时1022.4min
  速率限制器状态: 可用令牌=960.0/960
  已保存中间结果 (663 条)

============================================================
处理 en_0764... (664/1375)
  质量组: high (4个候选笑话)
  质量组: medium (4个候选笑话)
  质量组: low (4个候选笑话)
  并发执行 3 个评估任务 (max_workers=3)...
    [路由] qwen3.6-27b -> DashScope API
    [路由] qwen3.6-27b -> DashScope API
    [路由] qwen3.6-27b -> DashScope API
    [qwen3.6-27b] 决策: create | 选笑话编号: None
    [qwen3.6-27b] 决策: create | 选笑话编号: None
    [qwen3.6-27b] 决策: create | 选笑话编号: None

  Item完成: 耗时74.8s | 总耗时1023.6min
  速率限制器状态: 可用令牌=960.0/960
  已保存中间结果 (664 条)

============================================================
处理 en_0765... (665/1375)
  质量组: high (4个候选笑话)
  质量组: medium (4个候选笑话)
  质量组: low (4个候选笑话)
  并发执行 3 个评估任务 (max_workers=3)...
    [路由] qwen3.6-27b -> DashScope API
    [路由] qwen3.6-27b -> DashScope API    [路由] qwen3.6-27b -> DashScope API

    [qwen3.6-27b] 决策: select | 选笑话编号: 1
    [qwen3.6-27b] 决策: select | 选笑话编号: 2
    [qwen3.6-27b] 决策: create | 选笑话编号: None

  Item完成: 耗时46.6s | 总耗时1024.4min
  速率限制器状态: 可用令牌=960.0/960
  已保存中间结果 (665 条)

============================================================
处理 en_0766... (666/1375)
  质量组: high (4个候选笑话)
  质量组: medium (4个候选笑话)
  质量组: low (4个候选笑话)
  并发执行 3 个评估任务 (max_workers=3)...
    [路由] qwen3.6-27b -> DashScope API
    [路由] qwen3.6-27b -> DashScope API    [路由] qwen3.6-27b -> DashScope API

    [qwen3.6-27b] 决策: select | 选笑话编号: 2
    [qwen3.6-27b] 决策: create | 选笑话编号: None
    [qwen3.6-27b] 决策: create | 选笑话编号: None

  Item完成: 耗时59.5s | 总耗时1025.4min
  速率限制器状态: 可用令牌=960.0/960
  已保存中间结果 (666 条)

============================================================
处理 en_0767... (667/1375)
  质量组: high (4个候选笑话)
  质量组: medium (4个候选笑话)
  质量组: low (4个候选笑话)
  并发执行 3 个评估任务 (max_workers=3)...
    [路由] qwen3.6-27b -> DashScope API
    [路由] qwen3.6-27b -> DashScope API
    [路由] qwen3.6-27b -> DashScope API
    [qwen3.6-27b] 决策: create | 选笑话编号: None
    [qwen3.6-27b] 决策: create | 选笑话编号: None
    [qwen3.6-27b] 决策: select | 选笑话编号: 2

  Item完成: 耗时94.2s | 总耗时1027.0min
  速率限制器状态: 可用令牌=960.0/960
  已保存中间结果 (667 条)

============================================================
处理 en_0768... (668/1375)
  质量组: high (4个候选笑话)
  质量组: medium (4个候选笑话)
  质量组: low (4个候选笑话)
  并发执行 3 个评估任务 (max_workers=3)...
    [路由] qwen3.6-27b -> DashScope API
    [路由] qwen3.6-27b -> DashScope API    [路由] qwen3.6-27b -> DashScope API

    [qwen3.6-27b] 决策: select | 选笑话编号: 2
    [qwen3.6-27b] 决策: create | 选笑话编号: None
    [API] 可重试异常: HTTPSConnectionPool(host='dashscope.aliyuncs.com', port=443): Read timed out. (read timeout=300), 等待2.0s后重试 (1/5), model=qwen3.6-27b
    [qwen3.6-27b] 决策: create | 选笑话编号: None

  Item完成: 耗时332.5s | 总耗时1032.5min
  速率限制器状态: 可用令牌=960.0/960
  已保存中间结果 (668 条)

============================================================
处理 en_0769... (669/1375)
  质量组: high (4个候选笑话)
  质量组: medium (4个候选笑话)
  质量组: low (4个候选笑话)
  并发执行 3 个评估任务 (max_workers=3)...
    [路由] qwen3.6-27b -> DashScope API
    [路由] qwen3.6-27b -> DashScope API
    [路由] qwen3.6-27b -> DashScope API
    [qwen3.6-27b] 决策: create | 选笑话编号: None
    [qwen3.6-27b] 决策: create | 选笑话编号: None
    [qwen3.6-27b] 决策: create | 选笑话编号: None

  Item完成: 耗时86.6s | 总耗时1034.0min
  速率限制器状态: 可用令牌=960.0/960
  已保存中间结果 (669 条)

============================================================
处理 en_0770... (670/1375)
  质量组: high (4个候选笑话)
  质量组: medium (4个候选笑话)
  质量组: low (4个候选笑话)
  并发执行 3 个评估任务 (max_workers=3)...
    [路由] qwen3.6-27b -> DashScope API
    [路由] qwen3.6-27b -> DashScope API
    [路由] qwen3.6-27b -> DashScope API
    [qwen3.6-27b] 决策: select | 选笑话编号: 4
    [qwen3.6-27b] 决策: select | 选笑话编号: 2
    [qwen3.6-27b] 决策: select | 选笑话编号: 3

  Item完成: 耗时32.9s | 总耗时1034.5min
  速率限制器状态: 可用令牌=960.0/960
  已保存中间结果 (670 条)

============================================================
处理 en_0771... (671/1375)
  质量组: high (4个候选笑话)
  质量组: medium (4个候选笑话)
  质量组: low (4个候选笑话)
  并发执行 3 个评估任务 (max_workers=3)...
    [路由] qwen3.6-27b -> DashScope API
    [路由] qwen3.6-27b -> DashScope API    [路由] qwen3.6-27b -> DashScope API

    [qwen3.6-27b] 决策: select | 选笑话编号: 2
    [qwen3.6-27b] 决策: create | 选笑话编号: None
    [qwen3.6-27b] 决策: create | 选笑话编号: None

  Item完成: 耗时53.1s | 总耗时1035.4min
  速率限制器状态: 可用令牌=960.0/960
  已保存中间结果 (671 条)

============================================================
处理 en_0772... (672/1375)
  质量组: high (4个候选笑话)
  质量组: medium (4个候选笑话)
  质量组: low (4个候选笑话)
  并发执行 3 个评估任务 (max_workers=3)...
    [路由] qwen3.6-27b -> DashScope API
    [路由] qwen3.6-27b -> DashScope API
    [路由] qwen3.6-27b -> DashScope API
    [qwen3.6-27b] 决策: select | 选笑话编号: 2
    [API] JSON解析失败: JSON解析失败: Extra data: line 7 column 1 (char 538), model=qwen3.6-27b
    [qwen3.6-27b] 决策:  | 选笑话编号: ?
    [qwen3.6-27b] 决策: create | 选笑话编号: None

  Item完成: 耗时66.2s | 总耗时1036.5min
  速率限制器状态: 可用令牌=960.0/960
  已保存中间结果 (672 条)

============================================================
处理 en_0773... (673/1375)
  质量组: high (4个候选笑话)
  质量组: medium (4个候选笑话)
  质量组: low (4个候选笑话)
  并发执行 3 个评估任务 (max_workers=3)...
    [路由] qwen3.6-27b -> DashScope API
    [路由] qwen3.6-27b -> DashScope API    [路由] qwen3.6-27b -> DashScope API

    [qwen3.6-27b] 决策: select | 选笑话编号: 4
    [qwen3.6-27b] 决策: select | 选笑话编号: 2
    [qwen3.6-27b] 决策: create | 选笑话编号: None

  Item完成: 耗时50.0s | 总耗时1037.4min
  速率限制器状态: 可用令牌=960.0/960
  已保存中间结果 (673 条)

============================================================
处理 en_0774... (674/1375)
  质量组: high (4个候选笑话)
  质量组: medium (4个候选笑话)
  质量组: low (4个候选笑话)
  并发执行 3 个评估任务 (max_workers=3)...
    [路由] qwen3.6-27b -> DashScope API
    [路由] qwen3.6-27b -> DashScope API
    [路由] qwen3.6-27b -> DashScope API
    [qwen3.6-27b] 决策: select | 选笑话编号: 2
    [qwen3.6-27b] 决策: select | 选笑话编号: 2
    [qwen3.6-27b] 决策: create | 选笑话编号: None

  Item完成: 耗时64.0s | 总耗时1038.4min
  速率限制器状态: 可用令牌=960.0/960
  已保存中间结果 (674 条)

============================================================
处理 en_0775... (675/1375)
  质量组: high (4个候选笑话)
  质量组: medium (4个候选笑话)
  质量组: low (4个候选笑话)
  并发执行 3 个评估任务 (max_workers=3)...
    [路由] qwen3.6-27b -> DashScope API
    [路由] qwen3.6-27b -> DashScope API    [路由] qwen3.6-27b -> DashScope API

    [qwen3.6-27b] 决策: create | 选笑话编号: None
    [qwen3.6-27b] 决策: select | 选笑话编号: 2
    [API] 可重试异常: HTTPSConnectionPool(host='dashscope.aliyuncs.com', port=443): Read timed out. (read timeout=300), 等待2.4s后重试 (1/5), model=qwen3.6-27b
    [qwen3.6-27b] 决策: create | 选笑话编号: None

  Item完成: 耗时348.2s | 总耗时1044.2min
  速率限制器状态: 可用令牌=960.0/960
  已保存中间结果 (675 条)

============================================================
处理 en_0776... (676/1375)
  质量组: high (4个候选笑话)
  质量组: medium (4个候选笑话)
  质量组: low (4个候选笑话)
  并发执行 3 个评估任务 (max_workers=3)...
    [路由] qwen3.6-27b -> DashScope API
    [路由] qwen3.6-27b -> DashScope API
    [路由] qwen3.6-27b -> DashScope API
    [qwen3.6-27b] 决策: select | 选笑话编号: 2
    [qwen3.6-27b] 决策: create | 选笑话编号: None
    [qwen3.6-27b] 决策: create | 选笑话编号: None

  Item完成: 耗时81.6s | 总耗时1045.6min
  速率限制器状态: 可用令牌=960.0/960
  已保存中间结果 (676 条)

============================================================
处理 en_0777... (677/1375)
  质量组: high (4个候选笑话)
  质量组: medium (4个候选笑话)
  质量组: low (4个候选笑话)
  并发执行 3 个评估任务 (max_workers=3)...
    [路由] qwen3.6-27b -> DashScope API
    [路由] qwen3.6-27b -> DashScope API    [路由] qwen3.6-27b -> DashScope API

    [qwen3.6-27b] 决策: select | 选笑话编号: 2
    [API] JSON解析失败: JSON解析失败: Extra data: line 7 column 1 (char 503), model=qwen3.6-27b
    [qwen3.6-27b] 决策:  | 选笑话编号: ?
    [qwen3.6-27b] 决策: create | 选笑话编号: None

  Item完成: 耗时70.1s | 总耗时1046.8min
  速率限制器状态: 可用令牌=960.0/960
  已保存中间结果 (677 条)

============================================================
处理 en_0778... (678/1375)
  质量组: high (4个候选笑话)
  质量组: medium (4个候选笑话)
  质量组: low (4个候选笑话)
  并发执行 3 个评估任务 (max_workers=3)...
    [路由] qwen3.6-27b -> DashScope API
    [路由] qwen3.6-27b -> DashScope API    [路由] qwen3.6-27b -> DashScope API

    [qwen3.6-27b] 决策: select | 选笑话编号: 2
    [qwen3.6-27b] 决策: create | 选笑话编号: None
    [qwen3.6-27b] 决策: create | 选笑话编号: None

  Item完成: 耗时28.1s | 总耗时1047.2min
  速率限制器状态: 可用令牌=960.0/960
  已保存中间结果 (678 条)

============================================================
处理 en_0779... (679/1375)
  质量组: high (4个候选笑话)
  质量组: medium (4个候选笑话)
  质量组: low (4个候选笑话)
  并发执行 3 个评估任务 (max_workers=3)...
    [路由] qwen3.6-27b -> DashScope API
    [路由] qwen3.6-27b -> DashScope API    [路由] qwen3.6-27b -> DashScope API

    [qwen3.6-27b] 决策: create | 选笑话编号: None
    [qwen3.6-27b] 决策: create | 选笑话编号: None
    [API] 可重试异常: HTTPSConnectionPool(host='dashscope.aliyuncs.com', port=443): Read timed out. (read timeout=300), 等待2.4s后重试 (1/5), model=qwen3.6-27b
    [qwen3.6-27b] 决策: create | 选笑话编号: None

  Item完成: 耗时333.1s | 总耗时1052.8min
  速率限制器状态: 可用令牌=960.0/960
  已保存中间结果 (679 条)

============================================================
处理 en_0780... (680/1375)
  质量组: high (4个候选笑话)
  质量组: medium (4个候选笑话)
  质量组: low (4个候选笑话)
  并发执行 3 个评估任务 (max_workers=3)...
    [路由] qwen3.6-27b -> DashScope API
    [路由] qwen3.6-27b -> DashScope API
    [路由] qwen3.6-27b -> DashScope API
    [qwen3.6-27b] 决策: select | 选笑话编号: 3
    [qwen3.6-27b] 决策: select | 选笑话编号: 4
    [qwen3.6-27b] 决策: select | 选笑话编号: 4

  Item完成: 耗时33.3s | 总耗时1053.4min
  速率限制器状态: 可用令牌=960.0/960
  已保存中间结果 (680 条)

============================================================
处理 en_0781... (681/1375)
  质量组: high (4个候选笑话)
  质量组: medium (4个候选笑话)
  质量组: low (4个候选笑话)
  并发执行 3 个评估任务 (max_workers=3)...
    [路由] qwen3.6-27b -> DashScope API
    [路由] qwen3.6-27b -> DashScope API    [路由] qwen3.6-27b -> DashScope API

    [API] JSON解析失败: JSON解析失败: Extra data: line 7 column 1 (char 538), model=qwen3.6-27b
    [qwen3.6-27b] 决策:  | 选笑话编号: ?
    [qwen3.6-27b] 决策: select | 选笑话编号: 3
    [qwen3.6-27b] 决策: select | 选笑话编号: 1

  Item完成: 耗时25.8s | 总耗时1053.8min
  速率限制器状态: 可用令牌=960.0/960
  已保存中间结果 (681 条)

============================================================
处理 en_0782... (682/1375)
  质量组: high (4个候选笑话)
  质量组: medium (4个候选笑话)
  质量组: low (4个候选笑话)
  并发执行 3 个评估任务 (max_workers=3)...
    [路由] qwen3.6-27b -> DashScope API
    [路由] qwen3.6-27b -> DashScope API    [路由] qwen3.6-27b -> DashScope API

    [qwen3.6-27b] 决策: create | 选笑话编号: None
    [qwen3.6-27b] 决策: create | 选笑话编号: None
    [API] 可重试异常: HTTPSConnectionPool(host='dashscope.aliyuncs.com', port=443): Read timed out. (read timeout=300), 等待1.6s后重试 (1/5), model=qwen3.6-27b
    [qwen3.6-27b] 决策: create | 选笑话编号: None

  Item完成: 耗时350.0s | 总耗时1059.6min
  速率限制器状态: 可用令牌=960.0/960
  已保存中间结果 (682 条)

============================================================
处理 en_0783... (683/1375)
  质量组: high (4个候选笑话)
  质量组: medium (4个候选笑话)
  质量组: low (4个候选笑话)
  并发执行 3 个评估任务 (max_workers=3)...
    [路由] qwen3.6-27b -> DashScope API
    [路由] qwen3.6-27b -> DashScope API
    [路由] qwen3.6-27b -> DashScope API
    [qwen3.6-27b] 决策: create | 选笑话编号: None
    [qwen3.6-27b] 决策: create | 选笑话编号: None
    [qwen3.6-27b] 决策: create | 选笑话编号: None

  Item完成: 耗时74.1s | 总耗时1060.9min
  速率限制器状态: 可用令牌=960.0/960
  已保存中间结果 (683 条)

============================================================
处理 en_0784... (684/1375)
  质量组: high (4个候选笑话)
  质量组: medium (4个候选笑话)
  质量组: low (4个候选笑话)
  并发执行 3 个评估任务 (max_workers=3)...
    [路由] qwen3.6-27b -> DashScope API    [路由] qwen3.6-27b -> DashScope API
    [路由] qwen3.6-27b -> DashScope API

    [qwen3.6-27b] 决策: select | 选笑话编号: 4
    [qwen3.6-27b] 决策: select | 选笑话编号: 3
    [qwen3.6-27b] 决策: create | 选笑话编号: None

  Item完成: 耗时49.7s | 总耗时1061.7min
  速率限制器状态: 可用令牌=960.0/960
  已保存中间结果 (684 条)

============================================================
处理 en_0785... (685/1375)
  质量组: high (4个候选笑话)
  质量组: medium (4个候选笑话)
  质量组: low (4个候选笑话)
  并发执行 3 个评估任务 (max_workers=3)...
    [路由] qwen3.6-27b -> DashScope API    [路由] qwen3.6-27b -> DashScope API

    [路由] qwen3.6-27b -> DashScope API
    [qwen3.6-27b] 决策: select | 选笑话编号: 3
    [qwen3.6-27b] 决策: select | 选笑话编号: 4
    [qwen3.6-27b] 决策: create | 选笑话编号: None

  Item完成: 耗时85.4s | 总耗时1063.1min
  速率限制器状态: 可用令牌=960.0/960
  已保存中间结果 (685 条)

============================================================
处理 en_0786... (686/1375)
  质量组: high (4个候选笑话)
  质量组: medium (4个候选笑话)
  质量组: low (4个候选笑话)
  并发执行 3 个评估任务 (max_workers=3)...
    [路由] qwen3.6-27b -> DashScope API    [路由] qwen3.6-27b -> DashScope API
    [路由] qwen3.6-27b -> DashScope API

    [qwen3.6-27b] 决策: select | 选笑话编号: 2
    [qwen3.6-27b] 决策: create | 选笑话编号: None
    [qwen3.6-27b] 决策: create | 选笑话编号: None

  Item完成: 耗时48.0s | 总耗时1063.9min
  速率限制器状态: 可用令牌=960.0/960
  已保存中间结果 (686 条)

============================================================
处理 en_0787... (687/1375)
  质量组: high (4个候选笑话)
  质量组: medium (4个候选笑话)
  质量组: low (4个候选笑话)
  并发执行 3 个评估任务 (max_workers=3)...
    [路由] qwen3.6-27b -> DashScope API
    [路由] qwen3.6-27b -> DashScope API    [路由] qwen3.6-27b -> DashScope API

    [qwen3.6-27b] 决策: select | 选笑话编号: 2
    [qwen3.6-27b] 决策: create | 选笑话编号: None
    [qwen3.6-27b] 决策: select | 选笑话编号: 2

  Item完成: 耗时38.8s | 总耗时1064.6min
  速率限制器状态: 可用令牌=960.0/960
  已保存中间结果 (687 条)

============================================================
处理 en_0788... (688/1375)
  质量组: high (4个候选笑话)
  质量组: medium (4个候选笑话)
  质量组: low (4个候选笑话)
  并发执行 3 个评估任务 (max_workers=3)...
    [路由] qwen3.6-27b -> DashScope API
    [路由] qwen3.6-27b -> DashScope API    [路由] qwen3.6-27b -> DashScope API

    [qwen3.6-27b] 决策: create | 选笑话编号: None
    [qwen3.6-27b] 决策: select | 选笑话编号: 4
    [qwen3.6-27b] 决策: select | 选笑话编号: 4

  Item完成: 耗时56.4s | 总耗时1065.5min
  速率限制器状态: 可用令牌=960.0/960
  已保存中间结果 (688 条)

============================================================
处理 en_0789... (689/1375)
  质量组: high (4个候选笑话)
  质量组: medium (4个候选笑话)
  质量组: low (4个候选笑话)
  并发执行 3 个评估任务 (max_workers=3)...
    [路由] qwen3.6-27b -> DashScope API
    [路由] qwen3.6-27b -> DashScope API    [路由] qwen3.6-27b -> DashScope API

    [qwen3.6-27b] 决策: select | 选笑话编号: 2
    [qwen3.6-27b] 决策: create | 选笑话编号: None
    [qwen3.6-27b] 决策: create | 选笑话编号: None

  Item完成: 耗时64.7s | 总耗时1066.6min
  速率限制器状态: 可用令牌=960.0/960
  已保存中间结果 (689 条)

============================================================
处理 en_0790... (690/1375)
  质量组: high (4个候选笑话)
  质量组: medium (4个候选笑话)
  质量组: low (4个候选笑话)
  并发执行 3 个评估任务 (max_workers=3)...
    [路由] qwen3.6-27b -> DashScope API    [路由] qwen3.6-27b -> DashScope API

    [路由] qwen3.6-27b -> DashScope API
    [qwen3.6-27b] 决策: select | 选笑话编号: 2
    [qwen3.6-27b] 决策: create | 选笑话编号: None
    [qwen3.6-27b] 决策: create | 选笑话编号: None

  Item完成: 耗时35.4s | 总耗时1067.2min
  速率限制器状态: 可用令牌=960.0/960
  已保存中间结果 (690 条)

============================================================
处理 en_0791... (691/1375)
  质量组: high (4个候选笑话)
  质量组: medium (4个候选笑话)
  质量组: low (4个候选笑话)
  并发执行 3 个评估任务 (max_workers=3)...
    [路由] qwen3.6-27b -> DashScope API
    [路由] qwen3.6-27b -> DashScope API    [路由] qwen3.6-27b -> DashScope API

    [qwen3.6-27b] 决策: select | 选笑话编号: 4
    [qwen3.6-27b] 决策: create | 选笑话编号: None
    [API] JSON解析失败: JSON解析失败: Extra data: line 7 column 1 (char 531), model=qwen3.6-27b
    [qwen3.6-27b] 决策:  | 选笑话编号: ?

  Item完成: 耗时51.4s | 总耗时1068.1min
  速率限制器状态: 可用令牌=960.0/960
  已保存中间结果 (691 条)

============================================================
处理 en_0792... (692/1375)
  质量组: high (4个候选笑话)
  质量组: medium (4个候选笑话)
  质量组: low (4个候选笑话)
  并发执行 3 个评估任务 (max_workers=3)...
    [路由] qwen3.6-27b -> DashScope API
    [路由] qwen3.6-27b -> DashScope API
    [路由] qwen3.6-27b -> DashScope API
    [qwen3.6-27b] 决策: create | 选笑话编号: None
    [API] 可重试异常: HTTPSConnectionPool(host='dashscope.aliyuncs.com', port=443): Read timed out. (read timeout=300), 等待1.7s后重试 (1/5), model=qwen3.6-27b    [API] 可重试异常: HTTPSConnectionPool(host='dashscope.aliyuncs.com', port=443): Read timed out. (read timeout=300), 等待1.9s后重试 (1/5), model=qwen3.6-27b

    [qwen3.6-27b] 决策: create | 选笑话编号: None
    [qwen3.6-27b] 决策: select | 选笑话编号: 3

  Item完成: 耗时352.3s | 总耗时1073.9min
  速率限制器状态: 可用令牌=960.0/960
  已保存中间结果 (692 条)

============================================================
处理 en_0793... (693/1375)
  质量组: high (4个候选笑话)
  质量组: medium (4个候选笑话)
  质量组: low (4个候选笑话)
  并发执行 3 个评估任务 (max_workers=3)...
    [路由] qwen3.6-27b -> DashScope API
    [路由] qwen3.6-27b -> DashScope API
    [路由] qwen3.6-27b -> DashScope API
    [qwen3.6-27b] 决策: create | 选笑话编号: None
    [qwen3.6-27b] 决策: create | 选笑话编号: None
    [API] 可重试异常: HTTPSConnectionPool(host='dashscope.aliyuncs.com', port=443): Read timed out. (read timeout=300), 等待2.2s后重试 (1/5), model=qwen3.6-27b
    [qwen3.6-27b] 决策: create | 选笑话编号: None

  Item完成: 耗时400.9s | 总耗时1080.6min
  速率限制器状态: 可用令牌=960.0/960
  已保存中间结果 (693 条)

============================================================
处理 en_0794... (694/1375)
  质量组: high (4个候选笑话)
  质量组: medium (4个候选笑话)
  质量组: low (4个候选笑话)
  并发执行 3 个评估任务 (max_workers=3)...
    [路由] qwen3.6-27b -> DashScope API
    [路由] qwen3.6-27b -> DashScope API    [路由] qwen3.6-27b -> DashScope API

    [qwen3.6-27b] 决策: select | 选笑话编号: 4
    [qwen3.6-27b] 决策: select | 选笑话编号: 4
    [qwen3.6-27b] 决策: create | 选笑话编号: None

  Item完成: 耗时49.1s | 总耗时1081.4min
  速率限制器状态: 可用令牌=960.0/960
  已保存中间结果 (694 条)

============================================================
处理 en_0795... (695/1375)
  质量组: high (4个候选笑话)
  质量组: medium (4个候选笑话)
  质量组: low (4个候选笑话)
  并发执行 3 个评估任务 (max_workers=3)...
    [路由] qwen3.6-27b -> DashScope API
    [路由] qwen3.6-27b -> DashScope API    [路由] qwen3.6-27b -> DashScope API

    [qwen3.6-27b] 决策: select | 选笑话编号: 3
    [qwen3.6-27b] 决策: create | 选笑话编号: None
    [qwen3.6-27b] 决策: create | 选笑话编号: None

  Item完成: 耗时60.5s | 总耗时1082.4min
  速率限制器状态: 可用令牌=960.0/960
  已保存中间结果 (695 条)

============================================================
处理 en_0796... (696/1375)
  质量组: high (4个候选笑话)
  质量组: medium (4个候选笑话)
  质量组: low (4个候选笑话)
  并发执行 3 个评估任务 (max_workers=3)...
    [路由] qwen3.6-27b -> DashScope API
    [路由] qwen3.6-27b -> DashScope API    [路由] qwen3.6-27b -> DashScope API

    [qwen3.6-27b] 决策: select | 选笑话编号: 3
    [qwen3.6-27b] 决策: select | 选笑话编号: 3
    [API] 可重试异常: HTTPSConnectionPool(host='dashscope.aliyuncs.com', port=443): Read timed out. (read timeout=300), 等待2.5s后重试 (1/5), model=qwen3.6-27b
    [qwen3.6-27b] 决策: select | 选笑话编号: 2

  Item完成: 耗时359.4s | 总耗时1088.4min
  速率限制器状态: 可用令牌=960.0/960
  已保存中间结果 (696 条)

============================================================
处理 en_0797... (697/1375)
  质量组: high (4个候选笑话)
  质量组: medium (4个候选笑话)
  质量组: low (4个候选笑话)
  并发执行 3 个评估任务 (max_workers=3)...
    [路由] qwen3.6-27b -> DashScope API
    [路由] qwen3.6-27b -> DashScope API    [路由] qwen3.6-27b -> DashScope API

    [qwen3.6-27b] 决策: select | 选笑话编号: 4
    [qwen3.6-27b] 决策: create | 选笑话编号: None
    [qwen3.6-27b] 决策: create | 选笑话编号: None

  Item完成: 耗时51.8s | 总耗时1089.3min
  速率限制器状态: 可用令牌=960.0/960
  已保存中间结果 (697 条)

============================================================
处理 en_0798... (698/1375)
  质量组: high (4个候选笑话)
  质量组: medium (4个候选笑话)
  质量组: low (4个候选笑话)
  并发执行 3 个评估任务 (max_workers=3)...
    [路由] qwen3.6-27b -> DashScope API    [路由] qwen3.6-27b -> DashScope API
    [路由] qwen3.6-27b -> DashScope API

    [qwen3.6-27b] 决策: create | 选笑话编号: None
    [qwen3.6-27b] 决策: create | 选笑话编号: None
    [qwen3.6-27b] 决策: create | 选笑话编号: None

  Item完成: 耗时90.5s | 总耗时1090.8min
  速率限制器状态: 可用令牌=960.0/960
  已保存中间结果 (698 条)

============================================================
处理 en_0799... (699/1375)
  质量组: high (4个候选笑话)
  质量组: medium (4个候选笑话)
  质量组: low (4个候选笑话)
  并发执行 3 个评估任务 (max_workers=3)...
    [路由] qwen3.6-27b -> DashScope API
    [路由] qwen3.6-27b -> DashScope API
    [路由] qwen3.6-27b -> DashScope API
    [qwen3.6-27b] 决策: select | 选笑话编号: 4
    [qwen3.6-27b] 决策: select | 选笑话编号: 4
    [qwen3.6-27b] 决策: select | 选笑话编号: 2

  Item完成: 耗时54.8s | 总耗时1091.7min
  速率限制器状态: 可用令牌=960.0/960
  已保存中间结果 (699 条)

============================================================
处理 en_0800... (700/1375)
  质量组: high (4个候选笑话)
  质量组: medium (4个候选笑话)
  质量组: low (4个候选笑话)
  并发执行 3 个评估任务 (max_workers=3)...
    [路由] qwen3.6-27b -> DashScope API    [路由] qwen3.6-27b -> DashScope API
    [路由] qwen3.6-27b -> DashScope API

    [qwen3.6-27b] 决策: select | 选笑话编号: 3
    [qwen3.6-27b] 决策: select | 选笑话编号: 4
    [qwen3.6-27b] 决策: create | 选笑话编号: None

  Item完成: 耗时29.3s | 总耗时1092.2min
  速率限制器状态: 可用令牌=960.0/960
  已保存中间结果 (700 条)

============================================================
处理 en_0801... (701/1375)
  质量组: high (4个候选笑话)
  质量组: medium (4个候选笑话)
  质量组: low (4个候选笑话)
  并发执行 3 个评估任务 (max_workers=3)...
    [路由] qwen3.6-27b -> DashScope API
    [路由] qwen3.6-27b -> DashScope API
    [路由] qwen3.6-27b -> DashScope API
    [qwen3.6-27b] 决策: select | 选笑话编号: 2
    [qwen3.6-27b] 决策: select | 选笑话编号: 1
    [qwen3.6-27b] 决策: create | 选笑话编号: None

  Item完成: 耗时39.9s | 总耗时1092.9min
  速率限制器状态: 可用令牌=960.0/960
  已保存中间结果 (701 条)

============================================================
处理 en_0802... (702/1375)
  质量组: high (4个候选笑话)
  质量组: medium (4个候选笑话)
  质量组: low (4个候选笑话)
  并发执行 3 个评估任务 (max_workers=3)...
    [路由] qwen3.6-27b -> DashScope API    [路由] qwen3.6-27b -> DashScope API

    [路由] qwen3.6-27b -> DashScope API
    [qwen3.6-27b] 决策: select | 选笑话编号: 2
    [qwen3.6-27b] 决策: select | 选笑话编号: 2
    [qwen3.6-27b] 决策: create | 选笑话编号: None

  Item完成: 耗时40.3s | 总耗时1093.6min
  速率限制器状态: 可用令牌=960.0/960
  已保存中间结果 (702 条)

============================================================
处理 en_0803... (703/1375)
  质量组: high (4个候选笑话)
  质量组: medium (4个候选笑话)
  质量组: low (4个候选笑话)
  并发执行 3 个评估任务 (max_workers=3)...
    [路由] qwen3.6-27b -> DashScope API    [路由] qwen3.6-27b -> DashScope API
    [路由] qwen3.6-27b -> DashScope API

    [qwen3.6-27b] 决策: select | 选笑话编号: 1
    [qwen3.6-27b] 决策: select | 选笑话编号: 2
    [qwen3.6-27b] 决策: create | 选笑话编号: None

  Item完成: 耗时67.5s | 总耗时1094.7min
  速率限制器状态: 可用令牌=960.0/960
  已保存中间结果 (703 条)

============================================================
处理 en_0804... (704/1375)
  质量组: high (4个候选笑话)
  质量组: medium (4个候选笑话)
  质量组: low (4个候选笑话)
  并发执行 3 个评估任务 (max_workers=3)...
    [路由] qwen3.6-27b -> DashScope API    [路由] qwen3.6-27b -> DashScope API

    [路由] qwen3.6-27b -> DashScope API
    [qwen3.6-27b] 决策: select | 选笑话编号: 4
    [qwen3.6-27b] 决策: create | 选笑话编号: None
    [API] 可重试异常: HTTPSConnectionPool(host='dashscope.aliyuncs.com', port=443): Read timed out. (read timeout=300), 等待1.7s后重试 (1/5), model=qwen3.6-27b
    [qwen3.6-27b] 决策: select | 选笑话编号: 1

  Item完成: 耗时339.2s | 总耗时1100.4min
  速率限制器状态: 可用令牌=960.0/960
  已保存中间结果 (704 条)

============================================================
处理 en_0805... (705/1375)
  质量组: high (4个候选笑话)
  质量组: medium (4个候选笑话)
  质量组: low (4个候选笑话)
  并发执行 3 个评估任务 (max_workers=3)...
    [路由] qwen3.6-27b -> DashScope API
    [路由] qwen3.6-27b -> DashScope API
    [路由] qwen3.6-27b -> DashScope API
    [qwen3.6-27b] 决策: select | 选笑话编号: 2
    [qwen3.6-27b] 决策: select | 选笑话编号: 1
    [qwen3.6-27b] 决策: create | 选笑话编号: None

  Item完成: 耗时102.9s | 总耗时1102.1min
  速率限制器状态: 可用令牌=960.0/960
  已保存中间结果 (705 条)

============================================================
处理 en_0806... (706/1375)
  质量组: high (4个候选笑话)
  质量组: medium (4个候选笑话)
  质量组: low (4个候选笑话)
  并发执行 3 个评估任务 (max_workers=3)...
    [路由] qwen3.6-27b -> DashScope API
    [路由] qwen3.6-27b -> DashScope API
    [路由] qwen3.6-27b -> DashScope API
    [qwen3.6-27b] 决策: select | 选笑话编号: 2
    [qwen3.6-27b] 决策: create | 选笑话编号: None
    [qwen3.6-27b] 决策: create | 选笑话编号: None

  Item完成: 耗时46.7s | 总耗时1102.9min
  速率限制器状态: 可用令牌=960.0/960
  已保存中间结果 (706 条)

============================================================
处理 en_0807... (707/1375)
  质量组: high (4个候选笑话)
  质量组: medium (4个候选笑话)
  质量组: low (4个候选笑话)
  并发执行 3 个评估任务 (max_workers=3)...
    [路由] qwen3.6-27b -> DashScope API
    [路由] qwen3.6-27b -> DashScope API    [路由] qwen3.6-27b -> DashScope API

    [qwen3.6-27b] 决策: select | 选笑话编号: 2
    [qwen3.6-27b] 决策: create | 选笑话编号: None
    [qwen3.6-27b] 决策: create | 选笑话编号: None

  Item完成: 耗时51.9s | 总耗时1103.7min
  速率限制器状态: 可用令牌=960.0/960
  已保存中间结果 (707 条)

============================================================
处理 en_0808... (708/1375)
  质量组: high (4个候选笑话)
  质量组: medium (4个候选笑话)
  质量组: low (4个候选笑话)
  并发执行 3 个评估任务 (max_workers=3)...
    [路由] qwen3.6-27b -> DashScope API
    [路由] qwen3.6-27b -> DashScope API
    [路由] qwen3.6-27b -> DashScope API
    [qwen3.6-27b] 决策: create | 选笑话编号: None
    [qwen3.6-27b] 决策: select | 选笑话编号: 3
    [API] 可重试异常: HTTPSConnectionPool(host='dashscope.aliyuncs.com', port=443): Read timed out. (read timeout=300), 等待2.4s后重试 (1/5), model=qwen3.6-27b
    [qwen3.6-27b] 决策: create | 选笑话编号: None

  Item完成: 耗时394.0s | 总耗时1110.3min
  速率限制器状态: 可用令牌=960.0/960
  已保存中间结果 (708 条)

============================================================
处理 en_0809... (709/1375)
  质量组: high (4个候选笑话)
  质量组: medium (4个候选笑话)
  质量组: low (4个候选笑话)
  并发执行 3 个评估任务 (max_workers=3)...
    [路由] qwen3.6-27b -> DashScope API
    [路由] qwen3.6-27b -> DashScope API
    [路由] qwen3.6-27b -> DashScope API
    [qwen3.6-27b] 决策: select | 选笑话编号: 2
    [qwen3.6-27b] 决策: create | 选笑话编号: None
    [qwen3.6-27b] 决策: select | 选笑话编号: 2

  Item完成: 耗时118.4s | 总耗时1112.3min
  速率限制器状态: 可用令牌=960.0/960
  已保存中间结果 (709 条)

============================================================
处理 en_0810... (710/1375)
  质量组: high (4个候选笑话)
  质量组: medium (4个候选笑话)
  质量组: low (4个候选笑话)
  并发执行 3 个评估任务 (max_workers=3)...
    [路由] qwen3.6-27b -> DashScope API
    [路由] qwen3.6-27b -> DashScope API
    [路由] qwen3.6-27b -> DashScope API
    [qwen3.6-27b] 决策: select | 选笑话编号: 2
    [qwen3.6-27b] 决策: create | 选笑话编号: None
    [qwen3.6-27b] 决策: select | 选笑话编号: 1

  Item完成: 耗时36.5s | 总耗时1112.9min
  速率限制器状态: 可用令牌=960.0/960
  已保存中间结果 (710 条)

============================================================
处理 en_0811... (711/1375)
  质量组: high (4个候选笑话)
  质量组: medium (4个候选笑话)
  质量组: low (4个候选笑话)
  并发执行 3 个评估任务 (max_workers=3)...
    [路由] qwen3.6-27b -> DashScope API
    [路由] qwen3.6-27b -> DashScope API    [路由] qwen3.6-27b -> DashScope API

    [qwen3.6-27b] 决策: select | 选笑话编号: 4
    [qwen3.6-27b] 决策: select | 选笑话编号: 2
    [qwen3.6-27b] 决策: create | 选笑话编号: None

  Item完成: 耗时69.8s | 总耗时1114.0min
  速率限制器状态: 可用令牌=960.0/960
  已保存中间结果 (711 条)

============================================================
处理 en_0812... (712/1375)
  质量组: high (4个候选笑话)
  质量组: medium (4个候选笑话)
  质量组: low (4个候选笑话)
  并发执行 3 个评估任务 (max_workers=3)...
    [路由] qwen3.6-27b -> DashScope API
    [路由] qwen3.6-27b -> DashScope API    [路由] qwen3.6-27b -> DashScope API

    [qwen3.6-27b] 决策: select | 选笑话编号: 2
    [qwen3.6-27b] 决策: create | 选笑话编号: None
    [qwen3.6-27b] 决策: create | 选笑话编号: None

  Item完成: 耗时35.0s | 总耗时1114.6min
  速率限制器状态: 可用令牌=960.0/960
  已保存中间结果 (712 条)

============================================================
处理 en_0813... (713/1375)
  质量组: high (4个候选笑话)
  质量组: medium (4个候选笑话)
  质量组: low (4个候选笑话)
  并发执行 3 个评估任务 (max_workers=3)...
    [路由] qwen3.6-27b -> DashScope API
    [路由] qwen3.6-27b -> DashScope API    [路由] qwen3.6-27b -> DashScope API

    [qwen3.6-27b] 决策: select | 选笑话编号: 2
    [qwen3.6-27b] 决策: select | 选笑话编号: 2
    [qwen3.6-27b] 决策: create | 选笑话编号: None

  Item完成: 耗时50.3s | 总耗时1115.5min
  速率限制器状态: 可用令牌=960.0/960
  已保存中间结果 (713 条)

============================================================
处理 en_0814... (714/1375)
  质量组: high (4个候选笑话)
  质量组: medium (4个候选笑话)
  质量组: low (4个候选笑话)
  并发执行 3 个评估任务 (max_workers=3)...
    [路由] qwen3.6-27b -> DashScope API
    [路由] qwen3.6-27b -> DashScope API    [路由] qwen3.6-27b -> DashScope API

    [qwen3.6-27b] 决策: select | 选笑话编号: 3
    [qwen3.6-27b] 决策: create | 选笑话编号: None
    [qwen3.6-27b] 决策: create | 选笑话编号: None

  Item完成: 耗时163.6s | 总耗时1118.2min
  速率限制器状态: 可用令牌=960.0/960
  已保存中间结果 (714 条)

============================================================
处理 en_0815... (715/1375)
  质量组: high (4个候选笑话)
  质量组: medium (4个候选笑话)
  质量组: low (4个候选笑话)
  并发执行 3 个评估任务 (max_workers=3)...
    [路由] qwen3.6-27b -> DashScope API
    [路由] qwen3.6-27b -> DashScope API
    [路由] qwen3.6-27b -> DashScope API
    [qwen3.6-27b] 决策: select | 选笑话编号: 2
    [qwen3.6-27b] 决策: create | 选笑话编号: None
    [qwen3.6-27b] 决策: create | 选笑话编号: None

  Item完成: 耗时75.1s | 总耗时1119.5min
  速率限制器状态: 可用令牌=960.0/960
  已保存中间结果 (715 条)

============================================================
处理 en_0816... (716/1375)
  质量组: high (4个候选笑话)
  质量组: medium (4个候选笑话)
  质量组: low (4个候选笑话)
  并发执行 3 个评估任务 (max_workers=3)...
    [路由] qwen3.6-27b -> DashScope API
    [路由] qwen3.6-27b -> DashScope API
    [路由] qwen3.6-27b -> DashScope API
    [qwen3.6-27b] 决策: select | 选笑话编号: 2
    [qwen3.6-27b] 决策: create | 选笑话编号: None
    [qwen3.6-27b] 决策: create | 选笑话编号: None

  Item完成: 耗时61.7s | 总耗时1120.5min
  速率限制器状态: 可用令牌=960.0/960
  已保存中间结果 (716 条)

============================================================
处理 en_0817... (717/1375)
  质量组: high (4个候选笑话)
  质量组: medium (4个候选笑话)
  质量组: low (4个候选笑话)
  并发执行 3 个评估任务 (max_workers=3)...
    [路由] qwen3.6-27b -> DashScope API    [路由] qwen3.6-27b -> DashScope API

    [路由] qwen3.6-27b -> DashScope API
    [qwen3.6-27b] 决策: create | 选笑话编号: None
    [qwen3.6-27b] 决策: select | 选笑话编号: 4
    [qwen3.6-27b] 决策: create | 选笑话编号: None

  Item完成: 耗时137.3s | 总耗时1122.8min
  速率限制器状态: 可用令牌=960.0/960
  已保存中间结果 (717 条)

============================================================
处理 en_0818... (718/1375)
  质量组: high (4个候选笑话)
  质量组: medium (4个候选笑话)
  质量组: low (4个候选笑话)
  并发执行 3 个评估任务 (max_workers=3)...
    [路由] qwen3.6-27b -> DashScope API    [路由] qwen3.6-27b -> DashScope API
    [路由] qwen3.6-27b -> DashScope API

    [qwen3.6-27b] 决策: select | 选笑话编号: 2
    [qwen3.6-27b] 决策: create | 选笑话编号: None
    [API] 可重试异常: HTTPSConnectionPool(host='dashscope.aliyuncs.com', port=443): Read timed out. (read timeout=300), 等待2.3s后重试 (1/5), model=qwen3.6-27b
    [qwen3.6-27b] 决策: create | 选笑话编号: None

  Item完成: 耗时379.7s | 总耗时1129.1min
  速率限制器状态: 可用令牌=960.0/960
  已保存中间结果 (718 条)

============================================================
处理 en_0819... (719/1375)
  质量组: high (4个候选笑话)
  质量组: medium (4个候选笑话)
  质量组: low (4个候选笑话)
  并发执行 3 个评估任务 (max_workers=3)...
    [路由] qwen3.6-27b -> DashScope API    [路由] qwen3.6-27b -> DashScope API

    [路由] qwen3.6-27b -> DashScope API
    [qwen3.6-27b] 决策: select | 选笑话编号: 2
    [qwen3.6-27b] 决策: select | 选笑话编号: 1
    [qwen3.6-27b] 决策: create | 选笑话编号: None

  Item完成: 耗时61.2s | 总耗时1130.1min
  速率限制器状态: 可用令牌=960.0/960
  已保存中间结果 (719 条)

============================================================
处理 en_0820... (720/1375)
  质量组: high (4个候选笑话)
  质量组: medium (4个候选笑话)
  质量组: low (4个候选笑话)
  并发执行 3 个评估任务 (max_workers=3)...
    [路由] qwen3.6-27b -> DashScope API
    [路由] qwen3.6-27b -> DashScope API    [路由] qwen3.6-27b -> DashScope API

    [qwen3.6-27b] 决策: create | 选笑话编号: None
    [qwen3.6-27b] 决策: create | 选笑话编号: None
    [qwen3.6-27b] 决策: create | 选笑话编号: None

  Item完成: 耗时63.6s | 总耗时1131.2min
  速率限制器状态: 可用令牌=960.0/960
  已保存中间结果 (720 条)

============================================================
处理 en_0821... (721/1375)
  质量组: high (4个候选笑话)
  质量组: medium (4个候选笑话)
  质量组: low (4个候选笑话)
  并发执行 3 个评估任务 (max_workers=3)...
    [路由] qwen3.6-27b -> DashScope API
    [路由] qwen3.6-27b -> DashScope API
    [路由] qwen3.6-27b -> DashScope API
    [qwen3.6-27b] 决策: select | 选笑话编号: 2
    [qwen3.6-27b] 决策: select | 选笑话编号: 2
    [qwen3.6-27b] 决策: create | 选笑话编号: None

  Item完成: 耗时54.5s | 总耗时1132.1min
  速率限制器状态: 可用令牌=960.0/960
  已保存中间结果 (721 条)

============================================================
处理 en_0822... (722/1375)
  质量组: high (4个候选笑话)
  质量组: medium (4个候选笑话)
  质量组: low (4个候选笑话)
  并发执行 3 个评估任务 (max_workers=3)...
    [路由] qwen3.6-27b -> DashScope API    [路由] qwen3.6-27b -> DashScope API
    [路由] qwen3.6-27b -> DashScope API

    [qwen3.6-27b] 决策: select | 选笑话编号: 2
    [qwen3.6-27b] 决策: select | 选笑话编号: 4
    [qwen3.6-27b] 决策: select | 选笑话编号: 2

  Item完成: 耗时64.6s | 总耗时1133.2min
  速率限制器状态: 可用令牌=960.0/960
  已保存中间结果 (722 条)

============================================================
处理 en_0823... (723/1375)
  质量组: high (4个候选笑话)
  质量组: medium (4个候选笑话)
  质量组: low (4个候选笑话)
  并发执行 3 个评估任务 (max_workers=3)...
    [路由] qwen3.6-27b -> DashScope API
    [路由] qwen3.6-27b -> DashScope API    [路由] qwen3.6-27b -> DashScope API

    [qwen3.6-27b] 决策: select | 选笑话编号: 4
    [qwen3.6-27b] 决策: create | 选笑话编号: None
    [qwen3.6-27b] 决策: create | 选笑话编号: None

  Item完成: 耗时50.6s | 总耗时1134.0min
  速率限制器状态: 可用令牌=960.0/960
  已保存中间结果 (723 条)

============================================================
处理 en_0824... (724/1375)
  质量组: high (4个候选笑话)
  质量组: medium (4个候选笑话)
  质量组: low (4个候选笑话)
  并发执行 3 个评估任务 (max_workers=3)...
    [路由] qwen3.6-27b -> DashScope API
    [路由] qwen3.6-27b -> DashScope API
    [路由] qwen3.6-27b -> DashScope API
    [qwen3.6-27b] 决策: select | 选笑话编号: 2
    [qwen3.6-27b] 决策: create | 选笑话编号: None
    [qwen3.6-27b] 决策: create | 选笑话编号: None

  Item完成: 耗时39.6s | 总耗时1134.7min
  速率限制器状态: 可用令牌=960.0/960
  已保存中间结果 (724 条)

============================================================
处理 en_0825... (725/1375)
  质量组: high (4个候选笑话)
  质量组: medium (4个候选笑话)
  质量组: low (4个候选笑话)
  并发执行 3 个评估任务 (max_workers=3)...
    [路由] qwen3.6-27b -> DashScope API
    [路由] qwen3.6-27b -> DashScope API    [路由] qwen3.6-27b -> DashScope API

    [qwen3.6-27b] 决策: select | 选笑话编号: 2
    [qwen3.6-27b] 决策: select | 选笑话编号: 2
    [qwen3.6-27b] 决策: create | 选笑话编号: None

  Item完成: 耗时35.6s | 总耗时1135.3min
  速率限制器状态: 可用令牌=960.0/960
  已保存中间结果 (725 条)

============================================================
处理 en_0826... (726/1375)
  质量组: high (4个候选笑话)
  质量组: medium (4个候选笑话)
  质量组: low (4个候选笑话)
  并发执行 3 个评估任务 (max_workers=3)...
    [路由] qwen3.6-27b -> DashScope API    [路由] qwen3.6-27b -> DashScope API

    [路由] qwen3.6-27b -> DashScope API
    [qwen3.6-27b] 决策: select | 选笑话编号: 2
    [qwen3.6-27b] 决策: create | 选笑话编号: None
    [qwen3.6-27b] 决策: create | 选笑话编号: None

  Item完成: 耗时73.8s | 总耗时1136.5min
  速率限制器状态: 可用令牌=960.0/960
  已保存中间结果 (726 条)

============================================================
处理 en_0827... (727/1375)
  质量组: high (4个候选笑话)
  质量组: medium (4个候选笑话)
  质量组: low (4个候选笑话)
  并发执行 3 个评估任务 (max_workers=3)...
    [路由] qwen3.6-27b -> DashScope API
    [路由] qwen3.6-27b -> DashScope API    [路由] qwen3.6-27b -> DashScope API

    [qwen3.6-27b] 决策: select | 选笑话编号: 4
    [qwen3.6-27b] 决策: create | 选笑话编号: None
    [qwen3.6-27b] 决策: create | 选笑话编号: None

  Item完成: 耗时54.1s | 总耗时1137.4min
  速率限制器状态: 可用令牌=960.0/960
  已保存中间结果 (727 条)

============================================================
处理 en_0828... (728/1375)
  质量组: high (4个候选笑话)
  质量组: medium (4个候选笑话)
  质量组: low (4个候选笑话)
  并发执行 3 个评估任务 (max_workers=3)...
    [路由] qwen3.6-27b -> DashScope API
    [路由] qwen3.6-27b -> DashScope API
    [路由] qwen3.6-27b -> DashScope API
    [qwen3.6-27b] 决策: select | 选笑话编号: 4
    [qwen3.6-27b] 决策: create | 选笑话编号: None
    [qwen3.6-27b] 决策: create | 选笑话编号: None

  Item完成: 耗时45.7s | 总耗时1138.2min
  速率限制器状态: 可用令牌=960.0/960
  已保存中间结果 (728 条)

============================================================
处理 en_0829... (729/1375)
  质量组: high (4个候选笑话)
  质量组: medium (4个候选笑话)
  质量组: low (4个候选笑话)
  并发执行 3 个评估任务 (max_workers=3)...
    [路由] qwen3.6-27b -> DashScope API    [路由] qwen3.6-27b -> DashScope API
    [路由] qwen3.6-27b -> DashScope API

    [qwen3.6-27b] 决策: select | 选笑话编号: 4
    [qwen3.6-27b] 决策: select | 选笑话编号: 4
    [qwen3.6-27b] 决策: create | 选笑话编号: None

  Item完成: 耗时71.3s | 总耗时1139.4min
  速率限制器状态: 可用令牌=960.0/960
  已保存中间结果 (729 条)

============================================================
处理 en_0830... (730/1375)
  质量组: high (4个候选笑话)
  质量组: medium (4个候选笑话)
  质量组: low (4个候选笑话)
  并发执行 3 个评估任务 (max_workers=3)...
    [路由] qwen3.6-27b -> DashScope API
    [路由] qwen3.6-27b -> DashScope API
    [路由] qwen3.6-27b -> DashScope API
    [qwen3.6-27b] 决策: select | 选笑话编号: 2
    [qwen3.6-27b] 决策: create | 选笑话编号: None
    [qwen3.6-27b] 决策: create | 选笑话编号: None

  Item完成: 耗时67.7s | 总耗时1140.5min
  速率限制器状态: 可用令牌=960.0/960
  已保存中间结果 (730 条)

============================================================
处理 en_0831... (731/1375)
  质量组: high (4个候选笑话)
  质量组: medium (4个候选笑话)
  质量组: low (4个候选笑话)
  并发执行 3 个评估任务 (max_workers=3)...
    [路由] qwen3.6-27b -> DashScope API
    [路由] qwen3.6-27b -> DashScope API
    [路由] qwen3.6-27b -> DashScope API
    [qwen3.6-27b] 决策: create | 选笑话编号: None
    [qwen3.6-27b] 决策: select | 选笑话编号: 2
    [qwen3.6-27b] 决策: create | 选笑话编号: None

  Item完成: 耗时126.0s | 总耗时1142.6min
  速率限制器状态: 可用令牌=960.0/960
  已保存中间结果 (731 条)

============================================================
处理 en_0832... (732/1375)
  质量组: high (4个候选笑话)
  质量组: medium (4个候选笑话)
  质量组: low (4个候选笑话)
  并发执行 3 个评估任务 (max_workers=3)...
    [路由] qwen3.6-27b -> DashScope API
    [路由] qwen3.6-27b -> DashScope API    [路由] qwen3.6-27b -> DashScope API

    [qwen3.6-27b] 决策: select | 选笑话编号: 3
    [qwen3.6-27b] 决策: create | 选笑话编号: None
    [qwen3.6-27b] 决策: select | 选笑话编号: 2

  Item完成: 耗时49.1s | 总耗时1143.5min
  速率限制器状态: 可用令牌=960.0/960
  已保存中间结果 (732 条)

============================================================
处理 en_0833... (733/1375)
  质量组: high (4个候选笑话)
  质量组: medium (4个候选笑话)
  质量组: low (4个候选笑话)
  并发执行 3 个评估任务 (max_workers=3)...
    [路由] qwen3.6-27b -> DashScope API
    [路由] qwen3.6-27b -> DashScope API    [路由] qwen3.6-27b -> DashScope API

    [qwen3.6-27b] 决策: select | 选笑话编号: 2
    [qwen3.6-27b] 决策: select | 选笑话编号: 4
    [qwen3.6-27b] 决策: create | 选笑话编号: None

  Item完成: 耗时48.4s | 总耗时1144.3min
  速率限制器状态: 可用令牌=960.0/960
  已保存中间结果 (733 条)

============================================================
处理 en_0834... (734/1375)
  质量组: high (4个候选笑话)
  质量组: medium (4个候选笑话)
  质量组: low (4个候选笑话)
  并发执行 3 个评估任务 (max_workers=3)...
    [路由] qwen3.6-27b -> DashScope API    [路由] qwen3.6-27b -> DashScope API

    [路由] qwen3.6-27b -> DashScope API
    [qwen3.6-27b] 决策: create | 选笑话编号: None
    [qwen3.6-27b] 决策: create | 选笑话编号: None
    [qwen3.6-27b] 决策: create | 选笑话编号: None

  Item完成: 耗时64.0s | 总耗时1145.3min
  速率限制器状态: 可用令牌=960.0/960
  已保存中间结果 (734 条)

============================================================
处理 en_0835... (735/1375)
  质量组: high (4个候选笑话)
  质量组: medium (4个候选笑话)
  质量组: low (4个候选笑话)
  并发执行 3 个评估任务 (max_workers=3)...
    [路由] qwen3.6-27b -> DashScope API    [路由] qwen3.6-27b -> DashScope API

    [路由] qwen3.6-27b -> DashScope API
    [qwen3.6-27b] 决策: select | 选笑话编号: 4
    [qwen3.6-27b] 决策: select | 选笑话编号: 3
    [qwen3.6-27b] 决策: create | 选笑话编号: None

  Item完成: 耗时30.2s | 总耗时1145.8min
  速率限制器状态: 可用令牌=960.0/960
  已保存中间结果 (735 条)

============================================================
处理 en_0836... (736/1375)
  质量组: high (4个候选笑话)
  质量组: medium (4个候选笑话)
  质量组: low (4个候选笑话)
  并发执行 3 个评估任务 (max_workers=3)...
    [路由] qwen3.6-27b -> DashScope API    [路由] qwen3.6-27b -> DashScope API

    [路由] qwen3.6-27b -> DashScope API
    [qwen3.6-27b] 决策: create | 选笑话编号: None
    [qwen3.6-27b] 决策: create | 选笑话编号: None
    [qwen3.6-27b] 决策: select | 选笑话编号: 3

  Item完成: 耗时49.4s | 总耗时1146.7min
  速率限制器状态: 可用令牌=960.0/960
  已保存中间结果 (736 条)

============================================================
处理 en_0837... (737/1375)
  质量组: high (4个候选笑话)
  质量组: medium (4个候选笑话)
  质量组: low (4个候选笑话)
  并发执行 3 个评估任务 (max_workers=3)...
    [路由] qwen3.6-27b -> DashScope API
    [路由] qwen3.6-27b -> DashScope API    [路由] qwen3.6-27b -> DashScope API

    [qwen3.6-27b] 决策: create | 选笑话编号: None
    [qwen3.6-27b] 决策: create | 选笑话编号: None
    [qwen3.6-27b] 决策: create | 选笑话编号: None

  Item完成: 耗时67.7s | 总耗时1147.8min
  速率限制器状态: 可用令牌=960.0/960
  已保存中间结果 (737 条)

============================================================
处理 en_0838... (738/1375)
  质量组: high (4个候选笑话)
  质量组: medium (4个候选笑话)
  质量组: low (4个候选笑话)
  并发执行 3 个评估任务 (max_workers=3)...
    [路由] qwen3.6-27b -> DashScope API    [路由] qwen3.6-27b -> DashScope API
    [路由] qwen3.6-27b -> DashScope API

    [qwen3.6-27b] 决策: select | 选笑话编号: 3
    [qwen3.6-27b] 决策: create | 选笑话编号: None
    [qwen3.6-27b] 决策: select | 选笑话编号: 4

  Item完成: 耗时23.4s | 总耗时1148.2min
  速率限制器状态: 可用令牌=960.0/960
  已保存中间结果 (738 条)

============================================================
处理 en_0839... (739/1375)
  质量组: high (4个候选笑话)
  质量组: medium (4个候选笑话)
  质量组: low (4个候选笑话)
  并发执行 3 个评估任务 (max_workers=3)...
    [路由] qwen3.6-27b -> DashScope API
    [路由] qwen3.6-27b -> DashScope API    [路由] qwen3.6-27b -> DashScope API

    [qwen3.6-27b] 决策: select | 选笑话编号: 3
    [qwen3.6-27b] 决策: select | 选笑话编号: 1
    [qwen3.6-27b] 决策: select | 选笑话编号: 4

  Item完成: 耗时45.8s | 总耗时1149.0min
  速率限制器状态: 可用令牌=960.0/960
  已保存中间结果 (739 条)

============================================================
处理 en_0840... (740/1375)
  质量组: high (4个候选笑话)
  质量组: medium (4个候选笑话)
  质量组: low (4个候选笑话)
  并发执行 3 个评估任务 (max_workers=3)...
    [路由] qwen3.6-27b -> DashScope API    [路由] qwen3.6-27b -> DashScope API

    [路由] qwen3.6-27b -> DashScope API
    [qwen3.6-27b] 决策: create | 选笑话编号: None
    [qwen3.6-27b] 决策: create | 选笑话编号: None
    [qwen3.6-27b] 决策: select | 选笑话编号: 2

  Item完成: 耗时194.7s | 总耗时1152.2min
  速率限制器状态: 可用令牌=960.0/960
  已保存中间结果 (740 条)

============================================================
处理 en_0841... (741/1375)
  质量组: high (4个候选笑话)
  质量组: medium (4个候选笑话)
  质量组: low (4个候选笑话)
  并发执行 3 个评估任务 (max_workers=3)...
    [路由] qwen3.6-27b -> DashScope API
    [路由] qwen3.6-27b -> DashScope API    [路由] qwen3.6-27b -> DashScope API

    [qwen3.6-27b] 决策: select | 选笑话编号: 4
    [qwen3.6-27b] 决策: select | 选笑话编号: 4
    [qwen3.6-27b] 决策: create | 选笑话编号: None

  Item完成: 耗时32.0s | 总耗时1152.7min
  速率限制器状态: 可用令牌=960.0/960
  已保存中间结果 (741 条)

============================================================
处理 en_0842... (742/1375)
  质量组: high (4个候选笑话)
  质量组: medium (4个候选笑话)
  质量组: low (4个候选笑话)
  并发执行 3 个评估任务 (max_workers=3)...
    [路由] qwen3.6-27b -> DashScope API
    [路由] qwen3.6-27b -> DashScope API
    [路由] qwen3.6-27b -> DashScope API
    [qwen3.6-27b] 决策: select | 选笑话编号: 2
    [qwen3.6-27b] 决策: create | 选笑话编号: None
    [qwen3.6-27b] 决策: create | 选笑话编号: None

  Item完成: 耗时27.3s | 总耗时1153.2min
  速率限制器状态: 可用令牌=960.0/960
  已保存中间结果 (742 条)

============================================================
处理 en_0843... (743/1375)
  质量组: high (4个候选笑话)
  质量组: medium (4个候选笑话)
  质量组: low (4个候选笑话)
  并发执行 3 个评估任务 (max_workers=3)...
    [路由] qwen3.6-27b -> DashScope API
    [路由] qwen3.6-27b -> DashScope API    [路由] qwen3.6-27b -> DashScope API

    [qwen3.6-27b] 决策: select | 选笑话编号: 4
    [qwen3.6-27b] 决策: create | 选笑话编号: None
    [qwen3.6-27b] 决策: select | 选笑话编号: 1

  Item完成: 耗时92.2s | 总耗时1154.7min
  速率限制器状态: 可用令牌=960.0/960
  已保存中间结果 (743 条)

============================================================
处理 en_0844... (744/1375)
  质量组: high (4个候选笑话)
  质量组: medium (4个候选笑话)
  质量组: low (4个候选笑话)
  并发执行 3 个评估任务 (max_workers=3)...
    [路由] qwen3.6-27b -> DashScope API    [路由] qwen3.6-27b -> DashScope API
    [路由] qwen3.6-27b -> DashScope API

    [qwen3.6-27b] 决策: select | 选笑话编号: 1
    [qwen3.6-27b] 决策: select | 选笑话编号: 4
    [API] 可重试异常: HTTPSConnectionPool(host='dashscope.aliyuncs.com', port=443): Read timed out. (read timeout=300), 等待2.0s后重试 (1/5), model=qwen3.6-27b
    [qwen3.6-27b] 决策: select | 选笑话编号: 4

  Item完成: 耗时325.1s | 总耗时1160.2min
  速率限制器状态: 可用令牌=960.0/960
  已保存中间结果 (744 条)

============================================================
处理 en_0845... (745/1375)
  质量组: high (4个候选笑话)
  质量组: medium (4个候选笑话)
  质量组: low (4个候选笑话)
  并发执行 3 个评估任务 (max_workers=3)...
    [路由] qwen3.6-27b -> DashScope API
    [路由] qwen3.6-27b -> DashScope API
    [路由] qwen3.6-27b -> DashScope API
    [qwen3.6-27b] 决策: create | 选笑话编号: None
    [qwen3.6-27b] 决策: create | 选笑话编号: None
    [qwen3.6-27b] 决策: select | 选笑话编号: 2

  Item完成: 耗时51.1s | 总耗时1161.0min
  速率限制器状态: 可用令牌=960.0/960
  已保存中间结果 (745 条)

============================================================
处理 en_0846... (746/1375)
  质量组: high (4个候选笑话)
  质量组: medium (4个候选笑话)
  质量组: low (4个候选笑话)
  并发执行 3 个评估任务 (max_workers=3)...
    [路由] qwen3.6-27b -> DashScope API
    [路由] qwen3.6-27b -> DashScope API
    [路由] qwen3.6-27b -> DashScope API
    [qwen3.6-27b] 决策: select | 选笑话编号: 2
    [qwen3.6-27b] 决策: select | 选笑话编号: 1
    [qwen3.6-27b] 决策: select | 选笑话编号: 1

  Item完成: 耗时33.4s | 总耗时1161.6min
  速率限制器状态: 可用令牌=960.0/960
  已保存中间结果 (746 条)

============================================================
处理 en_0847... (747/1375)
  质量组: high (4个候选笑话)
  质量组: medium (4个候选笑话)
  质量组: low (4个候选笑话)
  并发执行 3 个评估任务 (max_workers=3)...
    [路由] qwen3.6-27b -> DashScope API    [路由] qwen3.6-27b -> DashScope API

    [路由] qwen3.6-27b -> DashScope API
    [qwen3.6-27b] 决策: select | 选笑话编号: 2
    [qwen3.6-27b] 决策: select | 选笑话编号: 4
    [qwen3.6-27b] 决策: create | 选笑话编号: None

  Item完成: 耗时67.1s | 总耗时1162.7min
  速率限制器状态: 可用令牌=960.0/960
  已保存中间结果 (747 条)

============================================================
处理 en_0848... (748/1375)
  质量组: high (4个候选笑话)
  质量组: medium (4个候选笑话)
  质量组: low (4个候选笑话)
  并发执行 3 个评估任务 (max_workers=3)...
    [路由] qwen3.6-27b -> DashScope API
    [路由] qwen3.6-27b -> DashScope API    [路由] qwen3.6-27b -> DashScope API

    [qwen3.6-27b] 决策: select | 选笑话编号: 4
    [qwen3.6-27b] 决策: create | 选笑话编号: None
    [qwen3.6-27b] 决策: create | 选笑话编号: None

  Item完成: 耗时84.9s | 总耗时1164.1min
  速率限制器状态: 可用令牌=960.0/960
  已保存中间结果 (748 条)

============================================================
处理 en_0849... (749/1375)
  质量组: high (4个候选笑话)
  质量组: medium (4个候选笑话)
  质量组: low (4个候选笑话)
  并发执行 3 个评估任务 (max_workers=3)...
    [路由] qwen3.6-27b -> DashScope API
    [路由] qwen3.6-27b -> DashScope API    [路由] qwen3.6-27b -> DashScope API

    [qwen3.6-27b] 决策: select | 选笑话编号: 4
    [qwen3.6-27b] 决策: create | 选笑话编号: None
    [qwen3.6-27b] 决策: select | 选笑话编号: 3

  Item完成: 耗时152.8s | 总耗时1166.7min
  速率限制器状态: 可用令牌=960.0/960
  已保存中间结果 (749 条)

============================================================
处理 en_0850... (750/1375)
  质量组: high (4个候选笑话)
  质量组: medium (4个候选笑话)
  质量组: low (4个候选笑话)
  并发执行 3 个评估任务 (max_workers=3)...
    [路由] qwen3.6-27b -> DashScope API
    [路由] qwen3.6-27b -> DashScope API    [路由] qwen3.6-27b -> DashScope API

    [qwen3.6-27b] 决策: select | 选笑话编号: 4
    [qwen3.6-27b] 决策: create | 选笑话编号: None
    [API] 可重试异常: HTTPSConnectionPool(host='dashscope.aliyuncs.com', port=443): Read timed out. (read timeout=300), 等待1.9s后重试 (1/5), model=qwen3.6-27b
    [qwen3.6-27b] 决策: select | 选笑话编号: 2

  Item完成: 耗时317.8s | 总耗时1172.0min
  速率限制器状态: 可用令牌=960.0/960
  已保存中间结果 (750 条)

============================================================
处理 en_0851... (751/1375)
  质量组: high (4个候选笑话)
  质量组: medium (4个候选笑话)
  质量组: low (4个候选笑话)
  并发执行 3 个评估任务 (max_workers=3)...
    [路由] qwen3.6-27b -> DashScope API
    [路由] qwen3.6-27b -> DashScope API    [路由] qwen3.6-27b -> DashScope API

    [qwen3.6-27b] 决策: select | 选笑话编号: 4
    [qwen3.6-27b] 决策: select | 选笑话编号: 3
    [qwen3.6-27b] 决策: create | 选笑话编号: None

  Item完成: 耗时137.3s | 总耗时1174.3min
  速率限制器状态: 可用令牌=960.0/960
  已保存中间结果 (751 条)

============================================================
处理 en_0852... (752/1375)
  质量组: high (4个候选笑话)
  质量组: medium (4个候选笑话)
  质量组: low (4个候选笑话)
  并发执行 3 个评估任务 (max_workers=3)...
    [路由] qwen3.6-27b -> DashScope API
    [路由] qwen3.6-27b -> DashScope API
    [路由] qwen3.6-27b -> DashScope API
    [qwen3.6-27b] 决策: select | 选笑话编号: 3
    [qwen3.6-27b] 决策: create | 选笑话编号: None
    [API] 可重试异常: HTTPSConnectionPool(host='dashscope.aliyuncs.com', port=443): Read timed out. (read timeout=300), 等待1.8s后重试 (1/5), model=qwen3.6-27b
    [qwen3.6-27b] 决策: create | 选笑话编号: None

  Item完成: 耗时342.0s | 总耗时1180.0min
  速率限制器状态: 可用令牌=960.0/960
  已保存中间结果 (752 条)

============================================================
处理 en_0853... (753/1375)
  质量组: high (4个候选笑话)
  质量组: medium (4个候选笑话)
  质量组: low (4个候选笑话)
  并发执行 3 个评估任务 (max_workers=3)...
    [路由] qwen3.6-27b -> DashScope API
    [路由] qwen3.6-27b -> DashScope API    [路由] qwen3.6-27b -> DashScope API

    [qwen3.6-27b] 决策: select | 选笑话编号: 4
    [qwen3.6-27b] 决策: create | 选笑话编号: None
    [API] 可重试异常: HTTPSConnectionPool(host='dashscope.aliyuncs.com', port=443): Read timed out. (read timeout=300), 等待1.7s后重试 (1/5), model=qwen3.6-27b
    [qwen3.6-27b] 决策: select | 选笑话编号: 2

  Item完成: 耗时362.7s | 总耗时1186.0min
  速率限制器状态: 可用令牌=960.0/960
  已保存中间结果 (753 条)

============================================================
处理 en_0854... (754/1375)
  质量组: high (4个候选笑话)
  质量组: medium (4个候选笑话)
  质量组: low (4个候选笑话)
  并发执行 3 个评估任务 (max_workers=3)...
    [路由] qwen3.6-27b -> DashScope API    [路由] qwen3.6-27b -> DashScope API

    [路由] qwen3.6-27b -> DashScope API
    [qwen3.6-27b] 决策: select | 选笑话编号: 2
    [qwen3.6-27b] 决策: select | 选笑话编号: 1
    [qwen3.6-27b] 决策: create | 选笑话编号: None

  Item完成: 耗时44.7s | 总耗时1186.8min
  速率限制器状态: 可用令牌=960.0/960
  已保存中间结果 (754 条)

============================================================
处理 en_0855... (755/1375)
  质量组: high (4个候选笑话)
  质量组: medium (4个候选笑话)
  质量组: low (4个候选笑话)
  并发执行 3 个评估任务 (max_workers=3)...
    [路由] qwen3.6-27b -> DashScope API    [路由] qwen3.6-27b -> DashScope API
    [路由] qwen3.6-27b -> DashScope API

    [qwen3.6-27b] 决策: select | 选笑话编号: 3
    [qwen3.6-27b] 决策: select | 选笑话编号: 4
    [qwen3.6-27b] 决策: create | 选笑话编号: None

  Item完成: 耗时52.1s | 总耗时1187.6min
  速率限制器状态: 可用令牌=960.0/960
  已保存中间结果 (755 条)

============================================================
处理 en_0856... (756/1375)
  质量组: high (4个候选笑话)
  质量组: medium (4个候选笑话)
  质量组: low (4个候选笑话)
  并发执行 3 个评估任务 (max_workers=3)...
    [路由] qwen3.6-27b -> DashScope API
    [路由] qwen3.6-27b -> DashScope API    [路由] qwen3.6-27b -> DashScope API

    [qwen3.6-27b] 决策: select | 选笑话编号: 4
    [qwen3.6-27b] 决策: create | 选笑话编号: None
    [qwen3.6-27b] 决策: create | 选笑话编号: None

  Item完成: 耗时47.4s | 总耗时1188.4min
  速率限制器状态: 可用令牌=960.0/960
  已保存中间结果 (756 条)

============================================================
处理 en_0857... (757/1375)
  质量组: high (4个候选笑话)
  质量组: medium (4个候选笑话)
  质量组: low (4个候选笑话)
  并发执行 3 个评估任务 (max_workers=3)...
    [路由] qwen3.6-27b -> DashScope API
    [路由] qwen3.6-27b -> DashScope API    [路由] qwen3.6-27b -> DashScope API

    [qwen3.6-27b] 决策: select | 选笑话编号: 4
    [qwen3.6-27b] 决策: select | 选笑话编号: 3
    [qwen3.6-27b] 决策: create | 选笑话编号: None

  Item完成: 耗时38.3s | 总耗时1189.1min
  速率限制器状态: 可用令牌=960.0/960
  已保存中间结果 (757 条)

============================================================
处理 en_0858... (758/1375)
  质量组: high (4个候选笑话)
  质量组: medium (4个候选笑话)
  质量组: low (4个候选笑话)
  并发执行 3 个评估任务 (max_workers=3)...
    [路由] qwen3.6-27b -> DashScope API    [路由] qwen3.6-27b -> DashScope API
    [路由] qwen3.6-27b -> DashScope API

    [qwen3.6-27b] 决策: create | 选笑话编号: None
    [qwen3.6-27b] 决策: create | 选笑话编号: None
    [qwen3.6-27b] 决策: create | 选笑话编号: None

  Item完成: 耗时85.3s | 总耗时1190.5min
  速率限制器状态: 可用令牌=960.0/960
  已保存中间结果 (758 条)

============================================================
处理 en_0859... (759/1375)
  质量组: high (4个候选笑话)
  质量组: medium (4个候选笑话)
  质量组: low (4个候选笑话)
  并发执行 3 个评估任务 (max_workers=3)...
    [路由] qwen3.6-27b -> DashScope API
    [路由] qwen3.6-27b -> DashScope API    [路由] qwen3.6-27b -> DashScope API

    [qwen3.6-27b] 决策: create | 选笑话编号: None
    [qwen3.6-27b] 决策: create | 选笑话编号: None
    [qwen3.6-27b] 决策: create | 选笑话编号: None

  Item完成: 耗时72.0s | 总耗时1191.7min
  速率限制器状态: 可用令牌=960.0/960
  已保存中间结果 (759 条)

============================================================
处理 en_0860... (760/1375)
  质量组: high (4个候选笑话)
  质量组: medium (4个候选笑话)
  质量组: low (4个候选笑话)
  并发执行 3 个评估任务 (max_workers=3)...
    [路由] qwen3.6-27b -> DashScope API
    [路由] qwen3.6-27b -> DashScope API    [路由] qwen3.6-27b -> DashScope API

    [qwen3.6-27b] 决策: select | 选笑话编号: 3
    [qwen3.6-27b] 决策: select | 选笑话编号: 3
    [qwen3.6-27b] 决策: select | 选笑话编号: 4

  Item完成: 耗时125.5s | 总耗时1193.8min
  速率限制器状态: 可用令牌=960.0/960
  已保存中间结果 (760 条)

============================================================
处理 en_0861... (761/1375)
  质量组: high (4个候选笑话)
  质量组: medium (4个候选笑话)
  质量组: low (4个候选笑话)
  并发执行 3 个评估任务 (max_workers=3)...
    [路由] qwen3.6-27b -> DashScope API
    [路由] qwen3.6-27b -> DashScope API    [路由] qwen3.6-27b -> DashScope API

    [qwen3.6-27b] 决策: select | 选笑话编号: 1
    [qwen3.6-27b] 决策: select | 选笑话编号: 4
    [qwen3.6-27b] 决策: create | 选笑话编号: None

  Item完成: 耗时36.2s | 总耗时1194.4min
  速率限制器状态: 可用令牌=960.0/960
  已保存中间结果 (761 条)

============================================================
处理 en_0862... (762/1375)
  质量组: high (4个候选笑话)
  质量组: medium (4个候选笑话)
  质量组: low (4个候选笑话)
  并发执行 3 个评估任务 (max_workers=3)...
    [路由] qwen3.6-27b -> DashScope API
    [路由] qwen3.6-27b -> DashScope API    [路由] qwen3.6-27b -> DashScope API

    [qwen3.6-27b] 决策: select | 选笑话编号: 2
    [qwen3.6-27b] 决策: select | 选笑话编号: 2
    [qwen3.6-27b] 决策: create | 选笑话编号: None

  Item完成: 耗时82.2s | 总耗时1195.8min
  速率限制器状态: 可用令牌=960.0/960
  已保存中间结果 (762 条)

============================================================
处理 en_0863... (763/1375)
  质量组: high (4个候选笑话)
  质量组: medium (4个候选笑话)
  质量组: low (4个候选笑话)
  并发执行 3 个评估任务 (max_workers=3)...
    [路由] qwen3.6-27b -> DashScope API
    [路由] qwen3.6-27b -> DashScope API    [路由] qwen3.6-27b -> DashScope API

    [qwen3.6-27b] 决策: create | 选笑话编号: None
    [qwen3.6-27b] 决策: create | 选笑话编号: None
    [qwen3.6-27b] 决策: create | 选笑话编号: None

  Item完成: 耗时64.5s | 总耗时1196.8min
  速率限制器状态: 可用令牌=960.0/960
  已保存中间结果 (763 条)

============================================================
处理 en_0864... (764/1375)
  质量组: high (4个候选笑话)
  质量组: medium (4个候选笑话)
  质量组: low (4个候选笑话)
  并发执行 3 个评估任务 (max_workers=3)...
    [路由] qwen3.6-27b -> DashScope API
    [路由] qwen3.6-27b -> DashScope API
    [路由] qwen3.6-27b -> DashScope API
    [qwen3.6-27b] 决策: select | 选笑话编号: 4
    [API] JSON解析失败: JSON解析失败: Extra data: line 7 column 1 (char 458), model=qwen3.6-27b
    [qwen3.6-27b] 决策:  | 选笑话编号: ?
    [qwen3.6-27b] 决策: create | 选笑话编号: None

  Item完成: 耗时37.1s | 总耗时1197.5min
  速率限制器状态: 可用令牌=960.0/960
  已保存中间结果 (764 条)

============================================================
处理 en_0865... (765/1375)
  质量组: high (4个候选笑话)
  质量组: medium (4个候选笑话)
  质量组: low (4个候选笑话)
  并发执行 3 个评估任务 (max_workers=3)...
    [路由] qwen3.6-27b -> DashScope API
    [路由] qwen3.6-27b -> DashScope API    [路由] qwen3.6-27b -> DashScope API

    [qwen3.6-27b] 决策: create | 选笑话编号: None
    [qwen3.6-27b] 决策: create | 选笑话编号: None
    [qwen3.6-27b] 决策: create | 选笑话编号: None

  Item完成: 耗时62.7s | 总耗时1198.5min
  速率限制器状态: 可用令牌=960.0/960
  已保存中间结果 (765 条)

============================================================
处理 en_0866... (766/1375)
  质量组: high (4个候选笑话)
  质量组: medium (4个候选笑话)
  质量组: low (4个候选笑话)
  并发执行 3 个评估任务 (max_workers=3)...
    [路由] qwen3.6-27b -> DashScope API    [路由] qwen3.6-27b -> DashScope API
    [路由] qwen3.6-27b -> DashScope API

    [qwen3.6-27b] 决策: create | 选笑话编号: None
    [qwen3.6-27b] 决策: create | 选笑话编号: None
    [qwen3.6-27b] 决策: create | 选笑话编号: None

  Item完成: 耗时48.2s | 总耗时1199.3min
  速率限制器状态: 可用令牌=960.0/960
  已保存中间结果 (766 条)

============================================================
处理 en_0867... (767/1375)
  质量组: high (4个候选笑话)
  质量组: medium (4个候选笑话)
  质量组: low (4个候选笑话)
  并发执行 3 个评估任务 (max_workers=3)...
    [路由] qwen3.6-27b -> DashScope API
    [路由] qwen3.6-27b -> DashScope API
    [路由] qwen3.6-27b -> DashScope API
    [qwen3.6-27b] 决策: select | 选笑话编号: 4
    [qwen3.6-27b] 决策: create | 选笑话编号: None
    [qwen3.6-27b] 决策: create | 选笑话编号: None

  Item完成: 耗时70.3s | 总耗时1200.5min
  速率限制器状态: 可用令牌=960.0/960
  已保存中间结果 (767 条)

============================================================
处理 en_0868... (768/1375)
  质量组: high (4个候选笑话)
  质量组: medium (4个候选笑话)
  质量组: low (4个候选笑话)
  并发执行 3 个评估任务 (max_workers=3)...
    [路由] qwen3.6-27b -> DashScope API    [路由] qwen3.6-27b -> DashScope API

    [路由] qwen3.6-27b -> DashScope API
    [qwen3.6-27b] 决策: select | 选笑话编号: 2
    [qwen3.6-27b] 决策: select | 选笑话编号: 4
    [qwen3.6-27b] 决策: select | 选笑话编号: 4

  Item完成: 耗时55.7s | 总耗时1201.4min
  速率限制器状态: 可用令牌=960.0/960
  已保存中间结果 (768 条)

============================================================
处理 en_0869... (769/1375)
  质量组: high (4个候选笑话)
  质量组: medium (4个候选笑话)
  质量组: low (4个候选笑话)
  并发执行 3 个评估任务 (max_workers=3)...
    [路由] qwen3.6-27b -> DashScope API    [路由] qwen3.6-27b -> DashScope API
    [路由] qwen3.6-27b -> DashScope API

    [qwen3.6-27b] 决策: select | 选笑话编号: 4
    [qwen3.6-27b] 决策: create | 选笑话编号: None
    [API] 可重试异常: HTTPSConnectionPool(host='dashscope.aliyuncs.com', port=443): Read timed out. (read timeout=300), 等待1.7s后重试 (1/5), model=qwen3.6-27b
    [qwen3.6-27b] 决策: create | 选笑话编号: None

  Item完成: 耗时366.4s | 总耗时1207.5min
  速率限制器状态: 可用令牌=960.0/960
  已保存中间结果 (769 条)

============================================================
处理 en_0870... (770/1375)
  质量组: high (4个候选笑话)
  质量组: medium (4个候选笑话)
  质量组: low (4个候选笑话)
  并发执行 3 个评估任务 (max_workers=3)...
    [路由] qwen3.6-27b -> DashScope API
    [路由] qwen3.6-27b -> DashScope API    [路由] qwen3.6-27b -> DashScope API

    [qwen3.6-27b] 决策: select | 选笑话编号: 2
    [qwen3.6-27b] 决策: select | 选笑话编号: 3
    [qwen3.6-27b] 决策: create | 选笑话编号: None

  Item完成: 耗时57.0s | 总耗时1208.5min
  速率限制器状态: 可用令牌=960.0/960
  已保存中间结果 (770 条)

============================================================
处理 en_0871... (771/1375)
  质量组: high (4个候选笑话)
  质量组: medium (4个候选笑话)
  质量组: low (4个候选笑话)
  并发执行 3 个评估任务 (max_workers=3)...
    [路由] qwen3.6-27b -> DashScope API    [路由] qwen3.6-27b -> DashScope API

    [路由] qwen3.6-27b -> DashScope API
    [qwen3.6-27b] 决策: select | 选笑话编号: 2
    [qwen3.6-27b] 决策: create | 选笑话编号: None
    [qwen3.6-27b] 决策: select | 选笑话编号: 1

  Item完成: 耗时35.4s | 总耗时1209.1min
  速率限制器状态: 可用令牌=960.0/960
  已保存中间结果 (771 条)

============================================================
处理 en_0872... (772/1375)
  质量组: high (4个候选笑话)
  质量组: medium (4个候选笑话)
  质量组: low (4个候选笑话)
  并发执行 3 个评估任务 (max_workers=3)...
    [路由] qwen3.6-27b -> DashScope API    [路由] qwen3.6-27b -> DashScope API
    [路由] qwen3.6-27b -> DashScope API

    [qwen3.6-27b] 决策: select | 选笑话编号: 3
    [qwen3.6-27b] 决策: select | 选笑话编号: 2
    [API] 可重试异常: HTTPSConnectionPool(host='dashscope.aliyuncs.com', port=443): Read timed out. (read timeout=300), 等待2.0s后重试 (1/5), model=qwen3.6-27b
    [API] 可重试异常: HTTPSConnectionPool(host='dashscope.aliyuncs.com', port=443): Read timed out. (read timeout=300), 等待4.9s后重试 (2/5), model=qwen3.6-27b
    [qwen3.6-27b] 决策: select | 选笑话编号: 3

  Item完成: 耗时657.3s | 总耗时1220.0min
  速率限制器状态: 可用令牌=960.0/960
  已保存中间结果 (772 条)

============================================================
处理 en_0873... (773/1375)
  质量组: high (4个候选笑话)
  质量组: medium (4个候选笑话)
  质量组: low (4个候选笑话)
  并发执行 3 个评估任务 (max_workers=3)...
    [路由] qwen3.6-27b -> DashScope API
    [路由] qwen3.6-27b -> DashScope API    [路由] qwen3.6-27b -> DashScope API

    [qwen3.6-27b] 决策: create | 选笑话编号: None
    [qwen3.6-27b] 决策: select | 选笑话编号: 4
    [qwen3.6-27b] 决策: create | 选笑话编号: None

  Item完成: 耗时55.8s | 总耗时1221.0min
  速率限制器状态: 可用令牌=960.0/960
  已保存中间结果 (773 条)

============================================================
处理 en_0874... (774/1375)
  质量组: high (4个候选笑话)
  质量组: medium (4个候选笑话)
  质量组: low (4个候选笑话)
  并发执行 3 个评估任务 (max_workers=3)...
    [路由] qwen3.6-27b -> DashScope API
    [路由] qwen3.6-27b -> DashScope API
    [路由] qwen3.6-27b -> DashScope API
    [qwen3.6-27b] 决策: select | 选笑话编号: 1
    [qwen3.6-27b] 决策: select | 选笑话编号: 2
    [qwen3.6-27b] 决策: select | 选笑话编号: 2

  Item完成: 耗时30.4s | 总耗时1221.5min
  速率限制器状态: 可用令牌=960.0/960
  已保存中间结果 (774 条)

============================================================
处理 en_0875... (775/1375)
  质量组: high (4个候选笑话)
  质量组: medium (4个候选笑话)
  质量组: low (4个候选笑话)
  并发执行 3 个评估任务 (max_workers=3)...
    [路由] qwen3.6-27b -> DashScope API    [路由] qwen3.6-27b -> DashScope API
    [路由] qwen3.6-27b -> DashScope API

    [qwen3.6-27b] 决策: create | 选笑话编号: None
    [qwen3.6-27b] 决策: select | 选笑话编号: 3
    [qwen3.6-27b] 决策: create | 选笑话编号: None

  Item完成: 耗时82.6s | 总耗时1222.9min
  速率限制器状态: 可用令牌=960.0/960
  已保存中间结果 (775 条)

============================================================
处理 en_0876... (776/1375)
  质量组: high (4个候选笑话)
  质量组: medium (4个候选笑话)
  质量组: low (4个候选笑话)
  并发执行 3 个评估任务 (max_workers=3)...
    [路由] qwen3.6-27b -> DashScope API
    [路由] qwen3.6-27b -> DashScope API
    [路由] qwen3.6-27b -> DashScope API
    [qwen3.6-27b] 决策: select | 选笑话编号: 3
    [qwen3.6-27b] 决策: select | 选笑话编号: 3
    [qwen3.6-27b] 决策: create | 选笑话编号: None

  Item完成: 耗时47.5s | 总耗时1223.7min
  速率限制器状态: 可用令牌=960.0/960
  已保存中间结果 (776 条)

============================================================
处理 en_0877... (777/1375)
  质量组: high (4个候选笑话)
  质量组: medium (4个候选笑话)
  质量组: low (4个候选笑话)
  并发执行 3 个评估任务 (max_workers=3)...
    [路由] qwen3.6-27b -> DashScope API    [路由] qwen3.6-27b -> DashScope API

    [路由] qwen3.6-27b -> DashScope API
    [qwen3.6-27b] 决策: create | 选笑话编号: None
    [qwen3.6-27b] 决策: create | 选笑话编号: None
    [API] 可重试异常: HTTPSConnectionPool(host='dashscope.aliyuncs.com', port=443): Read timed out. (read timeout=300), 等待1.7s后重试 (1/5), model=qwen3.6-27b
    [qwen3.6-27b] 决策: create | 选笑话编号: None

  Item完成: 耗时366.9s | 总耗时1229.8min
  速率限制器状态: 可用令牌=960.0/960
  已保存中间结果 (777 条)

============================================================
处理 en_0878... (778/1375)
  质量组: high (4个候选笑话)
  质量组: medium (4个候选笑话)
  质量组: low (4个候选笑话)
  并发执行 3 个评估任务 (max_workers=3)...
    [路由] qwen3.6-27b -> DashScope API
    [路由] qwen3.6-27b -> DashScope API    [路由] qwen3.6-27b -> DashScope API

    [qwen3.6-27b] 决策: create | 选笑话编号: None
    [qwen3.6-27b] 决策: create | 选笑话编号: None
    [qwen3.6-27b] 决策: create | 选笑话编号: None

  Item完成: 耗时78.1s | 总耗时1231.1min
  速率限制器状态: 可用令牌=960.0/960
  已保存中间结果 (778 条)

============================================================
处理 en_0879... (779/1375)
  质量组: high (4个候选笑话)
  质量组: medium (4个候选笑话)
  质量组: low (4个候选笑话)
  并发执行 3 个评估任务 (max_workers=3)...
    [路由] qwen3.6-27b -> DashScope API    [路由] qwen3.6-27b -> DashScope API

    [路由] qwen3.6-27b -> DashScope API
    [qwen3.6-27b] 决策: select | 选笑话编号: 2
    [qwen3.6-27b] 决策: select | 选笑话编号: 4
    [qwen3.6-27b] 决策: create | 选笑话编号: None

  Item完成: 耗时68.8s | 总耗时1232.2min
  速率限制器状态: 可用令牌=960.0/960
  已保存中间结果 (779 条)

============================================================
处理 en_0880... (780/1375)
  质量组: high (4个候选笑话)
  质量组: medium (4个候选笑话)
  质量组: low (4个候选笑话)
  并发执行 3 个评估任务 (max_workers=3)...
    [路由] qwen3.6-27b -> DashScope API
    [路由] qwen3.6-27b -> DashScope API
    [路由] qwen3.6-27b -> DashScope API
    [qwen3.6-27b] 决策: select | 选笑话编号: 2
    [qwen3.6-27b] 决策: create | 选笑话编号: None
    [API] 可重试异常: HTTPSConnectionPool(host='dashscope.aliyuncs.com', port=443): Read timed out. (read timeout=300), 等待2.2s后重试 (1/5), model=qwen3.6-27b
    [qwen3.6-27b] 决策: create | 选笑话编号: None

  Item完成: 耗时345.6s | 总耗时1238.0min
  速率限制器状态: 可用令牌=960.0/960
  已保存中间结果 (780 条)

============================================================
处理 en_0881... (781/1375)
  质量组: high (4个候选笑话)
  质量组: medium (4个候选笑话)
  质量组: low (4个候选笑话)
  并发执行 3 个评估任务 (max_workers=3)...
    [路由] qwen3.6-27b -> DashScope API    [路由] qwen3.6-27b -> DashScope API
    [路由] qwen3.6-27b -> DashScope API

    [API] JSON解析失败: JSON解析失败: Extra data: line 7 column 1 (char 502), model=qwen3.6-27b
    [qwen3.6-27b] 决策:  | 选笑话编号: ?
    [qwen3.6-27b] 决策: create | 选笑话编号: None
    [qwen3.6-27b] 决策: select | 选笑话编号: 3

  Item完成: 耗时68.2s | 总耗时1239.1min
  速率限制器状态: 可用令牌=960.0/960
  已保存中间结果 (781 条)

============================================================
处理 en_0882... (782/1375)
  质量组: high (4个候选笑话)
  质量组: medium (4个候选笑话)
  质量组: low (4个候选笑话)
  并发执行 3 个评估任务 (max_workers=3)...
    [路由] qwen3.6-27b -> DashScope API
    [路由] qwen3.6-27b -> DashScope API    [路由] qwen3.6-27b -> DashScope API

    [qwen3.6-27b] 决策: select | 选笑话编号: 4
    [qwen3.6-27b] 决策: create | 选笑话编号: None
    [qwen3.6-27b] 决策: create | 选笑话编号: None

  Item完成: 耗时71.0s | 总耗时1240.3min
  速率限制器状态: 可用令牌=960.0/960
  已保存中间结果 (782 条)

============================================================
处理 en_0883... (783/1375)
  质量组: high (4个候选笑话)
  质量组: medium (4个候选笑话)
  质量组: low (4个候选笑话)
  并发执行 3 个评估任务 (max_workers=3)...
    [路由] qwen3.6-27b -> DashScope API    [路由] qwen3.6-27b -> DashScope API

    [路由] qwen3.6-27b -> DashScope API
    [qwen3.6-27b] 决策: create | 选笑话编号: None
    [qwen3.6-27b] 决策: select | 选笑话编号: 1
    [qwen3.6-27b] 决策: create | 选笑话编号: None

  Item完成: 耗时56.3s | 总耗时1241.3min
  速率限制器状态: 可用令牌=960.0/960
  已保存中间结果 (783 条)

============================================================
处理 en_0884... (784/1375)
  质量组: high (4个候选笑话)
  质量组: medium (4个候选笑话)
  质量组: low (4个候选笑话)
  并发执行 3 个评估任务 (max_workers=3)...
    [路由] qwen3.6-27b -> DashScope API
    [路由] qwen3.6-27b -> DashScope API    [路由] qwen3.6-27b -> DashScope API

    [qwen3.6-27b] 决策: create | 选笑话编号: None
    [qwen3.6-27b] 决策: select | 选笑话编号: 3
    [API] 可重试异常: HTTPSConnectionPool(host='dashscope.aliyuncs.com', port=443): Read timed out. (read timeout=300), 等待1.9s后重试 (1/5), model=qwen3.6-27b
    [qwen3.6-27b] 决策: create | 选笑话编号: None

  Item完成: 耗时341.2s | 总耗时1247.0min
  速率限制器状态: 可用令牌=960.0/960
  已保存中间结果 (784 条)

============================================================
处理 en_0885... (785/1375)
  质量组: high (4个候选笑话)
  质量组: medium (4个候选笑话)
  质量组: low (4个候选笑话)
  并发执行 3 个评估任务 (max_workers=3)...
    [路由] qwen3.6-27b -> DashScope API    [路由] qwen3.6-27b -> DashScope API
    [路由] qwen3.6-27b -> DashScope API

    [qwen3.6-27b] 决策: create | 选笑话编号: None
    [qwen3.6-27b] 决策: select | 选笑话编号: 4
    [qwen3.6-27b] 决策: create | 选笑话编号: None

  Item完成: 耗时292.8s | 总耗时1251.8min
  速率限制器状态: 可用令牌=960.0/960
  已保存中间结果 (785 条)

============================================================
处理 en_0886... (786/1375)
  质量组: high (4个候选笑话)
  质量组: medium (4个候选笑话)
  质量组: low (4个候选笑话)
  并发执行 3 个评估任务 (max_workers=3)...
    [路由] qwen3.6-27b -> DashScope API    [路由] qwen3.6-27b -> DashScope API

    [路由] qwen3.6-27b -> DashScope API
    [qwen3.6-27b] 决策: select | 选笑话编号: 2
    [qwen3.6-27b] 决策: select | 选笑话编号: 1
    [qwen3.6-27b] 决策: create | 选笑话编号: None

  Item完成: 耗时70.4s | 总耗时1253.0min
  速率限制器状态: 可用令牌=960.0/960
  已保存中间结果 (786 条)

============================================================
处理 en_0887... (787/1375)
  质量组: high (4个候选笑话)
  质量组: medium (4个候选笑话)
  质量组: low (4个候选笑话)
  并发执行 3 个评估任务 (max_workers=3)...
    [路由] qwen3.6-27b -> DashScope API    [路由] qwen3.6-27b -> DashScope API
    [路由] qwen3.6-27b -> DashScope API

    [qwen3.6-27b] 决策: select | 选笑话编号: 4
    [qwen3.6-27b] 决策: select | 选笑话编号: 2
    [qwen3.6-27b] 决策: create | 选笑话编号: None

  Item完成: 耗时44.0s | 总耗时1253.8min
  速率限制器状态: 可用令牌=960.0/960
  已保存中间结果 (787 条)

============================================================
处理 en_0888... (788/1375)
  质量组: high (4个候选笑话)
  质量组: medium (4个候选笑话)
  质量组: low (4个候选笑话)
  并发执行 3 个评估任务 (max_workers=3)...
    [路由] qwen3.6-27b -> DashScope API
    [路由] qwen3.6-27b -> DashScope API
    [路由] qwen3.6-27b -> DashScope API
    [qwen3.6-27b] 决策: create | 选笑话编号: None
    [qwen3.6-27b] 决策: create | 选笑话编号: None
    [qwen3.6-27b] 决策: create | 选笑话编号: None

  Item完成: 耗时96.0s | 总耗时1255.4min
  速率限制器状态: 可用令牌=960.0/960
  已保存中间结果 (788 条)

============================================================
处理 en_0889... (789/1375)
  质量组: high (4个候选笑话)
  质量组: medium (4个候选笑话)
  质量组: low (4个候选笑话)
  并发执行 3 个评估任务 (max_workers=3)...
    [路由] qwen3.6-27b -> DashScope API
    [路由] qwen3.6-27b -> DashScope API
    [路由] qwen3.6-27b -> DashScope API
    [qwen3.6-27b] 决策: select | 选笑话编号: 1
    [qwen3.6-27b] 决策: select | 选笑话编号: 3
    [qwen3.6-27b] 决策: create | 选笑话编号: None

  Item完成: 耗时53.1s | 总耗时1256.2min
  速率限制器状态: 可用令牌=960.0/960
  已保存中间结果 (789 条)

============================================================
处理 en_0890... (790/1375)
  质量组: high (4个候选笑话)
  质量组: medium (4个候选笑话)
  质量组: low (4个候选笑话)
  并发执行 3 个评估任务 (max_workers=3)...
    [路由] qwen3.6-27b -> DashScope API
    [路由] qwen3.6-27b -> DashScope API
    [路由] qwen3.6-27b -> DashScope API
    [qwen3.6-27b] 决策: select | 选笑话编号: 4
    [qwen3.6-27b] 决策: select | 选笑话编号: 4
    [qwen3.6-27b] 决策: select | 选笑话编号: 2

  Item完成: 耗时29.3s | 总耗时1256.7min
  速率限制器状态: 可用令牌=960.0/960
  已保存中间结果 (790 条)

============================================================
处理 en_0891... (791/1375)
  质量组: high (4个候选笑话)
  质量组: medium (4个候选笑话)
  质量组: low (4个候选笑话)
  并发执行 3 个评估任务 (max_workers=3)...
    [路由] qwen3.6-27b -> DashScope API
    [路由] qwen3.6-27b -> DashScope API
    [路由] qwen3.6-27b -> DashScope API
    [qwen3.6-27b] 决策: select | 选笑话编号: 4
    [qwen3.6-27b] 决策: create | 选笑话编号: None
    [qwen3.6-27b] 决策: create | 选笑话编号: None

  Item完成: 耗时81.8s | 总耗时1258.1min
  速率限制器状态: 可用令牌=960.0/960
  已保存中间结果 (791 条)

============================================================
处理 en_0892... (792/1375)
  质量组: high (4个候选笑话)
  质量组: medium (4个候选笑话)
  质量组: low (4个候选笑话)
  并发执行 3 个评估任务 (max_workers=3)...
    [路由] qwen3.6-27b -> DashScope API
    [路由] qwen3.6-27b -> DashScope API    [路由] qwen3.6-27b -> DashScope API

    [qwen3.6-27b] 决策: select | 选笑话编号: 2
    [qwen3.6-27b] 决策: select | 选笑话编号: 2
    [qwen3.6-27b] 决策: create | 选笑话编号: None

  Item完成: 耗时44.7s | 总耗时1258.9min
  速率限制器状态: 可用令牌=960.0/960
  已保存中间结果 (792 条)

============================================================
处理 en_0893... (793/1375)
  质量组: high (4个候选笑话)
  质量组: medium (4个候选笑话)
  质量组: low (4个候选笑话)
  并发执行 3 个评估任务 (max_workers=3)...
    [路由] qwen3.6-27b -> DashScope API    [路由] qwen3.6-27b -> DashScope API
    [路由] qwen3.6-27b -> DashScope API

    [qwen3.6-27b] 决策: select | 选笑话编号: 4
    [qwen3.6-27b] 决策: create | 选笑话编号: None
    [qwen3.6-27b] 决策: create | 选笑话编号: None

  Item完成: 耗时84.0s | 总耗时1260.3min
  速率限制器状态: 可用令牌=960.0/960
  已保存中间结果 (793 条)

============================================================
处理 en_0894... (794/1375)
  质量组: high (4个候选笑话)
  质量组: medium (4个候选笑话)
  质量组: low (4个候选笑话)
  并发执行 3 个评估任务 (max_workers=3)...
    [路由] qwen3.6-27b -> DashScope API
    [路由] qwen3.6-27b -> DashScope API    [路由] qwen3.6-27b -> DashScope API

    [qwen3.6-27b] 决策: select | 选笑话编号: 4
    [qwen3.6-27b] 决策: create | 选笑话编号: None
    [qwen3.6-27b] 决策: select | 选笑话编号: 1

  Item完成: 耗时48.6s | 总耗时1261.1min
  速率限制器状态: 可用令牌=960.0/960
  已保存中间结果 (794 条)

============================================================
处理 en_0895... (795/1375)
  质量组: high (4个候选笑话)
  质量组: medium (4个候选笑话)
  质量组: low (4个候选笑话)
  并发执行 3 个评估任务 (max_workers=3)...
    [路由] qwen3.6-27b -> DashScope API
    [路由] qwen3.6-27b -> DashScope API    [路由] qwen3.6-27b -> DashScope API

    [qwen3.6-27b] 决策: select | 选笑话编号: 1
    [qwen3.6-27b] 决策: select | 选笑话编号: 2
    [qwen3.6-27b] 决策: create | 选笑话编号: None

  Item完成: 耗时56.6s | 总耗时1262.0min
  速率限制器状态: 可用令牌=960.0/960
  已保存中间结果 (795 条)

============================================================
处理 en_0896... (796/1375)
  质量组: high (4个候选笑话)
  质量组: medium (4个候选笑话)
  质量组: low (4个候选笑话)
  并发执行 3 个评估任务 (max_workers=3)...
    [路由] qwen3.6-27b -> DashScope API    [路由] qwen3.6-27b -> DashScope API

    [路由] qwen3.6-27b -> DashScope API
    [qwen3.6-27b] 决策: create | 选笑话编号: None
    [qwen3.6-27b] 决策: create | 选笑话编号: None
    [API] 可重试异常: HTTPSConnectionPool(host='dashscope.aliyuncs.com', port=443): Read timed out. (read timeout=300), 等待2.5s后重试 (1/5), model=qwen3.6-27b
    [qwen3.6-27b] 决策: create | 选笑话编号: None

  Item完成: 耗时381.4s | 总耗时1268.4min
  速率限制器状态: 可用令牌=960.0/960
  已保存中间结果 (796 条)

============================================================
处理 en_0897... (797/1375)
  质量组: high (4个候选笑话)
  质量组: medium (4个候选笑话)
  质量组: low (4个候选笑话)
  并发执行 3 个评估任务 (max_workers=3)...
    [路由] qwen3.6-27b -> DashScope API    [路由] qwen3.6-27b -> DashScope API

    [路由] qwen3.6-27b -> DashScope API
    [qwen3.6-27b] 决策: select | 选笑话编号: 2
    [qwen3.6-27b] 决策: create | 选笑话编号: None
    [qwen3.6-27b] 决策: select | 选笑话编号: 4

  Item完成: 耗时33.8s | 总耗时1268.9min
  速率限制器状态: 可用令牌=960.0/960
  已保存中间结果 (797 条)

============================================================
处理 en_0898... (798/1375)
  质量组: high (4个候选笑话)
  质量组: medium (4个候选笑话)
  质量组: low (4个候选笑话)
  并发执行 3 个评估任务 (max_workers=3)...
    [路由] qwen3.6-27b -> DashScope API
    [路由] qwen3.6-27b -> DashScope API    [路由] qwen3.6-27b -> DashScope API

    [qwen3.6-27b] 决策: select | 选笑话编号: 3
    [qwen3.6-27b] 决策: select | 选笑话编号: 1
    [qwen3.6-27b] 决策: create | 选笑话编号: None

  Item完成: 耗时60.4s | 总耗时1270.0min
  速率限制器状态: 可用令牌=960.0/960
  已保存中间结果 (798 条)

============================================================
处理 en_0899... (799/1375)
  质量组: high (4个候选笑话)
  质量组: medium (4个候选笑话)
  质量组: low (4个候选笑话)
  并发执行 3 个评估任务 (max_workers=3)...
    [路由] qwen3.6-27b -> DashScope API    [路由] qwen3.6-27b -> DashScope API
    [路由] qwen3.6-27b -> DashScope API

    [qwen3.6-27b] 决策: select | 选笑话编号: 2
    [qwen3.6-27b] 决策: create | 选笑话编号: None
    [qwen3.6-27b] 决策: create | 选笑话编号: None

  Item完成: 耗时48.5s | 总耗时1270.8min
  速率限制器状态: 可用令牌=960.0/960
  已保存中间结果 (799 条)

============================================================
处理 en_0900... (800/1375)
  质量组: high (4个候选笑话)
  质量组: medium (4个候选笑话)
  质量组: low (4个候选笑话)
  并发执行 3 个评估任务 (max_workers=3)...
    [路由] qwen3.6-27b -> DashScope API    [路由] qwen3.6-27b -> DashScope API
    [路由] qwen3.6-27b -> DashScope API

    [qwen3.6-27b] 决策: create | 选笑话编号: None
    [qwen3.6-27b] 决策: create | 选笑话编号: None
    [qwen3.6-27b] 决策: create | 选笑话编号: None

  Item完成: 耗时58.1s | 总耗时1271.7min
  速率限制器状态: 可用令牌=960.0/960
  已保存中间结果 (800 条)

============================================================
处理 en_0901... (801/1375)
  质量组: high (4个候选笑话)
  质量组: medium (4个候选笑话)
  质量组: low (4个候选笑话)
  并发执行 3 个评估任务 (max_workers=3)...
    [路由] qwen3.6-27b -> DashScope API
    [路由] qwen3.6-27b -> DashScope API    [路由] qwen3.6-27b -> DashScope API

    [qwen3.6-27b] 决策: select | 选笑话编号: 4
    [qwen3.6-27b] 决策: select | 选笑话编号: 1
    [qwen3.6-27b] 决策: create | 选笑话编号: None

  Item完成: 耗时57.1s | 总耗时1272.7min
  速率限制器状态: 可用令牌=960.0/960
  已保存中间结果 (801 条)

============================================================
处理 en_0902... (802/1375)
  质量组: high (4个候选笑话)
  质量组: medium (4个候选笑话)
  质量组: low (4个候选笑话)
  并发执行 3 个评估任务 (max_workers=3)...
    [路由] qwen3.6-27b -> DashScope API    [路由] qwen3.6-27b -> DashScope API

    [路由] qwen3.6-27b -> DashScope API
    [qwen3.6-27b] 决策: select | 选笑话编号: 3
    [qwen3.6-27b] 决策: select | 选笑话编号: 4
    [qwen3.6-27b] 决策: create | 选笑话编号: None

  Item完成: 耗时48.0s | 总耗时1273.5min
  速率限制器状态: 可用令牌=960.0/960
  已保存中间结果 (802 条)

============================================================
处理 en_0903... (803/1375)
  质量组: high (4个候选笑话)
  质量组: medium (4个候选笑话)
  质量组: low (4个候选笑话)
  并发执行 3 个评估任务 (max_workers=3)...
    [路由] qwen3.6-27b -> DashScope API
    [路由] qwen3.6-27b -> DashScope API
    [路由] qwen3.6-27b -> DashScope API
    [qwen3.6-27b] 决策: select | 选笑话编号: 2
    [qwen3.6-27b] 决策: select | 选笑话编号: 4
    [qwen3.6-27b] 决策: create | 选笑话编号: None

  Item完成: 耗时42.3s | 总耗时1274.2min
  速率限制器状态: 可用令牌=960.0/960
  已保存中间结果 (803 条)

============================================================
处理 en_0904... (804/1375)
  质量组: high (4个候选笑话)
  质量组: medium (4个候选笑话)
  质量组: low (4个候选笑话)
  并发执行 3 个评估任务 (max_workers=3)...
    [路由] qwen3.6-27b -> DashScope API    [路由] qwen3.6-27b -> DashScope API

    [路由] qwen3.6-27b -> DashScope API
    [qwen3.6-27b] 决策: select | 选笑话编号: 4
    [qwen3.6-27b] 决策: select | 选笑话编号: 4
    [qwen3.6-27b] 决策: create | 选笑话编号: None

  Item完成: 耗时43.3s | 总耗时1274.9min
  速率限制器状态: 可用令牌=960.0/960
  已保存中间结果 (804 条)

============================================================
处理 en_0905... (805/1375)
  质量组: high (4个候选笑话)
  质量组: medium (4个候选笑话)
  质量组: low (4个候选笑话)
  并发执行 3 个评估任务 (max_workers=3)...
    [路由] qwen3.6-27b -> DashScope API    [路由] qwen3.6-27b -> DashScope API

    [路由] qwen3.6-27b -> DashScope API
    [qwen3.6-27b] 决策: create | 选笑话编号: None
    [qwen3.6-27b] 决策: select | 选笑话编号: 4
    [qwen3.6-27b] 决策: select | 选笑话编号: 3

  Item完成: 耗时32.9s | 总耗时1275.5min
  速率限制器状态: 可用令牌=960.0/960
  已保存中间结果 (805 条)

============================================================
处理 en_0906... (806/1375)
  质量组: high (4个候选笑话)
  质量组: medium (4个候选笑话)
  质量组: low (4个候选笑话)
  并发执行 3 个评估任务 (max_workers=3)...
    [路由] qwen3.6-27b -> DashScope API
    [路由] qwen3.6-27b -> DashScope API    [路由] qwen3.6-27b -> DashScope API

    [qwen3.6-27b] 决策: select | 选笑话编号: 3
    [qwen3.6-27b] 决策: create | 选笑话编号: None
    [API] 可重试异常: HTTPSConnectionPool(host='dashscope.aliyuncs.com', port=443): Read timed out. (read timeout=300), 等待1.7s后重试 (1/5), model=qwen3.6-27b
    [qwen3.6-27b] 决策: create | 选笑话编号: None

  Item完成: 耗时367.8s | 总耗时1281.6min
  速率限制器状态: 可用令牌=960.0/960
  已保存中间结果 (806 条)

============================================================
处理 en_0907... (807/1375)
  质量组: high (4个候选笑话)
  质量组: medium (4个候选笑话)
  质量组: low (4个候选笑话)
  并发执行 3 个评估任务 (max_workers=3)...
    [路由] qwen3.6-27b -> DashScope API
    [路由] qwen3.6-27b -> DashScope API    [路由] qwen3.6-27b -> DashScope API

    [qwen3.6-27b] 决策: select | 选笑话编号: 1
    [qwen3.6-27b] 决策: select | 选笑话编号: 4
    [API] 可重试异常: HTTPSConnectionPool(host='dashscope.aliyuncs.com', port=443): Read timed out. (read timeout=300), 等待1.5s后重试 (1/5), model=qwen3.6-27b
    [qwen3.6-27b] 决策: create | 选笑话编号: None

  Item完成: 耗时384.4s | 总耗时1288.0min
  速率限制器状态: 可用令牌=960.0/960
  已保存中间结果 (807 条)

============================================================
处理 en_0908... (808/1375)
  质量组: high (4个候选笑话)
  质量组: medium (4个候选笑话)
  质量组: low (4个候选笑话)
  并发执行 3 个评估任务 (max_workers=3)...
    [路由] qwen3.6-27b -> DashScope API
    [路由] qwen3.6-27b -> DashScope API
    [路由] qwen3.6-27b -> DashScope API
    [qwen3.6-27b] 决策: create | 选笑话编号: None
    [qwen3.6-27b] 决策: select | 选笑话编号: 4
    [API] 可重试异常: HTTPSConnectionPool(host='dashscope.aliyuncs.com', port=443): Read timed out. (read timeout=300), 等待2.0s后重试 (1/5), model=qwen3.6-27b
    [qwen3.6-27b] 决策: create | 选笑话编号: None

  Item完成: 耗时349.1s | 总耗时1293.8min
  速率限制器状态: 可用令牌=960.0/960
  已保存中间结果 (808 条)

============================================================
处理 en_0909... (809/1375)
  质量组: high (4个候选笑话)
  质量组: medium (4个候选笑话)
  质量组: low (4个候选笑话)
  并发执行 3 个评估任务 (max_workers=3)...
    [路由] qwen3.6-27b -> DashScope API
    [路由] qwen3.6-27b -> DashScope API
    [路由] qwen3.6-27b -> DashScope API
    [qwen3.6-27b] 决策: select | 选笑话编号: 2
    [qwen3.6-27b] 决策: create | 选笑话编号: None
    [qwen3.6-27b] 决策: create | 选笑话编号: None

  Item完成: 耗时47.3s | 总耗时1294.6min
  速率限制器状态: 可用令牌=960.0/960
  已保存中间结果 (809 条)

============================================================
处理 en_0910... (810/1375)
  质量组: high (4个候选笑话)
  质量组: medium (4个候选笑话)
  质量组: low (4个候选笑话)
  并发执行 3 个评估任务 (max_workers=3)...
    [路由] qwen3.6-27b -> DashScope API
    [路由] qwen3.6-27b -> DashScope API
    [路由] qwen3.6-27b -> DashScope API
    [qwen3.6-27b] 决策: select | 选笑话编号: 1
    [qwen3.6-27b] 决策: create | 选笑话编号: None
    [API] 可重试异常: HTTPSConnectionPool(host='dashscope.aliyuncs.com', port=443): Read timed out. (read timeout=300), 等待2.3s后重试 (1/5), model=qwen3.6-27b
    [qwen3.6-27b] 决策: create | 选笑话编号: None

  Item完成: 耗时381.0s | 总耗时1301.0min
  速率限制器状态: 可用令牌=960.0/960
  已保存中间结果 (810 条)

============================================================
处理 en_0911... (811/1375)
  质量组: high (4个候选笑话)
  质量组: medium (4个候选笑话)
  质量组: low (4个候选笑话)
  并发执行 3 个评估任务 (max_workers=3)...
    [路由] qwen3.6-27b -> DashScope API    [路由] qwen3.6-27b -> DashScope API

    [路由] qwen3.6-27b -> DashScope API
    [qwen3.6-27b] 决策: create | 选笑话编号: None
    [qwen3.6-27b] 决策: create | 选笑话编号: None
    [qwen3.6-27b] 决策: create | 选笑话编号: None

  Item完成: 耗时114.9s | 总耗时1302.9min
  速率限制器状态: 可用令牌=960.0/960
  已保存中间结果 (811 条)

============================================================
处理 en_0912... (812/1375)
  质量组: high (4个候选笑话)
  质量组: medium (4个候选笑话)
  质量组: low (4个候选笑话)
  并发执行 3 个评估任务 (max_workers=3)...
    [路由] qwen3.6-27b -> DashScope API
    [路由] qwen3.6-27b -> DashScope API    [路由] qwen3.6-27b -> DashScope API

    [API] JSON解析失败: JSON解析失败: Extra data: line 7 column 1 (char 444), model=qwen3.6-27b
    [qwen3.6-27b] 决策:  | 选笑话编号: ?
    [qwen3.6-27b] 决策: select | 选笑话编号: 1
    [qwen3.6-27b] 决策: select | 选笑话编号: 1

  Item完成: 耗时37.7s | 总耗时1303.5min
  速率限制器状态: 可用令牌=960.0/960
  已保存中间结果 (812 条)

============================================================
处理 en_0913... (813/1375)
  质量组: high (4个候选笑话)
  质量组: medium (4个候选笑话)
  质量组: low (4个候选笑话)
  并发执行 3 个评估任务 (max_workers=3)...
    [路由] qwen3.6-27b -> DashScope API
    [路由] qwen3.6-27b -> DashScope API    [路由] qwen3.6-27b -> DashScope API

    [qwen3.6-27b] 决策: select | 选笑话编号: 4
    [qwen3.6-27b] 决策: select | 选笑话编号: 1
    [qwen3.6-27b] 决策: select | 选笑话编号: 1

  Item完成: 耗时18.9s | 总耗时1303.9min
  速率限制器状态: 可用令牌=960.0/960
  已保存中间结果 (813 条)

============================================================
处理 en_0914... (814/1375)
  质量组: high (4个候选笑话)
  质量组: medium (4个候选笑话)
  质量组: low (4个候选笑话)
  并发执行 3 个评估任务 (max_workers=3)...
    [路由] qwen3.6-27b -> DashScope API    [路由] qwen3.6-27b -> DashScope API
    [路由] qwen3.6-27b -> DashScope API

    [qwen3.6-27b] 决策: select | 选笑话编号: 4
    [qwen3.6-27b] 决策: create | 选笑话编号: None
    [qwen3.6-27b] 决策: create | 选笑话编号: None

  Item完成: 耗时94.4s | 总耗时1305.4min
  速率限制器状态: 可用令牌=960.0/960
  已保存中间结果 (814 条)

============================================================
处理 en_0915... (815/1375)
  质量组: high (4个候选笑话)
  质量组: medium (4个候选笑话)
  质量组: low (4个候选笑话)
  并发执行 3 个评估任务 (max_workers=3)...
    [路由] qwen3.6-27b -> DashScope API
    [路由] qwen3.6-27b -> DashScope API
    [路由] qwen3.6-27b -> DashScope API
    [qwen3.6-27b] 决策: create | 选笑话编号: None
    [qwen3.6-27b] 决策: create | 选笑话编号: None
    [qwen3.6-27b] 决策: create | 选笑话编号: None

  Item完成: 耗时76.0s | 总耗时1306.7min
  速率限制器状态: 可用令牌=960.0/960
  已保存中间结果 (815 条)

============================================================
处理 en_0916... (816/1375)
  质量组: high (4个候选笑话)
  质量组: medium (4个候选笑话)
  质量组: low (4个候选笑话)
  并发执行 3 个评估任务 (max_workers=3)...
    [路由] qwen3.6-27b -> DashScope API
    [路由] qwen3.6-27b -> DashScope API    [路由] qwen3.6-27b -> DashScope API

    [qwen3.6-27b] 决策: select | 选笑话编号: 2
    [qwen3.6-27b] 决策: create | 选笑话编号: None
    [qwen3.6-27b] 决策: select | 选笑话编号: 2

  Item完成: 耗时62.3s | 总耗时1307.8min
  速率限制器状态: 可用令牌=960.0/960
  已保存中间结果 (816 条)

============================================================
处理 en_0917... (817/1375)
  质量组: high (4个候选笑话)
  质量组: medium (4个候选笑话)
  质量组: low (4个候选笑话)
  并发执行 3 个评估任务 (max_workers=3)...
    [路由] qwen3.6-27b -> DashScope API
    [路由] qwen3.6-27b -> DashScope API
    [路由] qwen3.6-27b -> DashScope API
    [qwen3.6-27b] 决策: select | 选笑话编号: 2
    [qwen3.6-27b] 决策: select | 选笑话编号: 4
    [qwen3.6-27b] 决策: select | 选笑话编号: 2

  Item完成: 耗时144.0s | 总耗时1310.2min
  速率限制器状态: 可用令牌=960.0/960
  已保存中间结果 (817 条)

============================================================
处理 en_0918... (818/1375)
  质量组: high (4个候选笑话)
  质量组: medium (4个候选笑话)
  质量组: low (4个候选笑话)
  并发执行 3 个评估任务 (max_workers=3)...
    [路由] qwen3.6-27b -> DashScope API    [路由] qwen3.6-27b -> DashScope API
    [路由] qwen3.6-27b -> DashScope API

    [qwen3.6-27b] 决策: select | 选笑话编号: 3
    [qwen3.6-27b] 决策: select | 选笑话编号: 1
    [qwen3.6-27b] 决策: create | 选笑话编号: None

  Item完成: 耗时43.8s | 总耗时1310.9min
  速率限制器状态: 可用令牌=960.0/960
  已保存中间结果 (818 条)

============================================================
处理 en_0919... (819/1375)
  质量组: high (4个候选笑话)
  质量组: medium (4个候选笑话)
  质量组: low (4个候选笑话)
  并发执行 3 个评估任务 (max_workers=3)...
    [路由] qwen3.6-27b -> DashScope API    [路由] qwen3.6-27b -> DashScope API

    [路由] qwen3.6-27b -> DashScope API
    [qwen3.6-27b] 决策: select | 选笑话编号: 2
    [qwen3.6-27b] 决策: select | 选笑话编号: 2
    [qwen3.6-27b] 决策: select | 选笑话编号: 4

  Item完成: 耗时52.0s | 总耗时1311.8min
  速率限制器状态: 可用令牌=960.0/960
  已保存中间结果 (819 条)

============================================================
处理 en_0920... (820/1375)
  质量组: high (4个候选笑话)
  质量组: medium (4个候选笑话)
  质量组: low (4个候选笑话)
  并发执行 3 个评估任务 (max_workers=3)...
    [路由] qwen3.6-27b -> DashScope API
    [路由] qwen3.6-27b -> DashScope API
    [路由] qwen3.6-27b -> DashScope API
    [qwen3.6-27b] 决策: select | 选笑话编号: 3
    [qwen3.6-27b] 决策: select | 选笑话编号: 4
    [API] 可重试异常: HTTPSConnectionPool(host='dashscope.aliyuncs.com', port=443): Read timed out. (read timeout=300), 等待1.9s后重试 (1/5), model=qwen3.6-27b
    [qwen3.6-27b] 决策: create | 选笑话编号: None

  Item完成: 耗时339.3s | 总耗时1317.4min
  速率限制器状态: 可用令牌=960.0/960
  已保存中间结果 (820 条)

============================================================
处理 en_0921... (821/1375)
  质量组: high (4个候选笑话)
  质量组: medium (4个候选笑话)
  质量组: low (4个候选笑话)
  并发执行 3 个评估任务 (max_workers=3)...
    [路由] qwen3.6-27b -> DashScope API
    [路由] qwen3.6-27b -> DashScope API
    [路由] qwen3.6-27b -> DashScope API
    [API] JSON解析失败: JSON解析失败: Extra data: line 7 column 1 (char 666), model=qwen3.6-27b
    [qwen3.6-27b] 决策:  | 选笑话编号: ?
    [qwen3.6-27b] 决策: select | 选笑话编号: 4
    [qwen3.6-27b] 决策: create | 选笑话编号: None

  Item完成: 耗时45.3s | 总耗时1318.2min
  速率限制器状态: 可用令牌=960.0/960
  已保存中间结果 (821 条)

============================================================
处理 en_0922... (822/1375)
  质量组: high (4个候选笑话)
  质量组: medium (4个候选笑话)
  质量组: low (4个候选笑话)
  并发执行 3 个评估任务 (max_workers=3)...
    [路由] qwen3.6-27b -> DashScope API
    [路由] qwen3.6-27b -> DashScope API
    [路由] qwen3.6-27b -> DashScope API
    [API] JSON解析失败: JSON解析失败: Extra data: line 7 column 1 (char 691), model=qwen3.6-27b
    [qwen3.6-27b] 决策:  | 选笑话编号: ?
    [qwen3.6-27b] 决策: select | 选笑话编号: 4
    [qwen3.6-27b] 决策: create | 选笑话编号: None

  Item完成: 耗时35.9s | 总耗时1318.8min
  速率限制器状态: 可用令牌=960.0/960
  已保存中间结果 (822 条)

============================================================
处理 en_0923... (823/1375)
  质量组: high (4个候选笑话)
  质量组: medium (4个候选笑话)
  质量组: low (4个候选笑话)
  并发执行 3 个评估任务 (max_workers=3)...
    [路由] qwen3.6-27b -> DashScope API    [路由] qwen3.6-27b -> DashScope API
    [路由] qwen3.6-27b -> DashScope API

    [qwen3.6-27b] 决策: create | 选笑话编号: None
    [qwen3.6-27b] 决策: create | 选笑话编号: None
    [API] 可重试异常: HTTPSConnectionPool(host='dashscope.aliyuncs.com', port=443): Read timed out. (read timeout=300), 等待2.1s后重试 (1/5), model=qwen3.6-27b
    [qwen3.6-27b] 决策: select | 选笑话编号: 4

  Item完成: 耗时356.9s | 总耗时1324.7min
  速率限制器状态: 可用令牌=960.0/960
  已保存中间结果 (823 条)

============================================================
处理 en_0924... (824/1375)
  质量组: high (4个候选笑话)
  质量组: medium (4个候选笑话)
  质量组: low (4个候选笑话)
  并发执行 3 个评估任务 (max_workers=3)...
    [路由] qwen3.6-27b -> DashScope API    [路由] qwen3.6-27b -> DashScope API

    [路由] qwen3.6-27b -> DashScope API
    [qwen3.6-27b] 决策: select | 选笑话编号: 2
    [qwen3.6-27b] 决策: select | 选笑话编号: 4
    [qwen3.6-27b] 决策: create | 选笑话编号: None

  Item完成: 耗时48.4s | 总耗时1325.5min
  速率限制器状态: 可用令牌=960.0/960
  已保存中间结果 (824 条)

============================================================
处理 en_0925... (825/1375)
  质量组: high (4个候选笑话)
  质量组: medium (4个候选笑话)
  质量组: low (4个候选笑话)
  并发执行 3 个评估任务 (max_workers=3)...
    [路由] qwen3.6-27b -> DashScope API
    [路由] qwen3.6-27b -> DashScope API
    [路由] qwen3.6-27b -> DashScope API
    [qwen3.6-27b] 决策: select | 选笑话编号: 2
    [qwen3.6-27b] 决策: select | 选笑话编号: 2
    [qwen3.6-27b] 决策: create | 选笑话编号: None

  Item完成: 耗时36.5s | 总耗时1326.1min
  速率限制器状态: 可用令牌=960.0/960
  已保存中间结果 (825 条)

============================================================
处理 en_0926... (826/1375)
  质量组: high (4个候选笑话)
  质量组: medium (4个候选笑话)
  质量组: low (4个候选笑话)
  并发执行 3 个评估任务 (max_workers=3)...
    [路由] qwen3.6-27b -> DashScope API
    [路由] qwen3.6-27b -> DashScope API
    [路由] qwen3.6-27b -> DashScope API
    [qwen3.6-27b] 决策: select | 选笑话编号: 2
    [qwen3.6-27b] 决策: select | 选笑话编号: 4
    [qwen3.6-27b] 决策: create | 选笑话编号: None

  Item完成: 耗时30.0s | 总耗时1326.7min
  速率限制器状态: 可用令牌=960.0/960
  已保存中间结果 (826 条)

============================================================
处理 en_0927... (827/1375)
  质量组: high (4个候选笑话)
  质量组: medium (4个候选笑话)
  质量组: low (4个候选笑话)
  并发执行 3 个评估任务 (max_workers=3)...
    [路由] qwen3.6-27b -> DashScope API
    [路由] qwen3.6-27b -> DashScope API    [路由] qwen3.6-27b -> DashScope API

    [qwen3.6-27b] 决策: select | 选笑话编号: 4
    [qwen3.6-27b] 决策: create | 选笑话编号: None
    [qwen3.6-27b] 决策: create | 选笑话编号: None

  Item完成: 耗时34.6s | 总耗时1327.2min
  速率限制器状态: 可用令牌=960.0/960
  已保存中间结果 (827 条)

============================================================
处理 en_0928... (828/1375)
  质量组: high (4个候选笑话)
  质量组: medium (4个候选笑话)
  质量组: low (4个候选笑话)
  并发执行 3 个评估任务 (max_workers=3)...
    [路由] qwen3.6-27b -> DashScope API    [路由] qwen3.6-27b -> DashScope API
    [路由] qwen3.6-27b -> DashScope API

    [qwen3.6-27b] 决策: select | 选笑话编号: 4
    [qwen3.6-27b] 决策: create | 选笑话编号: None
    [qwen3.6-27b] 决策: create | 选笑话编号: None

  Item完成: 耗时56.9s | 总耗时1328.2min
  速率限制器状态: 可用令牌=960.0/960
  已保存中间结果 (828 条)

============================================================
处理 en_0929... (829/1375)
  质量组: high (4个候选笑话)
  质量组: medium (4个候选笑话)
  质量组: low (4个候选笑话)
  并发执行 3 个评估任务 (max_workers=3)...
    [路由] qwen3.6-27b -> DashScope API
    [路由] qwen3.6-27b -> DashScope API
    [路由] qwen3.6-27b -> DashScope API
    [qwen3.6-27b] 决策: select | 选笑话编号: 2
    [qwen3.6-27b] 决策: select | 选笑话编号: 2
    [qwen3.6-27b] 决策: select | 选笑话编号: 4

  Item完成: 耗时28.1s | 总耗时1328.7min
  速率限制器状态: 可用令牌=960.0/960
  已保存中间结果 (829 条)

============================================================
处理 en_0930... (830/1375)
  质量组: high (4个候选笑话)
  质量组: medium (4个候选笑话)
  质量组: low (4个候选笑话)
  并发执行 3 个评估任务 (max_workers=3)...
    [路由] qwen3.6-27b -> DashScope API    [路由] qwen3.6-27b -> DashScope API

    [路由] qwen3.6-27b -> DashScope API
    [qwen3.6-27b] 决策: select | 选笑话编号: 2
    [qwen3.6-27b] 决策: create | 选笑话编号: None
    [qwen3.6-27b] 决策: create | 选笑话编号: None

  Item完成: 耗时206.9s | 总耗时1332.1min
  速率限制器状态: 可用令牌=960.0/960
  已保存中间结果 (830 条)

============================================================
处理 en_0931... (831/1375)
  质量组: high (4个候选笑话)
  质量组: medium (4个候选笑话)
  质量组: low (4个候选笑话)
  并发执行 3 个评估任务 (max_workers=3)...
    [路由] qwen3.6-27b -> DashScope API
    [路由] qwen3.6-27b -> DashScope API    [路由] qwen3.6-27b -> DashScope API

    [qwen3.6-27b] 决策: select | 选笑话编号: 2
    [qwen3.6-27b] 决策: select | 选笑话编号: 4
    [qwen3.6-27b] 决策: select | 选笑话编号: 3

  Item完成: 耗时41.4s | 总耗时1332.8min
  速率限制器状态: 可用令牌=960.0/960
  已保存中间结果 (831 条)

============================================================
处理 en_0932... (832/1375)
  质量组: high (4个候选笑话)
  质量组: medium (4个候选笑话)
  质量组: low (4个候选笑话)
  并发执行 3 个评估任务 (max_workers=3)...
    [路由] qwen3.6-27b -> DashScope API
    [路由] qwen3.6-27b -> DashScope API    [路由] qwen3.6-27b -> DashScope API

    [qwen3.6-27b] 决策: select | 选笑话编号: 2
    [qwen3.6-27b] 决策: create | 选笑话编号: None
    [qwen3.6-27b] 决策: create | 选笑话编号: None

  Item完成: 耗时41.3s | 总耗时1333.5min
  速率限制器状态: 可用令牌=960.0/960
  已保存中间结果 (832 条)

============================================================
处理 en_0933... (833/1375)
  质量组: high (4个候选笑话)
  质量组: medium (4个候选笑话)
  质量组: low (4个候选笑话)
  并发执行 3 个评估任务 (max_workers=3)...
    [路由] qwen3.6-27b -> DashScope API
    [路由] qwen3.6-27b -> DashScope API    [路由] qwen3.6-27b -> DashScope API

    [qwen3.6-27b] 决策: select | 选笑话编号: 1
    [qwen3.6-27b] 决策: create | 选笑话编号: None
    [qwen3.6-27b] 决策: select | 选笑话编号: 2

  Item完成: 耗时44.0s | 总耗时1334.2min
  速率限制器状态: 可用令牌=960.0/960
  已保存中间结果 (833 条)

============================================================
处理 en_0934... (834/1375)
  质量组: high (4个候选笑话)
  质量组: medium (4个候选笑话)
  质量组: low (4个候选笑话)
  并发执行 3 个评估任务 (max_workers=3)...
    [路由] qwen3.6-27b -> DashScope API    [路由] qwen3.6-27b -> DashScope API
    [路由] qwen3.6-27b -> DashScope API

    [qwen3.6-27b] 决策: select | 选笑话编号: 2
    [qwen3.6-27b] 决策: select | 选笑话编号: 4
    [qwen3.6-27b] 决策: create | 选笑话编号: None

  Item完成: 耗时31.2s | 总耗时1334.8min
  速率限制器状态: 可用令牌=960.0/960
  已保存中间结果 (834 条)

============================================================
处理 en_0935... (835/1375)
  质量组: high (4个候选笑话)
  质量组: medium (4个候选笑话)
  质量组: low (4个候选笑话)
  并发执行 3 个评估任务 (max_workers=3)...
    [路由] qwen3.6-27b -> DashScope API
    [路由] qwen3.6-27b -> DashScope API
    [路由] qwen3.6-27b -> DashScope API
    [qwen3.6-27b] 决策: create | 选笑话编号: None
    [qwen3.6-27b] 决策: select | 选笑话编号: 4
    [qwen3.6-27b] 决策: select | 选笑话编号: 2

  Item完成: 耗时34.3s | 总耗时1335.3min
  速率限制器状态: 可用令牌=960.0/960
  已保存中间结果 (835 条)

============================================================
处理 en_0936... (836/1375)
  质量组: high (4个候选笑话)
  质量组: medium (4个候选笑话)
  质量组: low (4个候选笑话)
  并发执行 3 个评估任务 (max_workers=3)...
    [路由] qwen3.6-27b -> DashScope API
    [路由] qwen3.6-27b -> DashScope API    [路由] qwen3.6-27b -> DashScope API

    [qwen3.6-27b] 决策: select | 选笑话编号: 2
    [qwen3.6-27b] 决策: create | 选笑话编号: None
    [qwen3.6-27b] 决策: create | 选笑话编号: None

  Item完成: 耗时89.3s | 总耗时1336.8min
  速率限制器状态: 可用令牌=960.0/960
  已保存中间结果 (836 条)

============================================================
处理 en_0937... (837/1375)
  质量组: high (4个候选笑话)
  质量组: medium (4个候选笑话)
  质量组: low (4个候选笑话)
  并发执行 3 个评估任务 (max_workers=3)...
    [路由] qwen3.6-27b -> DashScope API    [路由] qwen3.6-27b -> DashScope API

    [路由] qwen3.6-27b -> DashScope API
    [qwen3.6-27b] 决策: select | 选笑话编号: 4
    [qwen3.6-27b] 决策: create | 选笑话编号: None
    [API] 可重试异常: HTTPSConnectionPool(host='dashscope.aliyuncs.com', port=443): Read timed out. (read timeout=300), 等待1.8s后重试 (1/5), model=qwen3.6-27b
    [qwen3.6-27b] 决策: select | 选笑话编号: 2

  Item完成: 耗时326.3s | 总耗时1342.3min
  速率限制器状态: 可用令牌=960.0/960
  已保存中间结果 (837 条)

============================================================
处理 en_0938... (838/1375)
  质量组: high (4个候选笑话)
  质量组: medium (4个候选笑话)
  质量组: low (4个候选笑话)
  并发执行 3 个评估任务 (max_workers=3)...
    [路由] qwen3.6-27b -> DashScope API
    [路由] qwen3.6-27b -> DashScope API
    [路由] qwen3.6-27b -> DashScope API
    [qwen3.6-27b] 决策: select | 选笑话编号: 2
    [qwen3.6-27b] 决策: select | 选笑话编号: 1
    [qwen3.6-27b] 决策: create | 选笑话编号: None

  Item完成: 耗时55.3s | 总耗时1343.2min
  速率限制器状态: 可用令牌=960.0/960
  已保存中间结果 (838 条)

============================================================
处理 en_0939... (839/1375)
  质量组: high (4个候选笑话)
  质量组: medium (4个候选笑话)
  质量组: low (4个候选笑话)
  并发执行 3 个评估任务 (max_workers=3)...
    [路由] qwen3.6-27b -> DashScope API
    [路由] qwen3.6-27b -> DashScope API
    [路由] qwen3.6-27b -> DashScope API
    [qwen3.6-27b] 决策: select | 选笑话编号: 4
    [qwen3.6-27b] 决策: select | 选笑话编号: 1
    [qwen3.6-27b] 决策: create | 选笑话编号: None

  Item完成: 耗时50.7s | 总耗时1344.0min
  速率限制器状态: 可用令牌=960.0/960
  已保存中间结果 (839 条)

============================================================
处理 en_0940... (840/1375)
  质量组: high (4个候选笑话)
  质量组: medium (4个候选笑话)
  质量组: low (4个候选笑话)
  并发执行 3 个评估任务 (max_workers=3)...
    [路由] qwen3.6-27b -> DashScope API
    [路由] qwen3.6-27b -> DashScope API
    [路由] qwen3.6-27b -> DashScope API
    [qwen3.6-27b] 决策: select | 选笑话编号: 2
    [qwen3.6-27b] 决策: select | 选笑话编号: 4
    [qwen3.6-27b] 决策: select | 选笑话编号: 4

  Item完成: 耗时43.3s | 总耗时1344.8min
  速率限制器状态: 可用令牌=960.0/960
  已保存中间结果 (840 条)

============================================================
处理 en_0941... (841/1375)
  质量组: high (4个候选笑话)
  质量组: medium (4个候选笑话)
  质量组: low (4个候选笑话)
  并发执行 3 个评估任务 (max_workers=3)...
    [路由] qwen3.6-27b -> DashScope API
    [路由] qwen3.6-27b -> DashScope API
    [路由] qwen3.6-27b -> DashScope API
    [qwen3.6-27b] 决策: select | 选笑话编号: 4
    [qwen3.6-27b] 决策: create | 选笑话编号: None
    [qwen3.6-27b] 决策: select | 选笑话编号: 2

  Item完成: 耗时39.6s | 总耗时1345.4min
  速率限制器状态: 可用令牌=960.0/960
  已保存中间结果 (841 条)

============================================================
处理 en_0942... (842/1375)
  质量组: high (4个候选笑话)
  质量组: medium (4个候选笑话)
  质量组: low (4个候选笑话)
  并发执行 3 个评估任务 (max_workers=3)...
    [路由] qwen3.6-27b -> DashScope API
    [路由] qwen3.6-27b -> DashScope API
    [路由] qwen3.6-27b -> DashScope API
    [qwen3.6-27b] 决策: create | 选笑话编号: None
    [qwen3.6-27b] 决策: create | 选笑话编号: None
    [qwen3.6-27b] 决策: select | 选笑话编号: 2

  Item完成: 耗时34.2s | 总耗时1346.0min
  速率限制器状态: 可用令牌=960.0/960
  已保存中间结果 (842 条)

============================================================
处理 en_0943... (843/1375)
  质量组: high (4个候选笑话)
  质量组: medium (4个候选笑话)
  质量组: low (4个候选笑话)
  并发执行 3 个评估任务 (max_workers=3)...
    [路由] qwen3.6-27b -> DashScope API    [路由] qwen3.6-27b -> DashScope API

    [路由] qwen3.6-27b -> DashScope API
    [qwen3.6-27b] 决策: select | 选笑话编号: 2
    [qwen3.6-27b] 决策: create | 选笑话编号: None
    [qwen3.6-27b] 决策: create | 选笑话编号: None

  Item完成: 耗时34.4s | 总耗时1346.6min
  速率限制器状态: 可用令牌=960.0/960
  已保存中间结果 (843 条)

============================================================
处理 en_0944... (844/1375)
  质量组: high (4个候选笑话)
  质量组: medium (4个候选笑话)
  质量组: low (4个候选笑话)
  并发执行 3 个评估任务 (max_workers=3)...
    [路由] qwen3.6-27b -> DashScope API
    [路由] qwen3.6-27b -> DashScope API
    [路由] qwen3.6-27b -> DashScope API
    [API] JSON解析失败: JSON解析失败: Expecting ',' delimiter: line 4 column 122 (char 176), model=qwen3.6-27b
    [qwen3.6-27b] 决策:  | 选笑话编号: ?
    [qwen3.6-27b] 决策: create | 选笑话编号: None
    [API] 可重试异常: HTTPSConnectionPool(host='dashscope.aliyuncs.com', port=443): Read timed out. (read timeout=300), 等待2.1s后重试 (1/5), model=qwen3.6-27b
    [API] 可重试异常: HTTPSConnectionPool(host='dashscope.aliyuncs.com', port=443): Read timed out. (read timeout=300), 等待3.7s后重试 (2/5), model=qwen3.6-27b
    [qwen3.6-27b] 决策: create | 选笑话编号: None

  Item完成: 耗时656.2s | 总耗时1357.5min
  速率限制器状态: 可用令牌=960.0/960
  已保存中间结果 (844 条)

============================================================
处理 en_0945... (845/1375)
  质量组: high (4个候选笑话)
  质量组: medium (4个候选笑话)
  质量组: low (4个候选笑话)
  并发执行 3 个评估任务 (max_workers=3)...
    [路由] qwen3.6-27b -> DashScope API    [路由] qwen3.6-27b -> DashScope API
    [路由] qwen3.6-27b -> DashScope API

    [qwen3.6-27b] 决策: select | 选笑话编号: 3
    [qwen3.6-27b] 决策: create | 选笑话编号: None
    [qwen3.6-27b] 决策: create | 选笑话编号: None

  Item完成: 耗时42.5s | 总耗时1358.2min
  速率限制器状态: 可用令牌=960.0/960
  已保存中间结果 (845 条)

============================================================
处理 en_0946... (846/1375)
  质量组: high (4个候选笑话)
  质量组: medium (4个候选笑话)
  质量组: low (4个候选笑话)
  并发执行 3 个评估任务 (max_workers=3)...
    [路由] qwen3.6-27b -> DashScope API
    [路由] qwen3.6-27b -> DashScope API    [路由] qwen3.6-27b -> DashScope API

    [qwen3.6-27b] 决策: select | 选笑话编号: 2
    [qwen3.6-27b] 决策: select | 选笑话编号: 2
    [qwen3.6-27b] 决策: create | 选笑话编号: None

  Item完成: 耗时78.1s | 总耗时1359.5min
  速率限制器状态: 可用令牌=960.0/960
  已保存中间结果 (846 条)

============================================================
处理 en_0947... (847/1375)
  质量组: high (4个候选笑话)
  质量组: medium (4个候选笑话)
  质量组: low (4个候选笑话)
  并发执行 3 个评估任务 (max_workers=3)...
    [路由] qwen3.6-27b -> DashScope API    [路由] qwen3.6-27b -> DashScope API

    [路由] qwen3.6-27b -> DashScope API
    [qwen3.6-27b] 决策: select | 选笑话编号: 2
    [qwen3.6-27b] 决策: select | 选笑话编号: 2
    [qwen3.6-27b] 决策: create | 选笑话编号: None

  Item完成: 耗时58.4s | 总耗时1360.5min
  速率限制器状态: 可用令牌=960.0/960
  已保存中间结果 (847 条)

============================================================
处理 en_0948... (848/1375)
  质量组: high (4个候选笑话)
  质量组: medium (4个候选笑话)
  质量组: low (4个候选笑话)
  并发执行 3 个评估任务 (max_workers=3)...
    [路由] qwen3.6-27b -> DashScope API    [路由] qwen3.6-27b -> DashScope API
    [路由] qwen3.6-27b -> DashScope API

    [qwen3.6-27b] 决策: select | 选笑话编号: 3
    [qwen3.6-27b] 决策: create | 选笑话编号: None
    [qwen3.6-27b] 决策: create | 选笑话编号: None

  Item完成: 耗时55.9s | 总耗时1361.4min
  速率限制器状态: 可用令牌=960.0/960
  已保存中间结果 (848 条)

============================================================
处理 en_0949... (849/1375)
  质量组: high (4个候选笑话)
  质量组: medium (4个候选笑话)
  质量组: low (4个候选笑话)
  并发执行 3 个评估任务 (max_workers=3)...
    [路由] qwen3.6-27b -> DashScope API
    [路由] qwen3.6-27b -> DashScope API    [路由] qwen3.6-27b -> DashScope API

    [qwen3.6-27b] 决策: select | 选笑话编号: 4
    [qwen3.6-27b] 决策: select | 选笑话编号: 3
    [qwen3.6-27b] 决策: create | 选笑话编号: None

  Item完成: 耗时88.5s | 总耗时1362.9min
  速率限制器状态: 可用令牌=960.0/960
  已保存中间结果 (849 条)

============================================================
处理 en_0950... (850/1375)
  质量组: high (4个候选笑话)
  质量组: medium (4个候选笑话)
  质量组: low (4个候选笑话)
  并发执行 3 个评估任务 (max_workers=3)...
    [路由] qwen3.6-27b -> DashScope API    [路由] qwen3.6-27b -> DashScope API
    [路由] qwen3.6-27b -> DashScope API

    [qwen3.6-27b] 决策: create | 选笑话编号: None
    [qwen3.6-27b] 决策: create | 选笑话编号: None
    [qwen3.6-27b] 决策: create | 选笑话编号: None

  Item完成: 耗时61.6s | 总耗时1364.0min
  速率限制器状态: 可用令牌=960.0/960
  已保存中间结果 (850 条)

============================================================
处理 en_0951... (851/1375)
  质量组: high (4个候选笑话)
  质量组: medium (4个候选笑话)
  质量组: low (4个候选笑话)
  并发执行 3 个评估任务 (max_workers=3)...
    [路由] qwen3.6-27b -> DashScope API
    [路由] qwen3.6-27b -> DashScope API    [路由] qwen3.6-27b -> DashScope API

    [qwen3.6-27b] 决策: select | 选笑话编号: 3
    [qwen3.6-27b] 决策: select | 选笑话编号: 2
    [qwen3.6-27b] 决策: create | 选笑话编号: None

  Item完成: 耗时41.8s | 总耗时1364.7min
  速率限制器状态: 可用令牌=960.0/960
  已保存中间结果 (851 条)

============================================================
处理 en_0952... (852/1375)
  质量组: high (4个候选笑话)
  质量组: medium (4个候选笑话)
  质量组: low (4个候选笑话)
  并发执行 3 个评估任务 (max_workers=3)...
    [路由] qwen3.6-27b -> DashScope API    [路由] qwen3.6-27b -> DashScope API

    [路由] qwen3.6-27b -> DashScope API
    [qwen3.6-27b] 决策: create | 选笑话编号: None
    [qwen3.6-27b] 决策: select | 选笑话编号: 2
    [qwen3.6-27b] 决策: select | 选笑话编号: 4

  Item完成: 耗时130.2s | 总耗时1366.8min
  速率限制器状态: 可用令牌=960.0/960
  已保存中间结果 (852 条)

============================================================
处理 en_0953... (853/1375)
  质量组: high (4个候选笑话)
  质量组: medium (4个候选笑话)
  质量组: low (4个候选笑话)
  并发执行 3 个评估任务 (max_workers=3)...
    [路由] qwen3.6-27b -> DashScope API
    [路由] qwen3.6-27b -> DashScope API
    [路由] qwen3.6-27b -> DashScope API
    [qwen3.6-27b] 决策: select | 选笑话编号: 4
    [qwen3.6-27b] 决策: select | 选笑话编号: 4
    [qwen3.6-27b] 决策: create | 选笑话编号: None

  Item完成: 耗时106.9s | 总耗时1368.6min
  速率限制器状态: 可用令牌=960.0/960
  已保存中间结果 (853 条)

============================================================
处理 en_0954... (854/1375)
  质量组: high (4个候选笑话)
  质量组: medium (4个候选笑话)
  质量组: low (4个候选笑话)
  并发执行 3 个评估任务 (max_workers=3)...
    [路由] qwen3.6-27b -> DashScope API
    [路由] qwen3.6-27b -> DashScope API
    [路由] qwen3.6-27b -> DashScope API
    [qwen3.6-27b] 决策: select | 选笑话编号: 4
    [qwen3.6-27b] 决策: create | 选笑话编号: None
    [API] 可重试异常: HTTPSConnectionPool(host='dashscope.aliyuncs.com', port=443): Read timed out. (read timeout=300), 等待1.8s后重试 (1/5), model=qwen3.6-27b
    [qwen3.6-27b] 决策: select | 选笑话编号: 3

  Item完成: 耗时355.4s | 总耗时1374.5min
  速率限制器状态: 可用令牌=960.0/960
  已保存中间结果 (854 条)

============================================================
处理 en_0955... (855/1375)
  质量组: high (4个候选笑话)
  质量组: medium (4个候选笑话)
  质量组: low (4个候选笑话)
  并发执行 3 个评估任务 (max_workers=3)...
    [路由] qwen3.6-27b -> DashScope API    [路由] qwen3.6-27b -> DashScope API
    [路由] qwen3.6-27b -> DashScope API

    [qwen3.6-27b] 决策: select | 选笑话编号: 2
    [qwen3.6-27b] 决策: select | 选笑话编号: 2
    [qwen3.6-27b] 决策: create | 选笑话编号: None

  Item完成: 耗时59.7s | 总耗时1375.5min
  速率限制器状态: 可用令牌=960.0/960
  已保存中间结果 (855 条)

============================================================
处理 en_0956... (856/1375)
  质量组: high (4个候选笑话)
  质量组: medium (4个候选笑话)
  质量组: low (4个候选笑话)
  并发执行 3 个评估任务 (max_workers=3)...
    [路由] qwen3.6-27b -> DashScope API
    [路由] qwen3.6-27b -> DashScope API
    [路由] qwen3.6-27b -> DashScope API
    [qwen3.6-27b] 决策: select | 选笑话编号: 2
    [qwen3.6-27b] 决策: create | 选笑话编号: None
    [qwen3.6-27b] 决策: create | 选笑话编号: None

  Item完成: 耗时220.0s | 总耗时1379.2min
  速率限制器状态: 可用令牌=960.0/960
  已保存中间结果 (856 条)

============================================================
处理 en_0957... (857/1375)
  质量组: high (4个候选笑话)
  质量组: medium (4个候选笑话)
  质量组: low (4个候选笑话)
  并发执行 3 个评估任务 (max_workers=3)...
    [路由] qwen3.6-27b -> DashScope API
    [路由] qwen3.6-27b -> DashScope API    [路由] qwen3.6-27b -> DashScope API

    [API] JSON解析失败: JSON解析失败: Extra data: line 7 column 1 (char 531), model=qwen3.6-27b
    [qwen3.6-27b] 决策:  | 选笑话编号: ?
    [qwen3.6-27b] 决策: create | 选笑话编号: None
    [qwen3.6-27b] 决策: create | 选笑话编号: None

  Item完成: 耗时44.3s | 总耗时1379.9min
  速率限制器状态: 可用令牌=960.0/960
  已保存中间结果 (857 条)

============================================================
处理 en_0958... (858/1375)
  质量组: high (4个候选笑话)
  质量组: medium (4个候选笑话)
  质量组: low (4个候选笑话)
  并发执行 3 个评估任务 (max_workers=3)...
    [路由] qwen3.6-27b -> DashScope API
    [路由] qwen3.6-27b -> DashScope API    [路由] qwen3.6-27b -> DashScope API

    [qwen3.6-27b] 决策: select | 选笑话编号: 2
    [qwen3.6-27b] 决策: create | 选笑话编号: None
    [qwen3.6-27b] 决策: select | 选笑话编号: 3

  Item完成: 耗时105.3s | 总耗时1381.7min
  速率限制器状态: 可用令牌=960.0/960
  已保存中间结果 (858 条)

============================================================
处理 en_0959... (859/1375)
  质量组: high (4个候选笑话)
  质量组: medium (4个候选笑话)
  质量组: low (4个候选笑话)
  并发执行 3 个评估任务 (max_workers=3)...
    [路由] qwen3.6-27b -> DashScope API    [路由] qwen3.6-27b -> DashScope API

    [路由] qwen3.6-27b -> DashScope API
    [qwen3.6-27b] 决策: select | 选笑话编号: 2
    [qwen3.6-27b] 决策: select | 选笑话编号: 2
    [qwen3.6-27b] 决策: create | 选笑话编号: None

  Item完成: 耗时71.4s | 总耗时1382.9min
  速率限制器状态: 可用令牌=960.0/960
  已保存中间结果 (859 条)

============================================================
处理 en_0960... (860/1375)
  质量组: high (4个候选笑话)
  质量组: medium (4个候选笑话)
  质量组: low (4个候选笑话)
  并发执行 3 个评估任务 (max_workers=3)...
    [路由] qwen3.6-27b -> DashScope API
    [路由] qwen3.6-27b -> DashScope API    [路由] qwen3.6-27b -> DashScope API

    [qwen3.6-27b] 决策: select | 选笑话编号: 1
    [qwen3.6-27b] 决策: select | 选笑话编号: 3
    [qwen3.6-27b] 决策: create | 选笑话编号: None

  Item完成: 耗时41.7s | 总耗时1383.6min
  速率限制器状态: 可用令牌=960.0/960
  已保存中间结果 (860 条)

============================================================
处理 en_0961... (861/1375)
  质量组: high (4个候选笑话)
  质量组: medium (4个候选笑话)
  质量组: low (4个候选笑话)
  并发执行 3 个评估任务 (max_workers=3)...
    [路由] qwen3.6-27b -> DashScope API    [路由] qwen3.6-27b -> DashScope API

    [路由] qwen3.6-27b -> DashScope API
    [qwen3.6-27b] 决策: create | 选笑话编号: None
    [qwen3.6-27b] 决策: create | 选笑话编号: None
    [qwen3.6-27b] 决策: create | 选笑话编号: None

  Item完成: 耗时71.9s | 总耗时1384.8min
  速率限制器状态: 可用令牌=960.0/960
  已保存中间结果 (861 条)

============================================================
处理 en_0962... (862/1375)
  质量组: high (4个候选笑话)
  质量组: medium (4个候选笑话)
  质量组: low (4个候选笑话)
  并发执行 3 个评估任务 (max_workers=3)...
    [路由] qwen3.6-27b -> DashScope API    [路由] qwen3.6-27b -> DashScope API

    [路由] qwen3.6-27b -> DashScope API
    [qwen3.6-27b] 决策: create | 选笑话编号: None
    [qwen3.6-27b] 决策: create | 选笑话编号: None
    [qwen3.6-27b] 决策: select | 选笑话编号: 2

  Item完成: 耗时51.0s | 总耗时1385.7min
  速率限制器状态: 可用令牌=960.0/960
  已保存中间结果 (862 条)

============================================================
处理 en_0963... (863/1375)
  质量组: high (4个候选笑话)
  质量组: medium (4个候选笑话)
  质量组: low (4个候选笑话)
  并发执行 3 个评估任务 (max_workers=3)...
    [路由] qwen3.6-27b -> DashScope API    [路由] qwen3.6-27b -> DashScope API
    [路由] qwen3.6-27b -> DashScope API

    [qwen3.6-27b] 决策: select | 选笑话编号: 2
    [qwen3.6-27b] 决策: create | 选笑话编号: None
    [qwen3.6-27b] 决策: create | 选笑话编号: None

  Item完成: 耗时59.3s | 总耗时1386.6min
  速率限制器状态: 可用令牌=960.0/960
  已保存中间结果 (863 条)

============================================================
处理 en_0964... (864/1375)
  质量组: high (4个候选笑话)
  质量组: medium (4个候选笑话)
  质量组: low (4个候选笑话)
  并发执行 3 个评估任务 (max_workers=3)...
    [路由] qwen3.6-27b -> DashScope API
    [路由] qwen3.6-27b -> DashScope API
    [路由] qwen3.6-27b -> DashScope API
    [qwen3.6-27b] 决策: select | 选笑话编号: 2
    [qwen3.6-27b] 决策: select | 选笑话编号: 3
    [qwen3.6-27b] 决策: create | 选笑话编号: None

  Item完成: 耗时42.8s | 总耗时1387.4min
  速率限制器状态: 可用令牌=960.0/960
  已保存中间结果 (864 条)

============================================================
处理 en_0965... (865/1375)
  质量组: high (4个候选笑话)
  质量组: medium (4个候选笑话)
  质量组: low (4个候选笑话)
  并发执行 3 个评估任务 (max_workers=3)...
    [路由] qwen3.6-27b -> DashScope API
    [路由] qwen3.6-27b -> DashScope API
    [路由] qwen3.6-27b -> DashScope API
    [qwen3.6-27b] 决策: select | 选笑话编号: 4
    [qwen3.6-27b] 决策: create | 选笑话编号: None
    [qwen3.6-27b] 决策: create | 选笑话编号: None

  Item完成: 耗时117.8s | 总耗时1389.3min
  速率限制器状态: 可用令牌=960.0/960
  已保存中间结果 (865 条)

============================================================
处理 en_0966... (866/1375)
  质量组: high (4个候选笑话)
  质量组: medium (4个候选笑话)
  质量组: low (4个候选笑话)
  并发执行 3 个评估任务 (max_workers=3)...
    [路由] qwen3.6-27b -> DashScope API
    [路由] qwen3.6-27b -> DashScope API    [路由] qwen3.6-27b -> DashScope API

    [qwen3.6-27b] 决策: select | 选笑话编号: 2
    [qwen3.6-27b] 决策: select | 选笑话编号: 4
    [qwen3.6-27b] 决策: select | 选笑话编号: 2

  Item完成: 耗时59.4s | 总耗时1390.3min
  速率限制器状态: 可用令牌=960.0/960
  已保存中间结果 (866 条)

============================================================
处理 en_0967... (867/1375)
  质量组: high (4个候选笑话)
  质量组: medium (4个候选笑话)
  质量组: low (4个候选笑话)
  并发执行 3 个评估任务 (max_workers=3)...
    [路由] qwen3.6-27b -> DashScope API
    [路由] qwen3.6-27b -> DashScope API    [路由] qwen3.6-27b -> DashScope API

    [qwen3.6-27b] 决策: select | 选笑话编号: 4
    [qwen3.6-27b] 决策: create | 选笑话编号: None
    [qwen3.6-27b] 决策: select | 选笑话编号: 4

  Item完成: 耗时38.2s | 总耗时1391.0min
  速率限制器状态: 可用令牌=960.0/960
  已保存中间结果 (867 条)

============================================================
处理 en_0968... (868/1375)
  质量组: high (4个候选笑话)
  质量组: medium (4个候选笑话)
  质量组: low (4个候选笑话)
  并发执行 3 个评估任务 (max_workers=3)...
    [路由] qwen3.6-27b -> DashScope API    [路由] qwen3.6-27b -> DashScope API
    [路由] qwen3.6-27b -> DashScope API

    [qwen3.6-27b] 决策: select | 选笑话编号: 2
    [qwen3.6-27b] 决策: select | 选笑话编号: 2
    [qwen3.6-27b] 决策: select | 选笑话编号: 1

  Item完成: 耗时64.4s | 总耗时1392.0min
  速率限制器状态: 可用令牌=960.0/960
  已保存中间结果 (868 条)

============================================================
处理 en_0969... (869/1375)
  质量组: high (4个候选笑话)
  质量组: medium (4个候选笑话)
  质量组: low (4个候选笑话)
  并发执行 3 个评估任务 (max_workers=3)...
    [路由] qwen3.6-27b -> DashScope API    [路由] qwen3.6-27b -> DashScope API
    [路由] qwen3.6-27b -> DashScope API

    [qwen3.6-27b] 决策: select | 选笑话编号: 2
    [qwen3.6-27b] 决策: select | 选笑话编号: 2
    [qwen3.6-27b] 决策: create | 选笑话编号: None

  Item完成: 耗时43.5s | 总耗时1392.8min
  速率限制器状态: 可用令牌=960.0/960
  已保存中间结果 (869 条)

============================================================
处理 en_0970... (870/1375)
  质量组: high (4个候选笑话)
  质量组: medium (4个候选笑话)
  质量组: low (4个候选笑话)
  并发执行 3 个评估任务 (max_workers=3)...
    [路由] qwen3.6-27b -> DashScope API    [路由] qwen3.6-27b -> DashScope API
    [路由] qwen3.6-27b -> DashScope API

    [qwen3.6-27b] 决策: select | 选笑话编号: 4
    [qwen3.6-27b] 决策: select | 选笑话编号: 2
    [qwen3.6-27b] 决策: create | 选笑话编号: None

  Item完成: 耗时63.8s | 总耗时1393.8min
  速率限制器状态: 可用令牌=960.0/960
  已保存中间结果 (870 条)

============================================================
处理 en_0971... (871/1375)
  质量组: high (4个候选笑话)
  质量组: medium (4个候选笑话)
  质量组: low (4个候选笑话)
  并发执行 3 个评估任务 (max_workers=3)...
    [路由] qwen3.6-27b -> DashScope API    [路由] qwen3.6-27b -> DashScope API
    [路由] qwen3.6-27b -> DashScope API

    [qwen3.6-27b] 决策: select | 选笑话编号: 1
    [qwen3.6-27b] 决策: create | 选笑话编号: None
    [qwen3.6-27b] 决策: create | 选笑话编号: None

  Item完成: 耗时61.1s | 总耗时1394.9min
  速率限制器状态: 可用令牌=960.0/960
  已保存中间结果 (871 条)

============================================================
处理 en_0972... (872/1375)
  质量组: high (4个候选笑话)
  质量组: medium (4个候选笑话)
  质量组: low (4个候选笑话)
  并发执行 3 个评估任务 (max_workers=3)...
    [路由] qwen3.6-27b -> DashScope API    [路由] qwen3.6-27b -> DashScope API

    [路由] qwen3.6-27b -> DashScope API
    [qwen3.6-27b] 决策: select | 选笑话编号: 3
    [qwen3.6-27b] 决策: select | 选笑话编号: 4
    [qwen3.6-27b] 决策: create | 选笑话编号: None

  Item完成: 耗时36.7s | 总耗时1395.5min
  速率限制器状态: 可用令牌=960.0/960
  已保存中间结果 (872 条)

============================================================
处理 en_0973... (873/1375)
  质量组: high (4个候选笑话)
  质量组: medium (4个候选笑话)
  质量组: low (4个候选笑话)
  并发执行 3 个评估任务 (max_workers=3)...
    [路由] qwen3.6-27b -> DashScope API
    [路由] qwen3.6-27b -> DashScope API    [路由] qwen3.6-27b -> DashScope API

    [qwen3.6-27b] 决策: select | 选笑话编号: 2
    [qwen3.6-27b] 决策: select | 选笑话编号: 4
    [qwen3.6-27b] 决策: create | 选笑话编号: None

  Item完成: 耗时39.9s | 总耗时1396.1min
  速率限制器状态: 可用令牌=960.0/960
  已保存中间结果 (873 条)

============================================================
处理 en_0974... (874/1375)
  质量组: high (4个候选笑话)
  质量组: medium (4个候选笑话)
  质量组: low (4个候选笑话)
  并发执行 3 个评估任务 (max_workers=3)...
    [路由] qwen3.6-27b -> DashScope API
    [路由] qwen3.6-27b -> DashScope API
    [路由] qwen3.6-27b -> DashScope API
    [qwen3.6-27b] 决策: create | 选笑话编号: None
    [qwen3.6-27b] 决策: create | 选笑话编号: None
    [qwen3.6-27b] 决策: create | 选笑话编号: None

  Item完成: 耗时133.5s | 总耗时1398.4min
  速率限制器状态: 可用令牌=960.0/960
  已保存中间结果 (874 条)

============================================================
处理 en_0975... (875/1375)
  质量组: high (4个候选笑话)
  质量组: medium (4个候选笑话)
  质量组: low (4个候选笑话)
  并发执行 3 个评估任务 (max_workers=3)...
    [路由] qwen3.6-27b -> DashScope API
    [路由] qwen3.6-27b -> DashScope API    [路由] qwen3.6-27b -> DashScope API

    [qwen3.6-27b] 决策: select | 选笑话编号: 4
    [qwen3.6-27b] 决策: create | 选笑话编号: None
    [qwen3.6-27b] 决策: create | 选笑话编号: None

  Item完成: 耗时51.8s | 总耗时1399.2min
  速率限制器状态: 可用令牌=960.0/960
  已保存中间结果 (875 条)

============================================================
处理 en_0976... (876/1375)
  质量组: high (4个候选笑话)
  质量组: medium (4个候选笑话)
  质量组: low (4个候选笑话)
  并发执行 3 个评估任务 (max_workers=3)...
    [路由] qwen3.6-27b -> DashScope API
    [路由] qwen3.6-27b -> DashScope API    [路由] qwen3.6-27b -> DashScope API

    [qwen3.6-27b] 决策: select | 选笑话编号: 3
    [qwen3.6-27b] 决策: select | 选笑话编号: 2
    [qwen3.6-27b] 决策: create | 选笑话编号: None

  Item完成: 耗时32.2s | 总耗时1399.8min
  速率限制器状态: 可用令牌=960.0/960
  已保存中间结果 (876 条)

============================================================
处理 en_0977... (877/1375)
  质量组: high (4个候选笑话)
  质量组: medium (4个候选笑话)
  质量组: low (4个候选笑话)
  并发执行 3 个评估任务 (max_workers=3)...
    [路由] qwen3.6-27b -> DashScope API
    [路由] qwen3.6-27b -> DashScope API
    [路由] qwen3.6-27b -> DashScope API
    [qwen3.6-27b] 决策: select | 选笑话编号: 2
    [qwen3.6-27b] 决策: select | 选笑话编号: 4
    [qwen3.6-27b] 决策: create | 选笑话编号: None

  Item完成: 耗时62.4s | 总耗时1400.8min
  速率限制器状态: 可用令牌=960.0/960
  已保存中间结果 (877 条)

============================================================
处理 en_0978... (878/1375)
  质量组: high (4个候选笑话)
  质量组: medium (4个候选笑话)
  质量组: low (4个候选笑话)
  并发执行 3 个评估任务 (max_workers=3)...
    [路由] qwen3.6-27b -> DashScope API
    [路由] qwen3.6-27b -> DashScope API    [路由] qwen3.6-27b -> DashScope API

    [qwen3.6-27b] 决策: select | 选笑话编号: 2
    [qwen3.6-27b] 决策: select | 选笑话编号: 2
    [API] 可重试异常: HTTPSConnectionPool(host='dashscope.aliyuncs.com', port=443): Read timed out. (read timeout=300), 等待2.0s后重试 (1/5), model=qwen3.6-27b
    [qwen3.6-27b] 决策: create | 选笑话编号: None

  Item完成: 耗时380.2s | 总耗时1407.2min
  速率限制器状态: 可用令牌=960.0/960
  已保存中间结果 (878 条)

============================================================
处理 en_0979... (879/1375)
  质量组: high (4个候选笑话)
  质量组: medium (4个候选笑话)
  质量组: low (4个候选笑话)
  并发执行 3 个评估任务 (max_workers=3)...
    [路由] qwen3.6-27b -> DashScope API
    [路由] qwen3.6-27b -> DashScope API    [路由] qwen3.6-27b -> DashScope API

    [qwen3.6-27b] 决策: select | 选笑话编号: 2
    [qwen3.6-27b] 决策: select | 选笑话编号: 2
    [qwen3.6-27b] 决策: create | 选笑话编号: None

  Item完成: 耗时37.1s | 总耗时1407.8min
  速率限制器状态: 可用令牌=960.0/960
  已保存中间结果 (879 条)

============================================================
处理 en_0980... (880/1375)
  质量组: high (4个候选笑话)
  质量组: medium (4个候选笑话)
  质量组: low (4个候选笑话)
  并发执行 3 个评估任务 (max_workers=3)...
    [路由] qwen3.6-27b -> DashScope API    [路由] qwen3.6-27b -> DashScope API

    [路由] qwen3.6-27b -> DashScope API
    [qwen3.6-27b] 决策: select | 选笑话编号: 2
    [qwen3.6-27b] 决策: select | 选笑话编号: 2
    [qwen3.6-27b] 决策: select | 选笑话编号: 1

  Item完成: 耗时22.7s | 总耗时1408.2min
  速率限制器状态: 可用令牌=960.0/960
  已保存中间结果 (880 条)

============================================================
处理 en_0981... (881/1375)
  质量组: high (4个候选笑话)
  质量组: medium (4个候选笑话)
  质量组: low (4个候选笑话)
  并发执行 3 个评估任务 (max_workers=3)...
    [路由] qwen3.6-27b -> DashScope API    [路由] qwen3.6-27b -> DashScope API

    [路由] qwen3.6-27b -> DashScope API
    [qwen3.6-27b] 决策: create | 选笑话编号: None
    [qwen3.6-27b] 决策: select | 选笑话编号: 2
    [qwen3.6-27b] 决策: select | 选笑话编号: 3

  Item完成: 耗时57.7s | 总耗时1409.1min
  速率限制器状态: 可用令牌=960.0/960
  已保存中间结果 (881 条)

============================================================
处理 en_0982... (882/1375)
  质量组: high (4个候选笑话)
  质量组: medium (4个候选笑话)
  质量组: low (4个候选笑话)
  并发执行 3 个评估任务 (max_workers=3)...
    [路由] qwen3.6-27b -> DashScope API
    [路由] qwen3.6-27b -> DashScope API    [路由] qwen3.6-27b -> DashScope API

    [qwen3.6-27b] 决策: select | 选笑话编号: 2
    [qwen3.6-27b] 决策: create | 选笑话编号: None
    [qwen3.6-27b] 决策: create | 选笑话编号: None

  Item完成: 耗时57.0s | 总耗时1410.1min
  速率限制器状态: 可用令牌=960.0/960
  已保存中间结果 (882 条)

============================================================
处理 en_0983... (883/1375)
  质量组: high (4个候选笑话)
  质量组: medium (4个候选笑话)
  质量组: low (4个候选笑话)
  并发执行 3 个评估任务 (max_workers=3)...
    [路由] qwen3.6-27b -> DashScope API
    [路由] qwen3.6-27b -> DashScope API
    [路由] qwen3.6-27b -> DashScope API
    [qwen3.6-27b] 决策: create | 选笑话编号: None
    [qwen3.6-27b] 决策: create | 选笑话编号: None
    [qwen3.6-27b] 决策: select | 选笑话编号: 2

  Item完成: 耗时49.0s | 总耗时1410.9min
  速率限制器状态: 可用令牌=960.0/960
  已保存中间结果 (883 条)

============================================================
处理 en_0984... (884/1375)
  质量组: high (4个候选笑话)
  质量组: medium (4个候选笑话)
  质量组: low (4个候选笑话)
  并发执行 3 个评估任务 (max_workers=3)...
    [路由] qwen3.6-27b -> DashScope API
    [路由] qwen3.6-27b -> DashScope API
    [路由] qwen3.6-27b -> DashScope API
    [qwen3.6-27b] 决策: select | 选笑话编号: 1
    [qwen3.6-27b] 决策: create | 选笑话编号: None
    [qwen3.6-27b] 决策: create | 选笑话编号: None

  Item完成: 耗时88.6s | 总耗时1412.4min
  速率限制器状态: 可用令牌=960.0/960
  已保存中间结果 (884 条)

============================================================
处理 en_0985... (885/1375)
  质量组: high (4个候选笑话)
  质量组: medium (4个候选笑话)
  质量组: low (4个候选笑话)
  并发执行 3 个评估任务 (max_workers=3)...
    [路由] qwen3.6-27b -> DashScope API
    [路由] qwen3.6-27b -> DashScope API    [路由] qwen3.6-27b -> DashScope API

    [qwen3.6-27b] 决策: create | 选笑话编号: None
    [qwen3.6-27b] 决策: create | 选笑话编号: None
    [qwen3.6-27b] 决策: create | 选笑话编号: None

  Item完成: 耗时57.9s | 总耗时1413.4min
  速率限制器状态: 可用令牌=960.0/960
  已保存中间结果 (885 条)

============================================================
处理 en_0986... (886/1375)
  质量组: high (4个候选笑话)
  质量组: medium (4个候选笑话)
  质量组: low (4个候选笑话)
  并发执行 3 个评估任务 (max_workers=3)...
    [路由] qwen3.6-27b -> DashScope API
    [路由] qwen3.6-27b -> DashScope API    [路由] qwen3.6-27b -> DashScope API

    [qwen3.6-27b] 决策: create | 选笑话编号: None
    [qwen3.6-27b] 决策: create | 选笑话编号: None
    [qwen3.6-27b] 决策: create | 选笑话编号: None

  Item完成: 耗时45.9s | 总耗时1414.1min
  速率限制器状态: 可用令牌=960.0/960
  已保存中间结果 (886 条)

============================================================
处理 en_0987... (887/1375)
  质量组: high (4个候选笑话)
  质量组: medium (4个候选笑话)
  质量组: low (4个候选笑话)
  并发执行 3 个评估任务 (max_workers=3)...
    [路由] qwen3.6-27b -> DashScope API
    [路由] qwen3.6-27b -> DashScope API    [路由] qwen3.6-27b -> DashScope API

    [qwen3.6-27b] 决策: select | 选笑话编号: 3
    [qwen3.6-27b] 决策: create | 选笑话编号: None
    [qwen3.6-27b] 决策: select | 选笑话编号: 3

  Item完成: 耗时50.0s | 总耗时1415.0min
  速率限制器状态: 可用令牌=960.0/960
  已保存中间结果 (887 条)

============================================================
处理 en_0988... (888/1375)
  质量组: high (4个候选笑话)
  质量组: medium (4个候选笑话)
  质量组: low (4个候选笑话)
  并发执行 3 个评估任务 (max_workers=3)...
    [路由] qwen3.6-27b -> DashScope API    [路由] qwen3.6-27b -> DashScope API

    [路由] qwen3.6-27b -> DashScope API
    [qwen3.6-27b] 决策: select | 选笑话编号: 1
    [qwen3.6-27b] 决策: select | 选笑话编号: 2
    [qwen3.6-27b] 决策: create | 选笑话编号: None

  Item完成: 耗时62.5s | 总耗时1416.0min
  速率限制器状态: 可用令牌=960.0/960
  已保存中间结果 (888 条)

============================================================
处理 en_0989... (889/1375)
  质量组: high (4个候选笑话)
  质量组: medium (4个候选笑话)
  质量组: low (4个候选笑话)
  并发执行 3 个评估任务 (max_workers=3)...
    [路由] qwen3.6-27b -> DashScope API    [路由] qwen3.6-27b -> DashScope API

    [路由] qwen3.6-27b -> DashScope API
    [qwen3.6-27b] 决策: create | 选笑话编号: None
    [qwen3.6-27b] 决策: create | 选笑话编号: None
    [qwen3.6-27b] 决策: create | 选笑话编号: None

  Item完成: 耗时75.2s | 总耗时1417.3min
  速率限制器状态: 可用令牌=960.0/960
  已保存中间结果 (889 条)

============================================================
处理 en_0990... (890/1375)
  质量组: high (4个候选笑话)
  质量组: medium (4个候选笑话)
  质量组: low (4个候选笑话)
  并发执行 3 个评估任务 (max_workers=3)...
    [路由] qwen3.6-27b -> DashScope API    [路由] qwen3.6-27b -> DashScope API
    [路由] qwen3.6-27b -> DashScope API

    [qwen3.6-27b] 决策: select | 选笑话编号: 2
    [qwen3.6-27b] 决策: select | 选笑话编号: 3
    [qwen3.6-27b] 决策: create | 选笑话编号: None

  Item完成: 耗时23.4s | 总耗时1417.7min
  速率限制器状态: 可用令牌=960.0/960
  已保存中间结果 (890 条)

============================================================
处理 en_0991... (891/1375)
  质量组: high (4个候选笑话)
  质量组: medium (4个候选笑话)
  质量组: low (4个候选笑话)
  并发执行 3 个评估任务 (max_workers=3)...
    [路由] qwen3.6-27b -> DashScope API
    [路由] qwen3.6-27b -> DashScope API
    [路由] qwen3.6-27b -> DashScope API
    [qwen3.6-27b] 决策: select | 选笑话编号: 4
    [qwen3.6-27b] 决策: create | 选笑话编号: None
    [API] 可重试异常: HTTPSConnectionPool(host='dashscope.aliyuncs.com', port=443): Read timed out. (read timeout=300), 等待1.8s后重试 (1/5), model=qwen3.6-27b
    [qwen3.6-27b] 决策: create | 选笑话编号: None

  Item完成: 耗时358.4s | 总耗时1423.6min
  速率限制器状态: 可用令牌=960.0/960
  已保存中间结果 (891 条)

============================================================
处理 en_0992... (892/1375)
  质量组: high (4个候选笑话)
  质量组: medium (4个候选笑话)
  质量组: low (4个候选笑话)
  并发执行 3 个评估任务 (max_workers=3)...
    [路由] qwen3.6-27b -> DashScope API
    [路由] qwen3.6-27b -> DashScope API    [路由] qwen3.6-27b -> DashScope API

    [qwen3.6-27b] 决策: select | 选笑话编号: 2
    [qwen3.6-27b] 决策: create | 选笑话编号: None
    [qwen3.6-27b] 决策: select | 选笑话编号: 4

  Item完成: 耗时33.0s | 总耗时1424.2min
  速率限制器状态: 可用令牌=960.0/960
  已保存中间结果 (892 条)

============================================================
处理 en_0993... (893/1375)
  质量组: high (4个候选笑话)
  质量组: medium (4个候选笑话)
  质量组: low (4个候选笑话)
  并发执行 3 个评估任务 (max_workers=3)...
    [路由] qwen3.6-27b -> DashScope API
    [路由] qwen3.6-27b -> DashScope API    [路由] qwen3.6-27b -> DashScope API

    [qwen3.6-27b] 决策: select | 选笑话编号: 2
    [qwen3.6-27b] 决策: select | 选笑话编号: 3
    [qwen3.6-27b] 决策: create | 选笑话编号: None

  Item完成: 耗时46.3s | 总耗时1425.0min
  速率限制器状态: 可用令牌=960.0/960
  已保存中间结果 (893 条)

============================================================
处理 en_0994... (894/1375)
  质量组: high (4个候选笑话)
  质量组: medium (4个候选笑话)
  质量组: low (4个候选笑话)
  并发执行 3 个评估任务 (max_workers=3)...
    [路由] qwen3.6-27b -> DashScope API    [路由] qwen3.6-27b -> DashScope API
    [路由] qwen3.6-27b -> DashScope API

    [qwen3.6-27b] 决策: create | 选笑话编号: None
    [qwen3.6-27b] 决策: create | 选笑话编号: None
    [qwen3.6-27b] 决策: select | 选笑话编号: 2

  Item完成: 耗时113.4s | 总耗时1426.9min
  速率限制器状态: 可用令牌=960.0/960
  已保存中间结果 (894 条)

============================================================
处理 en_0995... (895/1375)
  质量组: high (4个候选笑话)
  质量组: medium (4个候选笑话)
  质量组: low (4个候选笑话)
  并发执行 3 个评估任务 (max_workers=3)...
    [路由] qwen3.6-27b -> DashScope API
    [路由] qwen3.6-27b -> DashScope API    [路由] qwen3.6-27b -> DashScope API

    [qwen3.6-27b] 决策: create | 选笑话编号: None
    [qwen3.6-27b] 决策: select | 选笑话编号: 2
    [API] 可重试异常: HTTPSConnectionPool(host='dashscope.aliyuncs.com', port=443): Read timed out. (read timeout=300), 等待1.8s后重试 (1/5), model=qwen3.6-27b
    [qwen3.6-27b] 决策: create | 选笑话编号: None

  Item完成: 耗时386.4s | 总耗时1433.3min
  速率限制器状态: 可用令牌=960.0/960
  已保存中间结果 (895 条)

============================================================
处理 en_0996... (896/1375)
  质量组: high (4个候选笑话)
  质量组: medium (4个候选笑话)
  质量组: low (4个候选笑话)
  并发执行 3 个评估任务 (max_workers=3)...
    [路由] qwen3.6-27b -> DashScope API    [路由] qwen3.6-27b -> DashScope API

    [路由] qwen3.6-27b -> DashScope API
    [qwen3.6-27b] 决策: select | 选笑话编号: 3
    [qwen3.6-27b] 决策: create | 选笑话编号: None
    [qwen3.6-27b] 决策: select | 选笑话编号: 3

  Item完成: 耗时74.9s | 总耗时1434.6min
  速率限制器状态: 可用令牌=960.0/960
  已保存中间结果 (896 条)

============================================================
处理 en_0997... (897/1375)
  质量组: high (4个候选笑话)
  质量组: medium (4个候选笑话)
  质量组: low (4个候选笑话)
  并发执行 3 个评估任务 (max_workers=3)...
    [路由] qwen3.6-27b -> DashScope API    [路由] qwen3.6-27b -> DashScope API
    [路由] qwen3.6-27b -> DashScope API

    [qwen3.6-27b] 决策: select | 选笑话编号: 2
    [qwen3.6-27b] 决策: create | 选笑话编号: None
    [qwen3.6-27b] 决策: create | 选笑话编号: None

  Item完成: 耗时59.2s | 总耗时1435.5min
  速率限制器状态: 可用令牌=960.0/960
  已保存中间结果 (897 条)

============================================================
处理 en_0998... (898/1375)
  质量组: high (4个候选笑话)
  质量组: medium (4个候选笑话)
  质量组: low (4个候选笑话)
  并发执行 3 个评估任务 (max_workers=3)...
    [路由] qwen3.6-27b -> DashScope API
    [路由] qwen3.6-27b -> DashScope API
    [路由] qwen3.6-27b -> DashScope API
    [qwen3.6-27b] 决策: select | 选笑话编号: 2
    [qwen3.6-27b] 决策: select | 选笑话编号: 2
    [qwen3.6-27b] 决策: create | 选笑话编号: None

  Item完成: 耗时36.6s | 总耗时1436.2min
  速率限制器状态: 可用令牌=960.0/960
  已保存中间结果 (898 条)

============================================================
处理 en_0999... (899/1375)
  质量组: high (4个候选笑话)
  质量组: medium (4个候选笑话)
  质量组: low (4个候选笑话)
  并发执行 3 个评估任务 (max_workers=3)...
    [路由] qwen3.6-27b -> DashScope API
    [路由] qwen3.6-27b -> DashScope API
    [路由] qwen3.6-27b -> DashScope API
    [qwen3.6-27b] 决策: select | 选笑话编号: 3
    [qwen3.6-27b] 决策: create | 选笑话编号: None
    [qwen3.6-27b] 决策: create | 选笑话编号: None

  Item完成: 耗时55.4s | 总耗时1437.1min
  速率限制器状态: 可用令牌=960.0/960
  已保存中间结果 (899 条)

============================================================
处理 en_1000... (900/1375)
  质量组: high (4个候选笑话)
  质量组: medium (4个候选笑话)
  质量组: low (4个候选笑话)
  并发执行 3 个评估任务 (max_workers=3)...
    [路由] qwen3.6-27b -> DashScope API
    [路由] qwen3.6-27b -> DashScope API    [路由] qwen3.6-27b -> DashScope API

    [qwen3.6-27b] 决策: select | 选笑话编号: 4
    [qwen3.6-27b] 决策: select | 选笑话编号: 4
    [qwen3.6-27b] 决策: select | 选笑话编号: 3

  Item完成: 耗时41.9s | 总耗时1437.8min
  速率限制器状态: 可用令牌=960.0/960
  已保存中间结果 (900 条)

============================================================
处理 en_1001... (901/1375)
  质量组: high (4个候选笑话)
  质量组: medium (4个候选笑话)
  质量组: low (4个候选笑话)
  并发执行 3 个评估任务 (max_workers=3)...
    [路由] qwen3.6-27b -> DashScope API
    [路由] qwen3.6-27b -> DashScope API    [路由] qwen3.6-27b -> DashScope API

    [qwen3.6-27b] 决策: select | 选笑话编号: 3
    [qwen3.6-27b] 决策: create | 选笑话编号: None
    [qwen3.6-27b] 决策: create | 选笑话编号: None

  Item完成: 耗时53.4s | 总耗时1438.7min
  速率限制器状态: 可用令牌=960.0/960
  已保存中间结果 (901 条)

============================================================
处理 en_1002... (902/1375)
  质量组: high (4个候选笑话)
  质量组: medium (4个候选笑话)
  质量组: low (4个候选笑话)
  并发执行 3 个评估任务 (max_workers=3)...
    [路由] qwen3.6-27b -> DashScope API
    [路由] qwen3.6-27b -> DashScope API    [路由] qwen3.6-27b -> DashScope API

    [qwen3.6-27b] 决策: select | 选笑话编号: 2
    [qwen3.6-27b] 决策: select | 选笑话编号: 4
    [qwen3.6-27b] 决策: select | 选笑话编号: 4

  Item完成: 耗时25.5s | 总耗时1439.1min
  速率限制器状态: 可用令牌=960.0/960
  已保存中间结果 (902 条)

============================================================
处理 en_1003... (903/1375)
  质量组: high (4个候选笑话)
  质量组: medium (4个候选笑话)
  质量组: low (4个候选笑话)
  并发执行 3 个评估任务 (max_workers=3)...
    [路由] qwen3.6-27b -> DashScope API
    [路由] qwen3.6-27b -> DashScope API
    [路由] qwen3.6-27b -> DashScope API
    [qwen3.6-27b] 决策: create | 选笑话编号: None
    [qwen3.6-27b] 决策: create | 选笑话编号: None
    [qwen3.6-27b] 决策: create | 选笑话编号: None

  Item完成: 耗时42.2s | 总耗时1439.8min
  速率限制器状态: 可用令牌=960.0/960
  已保存中间结果 (903 条)

============================================================
处理 en_1004... (904/1375)
  质量组: high (4个候选笑话)
  质量组: medium (4个候选笑话)
  质量组: low (4个候选笑话)
  并发执行 3 个评估任务 (max_workers=3)...
    [路由] qwen3.6-27b -> DashScope API
    [路由] qwen3.6-27b -> DashScope API    [路由] qwen3.6-27b -> DashScope API

    [qwen3.6-27b] 决策: select | 选笑话编号: 2
    [qwen3.6-27b] 决策: create | 选笑话编号: None
    [qwen3.6-27b] 决策: create | 选笑话编号: None

  Item完成: 耗时58.0s | 总耗时1440.8min
  速率限制器状态: 可用令牌=960.0/960
  已保存中间结果 (904 条)

============================================================
处理 en_1005... (905/1375)
  质量组: high (4个候选笑话)
  质量组: medium (4个候选笑话)
  质量组: low (4个候选笑话)
  并发执行 3 个评估任务 (max_workers=3)...
    [路由] qwen3.6-27b -> DashScope API    [路由] qwen3.6-27b -> DashScope API
    [路由] qwen3.6-27b -> DashScope API

    [qwen3.6-27b] 决策: select | 选笑话编号: 1
    [qwen3.6-27b] 决策: select | 选笑话编号: 2
    [qwen3.6-27b] 决策: create | 选笑话编号: None

  Item完成: 耗时45.3s | 总耗时1441.5min
  速率限制器状态: 可用令牌=960.0/960
  已保存中间结果 (905 条)

============================================================
处理 en_1006... (906/1375)
  质量组: high (4个候选笑话)
  质量组: medium (4个候选笑话)
  质量组: low (4个候选笑话)
  并发执行 3 个评估任务 (max_workers=3)...
    [路由] qwen3.6-27b -> DashScope API    [路由] qwen3.6-27b -> DashScope API
    [路由] qwen3.6-27b -> DashScope API

    [qwen3.6-27b] 决策: select | 选笑话编号: 4
    [qwen3.6-27b] 决策: select | 选笑话编号: 2
    [qwen3.6-27b] 决策: create | 选笑话编号: None

  Item完成: 耗时42.5s | 总耗时1442.3min
  速率限制器状态: 可用令牌=960.0/960
  已保存中间结果 (906 条)

============================================================
处理 en_1007... (907/1375)
  质量组: high (4个候选笑话)
  质量组: medium (4个候选笑话)
  质量组: low (4个候选笑话)
  并发执行 3 个评估任务 (max_workers=3)...
    [路由] qwen3.6-27b -> DashScope API
    [路由] qwen3.6-27b -> DashScope API    [路由] qwen3.6-27b -> DashScope API

    [qwen3.6-27b] 决策: select | 选笑话编号: 3
    [qwen3.6-27b] 决策: create | 选笑话编号: None
    [qwen3.6-27b] 决策: create | 选笑话编号: None

  Item完成: 耗时39.6s | 总耗时1442.9min
  速率限制器状态: 可用令牌=960.0/960
  已保存中间结果 (907 条)

============================================================
处理 en_1008... (908/1375)
  质量组: high (4个候选笑话)
  质量组: medium (4个候选笑话)
  质量组: low (4个候选笑话)
  并发执行 3 个评估任务 (max_workers=3)...
    [路由] qwen3.6-27b -> DashScope API    [路由] qwen3.6-27b -> DashScope API
    [路由] qwen3.6-27b -> DashScope API

    [qwen3.6-27b] 决策: select | 选笑话编号: 4
    [qwen3.6-27b] 决策: create | 选笑话编号: None
    [qwen3.6-27b] 决策: create | 选笑话编号: None

  Item完成: 耗时59.9s | 总耗时1443.9min
  速率限制器状态: 可用令牌=960.0/960
  已保存中间结果 (908 条)

============================================================
处理 en_1009... (909/1375)
  质量组: high (4个候选笑话)
  质量组: medium (4个候选笑话)
  质量组: low (4个候选笑话)
  并发执行 3 个评估任务 (max_workers=3)...
    [路由] qwen3.6-27b -> DashScope API
    [路由] qwen3.6-27b -> DashScope API    [路由] qwen3.6-27b -> DashScope API

    [qwen3.6-27b] 决策: create | 选笑话编号: None
    [qwen3.6-27b] 决策: select | 选笑话编号: 4
    [qwen3.6-27b] 决策: create | 选笑话编号: None

  Item完成: 耗时83.3s | 总耗时1445.3min
  速率限制器状态: 可用令牌=960.0/960
  已保存中间结果 (909 条)

============================================================
处理 en_1010... (910/1375)
  质量组: high (4个候选笑话)
  质量组: medium (4个候选笑话)
  质量组: low (4个候选笑话)
  并发执行 3 个评估任务 (max_workers=3)...
    [路由] qwen3.6-27b -> DashScope API
    [路由] qwen3.6-27b -> DashScope API    [路由] qwen3.6-27b -> DashScope API

    [qwen3.6-27b] 决策: select | 选笑话编号: 3
    [qwen3.6-27b] 决策: select | 选笑话编号: 1
    [qwen3.6-27b] 决策: create | 选笑话编号: None

  Item完成: 耗时64.5s | 总耗时1446.4min
  速率限制器状态: 可用令牌=960.0/960
  已保存中间结果 (910 条)

============================================================
处理 en_1011... (911/1375)
  质量组: high (4个候选笑话)
  质量组: medium (4个候选笑话)
  质量组: low (4个候选笑话)
  并发执行 3 个评估任务 (max_workers=3)...
    [路由] qwen3.6-27b -> DashScope API
    [路由] qwen3.6-27b -> DashScope API    [路由] qwen3.6-27b -> DashScope API

    [qwen3.6-27b] 决策: select | 选笑话编号: 2
    [qwen3.6-27b] 决策: select | 选笑话编号: 2
    [qwen3.6-27b] 决策: create | 选笑话编号: None

  Item完成: 耗时29.3s | 总耗时1446.9min
  速率限制器状态: 可用令牌=960.0/960
  已保存中间结果 (911 条)

============================================================
处理 en_1012... (912/1375)
  质量组: high (4个候选笑话)
  质量组: medium (4个候选笑话)
  质量组: low (4个候选笑话)
  并发执行 3 个评估任务 (max_workers=3)...
    [路由] qwen3.6-27b -> DashScope API
    [路由] qwen3.6-27b -> DashScope API
    [路由] qwen3.6-27b -> DashScope API
    [qwen3.6-27b] 决策: select | 选笑话编号: 4
    [qwen3.6-27b] 决策: create | 选笑话编号: None
    [qwen3.6-27b] 决策: create | 选笑话编号: None

  Item完成: 耗时88.3s | 总耗时1448.4min
  速率限制器状态: 可用令牌=960.0/960
  已保存中间结果 (912 条)

============================================================
处理 en_1013... (913/1375)
  质量组: high (4个候选笑话)
  质量组: medium (4个候选笑话)
  质量组: low (4个候选笑话)
  并发执行 3 个评估任务 (max_workers=3)...
    [路由] qwen3.6-27b -> DashScope API
    [路由] qwen3.6-27b -> DashScope API
    [路由] qwen3.6-27b -> DashScope API
    [qwen3.6-27b] 决策: create | 选笑话编号: None
    [API] 可重试异常: HTTPSConnectionPool(host='dashscope.aliyuncs.com', port=443): Read timed out. (read timeout=300), 等待1.5s后重试 (1/5), model=qwen3.6-27b    [API] 可重试异常: HTTPSConnectionPool(host='dashscope.aliyuncs.com', port=443): Read timed out. (read timeout=300), 等待1.7s后重试 (1/5), model=qwen3.6-27b

    [qwen3.6-27b] 决策: create | 选笑话编号: None
    [qwen3.6-27b] 决策: create | 选笑话编号: None

  Item完成: 耗时374.9s | 总耗时1454.6min
  速率限制器状态: 可用令牌=960.0/960
  已保存中间结果 (913 条)

============================================================
处理 en_1014... (914/1375)
  质量组: high (4个候选笑话)
  质量组: medium (4个候选笑话)
  质量组: low (4个候选笑话)
  并发执行 3 个评估任务 (max_workers=3)...
    [路由] qwen3.6-27b -> DashScope API    [路由] qwen3.6-27b -> DashScope API

    [路由] qwen3.6-27b -> DashScope API
    [qwen3.6-27b] 决策: select | 选笑话编号: 2
    [qwen3.6-27b] 决策: select | 选笑话编号: 3
    [API] 可重试异常: HTTPSConnectionPool(host='dashscope.aliyuncs.com', port=443): Read timed out. (read timeout=300), 等待2.2s后重试 (1/5), model=qwen3.6-27b
    [qwen3.6-27b] 决策: create | 选笑话编号: None

  Item完成: 耗时359.7s | 总耗时1460.6min
  速率限制器状态: 可用令牌=960.0/960
  已保存中间结果 (914 条)

============================================================
处理 en_1015... (915/1375)
  质量组: high (4个候选笑话)
  质量组: medium (4个候选笑话)
  质量组: low (4个候选笑话)
  并发执行 3 个评估任务 (max_workers=3)...
    [路由] qwen3.6-27b -> DashScope API
    [路由] qwen3.6-27b -> DashScope API
    [路由] qwen3.6-27b -> DashScope API
    [qwen3.6-27b] 决策: select | 选笑话编号: 1
    [qwen3.6-27b] 决策: create | 选笑话编号: None
    [qwen3.6-27b] 决策: select | 选笑话编号: 4

  Item完成: 耗时25.6s | 总耗时1461.0min
  速率限制器状态: 可用令牌=960.0/960
  已保存中间结果 (915 条)

============================================================
处理 en_1016... (916/1375)
  质量组: high (4个候选笑话)
  质量组: medium (4个候选笑话)
  质量组: low (4个候选笑话)
  并发执行 3 个评估任务 (max_workers=3)...
    [路由] qwen3.6-27b -> DashScope API
    [路由] qwen3.6-27b -> DashScope API
    [路由] qwen3.6-27b -> DashScope API
    [qwen3.6-27b] 决策: select | 选笑话编号: 4
    [qwen3.6-27b] 决策: select | 选笑话编号: 4
    [qwen3.6-27b] 决策: create | 选笑话编号: None

  Item完成: 耗时58.1s | 总耗时1462.0min
  速率限制器状态: 可用令牌=960.0/960
  已保存中间结果 (916 条)

============================================================
处理 en_1017... (917/1375)
  质量组: high (4个候选笑话)
  质量组: medium (4个候选笑话)
  质量组: low (4个候选笑话)
  并发执行 3 个评估任务 (max_workers=3)...
    [路由] qwen3.6-27b -> DashScope API    [路由] qwen3.6-27b -> DashScope API

    [路由] qwen3.6-27b -> DashScope API
    [qwen3.6-27b] 决策: select | 选笑话编号: 4
    [qwen3.6-27b] 决策: select | 选笑话编号: 2
    [qwen3.6-27b] 决策: create | 选笑话编号: None

  Item完成: 耗时38.3s | 总耗时1462.7min
  速率限制器状态: 可用令牌=960.0/960
  已保存中间结果 (917 条)

============================================================
处理 en_1018... (918/1375)
  质量组: high (4个候选笑话)
  质量组: medium (4个候选笑话)
  质量组: low (4个候选笑话)
  并发执行 3 个评估任务 (max_workers=3)...
    [路由] qwen3.6-27b -> DashScope API
    [路由] qwen3.6-27b -> DashScope API    [路由] qwen3.6-27b -> DashScope API

    [qwen3.6-27b] 决策: create | 选笑话编号: None
    [qwen3.6-27b] 决策: create | 选笑话编号: None
    [qwen3.6-27b] 决策: create | 选笑话编号: None

  Item完成: 耗时130.0s | 总耗时1464.8min
  速率限制器状态: 可用令牌=960.0/960
  已保存中间结果 (918 条)

============================================================
处理 en_1019... (919/1375)
  质量组: high (4个候选笑话)
  质量组: medium (4个候选笑话)
  质量组: low (4个候选笑话)
  并发执行 3 个评估任务 (max_workers=3)...
    [路由] qwen3.6-27b -> DashScope API
    [路由] qwen3.6-27b -> DashScope API
    [路由] qwen3.6-27b -> DashScope API
    [qwen3.6-27b] 决策: select | 选笑话编号: 4
    [qwen3.6-27b] 决策: create | 选笑话编号: None
    [qwen3.6-27b] 决策: select | 选笑话编号: 1

  Item完成: 耗时58.2s | 总耗时1465.8min
  速率限制器状态: 可用令牌=960.0/960
  已保存中间结果 (919 条)

============================================================
处理 en_1020... (920/1375)
  质量组: high (4个候选笑话)
  质量组: medium (4个候选笑话)
  质量组: low (4个候选笑话)
  并发执行 3 个评估任务 (max_workers=3)...
    [路由] qwen3.6-27b -> DashScope API
    [路由] qwen3.6-27b -> DashScope API    [路由] qwen3.6-27b -> DashScope API

    [qwen3.6-27b] 决策: select | 选笑话编号: 2
    [qwen3.6-27b] 决策: select | 选笑话编号: 3
    [qwen3.6-27b] 决策: create | 选笑话编号: None

  Item完成: 耗时41.5s | 总耗时1466.5min
  速率限制器状态: 可用令牌=960.0/960
  已保存中间结果 (920 条)

============================================================
处理 en_1021... (921/1375)
  质量组: high (4个候选笑话)
  质量组: medium (4个候选笑话)
  质量组: low (4个候选笑话)
  并发执行 3 个评估任务 (max_workers=3)...
    [路由] qwen3.6-27b -> DashScope API
    [路由] qwen3.6-27b -> DashScope API    [路由] qwen3.6-27b -> DashScope API

    [qwen3.6-27b] 决策: select | 选笑话编号: 2
    [qwen3.6-27b] 决策: select | 选笑话编号: 2
    [qwen3.6-27b] 决策: create | 选笑话编号: None

  Item完成: 耗时54.9s | 总耗时1467.4min
  速率限制器状态: 可用令牌=960.0/960
  已保存中间结果 (921 条)

============================================================
处理 en_1022... (922/1375)
  质量组: high (4个候选笑话)
  质量组: medium (4个候选笑话)
  质量组: low (4个候选笑话)
  并发执行 3 个评估任务 (max_workers=3)...
    [路由] qwen3.6-27b -> DashScope API
    [路由] qwen3.6-27b -> DashScope API
    [路由] qwen3.6-27b -> DashScope API
    [qwen3.6-27b] 决策: create | 选笑话编号: None
    [qwen3.6-27b] 决策: create | 选笑话编号: None
    [qwen3.6-27b] 决策: create | 选笑话编号: None

  Item完成: 耗时40.0s | 总耗时1468.1min
  速率限制器状态: 可用令牌=960.0/960
  已保存中间结果 (922 条)

============================================================
处理 en_1023... (923/1375)
  质量组: high (4个候选笑话)
  质量组: medium (4个候选笑话)
  质量组: low (4个候选笑话)
  并发执行 3 个评估任务 (max_workers=3)...
    [路由] qwen3.6-27b -> DashScope API    [路由] qwen3.6-27b -> DashScope API
    [路由] qwen3.6-27b -> DashScope API

    [qwen3.6-27b] 决策: select | 选笑话编号: 2
    [qwen3.6-27b] 决策: create | 选笑话编号: None
    [qwen3.6-27b] 决策: create | 选笑话编号: None

  Item完成: 耗时95.4s | 总耗时1469.7min
  速率限制器状态: 可用令牌=960.0/960
  已保存中间结果 (923 条)

============================================================
处理 en_1024... (924/1375)
  质量组: high (4个候选笑话)
  质量组: medium (4个候选笑话)
  质量组: low (4个候选笑话)
  并发执行 3 个评估任务 (max_workers=3)...
    [路由] qwen3.6-27b -> DashScope API    [路由] qwen3.6-27b -> DashScope API

    [路由] qwen3.6-27b -> DashScope API
    [qwen3.6-27b] 决策: select | 选笑话编号: 1
    [qwen3.6-27b] 决策: select | 选笑话编号: 4
    [qwen3.6-27b] 决策: create | 选笑话编号: None

  Item完成: 耗时79.8s | 总耗时1471.0min
  速率限制器状态: 可用令牌=960.0/960
  已保存中间结果 (924 条)

============================================================
处理 en_1025... (925/1375)
  质量组: high (4个候选笑话)
  质量组: medium (4个候选笑话)
  质量组: low (4个候选笑话)
  并发执行 3 个评估任务 (max_workers=3)...
    [路由] qwen3.6-27b -> DashScope API
    [路由] qwen3.6-27b -> DashScope API
    [路由] qwen3.6-27b -> DashScope API
    [qwen3.6-27b] 决策: select | 选笑话编号: 2
    [qwen3.6-27b] 决策: create | 选笑话编号: None
    [qwen3.6-27b] 决策: select | 选笑话编号: 2

  Item完成: 耗时66.2s | 总耗时1472.1min
  速率限制器状态: 可用令牌=960.0/960
  已保存中间结果 (925 条)

============================================================
处理 en_1026... (926/1375)
  质量组: high (4个候选笑话)
  质量组: medium (4个候选笑话)
  质量组: low (4个候选笑话)
  并发执行 3 个评估任务 (max_workers=3)...
    [路由] qwen3.6-27b -> DashScope API
    [路由] qwen3.6-27b -> DashScope API    [路由] qwen3.6-27b -> DashScope API

    [qwen3.6-27b] 决策: select | 选笑话编号: 2
    [qwen3.6-27b] 决策: create | 选笑话编号: None
    [qwen3.6-27b] 决策: create | 选笑话编号: None

  Item完成: 耗时98.5s | 总耗时1473.8min
  速率限制器状态: 可用令牌=960.0/960
  已保存中间结果 (926 条)

============================================================
处理 en_1027... (927/1375)
  质量组: high (4个候选笑话)
  质量组: medium (4个候选笑话)
  质量组: low (4个候选笑话)
  并发执行 3 个评估任务 (max_workers=3)...
    [路由] qwen3.6-27b -> DashScope API
    [路由] qwen3.6-27b -> DashScope API    [路由] qwen3.6-27b -> DashScope API

    [qwen3.6-27b] 决策: create | 选笑话编号: None
    [qwen3.6-27b] 决策: create | 选笑话编号: None
    [qwen3.6-27b] 决策: create | 选笑话编号: None

  Item完成: 耗时59.2s | 总耗时1474.8min
  速率限制器状态: 可用令牌=960.0/960
  已保存中间结果 (927 条)

============================================================
处理 en_1028... (928/1375)
  质量组: high (4个候选笑话)
  质量组: medium (4个候选笑话)
  质量组: low (4个候选笑话)
  并发执行 3 个评估任务 (max_workers=3)...
    [路由] qwen3.6-27b -> DashScope API    [路由] qwen3.6-27b -> DashScope API

    [路由] qwen3.6-27b -> DashScope API
    [qwen3.6-27b] 决策: select | 选笑话编号: 4
    [qwen3.6-27b] 决策: select | 选笑话编号: 4
    [qwen3.6-27b] 决策: create | 选笑话编号: None

  Item完成: 耗时89.5s | 总耗时1476.2min
  速率限制器状态: 可用令牌=960.0/960
  已保存中间结果 (928 条)

============================================================
处理 en_1029... (929/1375)
  质量组: high (4个候选笑话)
  质量组: medium (4个候选笑话)
  质量组: low (4个候选笑话)
  并发执行 3 个评估任务 (max_workers=3)...
    [路由] qwen3.6-27b -> DashScope API
    [路由] qwen3.6-27b -> DashScope API    [路由] qwen3.6-27b -> DashScope API

    [qwen3.6-27b] 决策: select | 选笑话编号: 3
    [qwen3.6-27b] 决策: select | 选笑话编号: 4
    [qwen3.6-27b] 决策: create | 选笑话编号: None

  Item完成: 耗时36.6s | 总耗时1476.9min
  速率限制器状态: 可用令牌=960.0/960
  已保存中间结果 (929 条)

============================================================
处理 en_1030... (930/1375)
  质量组: high (4个候选笑话)
  质量组: medium (4个候选笑话)
  质量组: low (4个候选笑话)
  并发执行 3 个评估任务 (max_workers=3)...
    [路由] qwen3.6-27b -> DashScope API    [路由] qwen3.6-27b -> DashScope API
    [路由] qwen3.6-27b -> DashScope API

    [qwen3.6-27b] 决策: select | 选笑话编号: 2
    [qwen3.6-27b] 决策: select | 选笑话编号: 3
    [qwen3.6-27b] 决策: create | 选笑话编号: None

  Item完成: 耗时42.4s | 总耗时1477.6min
  速率限制器状态: 可用令牌=960.0/960
  已保存中间结果 (930 条)

============================================================
处理 en_1031... (931/1375)
  质量组: high (4个候选笑话)
  质量组: medium (4个候选笑话)
  质量组: low (4个候选笑话)
  并发执行 3 个评估任务 (max_workers=3)...
    [路由] qwen3.6-27b -> DashScope API
    [路由] qwen3.6-27b -> DashScope API    [路由] qwen3.6-27b -> DashScope API

    [qwen3.6-27b] 决策: select | 选笑话编号: 1
    [qwen3.6-27b] 决策: select | 选笑话编号: 1
    [qwen3.6-27b] 决策: select | 选笑话编号: 2

  Item完成: 耗时31.4s | 总耗时1478.1min
  速率限制器状态: 可用令牌=960.0/960
  已保存中间结果 (931 条)

============================================================
处理 en_1032... (932/1375)
  质量组: high (4个候选笑话)
  质量组: medium (4个候选笑话)
  质量组: low (4个候选笑话)
  并发执行 3 个评估任务 (max_workers=3)...
    [路由] qwen3.6-27b -> DashScope API
    [路由] qwen3.6-27b -> DashScope API
    [路由] qwen3.6-27b -> DashScope API
    [qwen3.6-27b] 决策: select | 选笑话编号: 2
    [qwen3.6-27b] 决策: select | 选笑话编号: 1
    [qwen3.6-27b] 决策: create | 选笑话编号: None

  Item完成: 耗时37.2s | 总耗时1478.7min
  速率限制器状态: 可用令牌=960.0/960
  已保存中间结果 (932 条)

============================================================
处理 en_1033... (933/1375)
  质量组: high (4个候选笑话)
  质量组: medium (4个候选笑话)
  质量组: low (4个候选笑话)
  并发执行 3 个评估任务 (max_workers=3)...
    [路由] qwen3.6-27b -> DashScope API    [路由] qwen3.6-27b -> DashScope API

    [路由] qwen3.6-27b -> DashScope API
    [qwen3.6-27b] 决策: create | 选笑话编号: None
    [qwen3.6-27b] 决策: create | 选笑话编号: None
    [API] 可重试异常: HTTPSConnectionPool(host='dashscope.aliyuncs.com', port=443): Read timed out. (read timeout=300), 等待2.0s后重试 (1/5), model=qwen3.6-27b
    [API] 可重试异常: HTTPSConnectionPool(host='dashscope.aliyuncs.com', port=443): Read timed out. (read timeout=300), 等待4.0s后重试 (2/5), model=qwen3.6-27b
    [qwen3.6-27b] 决策: create | 选笑话编号: None

  Item完成: 耗时633.1s | 总耗时1489.3min
  速率限制器状态: 可用令牌=960.0/960
  已保存中间结果 (933 条)

============================================================
处理 en_1034... (934/1375)
  质量组: high (4个候选笑话)
  质量组: medium (4个候选笑话)
  质量组: low (4个候选笑话)
  并发执行 3 个评估任务 (max_workers=3)...
    [路由] qwen3.6-27b -> DashScope API
    [路由] qwen3.6-27b -> DashScope API
    [路由] qwen3.6-27b -> DashScope API
    [qwen3.6-27b] 决策: select | 选笑话编号: 4
    [qwen3.6-27b] 决策: select | 选笑话编号: 1
    [qwen3.6-27b] 决策: create | 选笑话编号: None

  Item完成: 耗时66.9s | 总耗时1490.4min
  速率限制器状态: 可用令牌=960.0/960
  已保存中间结果 (934 条)

============================================================
处理 en_1035... (935/1375)
  质量组: high (4个候选笑话)
  质量组: medium (4个候选笑话)
  质量组: low (4个候选笑话)
  并发执行 3 个评估任务 (max_workers=3)...
    [路由] qwen3.6-27b -> DashScope API    [路由] qwen3.6-27b -> DashScope API

    [路由] qwen3.6-27b -> DashScope API
    [qwen3.6-27b] 决策: select | 选笑话编号: 2
    [qwen3.6-27b] 决策: create | 选笑话编号: None
    [API] 可重试异常: HTTPSConnectionPool(host='dashscope.aliyuncs.com', port=443): Read timed out. (read timeout=300), 等待1.6s后重试 (1/5), model=qwen3.6-27b
    [qwen3.6-27b] 决策: create | 选笑话编号: None

  Item完成: 耗时352.6s | 总耗时1496.3min
  速率限制器状态: 可用令牌=960.0/960
  已保存中间结果 (935 条)

============================================================
处理 en_1036... (936/1375)
  质量组: high (4个候选笑话)
  质量组: medium (4个候选笑话)
  质量组: low (4个候选笑话)
  并发执行 3 个评估任务 (max_workers=3)...
    [路由] qwen3.6-27b -> DashScope API
    [路由] qwen3.6-27b -> DashScope API    [路由] qwen3.6-27b -> DashScope API

    [qwen3.6-27b] 决策: select | 选笑话编号: 2
    [qwen3.6-27b] 决策: create | 选笑话编号: None
    [qwen3.6-27b] 决策: select | 选笑话编号: 1

  Item完成: 耗时92.4s | 总耗时1497.8min
  速率限制器状态: 可用令牌=960.0/960
  已保存中间结果 (936 条)

============================================================
处理 en_1037... (937/1375)
  质量组: high (4个候选笑话)
  质量组: medium (4个候选笑话)
  质量组: low (4个候选笑话)
  并发执行 3 个评估任务 (max_workers=3)...
    [路由] qwen3.6-27b -> DashScope API
    [路由] qwen3.6-27b -> DashScope API    [路由] qwen3.6-27b -> DashScope API

    [qwen3.6-27b] 决策: select | 选笑话编号: 3
    [qwen3.6-27b] 决策: select | 选笑话编号: 2
    [qwen3.6-27b] 决策: create | 选笑话编号: None

  Item完成: 耗时45.9s | 总耗时1498.6min
  速率限制器状态: 可用令牌=960.0/960
  已保存中间结果 (937 条)

============================================================
处理 en_1038... (938/1375)
  质量组: high (4个候选笑话)
  质量组: medium (4个候选笑话)
  质量组: low (4个候选笑话)
  并发执行 3 个评估任务 (max_workers=3)...
    [路由] qwen3.6-27b -> DashScope API
    [路由] qwen3.6-27b -> DashScope API    [路由] qwen3.6-27b -> DashScope API

    [qwen3.6-27b] 决策: create | 选笑话编号: None
    [qwen3.6-27b] 决策: create | 选笑话编号: None
    [qwen3.6-27b] 决策: create | 选笑话编号: None

  Item完成: 耗时57.9s | 总耗时1499.6min
  速率限制器状态: 可用令牌=960.0/960
  已保存中间结果 (938 条)

============================================================
处理 en_1039... (939/1375)
  质量组: high (4个候选笑话)
  质量组: medium (4个候选笑话)
  质量组: low (4个候选笑话)
  并发执行 3 个评估任务 (max_workers=3)...
    [路由] qwen3.6-27b -> DashScope API
    [路由] qwen3.6-27b -> DashScope API
    [路由] qwen3.6-27b -> DashScope API
    [qwen3.6-27b] 决策: select | 选笑话编号: 2
    [qwen3.6-27b] 决策: create | 选笑话编号: None
    [API] 可重试异常: HTTPSConnectionPool(host='dashscope.aliyuncs.com', port=443): Read timed out. (read timeout=300), 等待2.0s后重试 (1/5), model=qwen3.6-27b
    [qwen3.6-27b] 决策: select | 选笑话编号: 2

  Item完成: 耗时353.9s | 总耗时1505.5min
  速率限制器状态: 可用令牌=960.0/960
  已保存中间结果 (939 条)

============================================================
处理 en_1040... (940/1375)
  质量组: high (4个候选笑话)
  质量组: medium (4个候选笑话)
  质量组: low (4个候选笑话)
  并发执行 3 个评估任务 (max_workers=3)...
    [路由] qwen3.6-27b -> DashScope API    [路由] qwen3.6-27b -> DashScope API
    [路由] qwen3.6-27b -> DashScope API

    [qwen3.6-27b] 决策: create | 选笑话编号: None
    [qwen3.6-27b] 决策: create | 选笑话编号: None
    [API] 可重试异常: HTTPSConnectionPool(host='dashscope.aliyuncs.com', port=443): Read timed out. (read timeout=300), 等待2.2s后重试 (1/5), model=qwen3.6-27b
    [qwen3.6-27b] 决策: select | 选笑话编号: 2

  Item完成: 耗时325.5s | 总耗时1510.9min
  速率限制器状态: 可用令牌=960.0/960
  已保存中间结果 (940 条)

============================================================
处理 en_1041... (941/1375)
  质量组: high (4个候选笑话)
  质量组: medium (4个候选笑话)
  质量组: low (4个候选笑话)
  并发执行 3 个评估任务 (max_workers=3)...
    [路由] qwen3.6-27b -> DashScope API
    [路由] qwen3.6-27b -> DashScope API
    [路由] qwen3.6-27b -> DashScope API
    [qwen3.6-27b] 决策: select | 选笑话编号: 2
    [qwen3.6-27b] 决策: create | 选笑话编号: None
    [qwen3.6-27b] 决策: create | 选笑话编号: None

  Item完成: 耗时41.3s | 总耗时1511.6min
  速率限制器状态: 可用令牌=960.0/960
  已保存中间结果 (941 条)

============================================================
处理 en_1042... (942/1375)
  质量组: high (4个候选笑话)
  质量组: medium (4个候选笑话)
  质量组: low (4个候选笑话)
  并发执行 3 个评估任务 (max_workers=3)...
    [路由] qwen3.6-27b -> DashScope API
    [路由] qwen3.6-27b -> DashScope API    [路由] qwen3.6-27b -> DashScope API

    [qwen3.6-27b] 决策: select | 选笑话编号: 3
    [qwen3.6-27b] 决策: create | 选笑话编号: None
    [qwen3.6-27b] 决策: create | 选笑话编号: None

  Item完成: 耗时43.0s | 总耗时1512.3min
  速率限制器状态: 可用令牌=960.0/960
  已保存中间结果 (942 条)

============================================================
处理 en_1043... (943/1375)
  质量组: high (4个候选笑话)
  质量组: medium (4个候选笑话)
  质量组: low (4个候选笑话)
  并发执行 3 个评估任务 (max_workers=3)...
    [路由] qwen3.6-27b -> DashScope API
    [路由] qwen3.6-27b -> DashScope API    [路由] qwen3.6-27b -> DashScope API

    [API] JSON解析失败: JSON解析失败: Extra data: line 7 column 1 (char 598), model=qwen3.6-27b
    [qwen3.6-27b] 决策:  | 选笑话编号: ?
    [qwen3.6-27b] 决策: select | 选笑话编号: 3
    [qwen3.6-27b] 决策: create | 选笑话编号: None

  Item完成: 耗时61.2s | 总耗时1513.3min
  速率限制器状态: 可用令牌=960.0/960
  已保存中间结果 (943 条)

============================================================
处理 en_1044... (944/1375)
  质量组: high (4个候选笑话)
  质量组: medium (4个候选笑话)
  质量组: low (4个候选笑话)
  并发执行 3 个评估任务 (max_workers=3)...
    [路由] qwen3.6-27b -> DashScope API
    [路由] qwen3.6-27b -> DashScope API    [路由] qwen3.6-27b -> DashScope API

    [qwen3.6-27b] 决策: create | 选笑话编号: None
    [qwen3.6-27b] 决策: select | 选笑话编号: 4
    [qwen3.6-27b] 决策: create | 选笑话编号: None

  Item完成: 耗时62.9s | 总耗时1514.4min
  速率限制器状态: 可用令牌=960.0/960
  已保存中间结果 (944 条)

============================================================
处理 en_1045... (945/1375)
  质量组: high (4个候选笑话)
  质量组: medium (4个候选笑话)
  质量组: low (4个候选笑话)
  并发执行 3 个评估任务 (max_workers=3)...
    [路由] qwen3.6-27b -> DashScope API    [路由] qwen3.6-27b -> DashScope API

    [路由] qwen3.6-27b -> DashScope API
    [qwen3.6-27b] 决策: select | 选笑话编号: 2
    [qwen3.6-27b] 决策: create | 选笑话编号: None
    [qwen3.6-27b] 决策: create | 选笑话编号: None

  Item完成: 耗时44.3s | 总耗时1515.1min
  速率限制器状态: 可用令牌=960.0/960
  已保存中间结果 (945 条)

============================================================
处理 en_1046... (946/1375)
  质量组: high (4个候选笑话)
  质量组: medium (4个候选笑话)
  质量组: low (4个候选笑话)
  并发执行 3 个评估任务 (max_workers=3)...
    [路由] qwen3.6-27b -> DashScope API
    [路由] qwen3.6-27b -> DashScope API
    [路由] qwen3.6-27b -> DashScope API
    [qwen3.6-27b] 决策: select | 选笑话编号: 3
    [qwen3.6-27b] 决策: create | 选笑话编号: None
    [qwen3.6-27b] 决策: create | 选笑话编号: None

  Item完成: 耗时53.7s | 总耗时1516.0min
  速率限制器状态: 可用令牌=960.0/960
  已保存中间结果 (946 条)

============================================================
处理 en_1047... (947/1375)
  质量组: high (4个候选笑话)
  质量组: medium (4个候选笑话)
  质量组: low (4个候选笑话)
  并发执行 3 个评估任务 (max_workers=3)...
    [路由] qwen3.6-27b -> DashScope API
    [路由] qwen3.6-27b -> DashScope API    [路由] qwen3.6-27b -> DashScope API

    [qwen3.6-27b] 决策: select | 选笑话编号: 3
    [qwen3.6-27b] 决策: create | 选笑话编号: None
    [qwen3.6-27b] 决策: create | 选笑话编号: None

  Item完成: 耗时44.8s | 总耗时1516.8min
  速率限制器状态: 可用令牌=960.0/960
  已保存中间结果 (947 条)

============================================================
处理 en_1048... (948/1375)
  质量组: high (4个候选笑话)
  质量组: medium (4个候选笑话)
  质量组: low (4个候选笑话)
  并发执行 3 个评估任务 (max_workers=3)...
    [路由] qwen3.6-27b -> DashScope API
    [路由] qwen3.6-27b -> DashScope API    [路由] qwen3.6-27b -> DashScope API

    [qwen3.6-27b] 决策: select | 选笑话编号: 1
    [qwen3.6-27b] 决策: select | 选笑话编号: 1
    [qwen3.6-27b] 决策: create | 选笑话编号: None

  Item完成: 耗时88.1s | 总耗时1518.2min
  速率限制器状态: 可用令牌=960.0/960
  已保存中间结果 (948 条)

============================================================
处理 en_1049... (949/1375)
  质量组: high (4个候选笑话)
  质量组: medium (4个候选笑话)
  质量组: low (4个候选笑话)
  并发执行 3 个评估任务 (max_workers=3)...
    [路由] qwen3.6-27b -> DashScope API    [路由] qwen3.6-27b -> DashScope API
    [路由] qwen3.6-27b -> DashScope API

    [qwen3.6-27b] 决策: select | 选笑话编号: 4
    [qwen3.6-27b] 决策: create | 选笑话编号: None
    [qwen3.6-27b] 决策: select | 选笑话编号: 3

  Item完成: 耗时48.5s | 总耗时1519.1min
  速率限制器状态: 可用令牌=960.0/960
  已保存中间结果 (949 条)

============================================================
处理 en_1050... (950/1375)
  质量组: high (4个候选笑话)
  质量组: medium (4个候选笑话)
  质量组: low (4个候选笑话)
  并发执行 3 个评估任务 (max_workers=3)...
    [路由] qwen3.6-27b -> DashScope API    [路由] qwen3.6-27b -> DashScope API
    [路由] qwen3.6-27b -> DashScope API

    [qwen3.6-27b] 决策: create | 选笑话编号: None
    [qwen3.6-27b] 决策: create | 选笑话编号: None
    [qwen3.6-27b] 决策: create | 选笑话编号: None

  Item完成: 耗时69.2s | 总耗时1520.2min
  速率限制器状态: 可用令牌=960.0/960
  已保存中间结果 (950 条)

============================================================
处理 en_1051... (951/1375)
  质量组: high (4个候选笑话)
  质量组: medium (4个候选笑话)
  质量组: low (4个候选笑话)
  并发执行 3 个评估任务 (max_workers=3)...
    [路由] qwen3.6-27b -> DashScope API
    [路由] qwen3.6-27b -> DashScope API
    [路由] qwen3.6-27b -> DashScope API
    [qwen3.6-27b] 决策: create | 选笑话编号: None
    [qwen3.6-27b] 决策: create | 选笑话编号: None
    [qwen3.6-27b] 决策: select | 选笑话编号: 4

  Item完成: 耗时99.4s | 总耗时1521.9min
  速率限制器状态: 可用令牌=960.0/960
  已保存中间结果 (951 条)

============================================================
处理 en_1052... (952/1375)
  质量组: high (4个候选笑话)
  质量组: medium (4个候选笑话)
  质量组: low (4个候选笑话)
  并发执行 3 个评估任务 (max_workers=3)...
    [路由] qwen3.6-27b -> DashScope API
    [路由] qwen3.6-27b -> DashScope API    [路由] qwen3.6-27b -> DashScope API

    [qwen3.6-27b] 决策: select | 选笑话编号: 2
    [qwen3.6-27b] 决策: select | 选笑话编号: 4
    [qwen3.6-27b] 决策: select | 选笑话编号: 2

  Item完成: 耗时48.5s | 总耗时1522.7min
  速率限制器状态: 可用令牌=960.0/960
  已保存中间结果 (952 条)

============================================================
处理 en_1053... (953/1375)
  质量组: high (4个候选笑话)
  质量组: medium (4个候选笑话)
  质量组: low (4个候选笑话)
  并发执行 3 个评估任务 (max_workers=3)...
    [路由] qwen3.6-27b -> DashScope API
    [路由] qwen3.6-27b -> DashScope API    [路由] qwen3.6-27b -> DashScope API

    [qwen3.6-27b] 决策: select | 选笑话编号: 4
    [qwen3.6-27b] 决策: select | 选笑话编号: 2
    [qwen3.6-27b] 决策: create | 选笑话编号: None

  Item完成: 耗时46.1s | 总耗时1523.5min
  速率限制器状态: 可用令牌=960.0/960
  已保存中间结果 (953 条)

============================================================
处理 en_1054... (954/1375)
  质量组: high (4个候选笑话)
  质量组: medium (4个候选笑话)
  质量组: low (4个候选笑话)
  并发执行 3 个评估任务 (max_workers=3)...
    [路由] qwen3.6-27b -> DashScope API
    [路由] qwen3.6-27b -> DashScope API
    [路由] qwen3.6-27b -> DashScope API
    [qwen3.6-27b] 决策: select | 选笑话编号: 3
    [qwen3.6-27b] 决策: create | 选笑话编号: None
    [qwen3.6-27b] 决策: create | 选笑话编号: None

  Item完成: 耗时75.4s | 总耗时1524.7min
  速率限制器状态: 可用令牌=960.0/960
  已保存中间结果 (954 条)

============================================================
处理 en_1055... (955/1375)
  质量组: high (4个候选笑话)
  质量组: medium (4个候选笑话)
  质量组: low (4个候选笑话)
  并发执行 3 个评估任务 (max_workers=3)...
    [路由] qwen3.6-27b -> DashScope API    [路由] qwen3.6-27b -> DashScope API

    [路由] qwen3.6-27b -> DashScope API
    [qwen3.6-27b] 决策: select | 选笑话编号: 2
    [qwen3.6-27b] 决策: select | 选笑话编号: 2
    [qwen3.6-27b] 决策: create | 选笑话编号: None

  Item完成: 耗时94.3s | 总耗时1526.3min
  速率限制器状态: 可用令牌=960.0/960
  已保存中间结果 (955 条)

============================================================
处理 en_1056... (956/1375)
  质量组: high (4个候选笑话)
  质量组: medium (4个候选笑话)
  质量组: low (4个候选笑话)
  并发执行 3 个评估任务 (max_workers=3)...
    [路由] qwen3.6-27b -> DashScope API
    [路由] qwen3.6-27b -> DashScope API
    [路由] qwen3.6-27b -> DashScope API
    [qwen3.6-27b] 决策: select | 选笑话编号: 4
    [qwen3.6-27b] 决策: create | 选笑话编号: None
    [qwen3.6-27b] 决策: create | 选笑话编号: None

  Item完成: 耗时47.3s | 总耗时1527.1min
  速率限制器状态: 可用令牌=960.0/960
  已保存中间结果 (956 条)

============================================================
处理 en_1057... (957/1375)
  质量组: high (4个候选笑话)
  质量组: medium (4个候选笑话)
  质量组: low (4个候选笑话)
  并发执行 3 个评估任务 (max_workers=3)...
    [路由] qwen3.6-27b -> DashScope API    [路由] qwen3.6-27b -> DashScope API
    [路由] qwen3.6-27b -> DashScope API

    [qwen3.6-27b] 决策: select | 选笑话编号: 4
    [qwen3.6-27b] 决策: select | 选笑话编号: 3
    [qwen3.6-27b] 决策: create | 选笑话编号: None

  Item完成: 耗时35.3s | 总耗时1527.7min
  速率限制器状态: 可用令牌=960.0/960
  已保存中间结果 (957 条)

============================================================
处理 en_1058... (958/1375)
  质量组: high (4个候选笑话)
  质量组: medium (4个候选笑话)
  质量组: low (4个候选笑话)
  并发执行 3 个评估任务 (max_workers=3)...
    [路由] qwen3.6-27b -> DashScope API    [路由] qwen3.6-27b -> DashScope API
    [路由] qwen3.6-27b -> DashScope API

    [qwen3.6-27b] 决策: select | 选笑话编号: 4
    [qwen3.6-27b] 决策: select | 选笑话编号: 2
    [qwen3.6-27b] 决策: create | 选笑话编号: None

  Item完成: 耗时37.6s | 总耗时1528.3min
  速率限制器状态: 可用令牌=960.0/960
  已保存中间结果 (958 条)

============================================================
处理 en_1059... (959/1375)
  质量组: high (4个候选笑话)
  质量组: medium (4个候选笑话)
  质量组: low (4个候选笑话)
  并发执行 3 个评估任务 (max_workers=3)...
    [路由] qwen3.6-27b -> DashScope API
    [路由] qwen3.6-27b -> DashScope API    [路由] qwen3.6-27b -> DashScope API

    [qwen3.6-27b] 决策: select | 选笑话编号: 2
    [qwen3.6-27b] 决策: create | 选笑话编号: None
    [qwen3.6-27b] 决策: select | 选笑话编号: 4

  Item完成: 耗时50.4s | 总耗时1529.2min
  速率限制器状态: 可用令牌=960.0/960
  已保存中间结果 (959 条)

============================================================
处理 en_1060... (960/1375)
  质量组: high (4个候选笑话)
  质量组: medium (4个候选笑话)
  质量组: low (4个候选笑话)
  并发执行 3 个评估任务 (max_workers=3)...
    [路由] qwen3.6-27b -> DashScope API
    [路由] qwen3.6-27b -> DashScope API
    [路由] qwen3.6-27b -> DashScope API
    [qwen3.6-27b] 决策: create | 选笑话编号: None
    [qwen3.6-27b] 决策: select | 选笑话编号: 1
    [qwen3.6-27b] 决策: create | 选笑话编号: None

  Item完成: 耗时53.5s | 总耗时1530.0min
  速率限制器状态: 可用令牌=960.0/960
  已保存中间结果 (960 条)

============================================================
处理 en_1061... (961/1375)
  质量组: high (4个候选笑话)
  质量组: medium (4个候选笑话)
  质量组: low (4个候选笑话)
  并发执行 3 个评估任务 (max_workers=3)...
    [路由] qwen3.6-27b -> DashScope API
    [路由] qwen3.6-27b -> DashScope API
    [路由] qwen3.6-27b -> DashScope API
    [qwen3.6-27b] 决策: select | 选笑话编号: 4
    [qwen3.6-27b] 决策: select | 选笑话编号: 2
    [qwen3.6-27b] 决策: create | 选笑话编号: None

  Item完成: 耗时53.6s | 总耗时1530.9min
  速率限制器状态: 可用令牌=960.0/960
  已保存中间结果 (961 条)

============================================================
处理 en_1062... (962/1375)
  质量组: high (4个候选笑话)
  质量组: medium (4个候选笑话)
  质量组: low (4个候选笑话)
  并发执行 3 个评估任务 (max_workers=3)...
    [路由] qwen3.6-27b -> DashScope API
    [路由] qwen3.6-27b -> DashScope API    [路由] qwen3.6-27b -> DashScope API

    [API] JSON解析失败: JSON解析失败: Extra data: line 7 column 1 (char 569), model=qwen3.6-27b
    [qwen3.6-27b] 决策:  | 选笑话编号: ?
    [qwen3.6-27b] 决策: create | 选笑话编号: None
    [qwen3.6-27b] 决策: select | 选笑话编号: 2

  Item完成: 耗时48.1s | 总耗时1531.7min
  速率限制器状态: 可用令牌=960.0/960
  已保存中间结果 (962 条)

============================================================
处理 en_1063... (963/1375)
  质量组: high (4个候选笑话)
  质量组: medium (4个候选笑话)
  质量组: low (4个候选笑话)
  并发执行 3 个评估任务 (max_workers=3)...
    [路由] qwen3.6-27b -> DashScope API
    [路由] qwen3.6-27b -> DashScope API    [路由] qwen3.6-27b -> DashScope API

    [qwen3.6-27b] 决策: select | 选笑话编号: 4
    [qwen3.6-27b] 决策: select | 选笑话编号: 2
    [qwen3.6-27b] 决策: create | 选笑话编号: None

  Item完成: 耗时53.4s | 总耗时1532.6min
  速率限制器状态: 可用令牌=960.0/960
  已保存中间结果 (963 条)

============================================================
处理 en_1064... (964/1375)
  质量组: high (4个候选笑话)
  质量组: medium (4个候选笑话)
  质量组: low (4个候选笑话)
  并发执行 3 个评估任务 (max_workers=3)...
    [路由] qwen3.6-27b -> DashScope API
    [路由] qwen3.6-27b -> DashScope API    [路由] qwen3.6-27b -> DashScope API

    [qwen3.6-27b] 决策: create | 选笑话编号: None
    [qwen3.6-27b] 决策: select | 选笑话编号: 4
    [qwen3.6-27b] 决策: create | 选笑话编号: None

  Item完成: 耗时88.3s | 总耗时1534.1min
  速率限制器状态: 可用令牌=960.0/960
  已保存中间结果 (964 条)

============================================================
处理 en_1065... (965/1375)
  质量组: high (4个候选笑话)
  质量组: medium (4个候选笑话)
  质量组: low (4个候选笑话)
  并发执行 3 个评估任务 (max_workers=3)...
    [路由] qwen3.6-27b -> DashScope API    [路由] qwen3.6-27b -> DashScope API

    [路由] qwen3.6-27b -> DashScope API
    [qwen3.6-27b] 决策: create | 选笑话编号: None
    [qwen3.6-27b] 决策: select | 选笑话编号: 4
    [qwen3.6-27b] 决策: select | 选笑话编号: 1

  Item完成: 耗时68.5s | 总耗时1535.3min
  速率限制器状态: 可用令牌=960.0/960
  已保存中间结果 (965 条)

============================================================
处理 en_1066... (966/1375)
  质量组: high (4个候选笑话)
  质量组: medium (4个候选笑话)
  质量组: low (4个候选笑话)
  并发执行 3 个评估任务 (max_workers=3)...
    [路由] qwen3.6-27b -> DashScope API
    [路由] qwen3.6-27b -> DashScope API    [路由] qwen3.6-27b -> DashScope API

    [qwen3.6-27b] 决策: select | 选笑话编号: 2
    [qwen3.6-27b] 决策: select | 选笑话编号: 3
    [qwen3.6-27b] 决策: select | 选笑话编号: 3

  Item完成: 耗时41.4s | 总耗时1536.0min
  速率限制器状态: 可用令牌=960.0/960
  已保存中间结果 (966 条)

============================================================
处理 en_1067... (967/1375)
  质量组: high (4个候选笑话)
  质量组: medium (4个候选笑话)
  质量组: low (4个候选笑话)
  并发执行 3 个评估任务 (max_workers=3)...
    [路由] qwen3.6-27b -> DashScope API    [路由] qwen3.6-27b -> DashScope API

    [路由] qwen3.6-27b -> DashScope API
    [qwen3.6-27b] 决策: select | 选笑话编号: 2
    [qwen3.6-27b] 决策: select | 选笑话编号: 4
    [qwen3.6-27b] 决策: create | 选笑话编号: None

  Item完成: 耗时58.3s | 总耗时1536.9min
  速率限制器状态: 可用令牌=960.0/960
  已保存中间结果 (967 条)

============================================================
处理 en_1068... (968/1375)
  质量组: high (4个候选笑话)
  质量组: medium (4个候选笑话)
  质量组: low (4个候选笑话)
  并发执行 3 个评估任务 (max_workers=3)...
    [路由] qwen3.6-27b -> DashScope API
    [路由] qwen3.6-27b -> DashScope API    [路由] qwen3.6-27b -> DashScope API

    [qwen3.6-27b] 决策: select | 选笑话编号: 2
    [qwen3.6-27b] 决策: create | 选笑话编号: None
    [qwen3.6-27b] 决策: create | 选笑话编号: None

  Item完成: 耗时109.2s | 总耗时1538.8min
  速率限制器状态: 可用令牌=960.0/960
  已保存中间结果 (968 条)

============================================================
处理 en_1069... (969/1375)
  质量组: high (4个候选笑话)
  质量组: medium (4个候选笑话)
  质量组: low (4个候选笑话)
  并发执行 3 个评估任务 (max_workers=3)...
    [路由] qwen3.6-27b -> DashScope API
    [路由] qwen3.6-27b -> DashScope API    [路由] qwen3.6-27b -> DashScope API

    [qwen3.6-27b] 决策: select | 选笑话编号: 2
    [qwen3.6-27b] 决策: create | 选笑话编号: None
    [qwen3.6-27b] 决策: create | 选笑话编号: None

  Item完成: 耗时56.4s | 总耗时1539.7min
  速率限制器状态: 可用令牌=960.0/960
  已保存中间结果 (969 条)

============================================================
处理 en_1070... (970/1375)
  质量组: high (4个候选笑话)
  质量组: medium (4个候选笑话)
  质量组: low (4个候选笑话)
  并发执行 3 个评估任务 (max_workers=3)...
    [路由] qwen3.6-27b -> DashScope API    [路由] qwen3.6-27b -> DashScope API
    [路由] qwen3.6-27b -> DashScope API

    [qwen3.6-27b] 决策: select | 选笑话编号: 2
    [qwen3.6-27b] 决策: create | 选笑话编号: None
    [qwen3.6-27b] 决策: create | 选笑话编号: None

  Item完成: 耗时64.2s | 总耗时1540.8min
  速率限制器状态: 可用令牌=960.0/960
  已保存中间结果 (970 条)

============================================================
处理 en_1071... (971/1375)
  质量组: high (4个候选笑话)
  质量组: medium (4个候选笑话)
  质量组: low (4个候选笑话)
  并发执行 3 个评估任务 (max_workers=3)...
    [路由] qwen3.6-27b -> DashScope API    [路由] qwen3.6-27b -> DashScope API
    [路由] qwen3.6-27b -> DashScope API

    [qwen3.6-27b] 决策: create | 选笑话编号: None
    [qwen3.6-27b] 决策: create | 选笑话编号: None
    [qwen3.6-27b] 决策: select | 选笑话编号: 3

  Item完成: 耗时50.7s | 总耗时1541.6min
  速率限制器状态: 可用令牌=960.0/960
  已保存中间结果 (971 条)

============================================================
处理 en_1072... (972/1375)
  质量组: high (4个候选笑话)
  质量组: medium (4个候选笑话)
  质量组: low (4个候选笑话)
  并发执行 3 个评估任务 (max_workers=3)...
    [路由] qwen3.6-27b -> DashScope API
    [路由] qwen3.6-27b -> DashScope API
    [路由] qwen3.6-27b -> DashScope API
    [qwen3.6-27b] 决策: select | 选笑话编号: 2
    [qwen3.6-27b] 决策: create | 选笑话编号: None
    [qwen3.6-27b] 决策: create | 选笑话编号: None

  Item完成: 耗时48.7s | 总耗时1542.4min
  速率限制器状态: 可用令牌=960.0/960
  已保存中间结果 (972 条)

============================================================
处理 en_1073... (973/1375)
  质量组: high (4个候选笑话)
  质量组: medium (4个候选笑话)
  质量组: low (4个候选笑话)
  并发执行 3 个评估任务 (max_workers=3)...
    [路由] qwen3.6-27b -> DashScope API    [路由] qwen3.6-27b -> DashScope API

    [路由] qwen3.6-27b -> DashScope API
    [qwen3.6-27b] 决策: select | 选笑话编号: 2
    [qwen3.6-27b] 决策: select | 选笑话编号: 2
    [qwen3.6-27b] 决策: create | 选笑话编号: None

  Item完成: 耗时49.8s | 总耗时1543.3min
  速率限制器状态: 可用令牌=960.0/960
  已保存中间结果 (973 条)

============================================================
处理 en_1074... (974/1375)
  质量组: high (4个候选笑话)
  质量组: medium (4个候选笑话)
  质量组: low (4个候选笑话)
  并发执行 3 个评估任务 (max_workers=3)...
    [路由] qwen3.6-27b -> DashScope API
    [路由] qwen3.6-27b -> DashScope API
    [路由] qwen3.6-27b -> DashScope API
    [qwen3.6-27b] 决策: create | 选笑话编号: None
    [qwen3.6-27b] 决策: create | 选笑话编号: None
    [qwen3.6-27b] 决策: create | 选笑话编号: None

  Item完成: 耗时61.4s | 总耗时1544.3min
  速率限制器状态: 可用令牌=960.0/960
  已保存中间结果 (974 条)

============================================================
处理 en_1075... (975/1375)
  质量组: high (4个候选笑话)
  质量组: medium (4个候选笑话)
  质量组: low (4个候选笑话)
  并发执行 3 个评估任务 (max_workers=3)...
    [路由] qwen3.6-27b -> DashScope API
    [路由] qwen3.6-27b -> DashScope API    [路由] qwen3.6-27b -> DashScope API

    [qwen3.6-27b] 决策: select | 选笑话编号: 2
    [qwen3.6-27b] 决策: create | 选笑话编号: None
    [qwen3.6-27b] 决策: select | 选笑话编号: 4

  Item完成: 耗时34.3s | 总耗时1544.9min
  速率限制器状态: 可用令牌=960.0/960
  已保存中间结果 (975 条)

============================================================
处理 en_1076... (976/1375)
  质量组: high (4个候选笑话)
  质量组: medium (4个候选笑话)
  质量组: low (4个候选笑话)
  并发执行 3 个评估任务 (max_workers=3)...
    [路由] qwen3.6-27b -> DashScope API
    [路由] qwen3.6-27b -> DashScope API    [路由] qwen3.6-27b -> DashScope API

    [qwen3.6-27b] 决策: select | 选笑话编号: 2
    [qwen3.6-27b] 决策: create | 选笑话编号: None
    [qwen3.6-27b] 决策: create | 选笑话编号: None

  Item完成: 耗时52.0s | 总耗时1545.7min
  速率限制器状态: 可用令牌=960.0/960
  已保存中间结果 (976 条)

============================================================
处理 en_1077... (977/1375)
  质量组: high (4个候选笑话)
  质量组: medium (4个候选笑话)
  质量组: low (4个候选笑话)
  并发执行 3 个评估任务 (max_workers=3)...
    [路由] qwen3.6-27b -> DashScope API
    [路由] qwen3.6-27b -> DashScope API    [路由] qwen3.6-27b -> DashScope API

    [qwen3.6-27b] 决策: select | 选笑话编号: 1
    [qwen3.6-27b] 决策: create | 选笑话编号: None
    [qwen3.6-27b] 决策: create | 选笑话编号: None

  Item完成: 耗时59.8s | 总耗时1546.8min
  速率限制器状态: 可用令牌=960.0/960
  已保存中间结果 (977 条)

============================================================
处理 en_1078... (978/1375)
  质量组: high (4个候选笑话)
  质量组: medium (4个候选笑话)
  质量组: low (4个候选笑话)
  并发执行 3 个评估任务 (max_workers=3)...
    [路由] qwen3.6-27b -> DashScope API
    [路由] qwen3.6-27b -> DashScope API    [路由] qwen3.6-27b -> DashScope API

    [qwen3.6-27b] 决策: select | 选笑话编号: 2
    [qwen3.6-27b] 决策: create | 选笑话编号: None
    [qwen3.6-27b] 决策: select | 选笑话编号: 3

  Item完成: 耗时44.5s | 总耗时1547.5min
  速率限制器状态: 可用令牌=960.0/960
  已保存中间结果 (978 条)

============================================================
处理 en_1079... (979/1375)
  质量组: high (4个候选笑话)
  质量组: medium (4个候选笑话)
  质量组: low (4个候选笑话)
  并发执行 3 个评估任务 (max_workers=3)...
    [路由] qwen3.6-27b -> DashScope API    [路由] qwen3.6-27b -> DashScope API

    [路由] qwen3.6-27b -> DashScope API
    [qwen3.6-27b] 决策: select | 选笑话编号: 2
    [qwen3.6-27b] 决策: select | 选笑话编号: 1
    [qwen3.6-27b] 决策: create | 选笑话编号: None

  Item完成: 耗时85.1s | 总耗时1548.9min
  速率限制器状态: 可用令牌=960.0/960
  已保存中间结果 (979 条)

============================================================
处理 en_1080... (980/1375)
  质量组: high (4个候选笑话)
  质量组: medium (4个候选笑话)
  质量组: low (4个候选笑话)
  并发执行 3 个评估任务 (max_workers=3)...
    [路由] qwen3.6-27b -> DashScope API
    [路由] qwen3.6-27b -> DashScope API    [路由] qwen3.6-27b -> DashScope API

    [qwen3.6-27b] 决策: create | 选笑话编号: None
    [API] 可重试异常: HTTPSConnectionPool(host='dashscope.aliyuncs.com', port=443): Read timed out. (read timeout=300), 等待1.5s后重试 (1/5), model=qwen3.6-27b
    [API] 可重试异常: HTTPSConnectionPool(host='dashscope.aliyuncs.com', port=443): Read timed out. (read timeout=300), 等待2.0s后重试 (1/5), model=qwen3.6-27b
    [qwen3.6-27b] 决策: select | 选笑话编号: 2
    [qwen3.6-27b] 决策: create | 选笑话编号: None

  Item完成: 耗时348.3s | 总耗时1554.7min
  速率限制器状态: 可用令牌=960.0/960
  已保存中间结果 (980 条)

============================================================
处理 en_1081... (981/1375)
  质量组: high (4个候选笑话)
  质量组: medium (4个候选笑话)
  质量组: low (4个候选笑话)
  并发执行 3 个评估任务 (max_workers=3)...
    [路由] qwen3.6-27b -> DashScope API    [路由] qwen3.6-27b -> DashScope API

    [路由] qwen3.6-27b -> DashScope API
    [qwen3.6-27b] 决策: select | 选笑话编号: 4
    [qwen3.6-27b] 决策: create | 选笑话编号: None
    [API] 可重试异常: HTTPSConnectionPool(host='dashscope.aliyuncs.com', port=443): Read timed out. (read timeout=300), 等待1.8s后重试 (1/5), model=qwen3.6-27b
    [qwen3.6-27b] 决策: select | 选笑话编号: 4

  Item完成: 耗时337.0s | 总耗时1560.3min
  速率限制器状态: 可用令牌=960.0/960
  已保存中间结果 (981 条)

============================================================
处理 en_1082... (982/1375)
  质量组: high (4个候选笑话)
  质量组: medium (4个候选笑话)
  质量组: low (4个候选笑话)
  并发执行 3 个评估任务 (max_workers=3)...
    [路由] qwen3.6-27b -> DashScope API    [路由] qwen3.6-27b -> DashScope API
    [路由] qwen3.6-27b -> DashScope API

    [qwen3.6-27b] 决策: select | 选笑话编号: 2
    [qwen3.6-27b] 决策: create | 选笑话编号: None
    [qwen3.6-27b] 决策: create | 选笑话编号: None

  Item完成: 耗时42.2s | 总耗时1561.1min
  速率限制器状态: 可用令牌=960.0/960
  已保存中间结果 (982 条)

============================================================
处理 en_1083... (983/1375)
  质量组: high (4个候选笑话)
  质量组: medium (4个候选笑话)
  质量组: low (4个候选笑话)
  并发执行 3 个评估任务 (max_workers=3)...
    [路由] qwen3.6-27b -> DashScope API
    [路由] qwen3.6-27b -> DashScope API    [路由] qwen3.6-27b -> DashScope API

    [qwen3.6-27b] 决策: select | 选笑话编号: 2
    [qwen3.6-27b] 决策: select | 选笑话编号: 2
    [qwen3.6-27b] 决策: select | 选笑话编号: 4

  Item完成: 耗时32.0s | 总耗时1561.6min
  速率限制器状态: 可用令牌=960.0/960
  已保存中间结果 (983 条)

============================================================
处理 en_1084... (984/1375)
  质量组: high (4个候选笑话)
  质量组: medium (4个候选笑话)
  质量组: low (4个候选笑话)
  并发执行 3 个评估任务 (max_workers=3)...
    [路由] qwen3.6-27b -> DashScope API
    [路由] qwen3.6-27b -> DashScope API    [路由] qwen3.6-27b -> DashScope API

    [qwen3.6-27b] 决策: select | 选笑话编号: 1
    [qwen3.6-27b] 决策: select | 选笑话编号: 2
    [qwen3.6-27b] 决策: select | 选笑话编号: 4

  Item完成: 耗时37.7s | 总耗时1562.2min
  速率限制器状态: 可用令牌=960.0/960
  已保存中间结果 (984 条)

============================================================
处理 en_1085... (985/1375)
  质量组: high (4个候选笑话)
  质量组: medium (4个候选笑话)
  质量组: low (4个候选笑话)
  并发执行 3 个评估任务 (max_workers=3)...
    [路由] qwen3.6-27b -> DashScope API
    [路由] qwen3.6-27b -> DashScope API
    [路由] qwen3.6-27b -> DashScope API
    [qwen3.6-27b] 决策: create | 选笑话编号: None
    [qwen3.6-27b] 决策: create | 选笑话编号: None
    [qwen3.6-27b] 决策: create | 选笑话编号: None

  Item完成: 耗时61.4s | 总耗时1563.3min
  速率限制器状态: 可用令牌=960.0/960
  已保存中间结果 (985 条)

============================================================
处理 en_1086... (986/1375)
  质量组: high (4个候选笑话)
  质量组: medium (4个候选笑话)
  质量组: low (4个候选笑话)
  并发执行 3 个评估任务 (max_workers=3)...
    [路由] qwen3.6-27b -> DashScope API
    [路由] qwen3.6-27b -> DashScope API
    [路由] qwen3.6-27b -> DashScope API
    [qwen3.6-27b] 决策: create | 选笑话编号: None
    [qwen3.6-27b] 决策: create | 选笑话编号: None
    [qwen3.6-27b] 决策: select | 选笑话编号: 1

  Item完成: 耗时52.8s | 总耗时1564.1min
  速率限制器状态: 可用令牌=960.0/960
  已保存中间结果 (986 条)

============================================================
处理 en_1087... (987/1375)
  质量组: high (4个候选笑话)
  质量组: medium (4个候选笑话)
  质量组: low (4个候选笑话)
  并发执行 3 个评估任务 (max_workers=3)...
    [路由] qwen3.6-27b -> DashScope API
    [路由] qwen3.6-27b -> DashScope API
    [路由] qwen3.6-27b -> DashScope API
    [qwen3.6-27b] 决策: select | 选笑话编号: 2
    [qwen3.6-27b] 决策: create | 选笑话编号: None
    [API] 可重试异常: HTTPSConnectionPool(host='dashscope.aliyuncs.com', port=443): Read timed out. (read timeout=300), 等待1.9s后重试 (1/5), model=qwen3.6-27b
    [qwen3.6-27b] 决策: create | 选笑话编号: None

  Item完成: 耗时357.9s | 总耗时1570.1min
  速率限制器状态: 可用令牌=960.0/960
  已保存中间结果 (987 条)

============================================================
处理 en_1088... (988/1375)
  质量组: high (4个候选笑话)
  质量组: medium (4个候选笑话)
  质量组: low (4个候选笑话)
  并发执行 3 个评估任务 (max_workers=3)...
    [路由] qwen3.6-27b -> DashScope API
    [路由] qwen3.6-27b -> DashScope API    [路由] qwen3.6-27b -> DashScope API

    [qwen3.6-27b] 决策: select | 选笑话编号: 2
    [qwen3.6-27b] 决策: select | 选笑话编号: 3
    [qwen3.6-27b] 决策: create | 选笑话编号: None

  Item完成: 耗时59.7s | 总耗时1571.1min
  速率限制器状态: 可用令牌=960.0/960
  已保存中间结果 (988 条)

============================================================
处理 en_1089... (989/1375)
  质量组: high (4个候选笑话)
  质量组: medium (4个候选笑话)
  质量组: low (4个候选笑话)
  并发执行 3 个评估任务 (max_workers=3)...
    [路由] qwen3.6-27b -> DashScope API    [路由] qwen3.6-27b -> DashScope API

    [路由] qwen3.6-27b -> DashScope API
    [qwen3.6-27b] 决策: create | 选笑话编号: None
    [qwen3.6-27b] 决策: create | 选笑话编号: None
    [qwen3.6-27b] 决策: create | 选笑话编号: None

  Item完成: 耗时48.1s | 总耗时1571.9min
  速率限制器状态: 可用令牌=960.0/960
  已保存中间结果 (989 条)

============================================================
处理 en_1090... (990/1375)
  质量组: high (4个候选笑话)
  质量组: medium (4个候选笑话)
  质量组: low (4个候选笑话)
  并发执行 3 个评估任务 (max_workers=3)...
    [路由] qwen3.6-27b -> DashScope API
    [路由] qwen3.6-27b -> DashScope API
    [路由] qwen3.6-27b -> DashScope API
    [qwen3.6-27b] 决策: select | 选笑话编号: 2
    [qwen3.6-27b] 决策: select | 选笑话编号: 1
    [qwen3.6-27b] 决策: create | 选笑话编号: None

  Item完成: 耗时52.1s | 总耗时1572.8min
  速率限制器状态: 可用令牌=960.0/960
  已保存中间结果 (990 条)

============================================================
处理 en_1091... (991/1375)
  质量组: high (4个候选笑话)
  质量组: medium (4个候选笑话)
  质量组: low (4个候选笑话)
  并发执行 3 个评估任务 (max_workers=3)...
    [路由] qwen3.6-27b -> DashScope API
    [路由] qwen3.6-27b -> DashScope API
    [路由] qwen3.6-27b -> DashScope API
    [qwen3.6-27b] 决策: select | 选笑话编号: 2
    [qwen3.6-27b] 决策: select | 选笑话编号: 2
    [qwen3.6-27b] 决策: create | 选笑话编号: None

  Item完成: 耗时26.8s | 总耗时1573.2min
  速率限制器状态: 可用令牌=960.0/960
  已保存中间结果 (991 条)

============================================================
处理 en_1092... (992/1375)
  质量组: high (4个候选笑话)
  质量组: medium (4个候选笑话)
  质量组: low (4个候选笑话)
  并发执行 3 个评估任务 (max_workers=3)...
    [路由] qwen3.6-27b -> DashScope API    [路由] qwen3.6-27b -> DashScope API
    [路由] qwen3.6-27b -> DashScope API

    [qwen3.6-27b] 决策: create | 选笑话编号: None
    [qwen3.6-27b] 决策: create | 选笑话编号: None
    [qwen3.6-27b] 决策: select | 选笑话编号: 4

  Item完成: 耗时55.4s | 总耗时1574.2min
  速率限制器状态: 可用令牌=960.0/960
  已保存中间结果 (992 条)

============================================================
处理 en_1093... (993/1375)
  质量组: high (4个候选笑话)
  质量组: medium (4个候选笑话)
  质量组: low (4个候选笑话)
  并发执行 3 个评估任务 (max_workers=3)...
    [路由] qwen3.6-27b -> DashScope API    [路由] qwen3.6-27b -> DashScope API
    [路由] qwen3.6-27b -> DashScope API

    [qwen3.6-27b] 决策: select | 选笑话编号: 1
    [qwen3.6-27b] 决策: create | 选笑话编号: None
    [qwen3.6-27b] 决策: select | 选笑话编号: 2

  Item完成: 耗时30.2s | 总耗时1574.7min
  速率限制器状态: 可用令牌=960.0/960
  已保存中间结果 (993 条)

============================================================
处理 en_1094... (994/1375)
  质量组: high (4个候选笑话)
  质量组: medium (4个候选笑话)
  质量组: low (4个候选笑话)
  并发执行 3 个评估任务 (max_workers=3)...
    [路由] qwen3.6-27b -> DashScope API
    [路由] qwen3.6-27b -> DashScope API
    [路由] qwen3.6-27b -> DashScope API
    [qwen3.6-27b] 决策: select | 选笑话编号: 3
    [qwen3.6-27b] 决策: select | 选笑话编号: 3
    [qwen3.6-27b] 决策: select | 选笑话编号: 3

  Item完成: 耗时38.3s | 总耗时1575.3min
  速率限制器状态: 可用令牌=960.0/960
  已保存中间结果 (994 条)

============================================================
处理 en_1095... (995/1375)
  质量组: high (4个候选笑话)
  质量组: medium (4个候选笑话)
  质量组: low (4个候选笑话)
  并发执行 3 个评估任务 (max_workers=3)...
    [路由] qwen3.6-27b -> DashScope API
    [路由] qwen3.6-27b -> DashScope API
    [路由] qwen3.6-27b -> DashScope API
    [qwen3.6-27b] 决策: select | 选笑话编号: 4
    [qwen3.6-27b] 决策: select | 选笑话编号: 4
    [qwen3.6-27b] 决策: select | 选笑话编号: 4

  Item完成: 耗时47.8s | 总耗时1576.1min
  速率限制器状态: 可用令牌=960.0/960
  已保存中间结果 (995 条)

============================================================
处理 en_1096... (996/1375)
  质量组: high (4个候选笑话)
  质量组: medium (4个候选笑话)
  质量组: low (4个候选笑话)
  并发执行 3 个评估任务 (max_workers=3)...
    [路由] qwen3.6-27b -> DashScope API    [路由] qwen3.6-27b -> DashScope API

    [路由] qwen3.6-27b -> DashScope API
    [qwen3.6-27b] 决策: select | 选笑话编号: 4
    [qwen3.6-27b] 决策: select | 选笑话编号: 1
    [qwen3.6-27b] 决策: select | 选笑话编号: 2

  Item完成: 耗时52.6s | 总耗时1577.0min
  速率限制器状态: 可用令牌=960.0/960
  已保存中间结果 (996 条)

============================================================
处理 en_1097... (997/1375)
  质量组: high (4个候选笑话)
  质量组: medium (4个候选笑话)
  质量组: low (4个候选笑话)
  并发执行 3 个评估任务 (max_workers=3)...
    [路由] qwen3.6-27b -> DashScope API
    [路由] qwen3.6-27b -> DashScope API    [路由] qwen3.6-27b -> DashScope API

    [qwen3.6-27b] 决策: select | 选笑话编号: 4
    [qwen3.6-27b] 决策: create | 选笑话编号: None
    [qwen3.6-27b] 决策: select | 选笑话编号: 3

  Item完成: 耗时47.2s | 总耗时1577.8min
  速率限制器状态: 可用令牌=960.0/960
  已保存中间结果 (997 条)

============================================================
处理 en_1098... (998/1375)
  质量组: high (4个候选笑话)
  质量组: medium (4个候选笑话)
  质量组: low (4个候选笑话)
  并发执行 3 个评估任务 (max_workers=3)...
    [路由] qwen3.6-27b -> DashScope API
    [路由] qwen3.6-27b -> DashScope API
    [路由] qwen3.6-27b -> DashScope API
    [qwen3.6-27b] 决策: select | 选笑话编号: 4
    [qwen3.6-27b] 决策: select | 选笑话编号: 1
    [qwen3.6-27b] 决策: select | 选笑话编号: 4

  Item完成: 耗时26.2s | 总耗时1578.2min
  速率限制器状态: 可用令牌=960.0/960
  已保存中间结果 (998 条)

============================================================
处理 en_1099... (999/1375)
  质量组: high (4个候选笑话)
  质量组: medium (4个候选笑话)
  质量组: low (4个候选笑话)
  并发执行 3 个评估任务 (max_workers=3)...
    [路由] qwen3.6-27b -> DashScope API
    [路由] qwen3.6-27b -> DashScope API    [路由] qwen3.6-27b -> DashScope API

    [qwen3.6-27b] 决策: select | 选笑话编号: 4
    [qwen3.6-27b] 决策: select | 选笑话编号: 2
    [qwen3.6-27b] 决策: create | 选笑话编号: None

  Item完成: 耗时47.7s | 总耗时1579.0min
  速率限制器状态: 可用令牌=960.0/960
  已保存中间结果 (999 条)

============================================================
处理 en_1100... (1000/1375)
  质量组: high (4个候选笑话)
  质量组: medium (4个候选笑话)
  质量组: low (4个候选笑话)
  并发执行 3 个评估任务 (max_workers=3)...
    [路由] qwen3.6-27b -> DashScope API    [路由] qwen3.6-27b -> DashScope API
    [路由] qwen3.6-27b -> DashScope API

    [qwen3.6-27b] 决策: select | 选笑话编号: 2
    [qwen3.6-27b] 决策: select | 选笑话编号: 1
    [qwen3.6-27b] 决策: create | 选笑话编号: None

  Item完成: 耗时56.0s | 总耗时1580.0min
  速率限制器状态: 可用令牌=960.0/960
  已保存中间结果 (1000 条)

============================================================
处理 en_1101... (1001/1375)
  质量组: high (4个候选笑话)
  质量组: medium (4个候选笑话)
  质量组: low (4个候选笑话)
  并发执行 3 个评估任务 (max_workers=3)...
    [路由] qwen3.6-27b -> DashScope API    [路由] qwen3.6-27b -> DashScope API

    [路由] qwen3.6-27b -> DashScope API
    [API] JSON解析失败: JSON解析失败: Extra data: line 7 column 1 (char 493), model=qwen3.6-27b
    [qwen3.6-27b] 决策:  | 选笑话编号: ?
    [qwen3.6-27b] 决策: create | 选笑话编号: None
    [qwen3.6-27b] 决策: create | 选笑话编号: None

  Item完成: 耗时46.3s | 总耗时1580.7min
  速率限制器状态: 可用令牌=960.0/960
  已保存中间结果 (1001 条)

============================================================
处理 en_1102... (1002/1375)
  质量组: high (4个候选笑话)
  质量组: medium (4个候选笑话)
  质量组: low (4个候选笑话)
  并发执行 3 个评估任务 (max_workers=3)...
    [路由] qwen3.6-27b -> DashScope API    [路由] qwen3.6-27b -> DashScope API

    [路由] qwen3.6-27b -> DashScope API
    [qwen3.6-27b] 决策: create | 选笑话编号: None
    [qwen3.6-27b] 决策: create | 选笑话编号: None
    [qwen3.6-27b] 决策: create | 选笑话编号: None

  Item完成: 耗时68.7s | 总耗时1581.9min
  速率限制器状态: 可用令牌=960.0/960
  已保存中间结果 (1002 条)

============================================================
处理 en_1103... (1003/1375)
  质量组: high (4个候选笑话)
  质量组: medium (4个候选笑话)
  质量组: low (4个候选笑话)
  并发执行 3 个评估任务 (max_workers=3)...
    [路由] qwen3.6-27b -> DashScope API    [路由] qwen3.6-27b -> DashScope API

    [路由] qwen3.6-27b -> DashScope API
    [qwen3.6-27b] 决策: select | 选笑话编号: 2
    [qwen3.6-27b] 决策: select | 选笑话编号: 2
    [qwen3.6-27b] 决策: create | 选笑话编号: None

  Item完成: 耗时53.3s | 总耗时1582.8min
  速率限制器状态: 可用令牌=960.0/960
  已保存中间结果 (1003 条)

============================================================
处理 en_1104... (1004/1375)
  质量组: high (4个候选笑话)
  质量组: medium (4个候选笑话)
  质量组: low (4个候选笑话)
  并发执行 3 个评估任务 (max_workers=3)...
    [路由] qwen3.6-27b -> DashScope API
    [路由] qwen3.6-27b -> DashScope API    [路由] qwen3.6-27b -> DashScope API

    [qwen3.6-27b] 决策: select | 选笑话编号: 2
    [qwen3.6-27b] 决策: select | 选笑话编号: 4
    [qwen3.6-27b] 决策: create | 选笑话编号: None

  Item完成: 耗时58.7s | 总耗时1583.8min
  速率限制器状态: 可用令牌=960.0/960
  已保存中间结果 (1004 条)

============================================================
处理 en_1105... (1005/1375)
  质量组: high (4个候选笑话)
  质量组: medium (4个候选笑话)
  质量组: low (4个候选笑话)
  并发执行 3 个评估任务 (max_workers=3)...
    [路由] qwen3.6-27b -> DashScope API
    [路由] qwen3.6-27b -> DashScope API
    [路由] qwen3.6-27b -> DashScope API
    [qwen3.6-27b] 决策: select | 选笑话编号: 2
    [qwen3.6-27b] 决策: select | 选笑话编号: 3
    [qwen3.6-27b] 决策: create | 选笑话编号: None

  Item完成: 耗时74.5s | 总耗时1585.0min
  速率限制器状态: 可用令牌=960.0/960
  已保存中间结果 (1005 条)

============================================================
处理 en_1106... (1006/1375)
  质量组: high (4个候选笑话)
  质量组: medium (4个候选笑话)
  质量组: low (4个候选笑话)
  并发执行 3 个评估任务 (max_workers=3)...
    [路由] qwen3.6-27b -> DashScope API    [路由] qwen3.6-27b -> DashScope API

    [路由] qwen3.6-27b -> DashScope API
    [qwen3.6-27b] 决策: select | 选笑话编号: 2
    [qwen3.6-27b] 决策: select | 选笑话编号: 1
    [qwen3.6-27b] 决策: create | 选笑话编号: None

  Item完成: 耗时34.7s | 总耗时1585.6min
  速率限制器状态: 可用令牌=960.0/960
  已保存中间结果 (1006 条)

============================================================
处理 en_1107... (1007/1375)
  质量组: high (4个候选笑话)
  质量组: medium (4个候选笑话)
  质量组: low (4个候选笑话)
  并发执行 3 个评估任务 (max_workers=3)...
    [路由] qwen3.6-27b -> DashScope API    [路由] qwen3.6-27b -> DashScope API
    [路由] qwen3.6-27b -> DashScope API

    [qwen3.6-27b] 决策: select | 选笑话编号: 3
    [qwen3.6-27b] 决策: create | 选笑话编号: None
    [qwen3.6-27b] 决策: select | 选笑话编号: 2

  Item完成: 耗时35.8s | 总耗时1586.2min
  速率限制器状态: 可用令牌=960.0/960
  已保存中间结果 (1007 条)

============================================================
处理 en_1108... (1008/1375)
  质量组: high (4个候选笑话)
  质量组: medium (4个候选笑话)
  质量组: low (4个候选笑话)
  并发执行 3 个评估任务 (max_workers=3)...
    [路由] qwen3.6-27b -> DashScope API    [路由] qwen3.6-27b -> DashScope API
    [路由] qwen3.6-27b -> DashScope API

    [qwen3.6-27b] 决策: select | 选笑话编号: 2
    [qwen3.6-27b] 决策: create | 选笑话编号: None
    [qwen3.6-27b] 决策: select | 选笑话编号: 1

  Item完成: 耗时37.4s | 总耗时1586.8min
  速率限制器状态: 可用令牌=960.0/960
  已保存中间结果 (1008 条)

============================================================
处理 en_1109... (1009/1375)
  质量组: high (4个候选笑话)
  质量组: medium (4个候选笑话)
  质量组: low (4个候选笑话)
  并发执行 3 个评估任务 (max_workers=3)...
    [路由] qwen3.6-27b -> DashScope API
    [路由] qwen3.6-27b -> DashScope API
    [路由] qwen3.6-27b -> DashScope API
    [API] JSON解析失败: JSON解析失败: Extra data: line 7 column 1 (char 507), model=qwen3.6-27b
    [qwen3.6-27b] 决策:  | 选笑话编号: ?
    [qwen3.6-27b] 决策: create | 选笑话编号: None
    [qwen3.6-27b] 决策: create | 选笑话编号: None

  Item完成: 耗时43.4s | 总耗时1587.5min
  速率限制器状态: 可用令牌=960.0/960
  已保存中间结果 (1009 条)

============================================================
处理 en_1110... (1010/1375)
  质量组: high (4个候选笑话)
  质量组: medium (4个候选笑话)
  质量组: low (4个候选笑话)
  并发执行 3 个评估任务 (max_workers=3)...
    [路由] qwen3.6-27b -> DashScope API
    [路由] qwen3.6-27b -> DashScope API
    [路由] qwen3.6-27b -> DashScope API
    [qwen3.6-27b] 决策: select | 选笑话编号: 4
    [qwen3.6-27b] 决策: create | 选笑话编号: None
    [qwen3.6-27b] 决策: create | 选笑话编号: None

  Item完成: 耗时58.1s | 总耗时1588.5min
  速率限制器状态: 可用令牌=960.0/960
  已保存中间结果 (1010 条)

============================================================
处理 en_1111... (1011/1375)
  质量组: high (4个候选笑话)
  质量组: medium (4个候选笑话)
  质量组: low (4个候选笑话)
  并发执行 3 个评估任务 (max_workers=3)...
    [路由] qwen3.6-27b -> DashScope API
    [路由] qwen3.6-27b -> DashScope API
    [路由] qwen3.6-27b -> DashScope API
    [qwen3.6-27b] 决策: select | 选笑话编号: 2
    [qwen3.6-27b] 决策: create | 选笑话编号: None
    [qwen3.6-27b] 决策: create | 选笑话编号: None

  Item完成: 耗时90.2s | 总耗时1590.0min
  速率限制器状态: 可用令牌=960.0/960
  已保存中间结果 (1011 条)

============================================================
处理 en_1112... (1012/1375)
  质量组: high (4个候选笑话)
  质量组: medium (4个候选笑话)
  质量组: low (4个候选笑话)
  并发执行 3 个评估任务 (max_workers=3)...
    [路由] qwen3.6-27b -> DashScope API    [路由] qwen3.6-27b -> DashScope API
    [路由] qwen3.6-27b -> DashScope API

    [qwen3.6-27b] 决策: select | 选笑话编号: 4
    [qwen3.6-27b] 决策: create | 选笑话编号: None
    [qwen3.6-27b] 决策: create | 选笑话编号: None

  Item完成: 耗时60.1s | 总耗时1591.0min
  速率限制器状态: 可用令牌=960.0/960
  已保存中间结果 (1012 条)

============================================================
处理 en_1113... (1013/1375)
  质量组: high (4个候选笑话)
  质量组: medium (4个候选笑话)
  质量组: low (4个候选笑话)
  并发执行 3 个评估任务 (max_workers=3)...
    [路由] qwen3.6-27b -> DashScope API
    [路由] qwen3.6-27b -> DashScope API
    [路由] qwen3.6-27b -> DashScope API
    [qwen3.6-27b] 决策: select | 选笑话编号: 3
    [qwen3.6-27b] 决策: create | 选笑话编号: None
    [API] 可重试异常: HTTPSConnectionPool(host='dashscope.aliyuncs.com', port=443): Read timed out. (read timeout=300), 等待1.9s后重试 (1/5), model=qwen3.6-27b
    [qwen3.6-27b] 决策: create | 选笑话编号: None

  Item完成: 耗时326.2s | 总耗时1596.5min
  速率限制器状态: 可用令牌=960.0/960
  已保存中间结果 (1013 条)

============================================================
处理 en_1114... (1014/1375)
  质量组: high (4个候选笑话)
  质量组: medium (4个候选笑话)
  质量组: low (4个候选笑话)
  并发执行 3 个评估任务 (max_workers=3)...
    [路由] qwen3.6-27b -> DashScope API
    [路由] qwen3.6-27b -> DashScope API    [路由] qwen3.6-27b -> DashScope API

    [qwen3.6-27b] 决策: create | 选笑话编号: None
    [qwen3.6-27b] 决策: create | 选笑话编号: None
    [API] 可重试异常: HTTPSConnectionPool(host='dashscope.aliyuncs.com', port=443): Read timed out. (read timeout=300), 等待2.4s后重试 (1/5), model=qwen3.6-27b
    [qwen3.6-27b] 决策: select | 选笑话编号: 2

  Item完成: 耗时318.1s | 总耗时1601.8min
  速率限制器状态: 可用令牌=960.0/960
  已保存中间结果 (1014 条)

============================================================
处理 en_1115... (1015/1375)
  质量组: high (4个候选笑话)
  质量组: medium (4个候选笑话)
  质量组: low (4个候选笑话)
  并发执行 3 个评估任务 (max_workers=3)...
    [路由] qwen3.6-27b -> DashScope API
    [路由] qwen3.6-27b -> DashScope API    [路由] qwen3.6-27b -> DashScope API

    [qwen3.6-27b] 决策: select | 选笑话编号: 2
    [qwen3.6-27b] 决策: create | 选笑话编号: None
    [qwen3.6-27b] 决策: create | 选笑话编号: None

  Item完成: 耗时44.6s | 总耗时1602.5min
  速率限制器状态: 可用令牌=960.0/960
  已保存中间结果 (1015 条)

============================================================
处理 en_1116... (1016/1375)
  质量组: high (4个候选笑话)
  质量组: medium (4个候选笑话)
  质量组: low (4个候选笑话)
  并发执行 3 个评估任务 (max_workers=3)...
    [路由] qwen3.6-27b -> DashScope API    [路由] qwen3.6-27b -> DashScope API

    [路由] qwen3.6-27b -> DashScope API
    [qwen3.6-27b] 决策: select | 选笑话编号: 2
    [qwen3.6-27b] 决策: select | 选笑话编号: 1
    [qwen3.6-27b] 决策: create | 选笑话编号: None

  Item完成: 耗时38.8s | 总耗时1603.2min
  速率限制器状态: 可用令牌=960.0/960
  已保存中间结果 (1016 条)

============================================================
处理 en_1117... (1017/1375)
  质量组: high (4个候选笑话)
  质量组: medium (4个候选笑话)
  质量组: low (4个候选笑话)
  并发执行 3 个评估任务 (max_workers=3)...
    [路由] qwen3.6-27b -> DashScope API
    [路由] qwen3.6-27b -> DashScope API    [路由] qwen3.6-27b -> DashScope API

    [qwen3.6-27b] 决策: create | 选笑话编号: None
    [qwen3.6-27b] 决策: create | 选笑话编号: None
    [qwen3.6-27b] 决策: create | 选笑话编号: None

  Item完成: 耗时53.3s | 总耗时1604.1min
  速率限制器状态: 可用令牌=960.0/960
  已保存中间结果 (1017 条)

============================================================
处理 en_1118... (1018/1375)
  质量组: high (4个候选笑话)
  质量组: medium (4个候选笑话)
  质量组: low (4个候选笑话)
  并发执行 3 个评估任务 (max_workers=3)...
    [路由] qwen3.6-27b -> DashScope API
    [路由] qwen3.6-27b -> DashScope API
    [路由] qwen3.6-27b -> DashScope API
    [qwen3.6-27b] 决策: select | 选笑话编号: 2
    [qwen3.6-27b] 决策: select | 选笑话编号: 1
    [qwen3.6-27b] 决策: select | 选笑话编号: 4

  Item完成: 耗时26.7s | 总耗时1604.5min
  速率限制器状态: 可用令牌=960.0/960
  已保存中间结果 (1018 条)

============================================================
处理 en_1119... (1019/1375)
  质量组: high (4个候选笑话)
  质量组: medium (4个候选笑话)
  质量组: low (4个候选笑话)
  并发执行 3 个评估任务 (max_workers=3)...
    [路由] qwen3.6-27b -> DashScope API
    [路由] qwen3.6-27b -> DashScope API    [路由] qwen3.6-27b -> DashScope API

    [qwen3.6-27b] 决策: select | 选笑话编号: 3
    [qwen3.6-27b] 决策: select | 选笑话编号: 3
    [API] 可重试异常: HTTPSConnectionPool(host='dashscope.aliyuncs.com', port=443): Read timed out. (read timeout=300), 等待2.1s后重试 (1/5), model=qwen3.6-27b
    [qwen3.6-27b] 决策: select | 选笑话编号: 3

  Item完成: 耗时333.0s | 总耗时1610.1min
  速率限制器状态: 可用令牌=960.0/960
  已保存中间结果 (1019 条)

============================================================
处理 en_1120... (1020/1375)
  质量组: high (4个候选笑话)
  质量组: medium (4个候选笑话)
  质量组: low (4个候选笑话)
  并发执行 3 个评估任务 (max_workers=3)...
    [路由] qwen3.6-27b -> DashScope API
    [路由] qwen3.6-27b -> DashScope API    [路由] qwen3.6-27b -> DashScope API

    [qwen3.6-27b] 决策: select | 选笑话编号: 4
    [qwen3.6-27b] 决策: select | 选笑话编号: 4
    [qwen3.6-27b] 决策: create | 选笑话编号: None

  Item完成: 耗时55.1s | 总耗时1611.0min
  速率限制器状态: 可用令牌=960.0/960
  已保存中间结果 (1020 条)

============================================================
处理 en_1121... (1021/1375)
  质量组: high (4个候选笑话)
  质量组: medium (4个候选笑话)
  质量组: low (4个候选笑话)
  并发执行 3 个评估任务 (max_workers=3)...
    [路由] qwen3.6-27b -> DashScope API
    [路由] qwen3.6-27b -> DashScope API    [路由] qwen3.6-27b -> DashScope API

    [qwen3.6-27b] 决策: select | 选笑话编号: 1
    [qwen3.6-27b] 决策: select | 选笑话编号: 2
    [qwen3.6-27b] 决策: create | 选笑话编号: None

  Item完成: 耗时70.5s | 总耗时1612.2min
  速率限制器状态: 可用令牌=960.0/960
  已保存中间结果 (1021 条)

============================================================
处理 en_1122... (1022/1375)
  质量组: high (4个候选笑话)
  质量组: medium (4个候选笑话)
  质量组: low (4个候选笑话)
  并发执行 3 个评估任务 (max_workers=3)...
    [路由] qwen3.6-27b -> DashScope API    [路由] qwen3.6-27b -> DashScope API

    [路由] qwen3.6-27b -> DashScope API
    [qwen3.6-27b] 决策: select | 选笑话编号: 2
    [qwen3.6-27b] 决策: create | 选笑话编号: None
    [qwen3.6-27b] 决策: create | 选笑话编号: None

  Item完成: 耗时65.5s | 总耗时1613.3min
  速率限制器状态: 可用令牌=960.0/960
  已保存中间结果 (1022 条)

============================================================
处理 en_1123... (1023/1375)
  质量组: high (4个候选笑话)
  质量组: medium (4个候选笑话)
  质量组: low (4个候选笑话)
  并发执行 3 个评估任务 (max_workers=3)...
    [路由] qwen3.6-27b -> DashScope API
    [路由] qwen3.6-27b -> DashScope API
    [路由] qwen3.6-27b -> DashScope API
    [qwen3.6-27b] 决策: select | 选笑话编号: 3
    [qwen3.6-27b] 决策: select | 选笑话编号: 2
    [qwen3.6-27b] 决策: create | 选笑话编号: None

  Item完成: 耗时57.4s | 总耗时1614.2min
  速率限制器状态: 可用令牌=960.0/960
  已保存中间结果 (1023 条)

============================================================
处理 en_1124... (1024/1375)
  质量组: high (4个候选笑话)
  质量组: medium (4个候选笑话)
  质量组: low (4个候选笑话)
  并发执行 3 个评估任务 (max_workers=3)...
    [路由] qwen3.6-27b -> DashScope API    [路由] qwen3.6-27b -> DashScope API
    [路由] qwen3.6-27b -> DashScope API

    [qwen3.6-27b] 决策: select | 选笑话编号: 2
    [qwen3.6-27b] 决策: select | 选笑话编号: 3
    [qwen3.6-27b] 决策: create | 选笑话编号: None

  Item完成: 耗时73.1s | 总耗时1615.5min
  速率限制器状态: 可用令牌=960.0/960
  已保存中间结果 (1024 条)

============================================================
处理 en_1125... (1025/1375)
  质量组: high (4个候选笑话)
  质量组: medium (4个候选笑话)
  质量组: low (4个候选笑话)
  并发执行 3 个评估任务 (max_workers=3)...
    [路由] qwen3.6-27b -> DashScope API    [路由] qwen3.6-27b -> DashScope API

    [路由] qwen3.6-27b -> DashScope API
    [qwen3.6-27b] 决策: select | 选笑话编号: 1
    [qwen3.6-27b] 决策: create | 选笑话编号: None
    [qwen3.6-27b] 决策: create | 选笑话编号: None

  Item完成: 耗时41.7s | 总耗时1616.2min
  速率限制器状态: 可用令牌=960.0/960
  已保存中间结果 (1025 条)

============================================================
处理 en_1126... (1026/1375)
  质量组: high (4个候选笑话)
  质量组: medium (4个候选笑话)
  质量组: low (4个候选笑话)
  并发执行 3 个评估任务 (max_workers=3)...
    [路由] qwen3.6-27b -> DashScope API
    [路由] qwen3.6-27b -> DashScope API
    [路由] qwen3.6-27b -> DashScope API
    [qwen3.6-27b] 决策: select | 选笑话编号: 2
    [qwen3.6-27b] 决策: select | 选笑话编号: 4
    [qwen3.6-27b] 决策: select | 选笑话编号: 4

  Item完成: 耗时22.6s | 总耗时1616.5min
  速率限制器状态: 可用令牌=960.0/960
  已保存中间结果 (1026 条)

============================================================
处理 en_1127... (1027/1375)
  质量组: high (4个候选笑话)
  质量组: medium (4个候选笑话)
  质量组: low (4个候选笑话)
  并发执行 3 个评估任务 (max_workers=3)...
    [路由] qwen3.6-27b -> DashScope API
    [路由] qwen3.6-27b -> DashScope API
    [路由] qwen3.6-27b -> DashScope API
    [qwen3.6-27b] 决策: select | 选笑话编号: 1
    [qwen3.6-27b] 决策: select | 选笑话编号: 4
    [qwen3.6-27b] 决策: create | 选笑话编号: None

  Item完成: 耗时60.8s | 总耗时1617.6min
  速率限制器状态: 可用令牌=960.0/960
  已保存中间结果 (1027 条)

============================================================
处理 en_1128... (1028/1375)
  质量组: high (4个候选笑话)
  质量组: medium (4个候选笑话)
  质量组: low (4个候选笑话)
  并发执行 3 个评估任务 (max_workers=3)...
    [路由] qwen3.6-27b -> DashScope API    [路由] qwen3.6-27b -> DashScope API

    [路由] qwen3.6-27b -> DashScope API
    [qwen3.6-27b] 决策: select | 选笑话编号: 2
    [qwen3.6-27b] 决策: select | 选笑话编号: 1
    [qwen3.6-27b] 决策: select | 选笑话编号: 4

  Item完成: 耗时25.5s | 总耗时1618.0min
  速率限制器状态: 可用令牌=960.0/960
  已保存中间结果 (1028 条)

============================================================
处理 en_1129... (1029/1375)
  质量组: high (4个候选笑话)
  质量组: medium (4个候选笑话)
  质量组: low (4个候选笑话)
  并发执行 3 个评估任务 (max_workers=3)...
    [路由] qwen3.6-27b -> DashScope API
    [路由] qwen3.6-27b -> DashScope API    [路由] qwen3.6-27b -> DashScope API

    [API] JSON解析失败: JSON解析失败: Extra data: line 7 column 1 (char 452), model=qwen3.6-27b
    [qwen3.6-27b] 决策:  | 选笑话编号: ?
    [qwen3.6-27b] 决策: select | 选笑话编号: 2
    [qwen3.6-27b] 决策: create | 选笑话编号: None

  Item完成: 耗时38.8s | 总耗时1618.6min
  速率限制器状态: 可用令牌=960.0/960
  已保存中间结果 (1029 条)

============================================================
处理 en_1130... (1030/1375)
  质量组: high (4个候选笑话)
  质量组: medium (4个候选笑话)
  质量组: low (4个候选笑话)
  并发执行 3 个评估任务 (max_workers=3)...
    [路由] qwen3.6-27b -> DashScope API
    [路由] qwen3.6-27b -> DashScope API
    [路由] qwen3.6-27b -> DashScope API
    [qwen3.6-27b] 决策: create | 选笑话编号: None
    [qwen3.6-27b] 决策: create | 选笑话编号: None
    [qwen3.6-27b] 决策: create | 选笑话编号: None

  Item完成: 耗时70.3s | 总耗时1619.8min
  速率限制器状态: 可用令牌=960.0/960
  已保存中间结果 (1030 条)

============================================================
处理 en_1131... (1031/1375)
  质量组: high (4个候选笑话)
  质量组: medium (4个候选笑话)
  质量组: low (4个候选笑话)
  并发执行 3 个评估任务 (max_workers=3)...
    [路由] qwen3.6-27b -> DashScope API    [路由] qwen3.6-27b -> DashScope API
    [路由] qwen3.6-27b -> DashScope API

    [qwen3.6-27b] 决策: select | 选笑话编号: 2
    [qwen3.6-27b] 决策: select | 选笑话编号: 2
    [qwen3.6-27b] 决策: create | 选笑话编号: None

  Item完成: 耗时30.0s | 总耗时1620.3min
  速率限制器状态: 可用令牌=960.0/960
  已保存中间结果 (1031 条)

============================================================
处理 en_1132... (1032/1375)
  质量组: high (4个候选笑话)
  质量组: medium (4个候选笑话)
  质量组: low (4个候选笑话)
  并发执行 3 个评估任务 (max_workers=3)...
    [路由] qwen3.6-27b -> DashScope API
    [路由] qwen3.6-27b -> DashScope API    [路由] qwen3.6-27b -> DashScope API

    [qwen3.6-27b] 决策: select | 选笑话编号: 4
    [qwen3.6-27b] 决策: select | 选笑话编号: 1
    [API] 可重试异常: HTTPSConnectionPool(host='dashscope.aliyuncs.com', port=443): Read timed out. (read timeout=300), 等待1.9s后重试 (1/5), model=qwen3.6-27b
    [qwen3.6-27b] 决策: select | 选笑话编号: 2

  Item完成: 耗时333.3s | 总耗时1625.9min
  速率限制器状态: 可用令牌=960.0/960
  已保存中间结果 (1032 条)

============================================================
处理 en_1133... (1033/1375)
  质量组: high (4个候选笑话)
  质量组: medium (4个候选笑话)
  质量组: low (4个候选笑话)
  并发执行 3 个评估任务 (max_workers=3)...
    [路由] qwen3.6-27b -> DashScope API    [路由] qwen3.6-27b -> DashScope API

    [路由] qwen3.6-27b -> DashScope API
    [qwen3.6-27b] 决策: select | 选笑话编号: 4
    [qwen3.6-27b] 决策: create | 选笑话编号: None
    [qwen3.6-27b] 决策: create | 选笑话编号: None

  Item完成: 耗时50.1s | 总耗时1626.7min
  速率限制器状态: 可用令牌=960.0/960
  已保存中间结果 (1033 条)

============================================================
处理 en_1134... (1034/1375)
  质量组: high (4个候选笑话)
  质量组: medium (4个候选笑话)
  质量组: low (4个候选笑话)
  并发执行 3 个评估任务 (max_workers=3)...
    [路由] qwen3.6-27b -> DashScope API
    [路由] qwen3.6-27b -> DashScope API
    [路由] qwen3.6-27b -> DashScope API
    [qwen3.6-27b] 决策: select | 选笑话编号: 4
    [qwen3.6-27b] 决策: select | 选笑话编号: 2
    [qwen3.6-27b] 决策: create | 选笑话编号: None

  Item完成: 耗时51.0s | 总耗时1627.6min
  速率限制器状态: 可用令牌=960.0/960
  已保存中间结果 (1034 条)

============================================================
处理 en_1135... (1035/1375)
  质量组: high (4个候选笑话)
  质量组: medium (4个候选笑话)
  质量组: low (4个候选笑话)
  并发执行 3 个评估任务 (max_workers=3)...
    [路由] qwen3.6-27b -> DashScope API
    [路由] qwen3.6-27b -> DashScope API
    [路由] qwen3.6-27b -> DashScope API
    [qwen3.6-27b] 决策: select | 选笑话编号: 2
    [qwen3.6-27b] 决策: create | 选笑话编号: None
    [qwen3.6-27b] 决策: create | 选笑话编号: None

  Item完成: 耗时54.2s | 总耗时1628.5min
  速率限制器状态: 可用令牌=960.0/960
  已保存中间结果 (1035 条)

============================================================
处理 en_1136... (1036/1375)
  质量组: high (4个候选笑话)
  质量组: medium (4个候选笑话)
  质量组: low (4个候选笑话)
  并发执行 3 个评估任务 (max_workers=3)...
    [路由] qwen3.6-27b -> DashScope API
    [路由] qwen3.6-27b -> DashScope API
    [路由] qwen3.6-27b -> DashScope API
    [qwen3.6-27b] 决策: select | 选笑话编号: 1
    [qwen3.6-27b] 决策: create | 选笑话编号: None
    [qwen3.6-27b] 决策: select | 选笑话编号: 2

  Item完成: 耗时38.1s | 总耗时1629.1min
  速率限制器状态: 可用令牌=960.0/960
  已保存中间结果 (1036 条)

============================================================
处理 en_1137... (1037/1375)
  质量组: high (4个候选笑话)
  质量组: medium (4个候选笑话)
  质量组: low (4个候选笑话)
  并发执行 3 个评估任务 (max_workers=3)...
    [路由] qwen3.6-27b -> DashScope API    [路由] qwen3.6-27b -> DashScope API

    [路由] qwen3.6-27b -> DashScope API
    [qwen3.6-27b] 决策: select | 选笑话编号: 2
    [qwen3.6-27b] 决策: select | 选笑话编号: 3
    [qwen3.6-27b] 决策: create | 选笑话编号: None

  Item完成: 耗时47.7s | 总耗时1629.9min
  速率限制器状态: 可用令牌=960.0/960
  已保存中间结果 (1037 条)

============================================================
处理 en_1138... (1038/1375)
  质量组: high (4个候选笑话)
  质量组: medium (4个候选笑话)
  质量组: low (4个候选笑话)
  并发执行 3 个评估任务 (max_workers=3)...
    [路由] qwen3.6-27b -> DashScope API    [路由] qwen3.6-27b -> DashScope API

    [路由] qwen3.6-27b -> DashScope API
    [qwen3.6-27b] 决策: select | 选笑话编号: 2
    [qwen3.6-27b] 决策: create | 选笑话编号: None
    [qwen3.6-27b] 决策: create | 选笑话编号: None

  Item完成: 耗时40.0s | 总耗时1630.6min
  速率限制器状态: 可用令牌=960.0/960
  已保存中间结果 (1038 条)

============================================================
处理 en_1139... (1039/1375)
  质量组: high (4个候选笑话)
  质量组: medium (4个候选笑话)
  质量组: low (4个候选笑话)
  并发执行 3 个评估任务 (max_workers=3)...
    [路由] qwen3.6-27b -> DashScope API
    [路由] qwen3.6-27b -> DashScope API    [路由] qwen3.6-27b -> DashScope API

    [qwen3.6-27b] 决策: select | 选笑话编号: 2
    [qwen3.6-27b] 决策: create | 选笑话编号: None
    [qwen3.6-27b] 决策: create | 选笑话编号: None

  Item完成: 耗时51.6s | 总耗时1631.4min
  速率限制器状态: 可用令牌=960.0/960
  已保存中间结果 (1039 条)

============================================================
处理 en_1140... (1040/1375)
  质量组: high (4个候选笑话)
  质量组: medium (4个候选笑话)
  质量组: low (4个候选笑话)
  并发执行 3 个评估任务 (max_workers=3)...
    [路由] qwen3.6-27b -> DashScope API
    [路由] qwen3.6-27b -> DashScope API    [路由] qwen3.6-27b -> DashScope API

    [qwen3.6-27b] 决策: select | 选笑话编号: 3
    [qwen3.6-27b] 决策: select | 选笑话编号: 3
    [qwen3.6-27b] 决策: create | 选笑话编号: None

  Item完成: 耗时40.7s | 总耗时1632.1min
  速率限制器状态: 可用令牌=960.0/960
  已保存中间结果 (1040 条)

============================================================
处理 en_1141... (1041/1375)
  质量组: high (4个候选笑话)
  质量组: medium (4个候选笑话)
  质量组: low (4个候选笑话)
  并发执行 3 个评估任务 (max_workers=3)...
    [路由] qwen3.6-27b -> DashScope API
    [路由] qwen3.6-27b -> DashScope API
    [路由] qwen3.6-27b -> DashScope API
    [qwen3.6-27b] 决策: create | 选笑话编号: None
    [qwen3.6-27b] 决策: create | 选笑话编号: None
    [qwen3.6-27b] 决策: create | 选笑话编号: None

  Item完成: 耗时47.2s | 总耗时1632.9min
  速率限制器状态: 可用令牌=960.0/960
  已保存中间结果 (1041 条)

============================================================
处理 en_1142... (1042/1375)
  质量组: high (4个候选笑话)
  质量组: medium (4个候选笑话)
  质量组: low (4个候选笑话)
  并发执行 3 个评估任务 (max_workers=3)...
    [路由] qwen3.6-27b -> DashScope API
    [路由] qwen3.6-27b -> DashScope API
    [路由] qwen3.6-27b -> DashScope API
    [qwen3.6-27b] 决策: select | 选笑话编号: 3
    [qwen3.6-27b] 决策: select | 选笑话编号: 1
    [qwen3.6-27b] 决策: create | 选笑话编号: None

  Item完成: 耗时50.8s | 总耗时1633.8min
  速率限制器状态: 可用令牌=960.0/960
  已保存中间结果 (1042 条)

============================================================
处理 en_1143... (1043/1375)
  质量组: high (4个候选笑话)
  质量组: medium (4个候选笑话)
  质量组: low (4个候选笑话)
  并发执行 3 个评估任务 (max_workers=3)...
    [路由] qwen3.6-27b -> DashScope API
    [路由] qwen3.6-27b -> DashScope API    [路由] qwen3.6-27b -> DashScope API

    [API] JSON解析失败: JSON解析失败: Extra data: line 7 column 1 (char 536), model=qwen3.6-27b
    [qwen3.6-27b] 决策:  | 选笑话编号: ?
    [qwen3.6-27b] 决策: select | 选笑话编号: 3
    [qwen3.6-27b] 决策: create | 选笑话编号: None

  Item完成: 耗时45.6s | 总耗时1634.5min
  速率限制器状态: 可用令牌=960.0/960
  已保存中间结果 (1043 条)

============================================================
处理 en_1144... (1044/1375)
  质量组: high (4个候选笑话)
  质量组: medium (4个候选笑话)
  质量组: low (4个候选笑话)
  并发执行 3 个评估任务 (max_workers=3)...
    [路由] qwen3.6-27b -> DashScope API
    [路由] qwen3.6-27b -> DashScope API
    [路由] qwen3.6-27b -> DashScope API
    [qwen3.6-27b] 决策: select | 选笑话编号: 2
    [qwen3.6-27b] 决策: create | 选笑话编号: None
    [qwen3.6-27b] 决策: create | 选笑话编号: None

  Item完成: 耗时43.1s | 总耗时1635.3min
  速率限制器状态: 可用令牌=960.0/960
  已保存中间结果 (1044 条)

============================================================
处理 en_1145... (1045/1375)
  质量组: high (4个候选笑话)
  质量组: medium (4个候选笑话)
  质量组: low (4个候选笑话)
  并发执行 3 个评估任务 (max_workers=3)...
    [路由] qwen3.6-27b -> DashScope API
    [路由] qwen3.6-27b -> DashScope API
    [路由] qwen3.6-27b -> DashScope API
    [qwen3.6-27b] 决策: select | 选笑话编号: 3
    [qwen3.6-27b] 决策: select | 选笑话编号: 4
    [qwen3.6-27b] 决策: create | 选笑话编号: None

  Item完成: 耗时36.9s | 总耗时1635.9min
  速率限制器状态: 可用令牌=960.0/960
  已保存中间结果 (1045 条)

============================================================
处理 en_1146... (1046/1375)
  质量组: high (4个候选笑话)
  质量组: medium (4个候选笑话)
  质量组: low (4个候选笑话)
  并发执行 3 个评估任务 (max_workers=3)...
    [路由] qwen3.6-27b -> DashScope API    [路由] qwen3.6-27b -> DashScope API

    [路由] qwen3.6-27b -> DashScope API
    [qwen3.6-27b] 决策: create | 选笑话编号: None
    [qwen3.6-27b] 决策: create | 选笑话编号: None
    [qwen3.6-27b] 决策: create | 选笑话编号: None

  Item完成: 耗时80.4s | 总耗时1637.2min
  速率限制器状态: 可用令牌=960.0/960
  已保存中间结果 (1046 条)

============================================================
处理 en_1147... (1047/1375)
  质量组: high (4个候选笑话)
  质量组: medium (4个候选笑话)
  质量组: low (4个候选笑话)
  并发执行 3 个评估任务 (max_workers=3)...
    [路由] qwen3.6-27b -> DashScope API
    [路由] qwen3.6-27b -> DashScope API
    [路由] qwen3.6-27b -> DashScope API
    [qwen3.6-27b] 决策: select | 选笑话编号: 3
    [qwen3.6-27b] 决策: select | 选笑话编号: 4
    [qwen3.6-27b] 决策: create | 选笑话编号: None

  Item完成: 耗时44.5s | 总耗时1638.0min
  速率限制器状态: 可用令牌=960.0/960
  已保存中间结果 (1047 条)

============================================================
处理 en_1148... (1048/1375)
  质量组: high (4个候选笑话)
  质量组: medium (4个候选笑话)
  质量组: low (4个候选笑话)
  并发执行 3 个评估任务 (max_workers=3)...
    [路由] qwen3.6-27b -> DashScope API
    [路由] qwen3.6-27b -> DashScope API
    [路由] qwen3.6-27b -> DashScope API
    [qwen3.6-27b] 决策: create | 选笑话编号: None
    [qwen3.6-27b] 决策: select | 选笑话编号: 2
    [qwen3.6-27b] 决策: create | 选笑话编号: None

  Item完成: 耗时72.3s | 总耗时1639.2min
  速率限制器状态: 可用令牌=960.0/960
  已保存中间结果 (1048 条)

============================================================
处理 en_1149... (1049/1375)
  质量组: high (4个候选笑话)
  质量组: medium (4个候选笑话)
  质量组: low (4个候选笑话)
  并发执行 3 个评估任务 (max_workers=3)...
    [路由] qwen3.6-27b -> DashScope API
    [路由] qwen3.6-27b -> DashScope API
    [路由] qwen3.6-27b -> DashScope API
    [qwen3.6-27b] 决策: select | 选笑话编号: 2
    [qwen3.6-27b] 决策: create | 选笑话编号: None
    [qwen3.6-27b] 决策: create | 选笑话编号: None

  Item完成: 耗时51.2s | 总耗时1640.0min
  速率限制器状态: 可用令牌=960.0/960
  已保存中间结果 (1049 条)

============================================================
处理 en_1150... (1050/1375)
  质量组: high (4个候选笑话)
  质量组: medium (4个候选笑话)
  质量组: low (4个候选笑话)
  并发执行 3 个评估任务 (max_workers=3)...
    [路由] qwen3.6-27b -> DashScope API
    [路由] qwen3.6-27b -> DashScope API
    [路由] qwen3.6-27b -> DashScope API
    [qwen3.6-27b] 决策: select | 选笑话编号: 1
    [qwen3.6-27b] 决策: create | 选笑话编号: None
    [qwen3.6-27b] 决策: create | 选笑话编号: None

  Item完成: 耗时59.3s | 总耗时1641.0min
  速率限制器状态: 可用令牌=960.0/960
  已保存中间结果 (1050 条)

============================================================
处理 en_1151... (1051/1375)
  质量组: high (4个候选笑话)
  质量组: medium (4个候选笑话)
  质量组: low (4个候选笑话)
  并发执行 3 个评估任务 (max_workers=3)...
    [路由] qwen3.6-27b -> DashScope API
    [路由] qwen3.6-27b -> DashScope API
    [路由] qwen3.6-27b -> DashScope API
    [qwen3.6-27b] 决策: create | 选笑话编号: None
    [qwen3.6-27b] 决策: select | 选笑话编号: 3
    [qwen3.6-27b] 决策: select | 选笑话编号: 2

  Item完成: 耗时65.2s | 总耗时1642.1min
  速率限制器状态: 可用令牌=960.0/960
  已保存中间结果 (1051 条)

============================================================
处理 en_1152... (1052/1375)
  质量组: high (4个候选笑话)
  质量组: medium (4个候选笑话)
  质量组: low (4个候选笑话)
  并发执行 3 个评估任务 (max_workers=3)...
    [路由] qwen3.6-27b -> DashScope API
    [路由] qwen3.6-27b -> DashScope API    [路由] qwen3.6-27b -> DashScope API

    [qwen3.6-27b] 决策: create | 选笑话编号: None
    [qwen3.6-27b] 决策: select | 选笑话编号: 1
    [qwen3.6-27b] 决策: create | 选笑话编号: None

  Item完成: 耗时81.4s | 总耗时1643.5min
  速率限制器状态: 可用令牌=960.0/960
  已保存中间结果 (1052 条)

============================================================
处理 en_1153... (1053/1375)
  质量组: high (4个候选笑话)
  质量组: medium (4个候选笑话)
  质量组: low (4个候选笑话)
  并发执行 3 个评估任务 (max_workers=3)...
    [路由] qwen3.6-27b -> DashScope API
    [路由] qwen3.6-27b -> DashScope API    [路由] qwen3.6-27b -> DashScope API

    [qwen3.6-27b] 决策: select | 选笑话编号: 2
    [qwen3.6-27b] 决策: select | 选笑话编号: 2
    [qwen3.6-27b] 决策: create | 选笑话编号: None

  Item完成: 耗时75.9s | 总耗时1644.7min
  速率限制器状态: 可用令牌=960.0/960
  已保存中间结果 (1053 条)

============================================================
处理 en_1154... (1054/1375)
  质量组: high (4个候选笑话)
  质量组: medium (4个候选笑话)
  质量组: low (4个候选笑话)
  并发执行 3 个评估任务 (max_workers=3)...
    [路由] qwen3.6-27b -> DashScope API    [路由] qwen3.6-27b -> DashScope API

    [路由] qwen3.6-27b -> DashScope API
    [qwen3.6-27b] 决策: select | 选笑话编号: 2
    [qwen3.6-27b] 决策: create | 选笑话编号: None
    [qwen3.6-27b] 决策: create | 选笑话编号: None

  Item完成: 耗时61.9s | 总耗时1645.8min
  速率限制器状态: 可用令牌=960.0/960
  已保存中间结果 (1054 条)

============================================================
处理 en_1155... (1055/1375)
  质量组: high (4个候选笑话)
  质量组: medium (4个候选笑话)
  质量组: low (4个候选笑话)
  并发执行 3 个评估任务 (max_workers=3)...
    [路由] qwen3.6-27b -> DashScope API
    [路由] qwen3.6-27b -> DashScope API
    [路由] qwen3.6-27b -> DashScope API
    [qwen3.6-27b] 决策: select | 选笑话编号: 2
    [qwen3.6-27b] 决策: select | 选笑话编号: 4
    [qwen3.6-27b] 决策: create | 选笑话编号: None

  Item完成: 耗时49.4s | 总耗时1646.6min
  速率限制器状态: 可用令牌=960.0/960
  已保存中间结果 (1055 条)

============================================================
处理 en_1156... (1056/1375)
  质量组: high (4个候选笑话)
  质量组: medium (4个候选笑话)
  质量组: low (4个候选笑话)
  并发执行 3 个评估任务 (max_workers=3)...
    [路由] qwen3.6-27b -> DashScope API    [路由] qwen3.6-27b -> DashScope API

    [路由] qwen3.6-27b -> DashScope API
    [qwen3.6-27b] 决策: select | 选笑话编号: 4
    [qwen3.6-27b] 决策: create | 选笑话编号: None
    [qwen3.6-27b] 决策: create | 选笑话编号: None

  Item完成: 耗时70.0s | 总耗时1647.8min
  速率限制器状态: 可用令牌=960.0/960
  已保存中间结果 (1056 条)

============================================================
处理 en_1157... (1057/1375)
  质量组: high (4个候选笑话)
  质量组: medium (4个候选笑话)
  质量组: low (4个候选笑话)
  并发执行 3 个评估任务 (max_workers=3)...
    [路由] qwen3.6-27b -> DashScope API
    [路由] qwen3.6-27b -> DashScope API    [路由] qwen3.6-27b -> DashScope API

    [qwen3.6-27b] 决策: select | 选笑话编号: 4
    [qwen3.6-27b] 决策: select | 选笑话编号: 2
    [qwen3.6-27b] 决策: create | 选笑话编号: None

  Item完成: 耗时50.2s | 总耗时1648.6min
  速率限制器状态: 可用令牌=960.0/960
  已保存中间结果 (1057 条)

============================================================
处理 en_1158... (1058/1375)
  质量组: high (4个候选笑话)
  质量组: medium (4个候选笑话)
  质量组: low (4个候选笑话)
  并发执行 3 个评估任务 (max_workers=3)...
    [路由] qwen3.6-27b -> DashScope API    [路由] qwen3.6-27b -> DashScope API

    [路由] qwen3.6-27b -> DashScope API
    [qwen3.6-27b] 决策: create | 选笑话编号: None
    [qwen3.6-27b] 决策: create | 选笑话编号: None
    [qwen3.6-27b] 决策: select | 选笑话编号: 3

  Item完成: 耗时45.1s | 总耗时1649.4min
  速率限制器状态: 可用令牌=960.0/960
  已保存中间结果 (1058 条)

============================================================
处理 en_1159... (1059/1375)
  质量组: high (4个候选笑话)
  质量组: medium (4个候选笑话)
  质量组: low (4个候选笑话)
  并发执行 3 个评估任务 (max_workers=3)...
    [路由] qwen3.6-27b -> DashScope API
    [路由] qwen3.6-27b -> DashScope API    [路由] qwen3.6-27b -> DashScope API

    [qwen3.6-27b] 决策: select | 选笑话编号: 3
    [qwen3.6-27b] 决策: create | 选笑话编号: None
    [qwen3.6-27b] 决策: create | 选笑话编号: None

  Item完成: 耗时66.2s | 总耗时1650.5min
  速率限制器状态: 可用令牌=960.0/960
  已保存中间结果 (1059 条)

============================================================
处理 en_1160... (1060/1375)
  质量组: high (4个候选笑话)
  质量组: medium (4个候选笑话)
  质量组: low (4个候选笑话)
  并发执行 3 个评估任务 (max_workers=3)...
    [路由] qwen3.6-27b -> DashScope API    [路由] qwen3.6-27b -> DashScope API

    [路由] qwen3.6-27b -> DashScope API
    [qwen3.6-27b] 决策: create | 选笑话编号: None
    [qwen3.6-27b] 决策: create | 选笑话编号: None
    [qwen3.6-27b] 决策: create | 选笑话编号: None

  Item完成: 耗时106.6s | 总耗时1652.3min
  速率限制器状态: 可用令牌=960.0/960
  已保存中间结果 (1060 条)

============================================================
处理 en_1161... (1061/1375)
  质量组: high (4个候选笑话)
  质量组: medium (4个候选笑话)
  质量组: low (4个候选笑话)
  并发执行 3 个评估任务 (max_workers=3)...
    [路由] qwen3.6-27b -> DashScope API    [路由] qwen3.6-27b -> DashScope API
    [路由] qwen3.6-27b -> DashScope API

    [qwen3.6-27b] 决策: select | 选笑话编号: 2
    [qwen3.6-27b] 决策: select | 选笑话编号: 4
    [qwen3.6-27b] 决策: create | 选笑话编号: None

  Item完成: 耗时49.9s | 总耗时1653.1min
  速率限制器状态: 可用令牌=960.0/960
  已保存中间结果 (1061 条)

============================================================
处理 en_1162... (1062/1375)
  质量组: high (4个候选笑话)
  质量组: medium (4个候选笑话)
  质量组: low (4个候选笑话)
  并发执行 3 个评估任务 (max_workers=3)...
    [路由] qwen3.6-27b -> DashScope API
    [路由] qwen3.6-27b -> DashScope API    [路由] qwen3.6-27b -> DashScope API

    [qwen3.6-27b] 决策: select | 选笑话编号: 4
    [qwen3.6-27b] 决策: create | 选笑话编号: None
    [qwen3.6-27b] 决策: select | 选笑话编号: 4

  Item完成: 耗时64.6s | 总耗时1654.2min
  速率限制器状态: 可用令牌=960.0/960
  已保存中间结果 (1062 条)

============================================================
处理 en_1163... (1063/1375)
  质量组: high (4个候选笑话)
  质量组: medium (4个候选笑话)
  质量组: low (4个候选笑话)
  并发执行 3 个评估任务 (max_workers=3)...
    [路由] qwen3.6-27b -> DashScope API
    [路由] qwen3.6-27b -> DashScope API
    [路由] qwen3.6-27b -> DashScope API
    [qwen3.6-27b] 决策: select | 选笑话编号: 1
    [qwen3.6-27b] 决策: create | 选笑话编号: None
    [qwen3.6-27b] 决策: create | 选笑话编号: None

  Item完成: 耗时51.3s | 总耗时1655.0min
  速率限制器状态: 可用令牌=960.0/960
  已保存中间结果 (1063 条)

============================================================
处理 en_1164... (1064/1375)
  质量组: high (4个候选笑话)
  质量组: medium (4个候选笑话)
  质量组: low (4个候选笑话)
  并发执行 3 个评估任务 (max_workers=3)...
    [路由] qwen3.6-27b -> DashScope API
    [路由] qwen3.6-27b -> DashScope API
    [路由] qwen3.6-27b -> DashScope API
    [qwen3.6-27b] 决策: select | 选笑话编号: 3
    [qwen3.6-27b] 决策: select | 选笑话编号: 4
    [qwen3.6-27b] 决策: create | 选笑话编号: None

  Item完成: 耗时61.0s | 总耗时1656.1min
  速率限制器状态: 可用令牌=960.0/960
  已保存中间结果 (1064 条)

============================================================
处理 en_1165... (1065/1375)
  质量组: high (4个候选笑话)
  质量组: medium (4个候选笑话)
  质量组: low (4个候选笑话)
  并发执行 3 个评估任务 (max_workers=3)...
    [路由] qwen3.6-27b -> DashScope API
    [路由] qwen3.6-27b -> DashScope API
    [路由] qwen3.6-27b -> DashScope API
    [qwen3.6-27b] 决策: select | 选笑话编号: 4
    [qwen3.6-27b] 决策: create | 选笑话编号: None
    [qwen3.6-27b] 决策: create | 选笑话编号: None

  Item完成: 耗时50.1s | 总耗时1656.9min
  速率限制器状态: 可用令牌=960.0/960
  已保存中间结果 (1065 条)

============================================================
处理 en_1166... (1066/1375)
  质量组: high (4个候选笑话)
  质量组: medium (4个候选笑话)
  质量组: low (4个候选笑话)
  并发执行 3 个评估任务 (max_workers=3)...
    [路由] qwen3.6-27b -> DashScope API
    [路由] qwen3.6-27b -> DashScope API
    [路由] qwen3.6-27b -> DashScope API
    [qwen3.6-27b] 决策: select | 选笑话编号: 2
    [qwen3.6-27b] 决策: select | 选笑话编号: 2
    [qwen3.6-27b] 决策: create | 选笑话编号: None

  Item完成: 耗时46.0s | 总耗时1657.7min
  速率限制器状态: 可用令牌=960.0/960
  已保存中间结果 (1066 条)

============================================================
处理 en_1167... (1067/1375)
  质量组: high (4个候选笑话)
  质量组: medium (4个候选笑话)
  质量组: low (4个候选笑话)
  并发执行 3 个评估任务 (max_workers=3)...
    [路由] qwen3.6-27b -> DashScope API    [路由] qwen3.6-27b -> DashScope API
    [路由] qwen3.6-27b -> DashScope API

    [qwen3.6-27b] 决策: select | 选笑话编号: 4
    [qwen3.6-27b] 决策: create | 选笑话编号: None
    [qwen3.6-27b] 决策: create | 选笑话编号: None

  Item完成: 耗时88.8s | 总耗时1659.2min
  速率限制器状态: 可用令牌=960.0/960
  已保存中间结果 (1067 条)

============================================================
处理 en_1168... (1068/1375)
  质量组: high (4个候选笑话)
  质量组: medium (4个候选笑话)
  质量组: low (4个候选笑话)
  并发执行 3 个评估任务 (max_workers=3)...
    [路由] qwen3.6-27b -> DashScope API
    [路由] qwen3.6-27b -> DashScope API    [路由] qwen3.6-27b -> DashScope API

    [qwen3.6-27b] 决策: select | 选笑话编号: 2
    [qwen3.6-27b] 决策: select | 选笑话编号: 4
    [qwen3.6-27b] 决策: create | 选笑话编号: None

  Item完成: 耗时62.3s | 总耗时1660.2min
  速率限制器状态: 可用令牌=960.0/960
  已保存中间结果 (1068 条)

============================================================
处理 en_1169... (1069/1375)
  质量组: high (4个候选笑话)
  质量组: medium (4个候选笑话)
  质量组: low (4个候选笑话)
  并发执行 3 个评估任务 (max_workers=3)...
    [路由] qwen3.6-27b -> DashScope API
    [路由] qwen3.6-27b -> DashScope API    [路由] qwen3.6-27b -> DashScope API

    [qwen3.6-27b] 决策: select | 选笑话编号: 2
    [qwen3.6-27b] 决策: select | 选笑话编号: 2
    [qwen3.6-27b] 决策: create | 选笑话编号: None

  Item完成: 耗时40.7s | 总耗时1660.9min
  速率限制器状态: 可用令牌=960.0/960
  已保存中间结果 (1069 条)

============================================================
处理 en_1170... (1070/1375)
  质量组: high (4个候选笑话)
  质量组: medium (4个候选笑话)
  质量组: low (4个候选笑话)
  并发执行 3 个评估任务 (max_workers=3)...
    [路由] qwen3.6-27b -> DashScope API    [路由] qwen3.6-27b -> DashScope API
    [路由] qwen3.6-27b -> DashScope API

    [qwen3.6-27b] 决策: select | 选笑话编号: 3
    [qwen3.6-27b] 决策: select | 选笑话编号: 2
    [qwen3.6-27b] 决策: create | 选笑话编号: None

  Item完成: 耗时55.4s | 总耗时1661.8min
  速率限制器状态: 可用令牌=960.0/960
  已保存中间结果 (1070 条)

============================================================
处理 en_1171... (1071/1375)
  质量组: high (4个候选笑话)
  质量组: medium (4个候选笑话)
  质量组: low (4个候选笑话)
  并发执行 3 个评估任务 (max_workers=3)...
    [路由] qwen3.6-27b -> DashScope API
    [路由] qwen3.6-27b -> DashScope API
    [路由] qwen3.6-27b -> DashScope API
    [API] JSON解析失败: JSON解析失败: Extra data: line 7 column 1 (char 551), model=qwen3.6-27b
    [qwen3.6-27b] 决策:  | 选笑话编号: ?
    [qwen3.6-27b] 决策: select | 选笑话编号: 4
    [qwen3.6-27b] 决策: select | 选笑话编号: 4

  Item完成: 耗时25.1s | 总耗时1662.2min
  速率限制器状态: 可用令牌=960.0/960
  已保存中间结果 (1071 条)

============================================================
处理 en_1172... (1072/1375)
  质量组: high (4个候选笑话)
  质量组: medium (4个候选笑话)
  质量组: low (4个候选笑话)
  并发执行 3 个评估任务 (max_workers=3)...
    [路由] qwen3.6-27b -> DashScope API
    [路由] qwen3.6-27b -> DashScope API    [路由] qwen3.6-27b -> DashScope API

    [qwen3.6-27b] 决策: select | 选笑话编号: 2
    [qwen3.6-27b] 决策: create | 选笑话编号: None
    [qwen3.6-27b] 决策: select | 选笑话编号: 2

  Item完成: 耗时49.6s | 总耗时1663.1min
  速率限制器状态: 可用令牌=960.0/960
  已保存中间结果 (1072 条)

============================================================
处理 en_1173... (1073/1375)
  质量组: high (4个候选笑话)
  质量组: medium (4个候选笑话)
  质量组: low (4个候选笑话)
  并发执行 3 个评估任务 (max_workers=3)...
    [路由] qwen3.6-27b -> DashScope API
    [路由] qwen3.6-27b -> DashScope API
    [路由] qwen3.6-27b -> DashScope API
    [qwen3.6-27b] 决策: create | 选笑话编号: None
    [qwen3.6-27b] 决策: create | 选笑话编号: None
    [qwen3.6-27b] 决策: create | 选笑话编号: None

  Item完成: 耗时58.8s | 总耗时1664.0min
  速率限制器状态: 可用令牌=960.0/960
  已保存中间结果 (1073 条)

============================================================
处理 en_1174... (1074/1375)
  质量组: high (4个候选笑话)
  质量组: medium (4个候选笑话)
  质量组: low (4个候选笑话)
  并发执行 3 个评估任务 (max_workers=3)...
    [路由] qwen3.6-27b -> DashScope API
    [路由] qwen3.6-27b -> DashScope API
    [路由] qwen3.6-27b -> DashScope API
    [qwen3.6-27b] 决策: select | 选笑话编号: 2
    [qwen3.6-27b] 决策: create | 选笑话编号: None
    [qwen3.6-27b] 决策: create | 选笑话编号: None

  Item完成: 耗时72.3s | 总耗时1665.3min
  速率限制器状态: 可用令牌=960.0/960
  已保存中间结果 (1074 条)

============================================================
处理 en_1175... (1075/1375)
  质量组: high (4个候选笑话)
  质量组: medium (4个候选笑话)
  质量组: low (4个候选笑话)
  并发执行 3 个评估任务 (max_workers=3)...
    [路由] qwen3.6-27b -> DashScope API
    [路由] qwen3.6-27b -> DashScope API    [路由] qwen3.6-27b -> DashScope API

    [qwen3.6-27b] 决策: select | 选笑话编号: 2
    [qwen3.6-27b] 决策: create | 选笑话编号: None
    [qwen3.6-27b] 决策: create | 选笑话编号: None

  Item完成: 耗时61.3s | 总耗时1666.3min
  速率限制器状态: 可用令牌=960.0/960
  已保存中间结果 (1075 条)

============================================================
处理 en_1176... (1076/1375)
  质量组: high (4个候选笑话)
  质量组: medium (4个候选笑话)
  质量组: low (4个候选笑话)
  并发执行 3 个评估任务 (max_workers=3)...
    [路由] qwen3.6-27b -> DashScope API
    [路由] qwen3.6-27b -> DashScope API
    [路由] qwen3.6-27b -> DashScope API
    [API] JSON解析失败: JSON解析失败: Extra data: line 7 column 1 (char 560), model=qwen3.6-27b
    [qwen3.6-27b] 决策:  | 选笑话编号: ?
    [qwen3.6-27b] 决策: create | 选笑话编号: None
    [qwen3.6-27b] 决策: create | 选笑话编号: None

  Item完成: 耗时49.8s | 总耗时1667.1min
  速率限制器状态: 可用令牌=960.0/960
  已保存中间结果 (1076 条)

============================================================
处理 en_1177... (1077/1375)
  质量组: high (4个候选笑话)
  质量组: medium (4个候选笑话)
  质量组: low (4个候选笑话)
  并发执行 3 个评估任务 (max_workers=3)...
    [路由] qwen3.6-27b -> DashScope API    [路由] qwen3.6-27b -> DashScope API
    [路由] qwen3.6-27b -> DashScope API

    [qwen3.6-27b] 决策: select | 选笑话编号: 1
    [qwen3.6-27b] 决策: create | 选笑话编号: None
    [qwen3.6-27b] 决策: create | 选笑话编号: None

  Item完成: 耗时45.5s | 总耗时1667.9min
  速率限制器状态: 可用令牌=960.0/960
  已保存中间结果 (1077 条)

============================================================
处理 en_1178... (1078/1375)
  质量组: high (4个候选笑话)
  质量组: medium (4个候选笑话)
  质量组: low (4个候选笑话)
  并发执行 3 个评估任务 (max_workers=3)...
    [路由] qwen3.6-27b -> DashScope API
    [路由] qwen3.6-27b -> DashScope API    [路由] qwen3.6-27b -> DashScope API

    [qwen3.6-27b] 决策: select | 选笑话编号: 3
    [qwen3.6-27b] 决策: select | 选笑话编号: 2
    [qwen3.6-27b] 决策: create | 选笑话编号: None

  Item完成: 耗时100.7s | 总耗时1669.6min
  速率限制器状态: 可用令牌=960.0/960
  已保存中间结果 (1078 条)

============================================================
处理 en_1179... (1079/1375)
  质量组: high (4个候选笑话)
  质量组: medium (4个候选笑话)
  质量组: low (4个候选笑话)
  并发执行 3 个评估任务 (max_workers=3)...
    [路由] qwen3.6-27b -> DashScope API
    [路由] qwen3.6-27b -> DashScope API    [路由] qwen3.6-27b -> DashScope API

    [qwen3.6-27b] 决策: create | 选笑话编号: None
    [qwen3.6-27b] 决策: select | 选笑话编号: 3
    [qwen3.6-27b] 决策: create | 选笑话编号: None

  Item完成: 耗时70.6s | 总耗时1670.7min
  速率限制器状态: 可用令牌=960.0/960
  已保存中间结果 (1079 条)

============================================================
处理 en_1180... (1080/1375)
  质量组: high (4个候选笑话)
  质量组: medium (4个候选笑话)
  质量组: low (4个候选笑话)
  并发执行 3 个评估任务 (max_workers=3)...
    [路由] qwen3.6-27b -> DashScope API
    [路由] qwen3.6-27b -> DashScope API
    [路由] qwen3.6-27b -> DashScope API
    [qwen3.6-27b] 决策: select | 选笑话编号: 2
    [qwen3.6-27b] 决策: select | 选笑话编号: 2
    [qwen3.6-27b] 决策: create | 选笑话编号: None

  Item完成: 耗时79.1s | 总耗时1672.1min
  速率限制器状态: 可用令牌=960.0/960
  已保存中间结果 (1080 条)

============================================================
处理 en_1181... (1081/1375)
  质量组: high (4个候选笑话)
  质量组: medium (4个候选笑话)
  质量组: low (4个候选笑话)
  并发执行 3 个评估任务 (max_workers=3)...
    [路由] qwen3.6-27b -> DashScope API
    [路由] qwen3.6-27b -> DashScope API    [路由] qwen3.6-27b -> DashScope API

    [qwen3.6-27b] 决策: select | 选笑话编号: 4
    [qwen3.6-27b] 决策: select | 选笑话编号: 2
    [qwen3.6-27b] 决策: select | 选笑话编号: 4

  Item完成: 耗时28.2s | 总耗时1672.5min
  速率限制器状态: 可用令牌=960.0/960
  已保存中间结果 (1081 条)

============================================================
处理 en_1182... (1082/1375)
  质量组: high (4个候选笑话)
  质量组: medium (4个候选笑话)
  质量组: low (4个候选笑话)
  并发执行 3 个评估任务 (max_workers=3)...
    [路由] qwen3.6-27b -> DashScope API
    [路由] qwen3.6-27b -> DashScope API
    [路由] qwen3.6-27b -> DashScope API
    [qwen3.6-27b] 决策: select | 选笑话编号: 3
    [qwen3.6-27b] 决策: select | 选笑话编号: 4
    [qwen3.6-27b] 决策: select | 选笑话编号: 3

  Item完成: 耗时25.9s | 总耗时1673.0min
  速率限制器状态: 可用令牌=960.0/960
  已保存中间结果 (1082 条)

============================================================
处理 en_1183... (1083/1375)
  质量组: high (4个候选笑话)
  质量组: medium (4个候选笑话)
  质量组: low (4个候选笑话)
  并发执行 3 个评估任务 (max_workers=3)...
    [路由] qwen3.6-27b -> DashScope API
    [路由] qwen3.6-27b -> DashScope API
    [路由] qwen3.6-27b -> DashScope API
    [qwen3.6-27b] 决策: select | 选笑话编号: 3
    [qwen3.6-27b] 决策: select | 选笑话编号: 2
    [qwen3.6-27b] 决策: create | 选笑话编号: None

  Item完成: 耗时61.3s | 总耗时1674.0min
  速率限制器状态: 可用令牌=960.0/960
  已保存中间结果 (1083 条)

============================================================
处理 en_1184... (1084/1375)
  质量组: high (4个候选笑话)
  质量组: medium (4个候选笑话)
  质量组: low (4个候选笑话)
  并发执行 3 个评估任务 (max_workers=3)...
    [路由] qwen3.6-27b -> DashScope API
    [路由] qwen3.6-27b -> DashScope API    [路由] qwen3.6-27b -> DashScope API

    [qwen3.6-27b] 决策: select | 选笑话编号: 4
    [qwen3.6-27b] 决策: create | 选笑话编号: None
    [qwen3.6-27b] 决策: create | 选笑话编号: None

  Item完成: 耗时49.4s | 总耗时1674.8min
  速率限制器状态: 可用令牌=960.0/960
  已保存中间结果 (1084 条)

============================================================
处理 en_1185... (1085/1375)
  质量组: high (4个候选笑话)
  质量组: medium (4个候选笑话)
  质量组: low (4个候选笑话)
  并发执行 3 个评估任务 (max_workers=3)...
    [路由] qwen3.6-27b -> DashScope API    [路由] qwen3.6-27b -> DashScope API

    [路由] qwen3.6-27b -> DashScope API
    [qwen3.6-27b] 决策: select | 选笑话编号: 4
    [qwen3.6-27b] 决策: create | 选笑话编号: None
    [qwen3.6-27b] 决策: create | 选笑话编号: None

  Item完成: 耗时78.2s | 总耗时1676.1min
  速率限制器状态: 可用令牌=960.0/960
  已保存中间结果 (1085 条)

============================================================
处理 en_1186... (1086/1375)
  质量组: high (4个候选笑话)
  质量组: medium (4个候选笑话)
  质量组: low (4个候选笑话)
  并发执行 3 个评估任务 (max_workers=3)...
    [路由] qwen3.6-27b -> DashScope API    [路由] qwen3.6-27b -> DashScope API

    [路由] qwen3.6-27b -> DashScope API
    [qwen3.6-27b] 决策: select | 选笑话编号: 4
    [qwen3.6-27b] 决策: select | 选笑话编号: 3
    [qwen3.6-27b] 决策: create | 选笑话编号: None

  Item完成: 耗时60.5s | 总耗时1677.2min
  速率限制器状态: 可用令牌=960.0/960
  已保存中间结果 (1086 条)

============================================================
处理 en_1187... (1087/1375)
  质量组: high (4个候选笑话)
  质量组: medium (4个候选笑话)
  质量组: low (4个候选笑话)
  并发执行 3 个评估任务 (max_workers=3)...
    [路由] qwen3.6-27b -> DashScope API
    [路由] qwen3.6-27b -> DashScope API    [路由] qwen3.6-27b -> DashScope API

    [qwen3.6-27b] 决策: create | 选笑话编号: None
    [qwen3.6-27b] 决策: select | 选笑话编号: 3
    [qwen3.6-27b] 决策: create | 选笑话编号: None

  Item完成: 耗时68.6s | 总耗时1678.3min
  速率限制器状态: 可用令牌=960.0/960
  已保存中间结果 (1087 条)

============================================================
处理 en_1188... (1088/1375)
  质量组: high (4个候选笑话)
  质量组: medium (4个候选笑话)
  质量组: low (4个候选笑话)
  并发执行 3 个评估任务 (max_workers=3)...
    [路由] qwen3.6-27b -> DashScope API
    [路由] qwen3.6-27b -> DashScope API
    [路由] qwen3.6-27b -> DashScope API
    [qwen3.6-27b] 决策: select | 选笑话编号: 4
    [qwen3.6-27b] 决策: create | 选笑话编号: None
    [qwen3.6-27b] 决策: select | 选笑话编号: 3

  Item完成: 耗时81.1s | 总耗时1679.7min
  速率限制器状态: 可用令牌=960.0/960
  已保存中间结果 (1088 条)

============================================================
处理 en_1189... (1089/1375)
  质量组: high (4个候选笑话)
  质量组: medium (4个候选笑话)
  质量组: low (4个候选笑话)
  并发执行 3 个评估任务 (max_workers=3)...
    [路由] qwen3.6-27b -> DashScope API
    [路由] qwen3.6-27b -> DashScope API    [路由] qwen3.6-27b -> DashScope API

    [qwen3.6-27b] 决策: select | 选笑话编号: 2
    [qwen3.6-27b] 决策: create | 选笑话编号: None
    [qwen3.6-27b] 决策: create | 选笑话编号: None

  Item完成: 耗时62.3s | 总耗时1680.7min
  速率限制器状态: 可用令牌=960.0/960
  已保存中间结果 (1089 条)

============================================================
处理 en_1190... (1090/1375)
  质量组: high (4个候选笑话)
  质量组: medium (4个候选笑话)
  质量组: low (4个候选笑话)
  并发执行 3 个评估任务 (max_workers=3)...
    [路由] qwen3.6-27b -> DashScope API
    [路由] qwen3.6-27b -> DashScope API    [路由] qwen3.6-27b -> DashScope API

    [qwen3.6-27b] 决策: select | 选笑话编号: 4
    [qwen3.6-27b] 决策: create | 选笑话编号: None
    [qwen3.6-27b] 决策: create | 选笑话编号: None

  Item完成: 耗时55.6s | 总耗时1681.6min
  速率限制器状态: 可用令牌=960.0/960
  已保存中间结果 (1090 条)

============================================================
处理 en_1191... (1091/1375)
  质量组: high (4个候选笑话)
  质量组: medium (4个候选笑话)
  质量组: low (4个候选笑话)
  并发执行 3 个评估任务 (max_workers=3)...
    [路由] qwen3.6-27b -> DashScope API
    [路由] qwen3.6-27b -> DashScope API
    [路由] qwen3.6-27b -> DashScope API
    [qwen3.6-27b] 决策: select | 选笑话编号: 3
    [qwen3.6-27b] 决策: select | 选笑话编号: 4
    [qwen3.6-27b] 决策: create | 选笑话编号: None

  Item完成: 耗时36.1s | 总耗时1682.2min
  速率限制器状态: 可用令牌=960.0/960
  已保存中间结果 (1091 条)

============================================================
处理 en_1192... (1092/1375)
  质量组: high (4个候选笑话)
  质量组: medium (4个候选笑话)
  质量组: low (4个候选笑话)
  并发执行 3 个评估任务 (max_workers=3)...
    [路由] qwen3.6-27b -> DashScope API
    [路由] qwen3.6-27b -> DashScope API    [路由] qwen3.6-27b -> DashScope API

    [qwen3.6-27b] 决策: select | 选笑话编号: 1
    [qwen3.6-27b] 决策: select | 选笑话编号: 4
    [qwen3.6-27b] 决策: create | 选笑话编号: None

  Item完成: 耗时107.5s | 总耗时1684.0min
  速率限制器状态: 可用令牌=960.0/960
  已保存中间结果 (1092 条)

============================================================
处理 en_1193... (1093/1375)
  质量组: high (4个候选笑话)
  质量组: medium (4个候选笑话)
  质量组: low (4个候选笑话)
  并发执行 3 个评估任务 (max_workers=3)...
    [路由] qwen3.6-27b -> DashScope API    [路由] qwen3.6-27b -> DashScope API
    [路由] qwen3.6-27b -> DashScope API

    [qwen3.6-27b] 决策: create | 选笑话编号: None
    [qwen3.6-27b] 决策: create | 选笑话编号: None
    [API] 可重试异常: HTTPSConnectionPool(host='dashscope.aliyuncs.com', port=443): Read timed out. (read timeout=300), 等待2.5s后重试 (1/5), model=qwen3.6-27b
    [qwen3.6-27b] 决策: select | 选笑话编号: 4

  Item完成: 耗时337.6s | 总耗时1689.7min
  速率限制器状态: 可用令牌=960.0/960
  已保存中间结果 (1093 条)

============================================================
处理 en_1194... (1094/1375)
  质量组: high (4个候选笑话)
  质量组: medium (4个候选笑话)
  质量组: low (4个候选笑话)
  并发执行 3 个评估任务 (max_workers=3)...
    [路由] qwen3.6-27b -> DashScope API    [路由] qwen3.6-27b -> DashScope API

    [路由] qwen3.6-27b -> DashScope API
    [qwen3.6-27b] 决策: select | 选笑话编号: 4
    [qwen3.6-27b] 决策: select | 选笑话编号: 4
    [API] 可重试异常: HTTPSConnectionPool(host='dashscope.aliyuncs.com', port=443): Read timed out. (read timeout=300), 等待1.9s后重试 (1/5), model=qwen3.6-27b
    [qwen3.6-27b] 决策: create | 选笑话编号: None

  Item完成: 耗时390.6s | 总耗时1696.2min
  速率限制器状态: 可用令牌=960.0/960
  已保存中间结果 (1094 条)

============================================================
处理 en_1195... (1095/1375)
  质量组: high (4个候选笑话)
  质量组: medium (4个候选笑话)
  质量组: low (4个候选笑话)
  并发执行 3 个评估任务 (max_workers=3)...
    [路由] qwen3.6-27b -> DashScope API    [路由] qwen3.6-27b -> DashScope API

    [路由] qwen3.6-27b -> DashScope API
    [qwen3.6-27b] 决策: select | 选笑话编号: 1
    [qwen3.6-27b] 决策: create | 选笑话编号: None
    [qwen3.6-27b] 决策: create | 选笑话编号: None

  Item完成: 耗时48.8s | 总耗时1697.0min
  速率限制器状态: 可用令牌=960.0/960
  已保存中间结果 (1095 条)

============================================================
处理 en_1196... (1096/1375)
  质量组: high (4个候选笑话)
  质量组: medium (4个候选笑话)
  质量组: low (4个候选笑话)
  并发执行 3 个评估任务 (max_workers=3)...
    [路由] qwen3.6-27b -> DashScope API    [路由] qwen3.6-27b -> DashScope API
    [路由] qwen3.6-27b -> DashScope API

    [qwen3.6-27b] 决策: create | 选笑话编号: None
    [qwen3.6-27b] 决策: create | 选笑话编号: None
    [qwen3.6-27b] 决策: select | 选笑话编号: 2

  Item完成: 耗时75.6s | 总耗时1698.3min
  速率限制器状态: 可用令牌=960.0/960
  已保存中间结果 (1096 条)

============================================================
处理 en_1197... (1097/1375)
  质量组: high (4个候选笑话)
  质量组: medium (4个候选笑话)
  质量组: low (4个候选笑话)
  并发执行 3 个评估任务 (max_workers=3)...
    [路由] qwen3.6-27b -> DashScope API
    [路由] qwen3.6-27b -> DashScope API
    [路由] qwen3.6-27b -> DashScope API
    [qwen3.6-27b] 决策: select | 选笑话编号: 2
    [qwen3.6-27b] 决策: select | 选笑话编号: 4
    [qwen3.6-27b] 决策: create | 选笑话编号: None

  Item完成: 耗时34.2s | 总耗时1698.8min
  速率限制器状态: 可用令牌=960.0/960
  已保存中间结果 (1097 条)

============================================================
处理 en_1198... (1098/1375)
  质量组: high (4个候选笑话)
  质量组: medium (4个候选笑话)
  质量组: low (4个候选笑话)
  并发执行 3 个评估任务 (max_workers=3)...
    [路由] qwen3.6-27b -> DashScope API
    [路由] qwen3.6-27b -> DashScope API    [路由] qwen3.6-27b -> DashScope API

    [qwen3.6-27b] 决策: select | 选笑话编号: 4
    [qwen3.6-27b] 决策: select | 选笑话编号: 2
    [qwen3.6-27b] 决策: create | 选笑话编号: None

  Item完成: 耗时54.1s | 总耗时1699.7min
  速率限制器状态: 可用令牌=960.0/960
  已保存中间结果 (1098 条)

============================================================
处理 en_1199... (1099/1375)
  质量组: high (4个候选笑话)
  质量组: medium (4个候选笑话)
  质量组: low (4个候选笑话)
  并发执行 3 个评估任务 (max_workers=3)...
    [路由] qwen3.6-27b -> DashScope API    [路由] qwen3.6-27b -> DashScope API
    [路由] qwen3.6-27b -> DashScope API

    [qwen3.6-27b] 决策: create | 选笑话编号: None
    [qwen3.6-27b] 决策: create | 选笑话编号: None
    [qwen3.6-27b] 决策: create | 选笑话编号: None

  Item完成: 耗时53.9s | 总耗时1700.6min
  速率限制器状态: 可用令牌=960.0/960
  已保存中间结果 (1099 条)

============================================================
处理 en_1200... (1100/1375)
  质量组: high (4个候选笑话)
  质量组: medium (4个候选笑话)
  质量组: low (4个候选笑话)
  并发执行 3 个评估任务 (max_workers=3)...
    [路由] qwen3.6-27b -> DashScope API
    [路由] qwen3.6-27b -> DashScope API    [路由] qwen3.6-27b -> DashScope API

    [qwen3.6-27b] 决策: select | 选笑话编号: 2
    [qwen3.6-27b] 决策: select | 选笑话编号: 1
    [qwen3.6-27b] 决策: create | 选笑话编号: None

  Item完成: 耗时32.2s | 总耗时1701.2min
  速率限制器状态: 可用令牌=960.0/960
  已保存中间结果 (1100 条)

============================================================
处理 en_2001... (1101/1375)
  质量组: high (4个候选笑话)
  质量组: medium (4个候选笑话)
  质量组: low (4个候选笑话)
  并发执行 3 个评估任务 (max_workers=3)...
    [路由] qwen3.6-27b -> DashScope API
    [路由] qwen3.6-27b -> DashScope API
    [路由] qwen3.6-27b -> DashScope API
    [qwen3.6-27b] 决策: select | 选笑话编号: 1
    [qwen3.6-27b] 决策: select | 选笑话编号: 2
    [qwen3.6-27b] 决策: create | 选笑话编号: None

  Item完成: 耗时78.4s | 总耗时1702.5min
  速率限制器状态: 可用令牌=960.0/960
  已保存中间结果 (1101 条)

============================================================
处理 en_2002... (1102/1375)
  质量组: high (4个候选笑话)
  质量组: medium (4个候选笑话)
  质量组: low (4个候选笑话)
  并发执行 3 个评估任务 (max_workers=3)...
    [路由] qwen3.6-27b -> DashScope API
    [路由] qwen3.6-27b -> DashScope API    [路由] qwen3.6-27b -> DashScope API

    [qwen3.6-27b] 决策: create | 选笑话编号: None
    [qwen3.6-27b] 决策: create | 选笑话编号: None
    [qwen3.6-27b] 决策: create | 选笑话编号: None

  Item完成: 耗时44.2s | 总耗时1703.2min
  速率限制器状态: 可用令牌=960.0/960
  已保存中间结果 (1102 条)

============================================================
处理 en_2003... (1103/1375)
  质量组: high (4个候选笑话)
  质量组: medium (4个候选笑话)
  质量组: low (4个候选笑话)
  并发执行 3 个评估任务 (max_workers=3)...
    [路由] qwen3.6-27b -> DashScope API
    [路由] qwen3.6-27b -> DashScope API    [路由] qwen3.6-27b -> DashScope API

    [qwen3.6-27b] 决策: select | 选笑话编号: 4
    [qwen3.6-27b] 决策: select | 选笑话编号: 4
    [qwen3.6-27b] 决策: select | 选笑话编号: 3

  Item完成: 耗时24.2s | 总耗时1703.6min
  速率限制器状态: 可用令牌=960.0/960
  已保存中间结果 (1103 条)

============================================================
处理 en_2004... (1104/1375)
  质量组: high (4个候选笑话)
  质量组: medium (4个候选笑话)
  质量组: low (4个候选笑话)
  并发执行 3 个评估任务 (max_workers=3)...
    [路由] qwen3.6-27b -> DashScope API
    [路由] qwen3.6-27b -> DashScope API    [路由] qwen3.6-27b -> DashScope API

    [qwen3.6-27b] 决策: select | 选笑话编号: 4
    [qwen3.6-27b] 决策: select | 选笑话编号: 2
    [qwen3.6-27b] 决策: create | 选笑话编号: None

  Item完成: 耗时83.2s | 总耗时1705.0min
  速率限制器状态: 可用令牌=960.0/960
  已保存中间结果 (1104 条)

============================================================
处理 en_2005... (1105/1375)
  质量组: high (4个候选笑话)
  质量组: medium (4个候选笑话)
  质量组: low (4个候选笑话)
  并发执行 3 个评估任务 (max_workers=3)...
    [路由] qwen3.6-27b -> DashScope API
    [路由] qwen3.6-27b -> DashScope API    [路由] qwen3.6-27b -> DashScope API

    [qwen3.6-27b] 决策: create | 选笑话编号: None
    [qwen3.6-27b] 决策: create | 选笑话编号: None
    [qwen3.6-27b] 决策: create | 选笑话编号: None

  Item完成: 耗时77.5s | 总耗时1706.3min
  速率限制器状态: 可用令牌=960.0/960
  已保存中间结果 (1105 条)

============================================================
处理 en_2006... (1106/1375)
  质量组: high (4个候选笑话)
  质量组: medium (4个候选笑话)
  质量组: low (4个候选笑话)
  并发执行 3 个评估任务 (max_workers=3)...
    [路由] qwen3.6-27b -> DashScope API    [路由] qwen3.6-27b -> DashScope API
    [路由] qwen3.6-27b -> DashScope API

    [qwen3.6-27b] 决策: select | 选笑话编号: 2
    [qwen3.6-27b] 决策: select | 选笑话编号: 3
    [qwen3.6-27b] 决策: create | 选笑话编号: None

  Item完成: 耗时70.2s | 总耗时1707.5min
  速率限制器状态: 可用令牌=960.0/960
  已保存中间结果 (1106 条)

============================================================
处理 en_2007... (1107/1375)
  质量组: high (4个候选笑话)
  质量组: medium (4个候选笑话)
  质量组: low (4个候选笑话)
  并发执行 3 个评估任务 (max_workers=3)...
    [路由] qwen3.6-27b -> DashScope API
    [路由] qwen3.6-27b -> DashScope API    [路由] qwen3.6-27b -> DashScope API

    [qwen3.6-27b] 决策: create | 选笑话编号: None
    [qwen3.6-27b] 决策: create | 选笑话编号: None
    [qwen3.6-27b] 决策: create | 选笑话编号: None

  Item完成: 耗时59.1s | 总耗时1708.5min
  速率限制器状态: 可用令牌=960.0/960
  已保存中间结果 (1107 条)

============================================================
处理 en_2008... (1108/1375)
  质量组: high (4个候选笑话)
  质量组: medium (4个候选笑话)
  质量组: low (4个候选笑话)
  并发执行 3 个评估任务 (max_workers=3)...
    [路由] qwen3.6-27b -> DashScope API
    [路由] qwen3.6-27b -> DashScope API
    [路由] qwen3.6-27b -> DashScope API
    [qwen3.6-27b] 决策: select | 选笑话编号: 4
    [qwen3.6-27b] 决策: select | 选笑话编号: 2
    [qwen3.6-27b] 决策: create | 选笑话编号: None

  Item完成: 耗时30.2s | 总耗时1709.0min
  速率限制器状态: 可用令牌=960.0/960
  已保存中间结果 (1108 条)

============================================================
处理 en_2009... (1109/1375)
  质量组: high (4个候选笑话)
  质量组: medium (4个候选笑话)
  质量组: low (4个候选笑话)
  并发执行 3 个评估任务 (max_workers=3)...
    [路由] qwen3.6-27b -> DashScope API    [路由] qwen3.6-27b -> DashScope API
    [路由] qwen3.6-27b -> DashScope API

    [qwen3.6-27b] 决策: select | 选笑话编号: 2
    [qwen3.6-27b] 决策: select | 选笑话编号: 4
    [qwen3.6-27b] 决策: create | 选笑话编号: None

  Item完成: 耗时47.7s | 总耗时1709.8min
  速率限制器状态: 可用令牌=960.0/960
  已保存中间结果 (1109 条)

============================================================
处理 en_2010... (1110/1375)
  质量组: high (4个候选笑话)
  质量组: medium (4个候选笑话)
  质量组: low (4个候选笑话)
  并发执行 3 个评估任务 (max_workers=3)...
    [路由] qwen3.6-27b -> DashScope API
    [路由] qwen3.6-27b -> DashScope API
    [路由] qwen3.6-27b -> DashScope API
    [qwen3.6-27b] 决策: select | 选笑话编号: 2
    [qwen3.6-27b] 决策: create | 选笑话编号: None
    [API] 可重试异常: HTTPSConnectionPool(host='dashscope.aliyuncs.com', port=443): Read timed out. (read timeout=300), 等待1.7s后重试 (1/5), model=qwen3.6-27b
    [qwen3.6-27b] 决策: select | 选笑话编号: 3

  Item完成: 耗时339.0s | 总耗时1715.5min
  速率限制器状态: 可用令牌=960.0/960
  已保存中间结果 (1110 条)

============================================================
处理 en_2011... (1111/1375)
  质量组: high (4个候选笑话)
  质量组: medium (4个候选笑话)
  质量组: low (4个候选笑话)
  并发执行 3 个评估任务 (max_workers=3)...
    [路由] qwen3.6-27b -> DashScope API    [路由] qwen3.6-27b -> DashScope API

    [路由] qwen3.6-27b -> DashScope API
    [qwen3.6-27b] 决策: select | 选笑话编号: 2
    [qwen3.6-27b] 决策: select | 选笑话编号: 2
    [qwen3.6-27b] 决策: select | 选笑话编号: 3

  Item完成: 耗时37.4s | 总耗时1716.1min
  速率限制器状态: 可用令牌=960.0/960
  已保存中间结果 (1111 条)

============================================================
处理 en_2012... (1112/1375)
  质量组: high (4个候选笑话)
  质量组: medium (4个候选笑话)
  质量组: low (4个候选笑话)
  并发执行 3 个评估任务 (max_workers=3)...
    [路由] qwen3.6-27b -> DashScope API
    [路由] qwen3.6-27b -> DashScope API
    [路由] qwen3.6-27b -> DashScope API
    [qwen3.6-27b] 决策: create | 选笑话编号: None
    [qwen3.6-27b] 决策: create | 选笑话编号: None
    [qwen3.6-27b] 决策: select | 选笑话编号: 3

  Item完成: 耗时61.0s | 总耗时1717.1min
  速率限制器状态: 可用令牌=960.0/960
  已保存中间结果 (1112 条)

============================================================
处理 en_2013... (1113/1375)
  质量组: high (4个候选笑话)
  质量组: medium (4个候选笑话)
  质量组: low (4个候选笑话)
  并发执行 3 个评估任务 (max_workers=3)...
    [路由] qwen3.6-27b -> DashScope API    [路由] qwen3.6-27b -> DashScope API
    [路由] qwen3.6-27b -> DashScope API

    [qwen3.6-27b] 决策: create | 选笑话编号: None
    [qwen3.6-27b] 决策: create | 选笑话编号: None
    [qwen3.6-27b] 决策: create | 选笑话编号: None

  Item完成: 耗时63.7s | 总耗时1718.2min
  速率限制器状态: 可用令牌=960.0/960
  已保存中间结果 (1113 条)

============================================================
处理 en_2014... (1114/1375)
  质量组: high (4个候选笑话)
  质量组: medium (4个候选笑话)
  质量组: low (4个候选笑话)
  并发执行 3 个评估任务 (max_workers=3)...
    [路由] qwen3.6-27b -> DashScope API    [路由] qwen3.6-27b -> DashScope API

    [路由] qwen3.6-27b -> DashScope API
    [qwen3.6-27b] 决策: select | 选笑话编号: 4
    [qwen3.6-27b] 决策: create | 选笑话编号: None
    [qwen3.6-27b] 决策: create | 选笑话编号: None

  Item完成: 耗时59.0s | 总耗时1719.2min
  速率限制器状态: 可用令牌=960.0/960
  已保存中间结果 (1114 条)

============================================================
处理 en_2015... (1115/1375)
  质量组: high (4个候选笑话)
  质量组: medium (4个候选笑话)
  质量组: low (4个候选笑话)
  并发执行 3 个评估任务 (max_workers=3)...
    [路由] qwen3.6-27b -> DashScope API    [路由] qwen3.6-27b -> DashScope API
    [路由] qwen3.6-27b -> DashScope API

    [qwen3.6-27b] 决策: select | 选笑话编号: 2
    [qwen3.6-27b] 决策: create | 选笑话编号: None
    [qwen3.6-27b] 决策: create | 选笑话编号: None

  Item完成: 耗时46.9s | 总耗时1719.9min
  速率限制器状态: 可用令牌=960.0/960
  已保存中间结果 (1115 条)

============================================================
处理 en_2016... (1116/1375)
  质量组: high (4个候选笑话)
  质量组: medium (4个候选笑话)
  质量组: low (4个候选笑话)
  并发执行 3 个评估任务 (max_workers=3)...
    [路由] qwen3.6-27b -> DashScope API
    [路由] qwen3.6-27b -> DashScope API    [路由] qwen3.6-27b -> DashScope API

    [API] JSON解析失败: JSON解析失败: Extra data: line 7 column 1 (char 551), model=qwen3.6-27b
    [qwen3.6-27b] 决策:  | 选笑话编号: ?
    [qwen3.6-27b] 决策: create | 选笑话编号: None
    [API] JSON解析失败: JSON解析失败: Extra data: line 7 column 1 (char 480), model=qwen3.6-27b
    [qwen3.6-27b] 决策:  | 选笑话编号: ?

  Item完成: 耗时45.0s | 总耗时1720.7min
  速率限制器状态: 可用令牌=960.0/960
  已保存中间结果 (1116 条)

============================================================
处理 en_2017... (1117/1375)
  质量组: high (4个候选笑话)
  质量组: medium (4个候选笑话)
  质量组: low (4个候选笑话)
  并发执行 3 个评估任务 (max_workers=3)...
    [路由] qwen3.6-27b -> DashScope API    [路由] qwen3.6-27b -> DashScope API
    [路由] qwen3.6-27b -> DashScope API

    [qwen3.6-27b] 决策: select | 选笑话编号: 2
    [qwen3.6-27b] 决策: select | 选笑话编号: 3
    [qwen3.6-27b] 决策: create | 选笑话编号: None

  Item完成: 耗时42.5s | 总耗时1721.4min
  速率限制器状态: 可用令牌=960.0/960
  已保存中间结果 (1117 条)

============================================================
处理 en_2018... (1118/1375)
  质量组: high (4个候选笑话)
  质量组: medium (4个候选笑话)
  质量组: low (4个候选笑话)
  并发执行 3 个评估任务 (max_workers=3)...
    [路由] qwen3.6-27b -> DashScope API
    [路由] qwen3.6-27b -> DashScope API
    [路由] qwen3.6-27b -> DashScope API
    [qwen3.6-27b] 决策: select | 选笑话编号: 3
    [qwen3.6-27b] 决策: create | 选笑话编号: None
    [qwen3.6-27b] 决策: create | 选笑话编号: None

  Item完成: 耗时43.4s | 总耗时1722.1min
  速率限制器状态: 可用令牌=960.0/960
  已保存中间结果 (1118 条)

============================================================
处理 en_2019... (1119/1375)
  质量组: high (4个候选笑话)
  质量组: medium (4个候选笑话)
  质量组: low (4个候选笑话)
  并发执行 3 个评估任务 (max_workers=3)...
    [路由] qwen3.6-27b -> DashScope API
    [路由] qwen3.6-27b -> DashScope API
    [路由] qwen3.6-27b -> DashScope API
    [qwen3.6-27b] 决策: select | 选笑话编号: 2
    [qwen3.6-27b] 决策: create | 选笑话编号: None
    [qwen3.6-27b] 决策: create | 选笑话编号: None

  Item完成: 耗时71.8s | 总耗时1723.3min
  速率限制器状态: 可用令牌=960.0/960
  已保存中间结果 (1119 条)

============================================================
处理 en_2020... (1120/1375)
  质量组: high (4个候选笑话)
  质量组: medium (4个候选笑话)
  质量组: low (4个候选笑话)
  并发执行 3 个评估任务 (max_workers=3)...
    [路由] qwen3.6-27b -> DashScope API
    [路由] qwen3.6-27b -> DashScope API
    [路由] qwen3.6-27b -> DashScope API
    [qwen3.6-27b] 决策: select | 选笑话编号: 2
    [qwen3.6-27b] 决策: create | 选笑话编号: None
    [qwen3.6-27b] 决策: select | 选笑话编号: 1

  Item完成: 耗时40.4s | 总耗时1724.0min
  速率限制器状态: 可用令牌=960.0/960
  已保存中间结果 (1120 条)

============================================================
处理 en_2021... (1121/1375)
  质量组: high (4个候选笑话)
  质量组: medium (4个候选笑话)
  质量组: low (4个候选笑话)
  并发执行 3 个评估任务 (max_workers=3)...
    [路由] qwen3.6-27b -> DashScope API    [路由] qwen3.6-27b -> DashScope API
    [路由] qwen3.6-27b -> DashScope API

    [qwen3.6-27b] 决策: select | 选笑话编号: 4
    [qwen3.6-27b] 决策: create | 选笑话编号: None
    [qwen3.6-27b] 决策: create | 选笑话编号: None

  Item完成: 耗时56.8s | 总耗时1725.0min
  速率限制器状态: 可用令牌=960.0/960
  已保存中间结果 (1121 条)

============================================================
处理 en_2022... (1122/1375)
  质量组: high (4个候选笑话)
  质量组: medium (4个候选笑话)
  质量组: low (4个候选笑话)
  并发执行 3 个评估任务 (max_workers=3)...
    [路由] qwen3.6-27b -> DashScope API    [路由] qwen3.6-27b -> DashScope API

    [路由] qwen3.6-27b -> DashScope API
    [qwen3.6-27b] 决策: select | 选笑话编号: 2
    [qwen3.6-27b] 决策: create | 选笑话编号: None
    [qwen3.6-27b] 决策: create | 选笑话编号: None

  Item完成: 耗时54.1s | 总耗时1725.9min
  速率限制器状态: 可用令牌=960.0/960
  已保存中间结果 (1122 条)

============================================================
处理 en_2023... (1123/1375)
  质量组: high (4个候选笑话)
  质量组: medium (4个候选笑话)
  质量组: low (4个候选笑话)
  并发执行 3 个评估任务 (max_workers=3)...
    [路由] qwen3.6-27b -> DashScope API
    [路由] qwen3.6-27b -> DashScope API
    [路由] qwen3.6-27b -> DashScope API
    [qwen3.6-27b] 决策: select | 选笑话编号: 4
    [qwen3.6-27b] 决策: create | 选笑话编号: None
    [qwen3.6-27b] 决策: create | 选笑话编号: None

  Item完成: 耗时59.7s | 总耗时1726.9min
  速率限制器状态: 可用令牌=960.0/960
  已保存中间结果 (1123 条)

============================================================
处理 en_2024... (1124/1375)
  质量组: high (4个候选笑话)
  质量组: medium (4个候选笑话)
  质量组: low (4个候选笑话)
  并发执行 3 个评估任务 (max_workers=3)...
    [路由] qwen3.6-27b -> DashScope API    [路由] qwen3.6-27b -> DashScope API
    [路由] qwen3.6-27b -> DashScope API

    [qwen3.6-27b] 决策: select | 选笑话编号: 4
    [qwen3.6-27b] 决策: select | 选笑话编号: 2
    [qwen3.6-27b] 决策: create | 选笑话编号: None

  Item完成: 耗时41.5s | 总耗时1727.6min
  速率限制器状态: 可用令牌=960.0/960
  已保存中间结果 (1124 条)

============================================================
处理 en_2025... (1125/1375)
  质量组: high (4个候选笑话)
  质量组: medium (4个候选笑话)
  质量组: low (4个候选笑话)
  并发执行 3 个评估任务 (max_workers=3)...
    [路由] qwen3.6-27b -> DashScope API    [路由] qwen3.6-27b -> DashScope API
    [路由] qwen3.6-27b -> DashScope API

    [qwen3.6-27b] 决策: select | 选笑话编号: 2
    [qwen3.6-27b] 决策: select | 选笑话编号: 3
    [qwen3.6-27b] 决策: create | 选笑话编号: None

  Item完成: 耗时43.0s | 总耗时1728.3min
  速率限制器状态: 可用令牌=960.0/960
  已保存中间结果 (1125 条)

============================================================
处理 en_2026... (1126/1375)
  质量组: high (4个候选笑话)
  质量组: medium (4个候选笑话)
  质量组: low (4个候选笑话)
  并发执行 3 个评估任务 (max_workers=3)...
    [路由] qwen3.6-27b -> DashScope API
    [路由] qwen3.6-27b -> DashScope API    [路由] qwen3.6-27b -> DashScope API

    [qwen3.6-27b] 决策: select | 选笑话编号: 2
    [qwen3.6-27b] 决策: create | 选笑话编号: None
    [API] 可重试异常: HTTPSConnectionPool(host='dashscope.aliyuncs.com', port=443): Read timed out. (read timeout=300), 等待2.5s后重试 (1/5), model=qwen3.6-27b
    [API] JSON解析失败: JSON解析失败: Extra data: line 7 column 1 (char 466), model=qwen3.6-27b
    [qwen3.6-27b] 决策:  | 选笑话编号: ?

  Item完成: 耗时324.4s | 总耗时1733.7min
  速率限制器状态: 可用令牌=960.0/960
  已保存中间结果 (1126 条)

============================================================
处理 en_2027... (1127/1375)
  质量组: high (4个候选笑话)
  质量组: medium (4个候选笑话)
  质量组: low (4个候选笑话)
  并发执行 3 个评估任务 (max_workers=3)...
    [路由] qwen3.6-27b -> DashScope API
    [路由] qwen3.6-27b -> DashScope API    [路由] qwen3.6-27b -> DashScope API

    [qwen3.6-27b] 决策: create | 选笑话编号: None
    [qwen3.6-27b] 决策: create | 选笑话编号: None
    [qwen3.6-27b] 决策: create | 选笑话编号: None

  Item完成: 耗时59.9s | 总耗时1734.7min
  速率限制器状态: 可用令牌=960.0/960
  已保存中间结果 (1127 条)

============================================================
处理 en_2028... (1128/1375)
  质量组: high (4个候选笑话)
  质量组: medium (4个候选笑话)
  质量组: low (4个候选笑话)
  并发执行 3 个评估任务 (max_workers=3)...
    [路由] qwen3.6-27b -> DashScope API    [路由] qwen3.6-27b -> DashScope API
    [路由] qwen3.6-27b -> DashScope API

    [qwen3.6-27b] 决策: select | 选笑话编号: 4
    [qwen3.6-27b] 决策: create | 选笑话编号: None
    [qwen3.6-27b] 决策: create | 选笑话编号: None

  Item完成: 耗时73.8s | 总耗时1735.9min
  速率限制器状态: 可用令牌=960.0/960
  已保存中间结果 (1128 条)

============================================================
处理 en_2029... (1129/1375)
  质量组: high (4个候选笑话)
  质量组: medium (4个候选笑话)
  质量组: low (4个候选笑话)
  并发执行 3 个评估任务 (max_workers=3)...
    [路由] qwen3.6-27b -> DashScope API
    [路由] qwen3.6-27b -> DashScope API
    [路由] qwen3.6-27b -> DashScope API
    [qwen3.6-27b] 决策: create | 选笑话编号: None
    [qwen3.6-27b] 决策: create | 选笑话编号: None
    [qwen3.6-27b] 决策: select | 选笑话编号: 4

  Item完成: 耗时43.4s | 总耗时1736.7min
  速率限制器状态: 可用令牌=960.0/960
  已保存中间结果 (1129 条)

============================================================
处理 en_2030... (1130/1375)
  质量组: high (4个候选笑话)
  质量组: medium (4个候选笑话)
  质量组: low (4个候选笑话)
  并发执行 3 个评估任务 (max_workers=3)...
    [路由] qwen3.6-27b -> DashScope API
    [路由] qwen3.6-27b -> DashScope API
    [路由] qwen3.6-27b -> DashScope API
    [qwen3.6-27b] 决策: select | 选笑话编号: 2
    [qwen3.6-27b] 决策: create | 选笑话编号: None
    [qwen3.6-27b] 决策: create | 选笑话编号: None

  Item完成: 耗时63.8s | 总耗时1737.7min
  速率限制器状态: 可用令牌=960.0/960
  已保存中间结果 (1130 条)

============================================================
处理 en_2031... (1131/1375)
  质量组: high (4个候选笑话)
  质量组: medium (4个候选笑话)
  质量组: low (4个候选笑话)
  并发执行 3 个评估任务 (max_workers=3)...
    [路由] qwen3.6-27b -> DashScope API
    [路由] qwen3.6-27b -> DashScope API
    [路由] qwen3.6-27b -> DashScope API
    [qwen3.6-27b] 决策: select | 选笑话编号: 1
    [qwen3.6-27b] 决策: select | 选笑话编号: 1
    [qwen3.6-27b] 决策: create | 选笑话编号: None

  Item完成: 耗时43.0s | 总耗时1738.5min
  速率限制器状态: 可用令牌=960.0/960
  已保存中间结果 (1131 条)

============================================================
处理 en_2032... (1132/1375)
  质量组: high (4个候选笑话)
  质量组: medium (4个候选笑话)
  质量组: low (4个候选笑话)
  并发执行 3 个评估任务 (max_workers=3)...
    [路由] qwen3.6-27b -> DashScope API
    [路由] qwen3.6-27b -> DashScope API    [路由] qwen3.6-27b -> DashScope API

    [qwen3.6-27b] 决策: select | 选笑话编号: 4
    [qwen3.6-27b] 决策: create | 选笑话编号: None
    [qwen3.6-27b] 决策: create | 选笑话编号: None

  Item完成: 耗时47.2s | 总耗时1739.3min
  速率限制器状态: 可用令牌=960.0/960
  已保存中间结果 (1132 条)

============================================================
处理 en_2033... (1133/1375)
  质量组: high (4个候选笑话)
  质量组: medium (4个候选笑话)
  质量组: low (4个候选笑话)
  并发执行 3 个评估任务 (max_workers=3)...
    [路由] qwen3.6-27b -> DashScope API
    [路由] qwen3.6-27b -> DashScope API
    [路由] qwen3.6-27b -> DashScope API
    [qwen3.6-27b] 决策: select | 选笑话编号: 2
    [qwen3.6-27b] 决策: select | 选笑话编号: 4
    [qwen3.6-27b] 决策: create | 选笑话编号: None

  Item完成: 耗时39.3s | 总耗时1739.9min
  速率限制器状态: 可用令牌=960.0/960
  已保存中间结果 (1133 条)

============================================================
处理 en_2034... (1134/1375)
  质量组: high (4个候选笑话)
  质量组: medium (4个候选笑话)
  质量组: low (4个候选笑话)
  并发执行 3 个评估任务 (max_workers=3)...
    [路由] qwen3.6-27b -> DashScope API    [路由] qwen3.6-27b -> DashScope API
    [路由] qwen3.6-27b -> DashScope API

    [qwen3.6-27b] 决策: select | 选笑话编号: 2
    [qwen3.6-27b] 决策: select | 选笑话编号: 1
    [qwen3.6-27b] 决策: create | 选笑话编号: None

  Item完成: 耗时65.7s | 总耗时1741.0min
  速率限制器状态: 可用令牌=960.0/960
  已保存中间结果 (1134 条)

============================================================
处理 en_2035... (1135/1375)
  质量组: high (4个候选笑话)
  质量组: medium (4个候选笑话)
  质量组: low (4个候选笑话)
  并发执行 3 个评估任务 (max_workers=3)...
    [路由] qwen3.6-27b -> DashScope API
    [路由] qwen3.6-27b -> DashScope API
    [路由] qwen3.6-27b -> DashScope API
    [qwen3.6-27b] 决策: select | 选笑话编号: 3
    [qwen3.6-27b] 决策: select | 选笑话编号: 2
    [qwen3.6-27b] 决策: create | 选笑话编号: None

  Item完成: 耗时59.4s | 总耗时1742.0min
  速率限制器状态: 可用令牌=960.0/960
  已保存中间结果 (1135 条)

============================================================
处理 en_2036... (1136/1375)
  质量组: high (4个候选笑话)
  质量组: medium (4个候选笑话)
  质量组: low (4个候选笑话)
  并发执行 3 个评估任务 (max_workers=3)...
    [路由] qwen3.6-27b -> DashScope API
    [路由] qwen3.6-27b -> DashScope API
    [路由] qwen3.6-27b -> DashScope API
    [qwen3.6-27b] 决策: select | 选笑话编号: 4
    [qwen3.6-27b] 决策: create | 选笑话编号: None
    [qwen3.6-27b] 决策: create | 选笑话编号: None

  Item完成: 耗时52.9s | 总耗时1742.9min
  速率限制器状态: 可用令牌=960.0/960
  已保存中间结果 (1136 条)

============================================================
处理 en_2037... (1137/1375)
  质量组: high (4个候选笑话)
  质量组: medium (4个候选笑话)
  质量组: low (4个候选笑话)
  并发执行 3 个评估任务 (max_workers=3)...
    [路由] qwen3.6-27b -> DashScope API
    [路由] qwen3.6-27b -> DashScope API    [路由] qwen3.6-27b -> DashScope API

    [qwen3.6-27b] 决策: create | 选笑话编号: None
    [qwen3.6-27b] 决策: create | 选笑话编号: None
    [qwen3.6-27b] 决策: create | 选笑话编号: None

  Item完成: 耗时72.9s | 总耗时1744.1min
  速率限制器状态: 可用令牌=960.0/960
  已保存中间结果 (1137 条)

============================================================
处理 en_2038... (1138/1375)
  质量组: high (4个候选笑话)
  质量组: medium (4个候选笑话)
  质量组: low (4个候选笑话)
  并发执行 3 个评估任务 (max_workers=3)...
    [路由] qwen3.6-27b -> DashScope API    [路由] qwen3.6-27b -> DashScope API

    [路由] qwen3.6-27b -> DashScope API
    [qwen3.6-27b] 决策: select | 选笑话编号: 3
    [qwen3.6-27b] 决策: create | 选笑话编号: None
    [qwen3.6-27b] 决策: select | 选笑话编号: 4

  Item完成: 耗时43.6s | 总耗时1744.8min
  速率限制器状态: 可用令牌=960.0/960
  已保存中间结果 (1138 条)

============================================================
处理 en_2039... (1139/1375)
  质量组: high (4个候选笑话)
  质量组: medium (4个候选笑话)
  质量组: low (4个候选笑话)
  并发执行 3 个评估任务 (max_workers=3)...
    [路由] qwen3.6-27b -> DashScope API    [路由] qwen3.6-27b -> DashScope API
    [路由] qwen3.6-27b -> DashScope API

    [qwen3.6-27b] 决策: select | 选笑话编号: 2
    [qwen3.6-27b] 决策: create | 选笑话编号: None
    [qwen3.6-27b] 决策: create | 选笑话编号: None

  Item完成: 耗时59.3s | 总耗时1745.8min
  速率限制器状态: 可用令牌=960.0/960
  已保存中间结果 (1139 条)

============================================================
处理 en_2040... (1140/1375)
  质量组: high (4个候选笑话)
  质量组: medium (4个候选笑话)
  质量组: low (4个候选笑话)
  并发执行 3 个评估任务 (max_workers=3)...
    [路由] qwen3.6-27b -> DashScope API    [路由] qwen3.6-27b -> DashScope API

    [路由] qwen3.6-27b -> DashScope API
    [qwen3.6-27b] 决策: select | 选笑话编号: 4
    [qwen3.6-27b] 决策: select | 选笑话编号: 3
    [qwen3.6-27b] 决策: select | 选笑话编号: 2

  Item完成: 耗时63.8s | 总耗时1746.9min
  速率限制器状态: 可用令牌=960.0/960
  已保存中间结果 (1140 条)

============================================================
处理 en_2041... (1141/1375)
  质量组: high (4个候选笑话)
  质量组: medium (4个候选笑话)
  质量组: low (4个候选笑话)
  并发执行 3 个评估任务 (max_workers=3)...
    [路由] qwen3.6-27b -> DashScope API
    [路由] qwen3.6-27b -> DashScope API
    [路由] qwen3.6-27b -> DashScope API
    [qwen3.6-27b] 决策: select | 选笑话编号: 3
    [qwen3.6-27b] 决策: select | 选笑话编号: 4
    [qwen3.6-27b] 决策: create | 选笑话编号: None

  Item完成: 耗时85.8s | 总耗时1748.3min
  速率限制器状态: 可用令牌=960.0/960
  已保存中间结果 (1141 条)

============================================================
处理 en_2042... (1142/1375)
  质量组: high (4个候选笑话)
  质量组: medium (4个候选笑话)
  质量组: low (4个候选笑话)
  并发执行 3 个评估任务 (max_workers=3)...
    [路由] qwen3.6-27b -> DashScope API
    [路由] qwen3.6-27b -> DashScope API    [路由] qwen3.6-27b -> DashScope API

    [qwen3.6-27b] 决策: select | 选笑话编号: 2
    [qwen3.6-27b] 决策: create | 选笑话编号: None
    [qwen3.6-27b] 决策: create | 选笑话编号: None

  Item完成: 耗时45.4s | 总耗时1749.1min
  速率限制器状态: 可用令牌=960.0/960
  已保存中间结果 (1142 条)

============================================================
处理 en_2043... (1143/1375)
  质量组: high (4个候选笑话)
  质量组: medium (4个候选笑话)
  质量组: low (4个候选笑话)
  并发执行 3 个评估任务 (max_workers=3)...
    [路由] qwen3.6-27b -> DashScope API
    [路由] qwen3.6-27b -> DashScope API
    [路由] qwen3.6-27b -> DashScope API
    [qwen3.6-27b] 决策: select | 选笑话编号: 2
    [qwen3.6-27b] 决策: create | 选笑话编号: None
    [qwen3.6-27b] 决策: select | 选笑话编号: 1

  Item完成: 耗时44.4s | 总耗时1749.8min
  速率限制器状态: 可用令牌=960.0/960
  已保存中间结果 (1143 条)

============================================================
处理 en_2044... (1144/1375)
  质量组: high (4个候选笑话)
  质量组: medium (4个候选笑话)
  质量组: low (4个候选笑话)
  并发执行 3 个评估任务 (max_workers=3)...
    [路由] qwen3.6-27b -> DashScope API
    [路由] qwen3.6-27b -> DashScope API    [路由] qwen3.6-27b -> DashScope API

    [qwen3.6-27b] 决策: create | 选笑话编号: None
    [qwen3.6-27b] 决策: create | 选笑话编号: None
    [API] 可重试异常: HTTPSConnectionPool(host='dashscope.aliyuncs.com', port=443): Read timed out. (read timeout=300), 等待2.0s后重试 (1/5), model=qwen3.6-27b
    [qwen3.6-27b] 决策: create | 选笑话编号: None

  Item完成: 耗时389.6s | 总耗时1756.3min
  速率限制器状态: 可用令牌=960.0/960
  已保存中间结果 (1144 条)

============================================================
处理 en_2045... (1145/1375)
  质量组: high (4个候选笑话)
  质量组: medium (4个候选笑话)
  质量组: low (4个候选笑话)
  并发执行 3 个评估任务 (max_workers=3)...
    [路由] qwen3.6-27b -> DashScope API    [路由] qwen3.6-27b -> DashScope API

    [路由] qwen3.6-27b -> DashScope API
    [qwen3.6-27b] 决策: select | 选笑话编号: 1
    [qwen3.6-27b] 决策: select | 选笑话编号: 2
    [qwen3.6-27b] 决策: select | 选笑话编号: 3

  Item完成: 耗时32.2s | 总耗时1756.9min
  速率限制器状态: 可用令牌=960.0/960
  已保存中间结果 (1145 条)

============================================================
处理 en_2046... (1146/1375)
  质量组: high (4个候选笑话)
  质量组: medium (4个候选笑话)
  质量组: low (4个候选笑话)
  并发执行 3 个评估任务 (max_workers=3)...
    [路由] qwen3.6-27b -> DashScope API
    [路由] qwen3.6-27b -> DashScope API    [路由] qwen3.6-27b -> DashScope API

    [qwen3.6-27b] 决策: select | 选笑话编号: 4
    [qwen3.6-27b] 决策: select | 选笑话编号: 3
    [qwen3.6-27b] 决策: create | 选笑话编号: None

  Item完成: 耗时63.9s | 总耗时1758.0min
  速率限制器状态: 可用令牌=960.0/960
  已保存中间结果 (1146 条)

============================================================
处理 en_2047... (1147/1375)
  质量组: high (4个候选笑话)
  质量组: medium (4个候选笑话)
  质量组: low (4个候选笑话)
  并发执行 3 个评估任务 (max_workers=3)...
    [路由] qwen3.6-27b -> DashScope API
    [路由] qwen3.6-27b -> DashScope API
    [路由] qwen3.6-27b -> DashScope API
    [qwen3.6-27b] 决策: select | 选笑话编号: 1
    [qwen3.6-27b] 决策: select | 选笑话编号: 3
    [qwen3.6-27b] 决策: create | 选笑话编号: None

  Item完成: 耗时130.9s | 总耗时1760.1min
  速率限制器状态: 可用令牌=960.0/960
  已保存中间结果 (1147 条)

============================================================
处理 en_2048... (1148/1375)
  质量组: high (4个候选笑话)
  质量组: medium (4个候选笑话)
  质量组: low (4个候选笑话)
  并发执行 3 个评估任务 (max_workers=3)...
    [路由] qwen3.6-27b -> DashScope API    [路由] qwen3.6-27b -> DashScope API
    [路由] qwen3.6-27b -> DashScope API

    [qwen3.6-27b] 决策: select | 选笑话编号: 3
    [qwen3.6-27b] 决策: select | 选笑话编号: 4
    [API] 可重试异常: HTTPSConnectionPool(host='dashscope.aliyuncs.com', port=443): Read timed out. (read timeout=300), 等待1.7s后重试 (1/5), model=qwen3.6-27b
    [API] 可重试异常: HTTPSConnectionPool(host='dashscope.aliyuncs.com', port=443): Read timed out. (read timeout=300), 等待5.0s后重试 (2/5), model=qwen3.6-27b
    [qwen3.6-27b] 决策: create | 选笑话编号: None

  Item完成: 耗时633.3s | 总耗时1770.7min
  速率限制器状态: 可用令牌=960.0/960
  已保存中间结果 (1148 条)

============================================================
处理 en_2049... (1149/1375)
  质量组: high (4个候选笑话)
  质量组: medium (4个候选笑话)
  质量组: low (4个候选笑话)
  并发执行 3 个评估任务 (max_workers=3)...
    [路由] qwen3.6-27b -> DashScope API    [路由] qwen3.6-27b -> DashScope API
    [路由] qwen3.6-27b -> DashScope API

    [qwen3.6-27b] 决策: select | 选笑话编号: 2
    [qwen3.6-27b] 决策: create | 选笑话编号: None
    [qwen3.6-27b] 决策: create | 选笑话编号: None

  Item完成: 耗时120.0s | 总耗时1772.7min
  速率限制器状态: 可用令牌=960.0/960
  已保存中间结果 (1149 条)

============================================================
处理 en_2050... (1150/1375)
  质量组: high (4个候选笑话)
  质量组: medium (4个候选笑话)
  质量组: low (4个候选笑话)
  并发执行 3 个评估任务 (max_workers=3)...
    [路由] qwen3.6-27b -> DashScope API
    [路由] qwen3.6-27b -> DashScope API    [路由] qwen3.6-27b -> DashScope API

    [qwen3.6-27b] 决策: create | 选笑话编号: None
    [qwen3.6-27b] 决策: create | 选笑话编号: None
    [qwen3.6-27b] 决策: create | 选笑话编号: None

  Item完成: 耗时51.6s | 总耗时1773.6min
  速率限制器状态: 可用令牌=960.0/960
  已保存中间结果 (1150 条)

============================================================
处理 en_2051... (1151/1375)
  质量组: high (4个候选笑话)
  质量组: medium (4个候选笑话)
  质量组: low (4个候选笑话)
  并发执行 3 个评估任务 (max_workers=3)...
    [路由] qwen3.6-27b -> DashScope API    [路由] qwen3.6-27b -> DashScope API

    [路由] qwen3.6-27b -> DashScope API
    [qwen3.6-27b] 决策: select | 选笑话编号: 2
    [qwen3.6-27b] 决策: create | 选笑话编号: None
    [qwen3.6-27b] 决策: select | 选笑话编号: 4

  Item完成: 耗时32.0s | 总耗时1774.1min
  速率限制器状态: 可用令牌=960.0/960
  已保存中间结果 (1151 条)

============================================================
处理 en_2052... (1152/1375)
  质量组: high (4个候选笑话)
  质量组: medium (4个候选笑话)
  质量组: low (4个候选笑话)
  并发执行 3 个评估任务 (max_workers=3)...
    [路由] qwen3.6-27b -> DashScope API
    [路由] qwen3.6-27b -> DashScope API
    [路由] qwen3.6-27b -> DashScope API
    [qwen3.6-27b] 决策: select | 选笑话编号: 4
    [qwen3.6-27b] 决策: select | 选笑话编号: 4
    [qwen3.6-27b] 决策: select | 选笑话编号: 4

  Item完成: 耗时23.2s | 总耗时1774.5min
  速率限制器状态: 可用令牌=960.0/960
  已保存中间结果 (1152 条)

============================================================
处理 en_2053... (1153/1375)
  质量组: high (4个候选笑话)
  质量组: medium (4个候选笑话)
  质量组: low (4个候选笑话)
  并发执行 3 个评估任务 (max_workers=3)...
    [路由] qwen3.6-27b -> DashScope API
    [路由] qwen3.6-27b -> DashScope API
    [路由] qwen3.6-27b -> DashScope API
    [qwen3.6-27b] 决策: select | 选笑话编号: 2
    [qwen3.6-27b] 决策: create | 选笑话编号: None
    [qwen3.6-27b] 决策: create | 选笑话编号: None

  Item完成: 耗时62.4s | 总耗时1775.5min
  速率限制器状态: 可用令牌=960.0/960
  已保存中间结果 (1153 条)

============================================================
处理 en_2054... (1154/1375)
  质量组: high (4个候选笑话)
  质量组: medium (4个候选笑话)
  质量组: low (4个候选笑话)
  并发执行 3 个评估任务 (max_workers=3)...
    [路由] qwen3.6-27b -> DashScope API    [路由] qwen3.6-27b -> DashScope API

    [路由] qwen3.6-27b -> DashScope API
    [qwen3.6-27b] 决策: select | 选笑话编号: 2
    [qwen3.6-27b] 决策: create | 选笑话编号: None
    [qwen3.6-27b] 决策: select | 选笑话编号: 3

  Item完成: 耗时60.9s | 总耗时1776.6min
  速率限制器状态: 可用令牌=960.0/960
  已保存中间结果 (1154 条)

============================================================
处理 en_2055... (1155/1375)
  质量组: high (4个候选笑话)
  质量组: medium (4个候选笑话)
  质量组: low (4个候选笑话)
  并发执行 3 个评估任务 (max_workers=3)...
    [路由] qwen3.6-27b -> DashScope API
    [路由] qwen3.6-27b -> DashScope API    [路由] qwen3.6-27b -> DashScope API

    [qwen3.6-27b] 决策: select | 选笑话编号: 1
    [qwen3.6-27b] 决策: select | 选笑话编号: 3
    [qwen3.6-27b] 决策: create | 选笑话编号: None

  Item完成: 耗时50.2s | 总耗时1777.4min
  速率限制器状态: 可用令牌=960.0/960
  已保存中间结果 (1155 条)

============================================================
处理 en_2056... (1156/1375)
  质量组: high (4个候选笑话)
  质量组: medium (4个候选笑话)
  质量组: low (4个候选笑话)
  并发执行 3 个评估任务 (max_workers=3)...
    [路由] qwen3.6-27b -> DashScope API    [路由] qwen3.6-27b -> DashScope API
    [路由] qwen3.6-27b -> DashScope API

    [qwen3.6-27b] 决策: select | 选笑话编号: 2
    [qwen3.6-27b] 决策: select | 选笑话编号: 2
    [qwen3.6-27b] 决策: create | 选笑话编号: None

  Item完成: 耗时45.1s | 总耗时1778.2min
  速率限制器状态: 可用令牌=960.0/960
  已保存中间结果 (1156 条)

============================================================
处理 en_2057... (1157/1375)
  质量组: high (4个候选笑话)
  质量组: medium (4个候选笑话)
  质量组: low (4个候选笑话)
  并发执行 3 个评估任务 (max_workers=3)...
    [路由] qwen3.6-27b -> DashScope API
    [路由] qwen3.6-27b -> DashScope API    [路由] qwen3.6-27b -> DashScope API

    [qwen3.6-27b] 决策: create | 选笑话编号: None
    [qwen3.6-27b] 决策: create | 选笑话编号: None
    [qwen3.6-27b] 决策: select | 选笑话编号: 3

  Item完成: 耗时60.0s | 总耗时1779.2min
  速率限制器状态: 可用令牌=960.0/960
  已保存中间结果 (1157 条)

============================================================
处理 en_2058... (1158/1375)
  质量组: high (4个候选笑话)
  质量组: medium (4个候选笑话)
  质量组: low (4个候选笑话)
  并发执行 3 个评估任务 (max_workers=3)...
    [路由] qwen3.6-27b -> DashScope API
    [路由] qwen3.6-27b -> DashScope API
    [路由] qwen3.6-27b -> DashScope API
    [qwen3.6-27b] 决策: create | 选笑话编号: None
    [qwen3.6-27b] 决策: select | 选笑话编号: 2
    [qwen3.6-27b] 决策: create | 选笑话编号: None

  Item完成: 耗时46.1s | 总耗时1779.9min
  速率限制器状态: 可用令牌=960.0/960
  已保存中间结果 (1158 条)

============================================================
处理 en_2059... (1159/1375)
  质量组: high (4个候选笑话)
  质量组: medium (4个候选笑话)
  质量组: low (4个候选笑话)
  并发执行 3 个评估任务 (max_workers=3)...
    [路由] qwen3.6-27b -> DashScope API    [路由] qwen3.6-27b -> DashScope API

    [路由] qwen3.6-27b -> DashScope API
    [qwen3.6-27b] 决策: create | 选笑话编号: None
    [qwen3.6-27b] 决策: create | 选笑话编号: None
    [qwen3.6-27b] 决策: select | 选笑话编号: 3

  Item完成: 耗时46.1s | 总耗时1780.7min
  速率限制器状态: 可用令牌=960.0/960
  已保存中间结果 (1159 条)

============================================================
处理 en_2060... (1160/1375)
  质量组: high (4个候选笑话)
  质量组: medium (4个候选笑话)
  质量组: low (4个候选笑话)
  并发执行 3 个评估任务 (max_workers=3)...
    [路由] qwen3.6-27b -> DashScope API    [路由] qwen3.6-27b -> DashScope API
    [路由] qwen3.6-27b -> DashScope API

    [qwen3.6-27b] 决策: select | 选笑话编号: 3
    [API] JSON解析失败: JSON解析失败: Extra data: line 7 column 1 (char 443), model=qwen3.6-27b
    [qwen3.6-27b] 决策:  | 选笑话编号: ?
    [qwen3.6-27b] 决策: select | 选笑话编号: 2

  Item完成: 耗时28.9s | 总耗时1781.2min
  速率限制器状态: 可用令牌=960.0/960
  已保存中间结果 (1160 条)

============================================================
处理 en_2061... (1161/1375)
  质量组: high (4个候选笑话)
  质量组: medium (4个候选笑话)
  质量组: low (4个候选笑话)
  并发执行 3 个评估任务 (max_workers=3)...
    [路由] qwen3.6-27b -> DashScope API    [路由] qwen3.6-27b -> DashScope API
    [路由] qwen3.6-27b -> DashScope API

    [qwen3.6-27b] 决策: create | 选笑话编号: None
    [qwen3.6-27b] 决策: create | 选笑话编号: None
    [API] 可重试异常: HTTPSConnectionPool(host='dashscope.aliyuncs.com', port=443): Read timed out. (read timeout=300), 等待1.5s后重试 (1/5), model=qwen3.6-27b
    [qwen3.6-27b] 决策: create | 选笑话编号: None

  Item完成: 耗时397.7s | 总耗时1787.8min
  速率限制器状态: 可用令牌=960.0/960
  已保存中间结果 (1161 条)

============================================================
处理 en_2062... (1162/1375)
  质量组: high (4个候选笑话)
  质量组: medium (4个候选笑话)
  质量组: low (4个候选笑话)
  并发执行 3 个评估任务 (max_workers=3)...
    [路由] qwen3.6-27b -> DashScope API    [路由] qwen3.6-27b -> DashScope API

    [路由] qwen3.6-27b -> DashScope API
    [qwen3.6-27b] 决策: select | 选笑话编号: 2
    [qwen3.6-27b] 决策: select | 选笑话编号: 4
    [API] 可重试异常: HTTPSConnectionPool(host='dashscope.aliyuncs.com', port=443): Read timed out. (read timeout=300), 等待2.1s后重试 (1/5), model=qwen3.6-27b
    [qwen3.6-27b] 决策: create | 选笑话编号: None

  Item完成: 耗时339.8s | 总耗时1793.5min
  速率限制器状态: 可用令牌=960.0/960
  已保存中间结果 (1162 条)

============================================================
处理 en_2063... (1163/1375)
  质量组: high (4个候选笑话)
  质量组: medium (4个候选笑话)
  质量组: low (4个候选笑话)
  并发执行 3 个评估任务 (max_workers=3)...
    [路由] qwen3.6-27b -> DashScope API
    [路由] qwen3.6-27b -> DashScope API    [路由] qwen3.6-27b -> DashScope API

    [qwen3.6-27b] 决策: select | 选笑话编号: 2
    [qwen3.6-27b] 决策: select | 选笑话编号: 3
    [qwen3.6-27b] 决策: create | 选笑话编号: None

  Item完成: 耗时67.9s | 总耗时1794.6min
  速率限制器状态: 可用令牌=960.0/960
  已保存中间结果 (1163 条)

============================================================
处理 en_2064... (1164/1375)
  质量组: high (4个候选笑话)
  质量组: medium (4个候选笑话)
  质量组: low (4个候选笑话)
  并发执行 3 个评估任务 (max_workers=3)...
    [路由] qwen3.6-27b -> DashScope API    [路由] qwen3.6-27b -> DashScope API
    [路由] qwen3.6-27b -> DashScope API

    [qwen3.6-27b] 决策: select | 选笑话编号: 3
    [qwen3.6-27b] 决策: create | 选笑话编号: None
    [qwen3.6-27b] 决策: create | 选笑话编号: None

  Item完成: 耗时63.5s | 总耗时1795.7min
  速率限制器状态: 可用令牌=960.0/960
  已保存中间结果 (1164 条)

============================================================
处理 en_2065... (1165/1375)
  质量组: high (4个候选笑话)
  质量组: medium (4个候选笑话)
  质量组: low (4个候选笑话)
  并发执行 3 个评估任务 (max_workers=3)...
    [路由] qwen3.6-27b -> DashScope API    [路由] qwen3.6-27b -> DashScope API

    [路由] qwen3.6-27b -> DashScope API
    [qwen3.6-27b] 决策: select | 选笑话编号: 2
    [qwen3.6-27b] 决策: select | 选笑话编号: 4
    [qwen3.6-27b] 决策: create | 选笑话编号: None

  Item完成: 耗时51.3s | 总耗时1796.6min
  速率限制器状态: 可用令牌=960.0/960
  已保存中间结果 (1165 条)

============================================================
处理 en_2066... (1166/1375)
  质量组: high (4个候选笑话)
  质量组: medium (4个候选笑话)
  质量组: low (4个候选笑话)
  并发执行 3 个评估任务 (max_workers=3)...
    [路由] qwen3.6-27b -> DashScope API    [路由] qwen3.6-27b -> DashScope API

    [路由] qwen3.6-27b -> DashScope API
    [qwen3.6-27b] 决策: select | 选笑话编号: 4
    [API] JSON解析失败: JSON解析失败: Expecting ',' delimiter: line 5 column 46 (char 410), model=qwen3.6-27b
    [qwen3.6-27b] 决策:  | 选笑话编号: ?
    [qwen3.6-27b] 决策: create | 选笑话编号: None

  Item完成: 耗时70.3s | 总耗时1797.7min
  速率限制器状态: 可用令牌=960.0/960
  已保存中间结果 (1166 条)

============================================================
处理 en_2067... (1167/1375)
  质量组: high (4个候选笑话)
  质量组: medium (4个候选笑话)
  质量组: low (4个候选笑话)
  并发执行 3 个评估任务 (max_workers=3)...
    [路由] qwen3.6-27b -> DashScope API
    [路由] qwen3.6-27b -> DashScope API
    [路由] qwen3.6-27b -> DashScope API
    [qwen3.6-27b] 决策: select | 选笑话编号: 3
    [qwen3.6-27b] 决策: create | 选笑话编号: None
    [qwen3.6-27b] 决策: create | 选笑话编号: None

  Item完成: 耗时95.3s | 总耗时1799.3min
  速率限制器状态: 可用令牌=960.0/960
  已保存中间结果 (1167 条)

============================================================
处理 en_2068... (1168/1375)
  质量组: high (4个候选笑话)
  质量组: medium (4个候选笑话)
  质量组: low (4个候选笑话)
  并发执行 3 个评估任务 (max_workers=3)...
    [路由] qwen3.6-27b -> DashScope API
    [路由] qwen3.6-27b -> DashScope API    [路由] qwen3.6-27b -> DashScope API

    [qwen3.6-27b] 决策: select | 选笑话编号: 2
    [qwen3.6-27b] 决策: select | 选笑话编号: 4
    [qwen3.6-27b] 决策: create | 选笑话编号: None

  Item完成: 耗时46.4s | 总耗时1800.1min
  速率限制器状态: 可用令牌=960.0/960
  已保存中间结果 (1168 条)

============================================================
处理 en_2069... (1169/1375)
  质量组: high (4个候选笑话)
  质量组: medium (4个候选笑话)
  质量组: low (4个候选笑话)
  并发执行 3 个评估任务 (max_workers=3)...
    [路由] qwen3.6-27b -> DashScope API    [路由] qwen3.6-27b -> DashScope API
    [路由] qwen3.6-27b -> DashScope API

    [qwen3.6-27b] 决策: select | 选笑话编号: 2
    [qwen3.6-27b] 决策: create | 选笑话编号: None
    [qwen3.6-27b] 决策: create | 选笑话编号: None

  Item完成: 耗时46.1s | 总耗时1800.9min
  速率限制器状态: 可用令牌=960.0/960
  已保存中间结果 (1169 条)

============================================================
处理 en_2070... (1170/1375)
  质量组: high (4个候选笑话)
  质量组: medium (4个候选笑话)
  质量组: low (4个候选笑话)
  并发执行 3 个评估任务 (max_workers=3)...
    [路由] qwen3.6-27b -> DashScope API    [路由] qwen3.6-27b -> DashScope API

    [路由] qwen3.6-27b -> DashScope API
    [qwen3.6-27b] 决策: select | 选笑话编号: 4
    [qwen3.6-27b] 决策: select | 选笑话编号: 3
    [API] 可重试异常: HTTPSConnectionPool(host='dashscope.aliyuncs.com', port=443): Read timed out. (read timeout=300), 等待2.3s后重试 (1/5), model=qwen3.6-27b
    [qwen3.6-27b] 决策: select | 选笑话编号: 2

  Item完成: 耗时335.5s | 总耗时1806.5min
  速率限制器状态: 可用令牌=960.0/960
  已保存中间结果 (1170 条)

============================================================
处理 en_2071... (1171/1375)
  质量组: high (4个候选笑话)
  质量组: medium (4个候选笑话)
  质量组: low (4个候选笑话)
  并发执行 3 个评估任务 (max_workers=3)...
    [路由] qwen3.6-27b -> DashScope API    [路由] qwen3.6-27b -> DashScope API

    [路由] qwen3.6-27b -> DashScope API
    [API] JSON解析失败: JSON解析失败: Extra data: line 7 column 1 (char 495), model=qwen3.6-27b
    [qwen3.6-27b] 决策:  | 选笑话编号: ?
    [qwen3.6-27b] 决策: select | 选笑话编号: 1
    [qwen3.6-27b] 决策: select | 选笑话编号: 2

  Item完成: 耗时29.3s | 总耗时1807.0min
  速率限制器状态: 可用令牌=960.0/960
  已保存中间结果 (1171 条)

============================================================
处理 en_2072... (1172/1375)
  质量组: high (4个候选笑话)
  质量组: medium (4个候选笑话)
  质量组: low (4个候选笑话)
  并发执行 3 个评估任务 (max_workers=3)...
    [路由] qwen3.6-27b -> DashScope API
    [路由] qwen3.6-27b -> DashScope API
    [路由] qwen3.6-27b -> DashScope API
    [qwen3.6-27b] 决策: create | 选笑话编号: None
    [qwen3.6-27b] 决策: create | 选笑话编号: None
    [qwen3.6-27b] 决策: create | 选笑话编号: None

  Item完成: 耗时41.4s | 总耗时1807.7min
  速率限制器状态: 可用令牌=960.0/960
  已保存中间结果 (1172 条)

============================================================
处理 en_2073... (1173/1375)
  质量组: high (4个候选笑话)
  质量组: medium (4个候选笑话)
  质量组: low (4个候选笑话)
  并发执行 3 个评估任务 (max_workers=3)...
    [路由] qwen3.6-27b -> DashScope API
    [路由] qwen3.6-27b -> DashScope API    [路由] qwen3.6-27b -> DashScope API

    [qwen3.6-27b] 决策: select | 选笑话编号: 2
    [qwen3.6-27b] 决策: select | 选笑话编号: 2
    [qwen3.6-27b] 决策: select | 选笑话编号: 3

  Item完成: 耗时57.2s | 总耗时1808.6min
  速率限制器状态: 可用令牌=960.0/960
  已保存中间结果 (1173 条)

============================================================
处理 en_2074... (1174/1375)
  质量组: high (4个候选笑话)
  质量组: medium (4个候选笑话)
  质量组: low (4个候选笑话)
  并发执行 3 个评估任务 (max_workers=3)...
    [路由] qwen3.6-27b -> DashScope API
    [路由] qwen3.6-27b -> DashScope API    [路由] qwen3.6-27b -> DashScope API

    [qwen3.6-27b] 决策: select | 选笑话编号: 3
    [qwen3.6-27b] 决策: create | 选笑话编号: None
    [qwen3.6-27b] 决策: create | 选笑话编号: None

  Item完成: 耗时82.2s | 总耗时1810.0min
  速率限制器状态: 可用令牌=960.0/960
  已保存中间结果 (1174 条)

============================================================
处理 en_2075... (1175/1375)
  质量组: high (4个候选笑话)
  质量组: medium (4个候选笑话)
  质量组: low (4个候选笑话)
  并发执行 3 个评估任务 (max_workers=3)...
    [路由] qwen3.6-27b -> DashScope API
    [路由] qwen3.6-27b -> DashScope API    [路由] qwen3.6-27b -> DashScope API

    [qwen3.6-27b] 决策: select | 选笑话编号: 3
    [qwen3.6-27b] 决策: create | 选笑话编号: None
    [qwen3.6-27b] 决策: select | 选笑话编号: 4

  Item完成: 耗时27.7s | 总耗时1810.5min
  速率限制器状态: 可用令牌=960.0/960
  已保存中间结果 (1175 条)

============================================================
处理 en_2076... (1176/1375)
  质量组: high (4个候选笑话)
  质量组: medium (4个候选笑话)
  质量组: low (4个候选笑话)
  并发执行 3 个评估任务 (max_workers=3)...
    [路由] qwen3.6-27b -> DashScope API
    [路由] qwen3.6-27b -> DashScope API
    [路由] qwen3.6-27b -> DashScope API
    [qwen3.6-27b] 决策: select | 选笑话编号: 2
    [qwen3.6-27b] 决策: create | 选笑话编号: None
    [qwen3.6-27b] 决策: create | 选笑话编号: None

  Item完成: 耗时64.3s | 总耗时1811.5min
  速率限制器状态: 可用令牌=960.0/960
  已保存中间结果 (1176 条)

============================================================
处理 en_2077... (1177/1375)
  质量组: high (4个候选笑话)
  质量组: medium (4个候选笑话)
  质量组: low (4个候选笑话)
  并发执行 3 个评估任务 (max_workers=3)...
    [路由] qwen3.6-27b -> DashScope API
    [路由] qwen3.6-27b -> DashScope API
    [路由] qwen3.6-27b -> DashScope API
    [qwen3.6-27b] 决策: select | 选笑话编号: 4
    [qwen3.6-27b] 决策: create | 选笑话编号: None
    [qwen3.6-27b] 决策: create | 选笑话编号: None

  Item完成: 耗时56.1s | 总耗时1812.5min
  速率限制器状态: 可用令牌=960.0/960
  已保存中间结果 (1177 条)

============================================================
处理 en_2078... (1178/1375)
  质量组: high (4个候选笑话)
  质量组: medium (4个候选笑话)
  质量组: low (4个候选笑话)
  并发执行 3 个评估任务 (max_workers=3)...
    [路由] qwen3.6-27b -> DashScope API    [路由] qwen3.6-27b -> DashScope API

    [路由] qwen3.6-27b -> DashScope API
    [qwen3.6-27b] 决策: select | 选笑话编号: 2
    [qwen3.6-27b] 决策: select | 选笑话编号: 1
    [API] 可重试异常: HTTPSConnectionPool(host='dashscope.aliyuncs.com', port=443): Read timed out. (read timeout=300), 等待2.1s后重试 (1/5), model=qwen3.6-27b
    [qwen3.6-27b] 决策: create | 选笑话编号: None

  Item完成: 耗时343.6s | 总耗时1818.2min
  速率限制器状态: 可用令牌=960.0/960
  已保存中间结果 (1178 条)

============================================================
处理 en_2079... (1179/1375)
  质量组: high (4个候选笑话)
  质量组: medium (4个候选笑话)
  质量组: low (4个候选笑话)
  并发执行 3 个评估任务 (max_workers=3)...
    [路由] qwen3.6-27b -> DashScope API
    [路由] qwen3.6-27b -> DashScope API    [路由] qwen3.6-27b -> DashScope API

    [qwen3.6-27b] 决策: select | 选笑话编号: 3
    [qwen3.6-27b] 决策: select | 选笑话编号: 4
    [qwen3.6-27b] 决策: create | 选笑话编号: None

  Item完成: 耗时39.5s | 总耗时1818.9min
  速率限制器状态: 可用令牌=960.0/960
  已保存中间结果 (1179 条)

============================================================
处理 en_2080... (1180/1375)
  质量组: high (4个候选笑话)
  质量组: medium (4个候选笑话)
  质量组: low (4个候选笑话)
  并发执行 3 个评估任务 (max_workers=3)...
    [路由] qwen3.6-27b -> DashScope API
    [路由] qwen3.6-27b -> DashScope API
    [路由] qwen3.6-27b -> DashScope API
    [qwen3.6-27b] 决策: select | 选笑话编号: 2
    [qwen3.6-27b] 决策: select | 选笑话编号: 1
    [qwen3.6-27b] 决策: select | 选笑话编号: 3

  Item完成: 耗时30.3s | 总耗时1819.4min
  速率限制器状态: 可用令牌=960.0/960
  已保存中间结果 (1180 条)

============================================================
处理 en_2081... (1181/1375)
  质量组: high (4个候选笑话)
  质量组: medium (4个候选笑话)
  质量组: low (4个候选笑话)
  并发执行 3 个评估任务 (max_workers=3)...
    [路由] qwen3.6-27b -> DashScope API
    [路由] qwen3.6-27b -> DashScope API    [路由] qwen3.6-27b -> DashScope API

    [qwen3.6-27b] 决策: select | 选笑话编号: 1
    [qwen3.6-27b] 决策: select | 选笑话编号: 2
    [qwen3.6-27b] 决策: create | 选笑话编号: None

  Item完成: 耗时83.1s | 总耗时1820.8min
  速率限制器状态: 可用令牌=960.0/960
  已保存中间结果 (1181 条)

============================================================
处理 en_2082... (1182/1375)
  质量组: high (4个候选笑话)
  质量组: medium (4个候选笑话)
  质量组: low (4个候选笑话)
  并发执行 3 个评估任务 (max_workers=3)...
    [路由] qwen3.6-27b -> DashScope API
    [路由] qwen3.6-27b -> DashScope API    [路由] qwen3.6-27b -> DashScope API

    [qwen3.6-27b] 决策: select | 选笑话编号: 2
    [qwen3.6-27b] 决策: select | 选笑话编号: 4
    [qwen3.6-27b] 决策: create | 选笑话编号: None

  Item完成: 耗时49.0s | 总耗时1821.6min
  速率限制器状态: 可用令牌=960.0/960
  已保存中间结果 (1182 条)

============================================================
处理 en_2083... (1183/1375)
  质量组: high (4个候选笑话)
  质量组: medium (4个候选笑话)
  质量组: low (4个候选笑话)
  并发执行 3 个评估任务 (max_workers=3)...
    [路由] qwen3.6-27b -> DashScope API    [路由] qwen3.6-27b -> DashScope API
    [路由] qwen3.6-27b -> DashScope API

    [qwen3.6-27b] 决策: select | 选笑话编号: 4
    [qwen3.6-27b] 决策: create | 选笑话编号: None
    [qwen3.6-27b] 决策: create | 选笑话编号: None

  Item完成: 耗时113.5s | 总耗时1823.5min
  速率限制器状态: 可用令牌=960.0/960
  已保存中间结果 (1183 条)

============================================================
处理 en_2084... (1184/1375)
  质量组: high (4个候选笑话)
  质量组: medium (4个候选笑话)
  质量组: low (4个候选笑话)
  并发执行 3 个评估任务 (max_workers=3)...
    [路由] qwen3.6-27b -> DashScope API
    [路由] qwen3.6-27b -> DashScope API
    [路由] qwen3.6-27b -> DashScope API
    [qwen3.6-27b] 决策: select | 选笑话编号: 4
    [qwen3.6-27b] 决策: create | 选笑话编号: None
    [qwen3.6-27b] 决策: create | 选笑话编号: None

  Item完成: 耗时139.6s | 总耗时1825.8min
  速率限制器状态: 可用令牌=960.0/960
  已保存中间结果 (1184 条)

============================================================
处理 en_2085... (1185/1375)
  质量组: high (4个候选笑话)
  质量组: medium (4个候选笑话)
  质量组: low (4个候选笑话)
  并发执行 3 个评估任务 (max_workers=3)...
    [路由] qwen3.6-27b -> DashScope API
    [路由] qwen3.6-27b -> DashScope API    [路由] qwen3.6-27b -> DashScope API

    [qwen3.6-27b] 决策: select | 选笑话编号: 1
    [qwen3.6-27b] 决策: select | 选笑话编号: 4
    [qwen3.6-27b] 决策: create | 选笑话编号: None

  Item完成: 耗时51.7s | 总耗时1826.7min
  速率限制器状态: 可用令牌=960.0/960
  已保存中间结果 (1185 条)

============================================================
处理 en_2086... (1186/1375)
  质量组: high (4个候选笑话)
  质量组: medium (4个候选笑话)
  质量组: low (4个候选笑话)
  并发执行 3 个评估任务 (max_workers=3)...
    [路由] qwen3.6-27b -> DashScope API    [路由] qwen3.6-27b -> DashScope API

    [路由] qwen3.6-27b -> DashScope API
    [qwen3.6-27b] 决策: select | 选笑话编号: 1
    [qwen3.6-27b] 决策: select | 选笑话编号: 3
    [qwen3.6-27b] 决策: create | 选笑话编号: None

  Item完成: 耗时45.8s | 总耗时1827.5min
  速率限制器状态: 可用令牌=960.0/960
  已保存中间结果 (1186 条)

============================================================
处理 en_2087... (1187/1375)
  质量组: high (4个候选笑话)
  质量组: medium (4个候选笑话)
  质量组: low (4个候选笑话)
  并发执行 3 个评估任务 (max_workers=3)...
    [路由] qwen3.6-27b -> DashScope API
    [路由] qwen3.6-27b -> DashScope API
    [路由] qwen3.6-27b -> DashScope API
    [qwen3.6-27b] 决策: select | 选笑话编号: 1
    [qwen3.6-27b] 决策: select | 选笑话编号: 4
    [qwen3.6-27b] 决策: create | 选笑话编号: None

  Item完成: 耗时66.0s | 总耗时1828.6min
  速率限制器状态: 可用令牌=960.0/960
  已保存中间结果 (1187 条)

============================================================
处理 en_2088... (1188/1375)
  质量组: high (4个候选笑话)
  质量组: medium (4个候选笑话)
  质量组: low (4个候选笑话)
  并发执行 3 个评估任务 (max_workers=3)...
    [路由] qwen3.6-27b -> DashScope API    [路由] qwen3.6-27b -> DashScope API

    [路由] qwen3.6-27b -> DashScope API
    [qwen3.6-27b] 决策: select | 选笑话编号: 2
    [qwen3.6-27b] 决策: create | 选笑话编号: None
    [qwen3.6-27b] 决策: create | 选笑话编号: None

  Item完成: 耗时36.2s | 总耗时1829.2min
  速率限制器状态: 可用令牌=960.0/960
  已保存中间结果 (1188 条)

============================================================
处理 en_2089... (1189/1375)
  质量组: high (4个候选笑话)
  质量组: medium (4个候选笑话)
  质量组: low (4个候选笑话)
  并发执行 3 个评估任务 (max_workers=3)...
    [路由] qwen3.6-27b -> DashScope API    [路由] qwen3.6-27b -> DashScope API

    [路由] qwen3.6-27b -> DashScope API
    [qwen3.6-27b] 决策: select | 选笑话编号: 2
    [qwen3.6-27b] 决策: select | 选笑话编号: 3
    [qwen3.6-27b] 决策: create | 选笑话编号: None

  Item完成: 耗时54.7s | 总耗时1830.1min
  速率限制器状态: 可用令牌=960.0/960
  已保存中间结果 (1189 条)

============================================================
处理 en_2090... (1190/1375)
  质量组: high (4个候选笑话)
  质量组: medium (4个候选笑话)
  质量组: low (4个候选笑话)
  并发执行 3 个评估任务 (max_workers=3)...
    [路由] qwen3.6-27b -> DashScope API
    [路由] qwen3.6-27b -> DashScope API    [路由] qwen3.6-27b -> DashScope API

    [qwen3.6-27b] 决策: select | 选笑话编号: 2
    [qwen3.6-27b] 决策: select | 选笑话编号: 4
    [qwen3.6-27b] 决策: create | 选笑话编号: None

  Item完成: 耗时72.5s | 总耗时1831.3min
  速率限制器状态: 可用令牌=960.0/960
  已保存中间结果 (1190 条)

============================================================
处理 en_2091... (1191/1375)
  质量组: high (4个候选笑话)
  质量组: medium (4个候选笑话)
  质量组: low (4个候选笑话)
  并发执行 3 个评估任务 (max_workers=3)...
    [路由] qwen3.6-27b -> DashScope API
    [路由] qwen3.6-27b -> DashScope API
    [路由] qwen3.6-27b -> DashScope API
    [qwen3.6-27b] 决策: create | 选笑话编号: None
    [qwen3.6-27b] 决策: select | 选笑话编号: 4
    [qwen3.6-27b] 决策: create | 选笑话编号: None

  Item完成: 耗时45.1s | 总耗时1832.1min
  速率限制器状态: 可用令牌=960.0/960
  已保存中间结果 (1191 条)

============================================================
处理 en_2092... (1192/1375)
  质量组: high (4个候选笑话)
  质量组: medium (4个候选笑话)
  质量组: low (4个候选笑话)
  并发执行 3 个评估任务 (max_workers=3)...
    [路由] qwen3.6-27b -> DashScope API    [路由] qwen3.6-27b -> DashScope API
    [路由] qwen3.6-27b -> DashScope API

    [qwen3.6-27b] 决策: select | 选笑话编号: 1
    [qwen3.6-27b] 决策: select | 选笑话编号: 4
    [qwen3.6-27b] 决策: select | 选笑话编号: 4

  Item完成: 耗时41.6s | 总耗时1832.8min
  速率限制器状态: 可用令牌=960.0/960
  已保存中间结果 (1192 条)

============================================================
处理 en_2093... (1193/1375)
  质量组: high (4个候选笑话)
  质量组: medium (4个候选笑话)
  质量组: low (4个候选笑话)
  并发执行 3 个评估任务 (max_workers=3)...
    [路由] qwen3.6-27b -> DashScope API    [路由] qwen3.6-27b -> DashScope API
    [路由] qwen3.6-27b -> DashScope API

    [qwen3.6-27b] 决策: select | 选笑话编号: 1
    [qwen3.6-27b] 决策: create | 选笑话编号: None
    [qwen3.6-27b] 决策: create | 选笑话编号: None

  Item完成: 耗时63.7s | 总耗时1833.8min
  速率限制器状态: 可用令牌=960.0/960
  已保存中间结果 (1193 条)

============================================================
处理 en_2094... (1194/1375)
  质量组: high (4个候选笑话)
  质量组: medium (4个候选笑话)
  质量组: low (4个候选笑话)
  并发执行 3 个评估任务 (max_workers=3)...
    [路由] qwen3.6-27b -> DashScope API    [路由] qwen3.6-27b -> DashScope API

    [路由] qwen3.6-27b -> DashScope API
    [qwen3.6-27b] 决策: create | 选笑话编号: None
    [qwen3.6-27b] 决策: create | 选笑话编号: None
    [qwen3.6-27b] 决策: create | 选笑话编号: None

  Item完成: 耗时53.6s | 总耗时1834.7min
  速率限制器状态: 可用令牌=960.0/960
  已保存中间结果 (1194 条)

============================================================
处理 en_2095... (1195/1375)
  质量组: high (4个候选笑话)
  质量组: medium (4个候选笑话)
  质量组: low (4个候选笑话)
  并发执行 3 个评估任务 (max_workers=3)...
    [路由] qwen3.6-27b -> DashScope API    [路由] qwen3.6-27b -> DashScope API

    [路由] qwen3.6-27b -> DashScope API
    [qwen3.6-27b] 决策: select | 选笑话编号: 3
    [qwen3.6-27b] 决策: create | 选笑话编号: None
    [qwen3.6-27b] 决策: select | 选笑话编号: 4

  Item完成: 耗时44.5s | 总耗时1835.5min
  速率限制器状态: 可用令牌=960.0/960
  已保存中间结果 (1195 条)

============================================================
处理 en_2096... (1196/1375)
  质量组: high (4个候选笑话)
  质量组: medium (4个候选笑话)
  质量组: low (4个候选笑话)
  并发执行 3 个评估任务 (max_workers=3)...
    [路由] qwen3.6-27b -> DashScope API
    [路由] qwen3.6-27b -> DashScope API    [路由] qwen3.6-27b -> DashScope API

    [qwen3.6-27b] 决策: select | 选笑话编号: 2
    [qwen3.6-27b] 决策: select | 选笑话编号: 4
    [qwen3.6-27b] 决策: create | 选笑话编号: None

  Item完成: 耗时48.3s | 总耗时1836.3min
  速率限制器状态: 可用令牌=960.0/960
  已保存中间结果 (1196 条)

============================================================
处理 en_2097... (1197/1375)
  质量组: high (4个候选笑话)
  质量组: medium (4个候选笑话)
  质量组: low (4个候选笑话)
  并发执行 3 个评估任务 (max_workers=3)...
    [路由] qwen3.6-27b -> DashScope API    [路由] qwen3.6-27b -> DashScope API

    [路由] qwen3.6-27b -> DashScope API
    [qwen3.6-27b] 决策: select | 选笑话编号: 2
    [qwen3.6-27b] 决策: create | 选笑话编号: None
    [qwen3.6-27b] 决策: create | 选笑话编号: None

  Item完成: 耗时52.0s | 总耗时1837.1min
  速率限制器状态: 可用令牌=960.0/960
  已保存中间结果 (1197 条)

============================================================
处理 en_2098... (1198/1375)
  质量组: high (4个候选笑话)
  质量组: medium (4个候选笑话)
  质量组: low (4个候选笑话)
  并发执行 3 个评估任务 (max_workers=3)...
    [路由] qwen3.6-27b -> DashScope API
    [路由] qwen3.6-27b -> DashScope API
    [路由] qwen3.6-27b -> DashScope API
    [qwen3.6-27b] 决策: select | 选笑话编号: 4
    [qwen3.6-27b] 决策: create | 选笑话编号: None
    [API] 可重试异常: HTTPSConnectionPool(host='dashscope.aliyuncs.com', port=443): Read timed out. (read timeout=300), 等待1.9s后重试 (1/5), model=qwen3.6-27b
    [qwen3.6-27b] 决策: create | 选笑话编号: None

  Item完成: 耗时338.5s | 总耗时1842.8min
  速率限制器状态: 可用令牌=960.0/960
  已保存中间结果 (1198 条)

============================================================
处理 en_2099... (1199/1375)
  质量组: high (4个候选笑话)
  质量组: medium (4个候选笑话)
  质量组: low (4个候选笑话)
  并发执行 3 个评估任务 (max_workers=3)...
    [路由] qwen3.6-27b -> DashScope API    [路由] qwen3.6-27b -> DashScope API
    [路由] qwen3.6-27b -> DashScope API

    [qwen3.6-27b] 决策: select | 选笑话编号: 3
    [qwen3.6-27b] 决策: create | 选笑话编号: None
    [qwen3.6-27b] 决策: select | 选笑话编号: 3

  Item完成: 耗时46.7s | 总耗时1843.6min
  速率限制器状态: 可用令牌=960.0/960
  已保存中间结果 (1199 条)

============================================================
处理 en_2100... (1200/1375)
  质量组: high (4个候选笑话)
  质量组: medium (4个候选笑话)
  质量组: low (4个候选笑话)
  并发执行 3 个评估任务 (max_workers=3)...
    [路由] qwen3.6-27b -> DashScope API
    [路由] qwen3.6-27b -> DashScope API    [路由] qwen3.6-27b -> DashScope API

    [qwen3.6-27b] 决策: select | 选笑话编号: 2
    [qwen3.6-27b] 决策: select | 选笑话编号: 4
    [qwen3.6-27b] 决策: create | 选笑话编号: None

  Item完成: 耗时50.6s | 总耗时1844.4min
  速率限制器状态: 可用令牌=960.0/960
  已保存中间结果 (1200 条)

============================================================
处理 en_2101... (1201/1375)
  质量组: high (4个候选笑话)
  质量组: medium (4个候选笑话)
  质量组: low (4个候选笑话)
  并发执行 3 个评估任务 (max_workers=3)...
    [路由] qwen3.6-27b -> DashScope API    [路由] qwen3.6-27b -> DashScope API

    [路由] qwen3.6-27b -> DashScope API
    [qwen3.6-27b] 决策: select | 选笑话编号: 4
    [qwen3.6-27b] 决策: select | 选笑话编号: 1
    [qwen3.6-27b] 决策: create | 选笑话编号: None

  Item完成: 耗时48.9s | 总耗时1845.2min
  速率限制器状态: 可用令牌=960.0/960
  已保存中间结果 (1201 条)

============================================================
处理 en_2102... (1202/1375)
  质量组: high (4个候选笑话)
  质量组: medium (4个候选笑话)
  质量组: low (4个候选笑话)
  并发执行 3 个评估任务 (max_workers=3)...
    [路由] qwen3.6-27b -> DashScope API    [路由] qwen3.6-27b -> DashScope API
    [路由] qwen3.6-27b -> DashScope API

    [qwen3.6-27b] 决策: select | 选笑话编号: 2
    [qwen3.6-27b] 决策: select | 选笑话编号: 2
    [qwen3.6-27b] 决策: select | 选笑话编号: 1

  Item完成: 耗时33.8s | 总耗时1845.8min
  速率限制器状态: 可用令牌=960.0/960
  已保存中间结果 (1202 条)

============================================================
处理 en_2103... (1203/1375)
  质量组: high (4个候选笑话)
  质量组: medium (4个候选笑话)
  质量组: low (4个候选笑话)
  并发执行 3 个评估任务 (max_workers=3)...
    [路由] qwen3.6-27b -> DashScope API    [路由] qwen3.6-27b -> DashScope API
    [路由] qwen3.6-27b -> DashScope API

    [qwen3.6-27b] 决策: select | 选笑话编号: 2
    [qwen3.6-27b] 决策: create | 选笑话编号: None
    [qwen3.6-27b] 决策: create | 选笑话编号: None

  Item完成: 耗时42.7s | 总耗时1846.5min
  速率限制器状态: 可用令牌=960.0/960
  已保存中间结果 (1203 条)

============================================================
处理 en_2104... (1204/1375)
  质量组: high (4个候选笑话)
  质量组: medium (4个候选笑话)
  质量组: low (4个候选笑话)
  并发执行 3 个评估任务 (max_workers=3)...
    [路由] qwen3.6-27b -> DashScope API    [路由] qwen3.6-27b -> DashScope API

    [路由] qwen3.6-27b -> DashScope API
    [qwen3.6-27b] 决策: select | 选笑话编号: 4
    [qwen3.6-27b] 决策: select | 选笑话编号: 2
    [qwen3.6-27b] 决策: create | 选笑话编号: None

  Item完成: 耗时54.4s | 总耗时1847.4min
  速率限制器状态: 可用令牌=960.0/960
  已保存中间结果 (1204 条)

============================================================
处理 en_2105... (1205/1375)
  质量组: high (4个候选笑话)
  质量组: medium (4个候选笑话)
  质量组: low (4个候选笑话)
  并发执行 3 个评估任务 (max_workers=3)...
    [路由] qwen3.6-27b -> DashScope API
    [路由] qwen3.6-27b -> DashScope API
    [路由] qwen3.6-27b -> DashScope API
    [qwen3.6-27b] 决策: select | 选笑话编号: 2
    [qwen3.6-27b] 决策: select | 选笑话编号: 3
    [qwen3.6-27b] 决策: create | 选笑话编号: None

  Item完成: 耗时68.7s | 总耗时1848.6min
  速率限制器状态: 可用令牌=960.0/960
  已保存中间结果 (1205 条)

============================================================
处理 en_2106... (1206/1375)
  质量组: high (4个候选笑话)
  质量组: medium (4个候选笑话)
  质量组: low (4个候选笑话)
  并发执行 3 个评估任务 (max_workers=3)...
    [路由] qwen3.6-27b -> DashScope API
    [路由] qwen3.6-27b -> DashScope API
    [路由] qwen3.6-27b -> DashScope API
    [qwen3.6-27b] 决策: select | 选笑话编号: 2
    [qwen3.6-27b] 决策: select | 选笑话编号: 2
    [qwen3.6-27b] 决策: create | 选笑话编号: None

  Item完成: 耗时40.9s | 总耗时1849.3min
  速率限制器状态: 可用令牌=960.0/960
  已保存中间结果 (1206 条)

============================================================
处理 en_2107... (1207/1375)
  质量组: high (4个候选笑话)
  质量组: medium (4个候选笑话)
  质量组: low (4个候选笑话)
  并发执行 3 个评估任务 (max_workers=3)...
    [路由] qwen3.6-27b -> DashScope API
    [路由] qwen3.6-27b -> DashScope API
    [路由] qwen3.6-27b -> DashScope API
    [qwen3.6-27b] 决策: select | 选笑话编号: 4
    [qwen3.6-27b] 决策: select | 选笑话编号: 2
    [qwen3.6-27b] 决策: select | 选笑话编号: 1

  Item完成: 耗时65.5s | 总耗时1850.4min
  速率限制器状态: 可用令牌=960.0/960
  已保存中间结果 (1207 条)

============================================================
处理 en_2108... (1208/1375)
  质量组: high (4个候选笑话)
  质量组: medium (4个候选笑话)
  质量组: low (4个候选笑话)
  并发执行 3 个评估任务 (max_workers=3)...
    [路由] qwen3.6-27b -> DashScope API    [路由] qwen3.6-27b -> DashScope API

    [路由] qwen3.6-27b -> DashScope API
    [qwen3.6-27b] 决策: select | 选笑话编号: 1
    [qwen3.6-27b] 决策: select | 选笑话编号: 2
    [qwen3.6-27b] 决策: create | 选笑话编号: None

  Item完成: 耗时39.1s | 总耗时1851.0min
  速率限制器状态: 可用令牌=960.0/960
  已保存中间结果 (1208 条)

============================================================
处理 en_2109... (1209/1375)
  质量组: high (4个候选笑话)
  质量组: medium (4个候选笑话)
  质量组: low (4个候选笑话)
  并发执行 3 个评估任务 (max_workers=3)...
    [路由] qwen3.6-27b -> DashScope API
    [路由] qwen3.6-27b -> DashScope API    [路由] qwen3.6-27b -> DashScope API

    [qwen3.6-27b] 决策: select | 选笑话编号: 4
    [qwen3.6-27b] 决策: select | 选笑话编号: 4
    [qwen3.6-27b] 决策: select | 选笑话编号: 2

  Item完成: 耗时24.6s | 总耗时1851.4min
  速率限制器状态: 可用令牌=960.0/960
  已保存中间结果 (1209 条)

============================================================
处理 en_2110... (1210/1375)
  质量组: high (4个候选笑话)
  质量组: medium (4个候选笑话)
  质量组: low (4个候选笑话)
  并发执行 3 个评估任务 (max_workers=3)...
    [路由] qwen3.6-27b -> DashScope API    [路由] qwen3.6-27b -> DashScope API
    [路由] qwen3.6-27b -> DashScope API

    [qwen3.6-27b] 决策: select | 选笑话编号: 4
    [qwen3.6-27b] 决策: select | 选笑话编号: 2
    [qwen3.6-27b] 决策: create | 选笑话编号: None

  Item完成: 耗时54.3s | 总耗时1852.3min
  速率限制器状态: 可用令牌=960.0/960
  已保存中间结果 (1210 条)

============================================================
处理 en_2111... (1211/1375)
  质量组: high (4个候选笑话)
  质量组: medium (4个候选笑话)
  质量组: low (4个候选笑话)
  并发执行 3 个评估任务 (max_workers=3)...
    [路由] qwen3.6-27b -> DashScope API
    [路由] qwen3.6-27b -> DashScope API
    [路由] qwen3.6-27b -> DashScope API
    [qwen3.6-27b] 决策: select | 选笑话编号: 4
    [qwen3.6-27b] 决策: select | 选笑话编号: 4
    [qwen3.6-27b] 决策: create | 选笑话编号: None

  Item完成: 耗时43.1s | 总耗时1853.1min
  速率限制器状态: 可用令牌=960.0/960
  已保存中间结果 (1211 条)

============================================================
处理 en_2112... (1212/1375)
  质量组: high (4个候选笑话)
  质量组: medium (4个候选笑话)
  质量组: low (4个候选笑话)
  并发执行 3 个评估任务 (max_workers=3)...
    [路由] qwen3.6-27b -> DashScope API
    [路由] qwen3.6-27b -> DashScope API    [路由] qwen3.6-27b -> DashScope API

    [qwen3.6-27b] 决策: select | 选笑话编号: 2
    [qwen3.6-27b] 决策: select | 选笑话编号: 2
    [qwen3.6-27b] 决策: create | 选笑话编号: None

  Item完成: 耗时49.2s | 总耗时1853.9min
  速率限制器状态: 可用令牌=960.0/960
  已保存中间结果 (1212 条)

============================================================
处理 en_2113... (1213/1375)
  质量组: high (4个候选笑话)
  质量组: medium (4个候选笑话)
  质量组: low (4个候选笑话)
  并发执行 3 个评估任务 (max_workers=3)...
    [路由] qwen3.6-27b -> DashScope API
    [路由] qwen3.6-27b -> DashScope API    [路由] qwen3.6-27b -> DashScope API

    [qwen3.6-27b] 决策: select | 选笑话编号: 2
    [qwen3.6-27b] 决策: select | 选笑话编号: 2
    [API] 可重试异常: HTTPSConnectionPool(host='dashscope.aliyuncs.com', port=443): Read timed out. (read timeout=300), 等待2.3s后重试 (1/5), model=qwen3.6-27b
    [qwen3.6-27b] 决策: create | 选笑话编号: None

  Item完成: 耗时338.7s | 总耗时1859.5min
  速率限制器状态: 可用令牌=960.0/960
  已保存中间结果 (1213 条)

============================================================
处理 en_2114... (1214/1375)
  质量组: high (4个候选笑话)
  质量组: medium (4个候选笑话)
  质量组: low (4个候选笑话)
  并发执行 3 个评估任务 (max_workers=3)...
    [路由] qwen3.6-27b -> DashScope API
    [路由] qwen3.6-27b -> DashScope API    [路由] qwen3.6-27b -> DashScope API

    [qwen3.6-27b] 决策: select | 选笑话编号: 3
    [qwen3.6-27b] 决策: create | 选笑话编号: None
    [qwen3.6-27b] 决策: select | 选笑话编号: 2

  Item完成: 耗时59.1s | 总耗时1860.5min
  速率限制器状态: 可用令牌=960.0/960
  已保存中间结果 (1214 条)

============================================================
处理 en_2115... (1215/1375)
  质量组: high (4个候选笑话)
  质量组: medium (4个候选笑话)
  质量组: low (4个候选笑话)
  并发执行 3 个评估任务 (max_workers=3)...
    [路由] qwen3.6-27b -> DashScope API
    [路由] qwen3.6-27b -> DashScope API    [路由] qwen3.6-27b -> DashScope API

    [qwen3.6-27b] 决策: select | 选笑话编号: 2
    [qwen3.6-27b] 决策: select | 选笑话编号: 3
    [qwen3.6-27b] 决策: create | 选笑话编号: None

  Item完成: 耗时26.9s | 总耗时1861.0min
  速率限制器状态: 可用令牌=960.0/960
  已保存中间结果 (1215 条)

============================================================
处理 en_2116... (1216/1375)
  质量组: high (4个候选笑话)
  质量组: medium (4个候选笑话)
  质量组: low (4个候选笑话)
  并发执行 3 个评估任务 (max_workers=3)...
    [路由] qwen3.6-27b -> DashScope API    [路由] qwen3.6-27b -> DashScope API

    [路由] qwen3.6-27b -> DashScope API
    [qwen3.6-27b] 决策: create | 选笑话编号: None
    [qwen3.6-27b] 决策: select | 选笑话编号: 4
    [qwen3.6-27b] 决策: create | 选笑话编号: None

  Item完成: 耗时60.4s | 总耗时1862.0min
  速率限制器状态: 可用令牌=960.0/960
  已保存中间结果 (1216 条)

============================================================
处理 en_2117... (1217/1375)
  质量组: high (4个候选笑话)
  质量组: medium (4个候选笑话)
  质量组: low (4个候选笑话)
  并发执行 3 个评估任务 (max_workers=3)...
    [路由] qwen3.6-27b -> DashScope API
    [路由] qwen3.6-27b -> DashScope API    [路由] qwen3.6-27b -> DashScope API

    [qwen3.6-27b] 决策: select | 选笑话编号: 1
    [qwen3.6-27b] 决策: create | 选笑话编号: None
    [qwen3.6-27b] 决策: create | 选笑话编号: None

  Item完成: 耗时71.1s | 总耗时1863.2min
  速率限制器状态: 可用令牌=960.0/960
  已保存中间结果 (1217 条)

============================================================
处理 en_2118... (1218/1375)
  质量组: high (4个候选笑话)
  质量组: medium (4个候选笑话)
  质量组: low (4个候选笑话)
  并发执行 3 个评估任务 (max_workers=3)...
    [路由] qwen3.6-27b -> DashScope API
    [路由] qwen3.6-27b -> DashScope API
    [路由] qwen3.6-27b -> DashScope API
    [qwen3.6-27b] 决策: select | 选笑话编号: 3
    [qwen3.6-27b] 决策: create | 选笑话编号: None
    [qwen3.6-27b] 决策: select | 选笑话编号: 2

  Item完成: 耗时49.6s | 总耗时1864.0min
  速率限制器状态: 可用令牌=960.0/960
  已保存中间结果 (1218 条)

============================================================
处理 en_2119... (1219/1375)
  质量组: high (4个候选笑话)
  质量组: medium (4个候选笑话)
  质量组: low (4个候选笑话)
  并发执行 3 个评估任务 (max_workers=3)...
    [路由] qwen3.6-27b -> DashScope API
    [路由] qwen3.6-27b -> DashScope API    [路由] qwen3.6-27b -> DashScope API

    [qwen3.6-27b] 决策: select | 选笑话编号: 1
    [qwen3.6-27b] 决策: select | 选笑话编号: 1
    [qwen3.6-27b] 决策: create | 选笑话编号: None

  Item完成: 耗时44.8s | 总耗时1864.8min
  速率限制器状态: 可用令牌=960.0/960
  已保存中间结果 (1219 条)

============================================================
处理 en_2120... (1220/1375)
  质量组: high (4个候选笑话)
  质量组: medium (4个候选笑话)
  质量组: low (4个候选笑话)
  并发执行 3 个评估任务 (max_workers=3)...
    [路由] qwen3.6-27b -> DashScope API
    [路由] qwen3.6-27b -> DashScope API
    [路由] qwen3.6-27b -> DashScope API
    [qwen3.6-27b] 决策: select | 选笑话编号: 2
    [qwen3.6-27b] 决策: create | 选笑话编号: None
    [qwen3.6-27b] 决策: create | 选笑话编号: None

  Item完成: 耗时65.1s | 总耗时1865.9min
  速率限制器状态: 可用令牌=960.0/960
  已保存中间结果 (1220 条)

============================================================
处理 en_2121... (1221/1375)
  质量组: high (4个候选笑话)
  质量组: medium (4个候选笑话)
  质量组: low (4个候选笑话)
  并发执行 3 个评估任务 (max_workers=3)...
    [路由] qwen3.6-27b -> DashScope API
    [路由] qwen3.6-27b -> DashScope API    [路由] qwen3.6-27b -> DashScope API

    [qwen3.6-27b] 决策: create | 选笑话编号: None
    [qwen3.6-27b] 决策: select | 选笑话编号: 2
    [qwen3.6-27b] 决策: create | 选笑话编号: None

  Item完成: 耗时103.1s | 总耗时1867.6min
  速率限制器状态: 可用令牌=960.0/960
  已保存中间结果 (1221 条)

============================================================
处理 en_2122... (1222/1375)
  质量组: high (4个候选笑话)
  质量组: medium (4个候选笑话)
  质量组: low (4个候选笑话)
  并发执行 3 个评估任务 (max_workers=3)...
    [路由] qwen3.6-27b -> DashScope API
    [路由] qwen3.6-27b -> DashScope API    [路由] qwen3.6-27b -> DashScope API

    [qwen3.6-27b] 决策: select | 选笑话编号: 1
    [qwen3.6-27b] 决策: create | 选笑话编号: None
    [qwen3.6-27b] 决策: select | 选笑话编号: 2

  Item完成: 耗时102.7s | 总耗时1869.3min
  速率限制器状态: 可用令牌=960.0/960
  已保存中间结果 (1222 条)

============================================================
处理 en_2123... (1223/1375)
  质量组: high (4个候选笑话)
  质量组: medium (4个候选笑话)
  质量组: low (4个候选笑话)
  并发执行 3 个评估任务 (max_workers=3)...
    [路由] qwen3.6-27b -> DashScope API    [路由] qwen3.6-27b -> DashScope API
    [路由] qwen3.6-27b -> DashScope API

    [qwen3.6-27b] 决策: select | 选笑话编号: 3
    [qwen3.6-27b] 决策: create | 选笑话编号: None
    [qwen3.6-27b] 决策: create | 选笑话编号: None

  Item完成: 耗时39.0s | 总耗时1870.0min
  速率限制器状态: 可用令牌=960.0/960
  已保存中间结果 (1223 条)

============================================================
处理 en_2124... (1224/1375)
  质量组: high (4个候选笑话)
  质量组: medium (4个候选笑话)
  质量组: low (4个候选笑话)
  并发执行 3 个评估任务 (max_workers=3)...
    [路由] qwen3.6-27b -> DashScope API    [路由] qwen3.6-27b -> DashScope API
    [路由] qwen3.6-27b -> DashScope API

    [qwen3.6-27b] 决策: select | 选笑话编号: 1
    [qwen3.6-27b] 决策: create | 选笑话编号: None
    [qwen3.6-27b] 决策: create | 选笑话编号: None

  Item完成: 耗时60.7s | 总耗时1871.0min
  速率限制器状态: 可用令牌=960.0/960
  已保存中间结果 (1224 条)

============================================================
处理 en_2125... (1225/1375)
  质量组: high (4个候选笑话)
  质量组: medium (4个候选笑话)
  质量组: low (4个候选笑话)
  并发执行 3 个评估任务 (max_workers=3)...
    [路由] qwen3.6-27b -> DashScope API    [路由] qwen3.6-27b -> DashScope API

    [路由] qwen3.6-27b -> DashScope API
    [qwen3.6-27b] 决策: select | 选笑话编号: 3
    [qwen3.6-27b] 决策: create | 选笑话编号: None
    [qwen3.6-27b] 决策: create | 选笑话编号: None

  Item完成: 耗时43.6s | 总耗时1871.7min
  速率限制器状态: 可用令牌=960.0/960
  已保存中间结果 (1225 条)

============================================================
处理 en_2126... (1226/1375)
  质量组: high (4个候选笑话)
  质量组: medium (4个候选笑话)
  质量组: low (4个候选笑话)
  并发执行 3 个评估任务 (max_workers=3)...
    [路由] qwen3.6-27b -> DashScope API    [路由] qwen3.6-27b -> DashScope API

    [路由] qwen3.6-27b -> DashScope API
    [qwen3.6-27b] 决策: select | 选笑话编号: 1
    [qwen3.6-27b] 决策: create | 选笑话编号: None
    [qwen3.6-27b] 决策: create | 选笑话编号: None

  Item完成: 耗时106.1s | 总耗时1873.5min
  速率限制器状态: 可用令牌=960.0/960
  已保存中间结果 (1226 条)

============================================================
处理 en_2127... (1227/1375)
  质量组: high (4个候选笑话)
  质量组: medium (4个候选笑话)
  质量组: low (4个候选笑话)
  并发执行 3 个评估任务 (max_workers=3)...
    [路由] qwen3.6-27b -> DashScope API    [路由] qwen3.6-27b -> DashScope API

    [路由] qwen3.6-27b -> DashScope API
    [qwen3.6-27b] 决策: select | 选笑话编号: 4
    [qwen3.6-27b] 决策: create | 选笑话编号: None
    [qwen3.6-27b] 决策: create | 选笑话编号: None

  Item完成: 耗时43.9s | 总耗时1874.2min
  速率限制器状态: 可用令牌=960.0/960
  已保存中间结果 (1227 条)

============================================================
处理 en_2128... (1228/1375)
  质量组: high (4个候选笑话)
  质量组: medium (4个候选笑话)
  质量组: low (4个候选笑话)
  并发执行 3 个评估任务 (max_workers=3)...
    [路由] qwen3.6-27b -> DashScope API
    [路由] qwen3.6-27b -> DashScope API
    [路由] qwen3.6-27b -> DashScope API
    [qwen3.6-27b] 决策: select | 选笑话编号: 3
    [API] JSON解析失败: JSON解析失败: Extra data: line 7 column 1 (char 439), model=qwen3.6-27b
    [qwen3.6-27b] 决策:  | 选笑话编号: ?
    [API] 可重试异常: HTTPSConnectionPool(host='dashscope.aliyuncs.com', port=443): Read timed out. (read timeout=300), 等待2.3s后重试 (1/5), model=qwen3.6-27b
    [API] 可重试异常: HTTPSConnectionPool(host='dashscope.aliyuncs.com', port=443): Read timed out. (read timeout=300), 等待4.9s后重试 (2/5), model=qwen3.6-27b
    [qwen3.6-27b] 决策: create | 选笑话编号: None

  Item完成: 耗时661.8s | 总耗时1885.2min
  速率限制器状态: 可用令牌=960.0/960
  已保存中间结果 (1228 条)

============================================================
处理 en_2129... (1229/1375)
  质量组: high (4个候选笑话)
  质量组: medium (4个候选笑话)
  质量组: low (4个候选笑话)
  并发执行 3 个评估任务 (max_workers=3)...
    [路由] qwen3.6-27b -> DashScope API
    [路由] qwen3.6-27b -> DashScope API
    [路由] qwen3.6-27b -> DashScope API
    [qwen3.6-27b] 决策: create | 选笑话编号: None
    [qwen3.6-27b] 决策: create | 选笑话编号: None
    [qwen3.6-27b] 决策: select | 选笑话编号: 3

  Item完成: 耗时101.1s | 总耗时1886.9min
  速率限制器状态: 可用令牌=960.0/960
  已保存中间结果 (1229 条)

============================================================
处理 en_2130... (1230/1375)
  质量组: high (4个候选笑话)
  质量组: medium (4个候选笑话)
  质量组: low (4个候选笑话)
  并发执行 3 个评估任务 (max_workers=3)...
    [路由] qwen3.6-27b -> DashScope API
    [路由] qwen3.6-27b -> DashScope API
    [路由] qwen3.6-27b -> DashScope API
    [qwen3.6-27b] 决策: select | 选笑话编号: 4
    [qwen3.6-27b] 决策: select | 选笑话编号: 2
    [qwen3.6-27b] 决策: create | 选笑话编号: None

  Item完成: 耗时47.7s | 总耗时1887.7min
  速率限制器状态: 可用令牌=960.0/960
  已保存中间结果 (1230 条)

============================================================
处理 en_2131... (1231/1375)
  质量组: high (4个候选笑话)
  质量组: medium (4个候选笑话)
  质量组: low (4个候选笑话)
  并发执行 3 个评估任务 (max_workers=3)...
    [路由] qwen3.6-27b -> DashScope API    [路由] qwen3.6-27b -> DashScope API

    [路由] qwen3.6-27b -> DashScope API
    [qwen3.6-27b] 决策: select | 选笑话编号: 2
    [qwen3.6-27b] 决策: select | 选笑话编号: 2
    [qwen3.6-27b] 决策: create | 选笑话编号: None

  Item完成: 耗时42.6s | 总耗时1888.5min
  速率限制器状态: 可用令牌=960.0/960
  已保存中间结果 (1231 条)

============================================================
处理 en_2132... (1232/1375)
  质量组: high (4个候选笑话)
  质量组: medium (4个候选笑话)
  质量组: low (4个候选笑话)
  并发执行 3 个评估任务 (max_workers=3)...
    [路由] qwen3.6-27b -> DashScope API
    [路由] qwen3.6-27b -> DashScope API    [路由] qwen3.6-27b -> DashScope API

    [qwen3.6-27b] 决策: select | 选笑话编号: 2
    [qwen3.6-27b] 决策: create | 选笑话编号: None
    [qwen3.6-27b] 决策: select | 选笑话编号: 1

  Item完成: 耗时48.5s | 总耗时1889.3min
  速率限制器状态: 可用令牌=960.0/960
  已保存中间结果 (1232 条)

============================================================
处理 en_2133... (1233/1375)
  质量组: high (4个候选笑话)
  质量组: medium (4个候选笑话)
  质量组: low (4个候选笑话)
  并发执行 3 个评估任务 (max_workers=3)...
    [路由] qwen3.6-27b -> DashScope API    [路由] qwen3.6-27b -> DashScope API

    [路由] qwen3.6-27b -> DashScope API
    [qwen3.6-27b] 决策: select | 选笑话编号: 4
    [qwen3.6-27b] 决策: select | 选笑话编号: 1
    [qwen3.6-27b] 决策: create | 选笑话编号: None

  Item完成: 耗时47.6s | 总耗时1890.1min
  速率限制器状态: 可用令牌=960.0/960
  已保存中间结果 (1233 条)

============================================================
处理 en_2134... (1234/1375)
  质量组: high (4个候选笑话)
  质量组: medium (4个候选笑话)
  质量组: low (4个候选笑话)
  并发执行 3 个评估任务 (max_workers=3)...
    [路由] qwen3.6-27b -> DashScope API
    [路由] qwen3.6-27b -> DashScope API
    [路由] qwen3.6-27b -> DashScope API
    [qwen3.6-27b] 决策: select | 选笑话编号: 2
    [qwen3.6-27b] 决策: select | 选笑话编号: 4
    [qwen3.6-27b] 决策: create | 选笑话编号: None

  Item完成: 耗时89.6s | 总耗时1891.6min
  速率限制器状态: 可用令牌=960.0/960
  已保存中间结果 (1234 条)

============================================================
处理 en_2135... (1235/1375)
  质量组: high (4个候选笑话)
  质量组: medium (4个候选笑话)
  质量组: low (4个候选笑话)
  并发执行 3 个评估任务 (max_workers=3)...
    [路由] qwen3.6-27b -> DashScope API    [路由] qwen3.6-27b -> DashScope API
    [路由] qwen3.6-27b -> DashScope API

    [qwen3.6-27b] 决策: select | 选笑话编号: 2
    [qwen3.6-27b] 决策: select | 选笑话编号: 2
    [qwen3.6-27b] 决策: create | 选笑话编号: None

  Item完成: 耗时46.1s | 总耗时1892.3min
  速率限制器状态: 可用令牌=960.0/960
  已保存中间结果 (1235 条)

============================================================
处理 en_2136... (1236/1375)
  质量组: high (4个候选笑话)
  质量组: medium (4个候选笑话)
  质量组: low (4个候选笑话)
  并发执行 3 个评估任务 (max_workers=3)...
    [路由] qwen3.6-27b -> DashScope API
    [路由] qwen3.6-27b -> DashScope API
    [路由] qwen3.6-27b -> DashScope API
    [qwen3.6-27b] 决策: create | 选笑话编号: None
    [qwen3.6-27b] 决策: select | 选笑话编号: 4
    [API] 可重试异常: HTTPSConnectionPool(host='dashscope.aliyuncs.com', port=443): Read timed out. (read timeout=300), 等待2.3s后重试 (1/5), model=qwen3.6-27b
    [API] 可重试异常: HTTPSConnectionPool(host='dashscope.aliyuncs.com', port=443): Read timed out. (read timeout=300), 等待3.8s后重试 (2/5), model=qwen3.6-27b
    [qwen3.6-27b] 决策: create | 选笑话编号: None

  Item完成: 耗时635.1s | 总耗时1902.9min
  速率限制器状态: 可用令牌=960.0/960
  已保存中间结果 (1236 条)

============================================================
处理 en_2137... (1237/1375)
  质量组: high (4个候选笑话)
  质量组: medium (4个候选笑话)
  质量组: low (4个候选笑话)
  并发执行 3 个评估任务 (max_workers=3)...
    [路由] qwen3.6-27b -> DashScope API
    [路由] qwen3.6-27b -> DashScope API
    [路由] qwen3.6-27b -> DashScope API
    [qwen3.6-27b] 决策: select | 选笑话编号: 2
    [qwen3.6-27b] 决策: create | 选笑话编号: None
    [qwen3.6-27b] 决策: select | 选笑话编号: 4

  Item完成: 耗时40.1s | 总耗时1903.6min
  速率限制器状态: 可用令牌=960.0/960
  已保存中间结果 (1237 条)

============================================================
处理 en_2138... (1238/1375)
  质量组: high (4个候选笑话)
  质量组: medium (4个候选笑话)
  质量组: low (4个候选笑话)
  并发执行 3 个评估任务 (max_workers=3)...
    [路由] qwen3.6-27b -> DashScope API
    [路由] qwen3.6-27b -> DashScope API    [路由] qwen3.6-27b -> DashScope API

    [qwen3.6-27b] 决策: select | 选笑话编号: 2
    [qwen3.6-27b] 决策: select | 选笑话编号: 4
    [qwen3.6-27b] 决策: create | 选笑话编号: None

  Item完成: 耗时59.5s | 总耗时1904.6min
  速率限制器状态: 可用令牌=960.0/960
  已保存中间结果 (1238 条)

============================================================
处理 en_2139... (1239/1375)
  质量组: high (4个候选笑话)
  质量组: medium (4个候选笑话)
  质量组: low (4个候选笑话)
  并发执行 3 个评估任务 (max_workers=3)...
    [路由] qwen3.6-27b -> DashScope API
    [路由] qwen3.6-27b -> DashScope API
    [路由] qwen3.6-27b -> DashScope API
    [qwen3.6-27b] 决策: create | 选笑话编号: None
    [qwen3.6-27b] 决策: create | 选笑话编号: None
    [qwen3.6-27b] 决策: create | 选笑话编号: None

  Item完成: 耗时67.7s | 总耗时1905.7min
  速率限制器状态: 可用令牌=960.0/960
  已保存中间结果 (1239 条)

============================================================
处理 en_2140... (1240/1375)
  质量组: high (4个候选笑话)
  质量组: medium (4个候选笑话)
  质量组: low (4个候选笑话)
  并发执行 3 个评估任务 (max_workers=3)...
    [路由] qwen3.6-27b -> DashScope API
    [路由] qwen3.6-27b -> DashScope API
    [路由] qwen3.6-27b -> DashScope API
    [qwen3.6-27b] 决策: select | 选笑话编号: 3
    [qwen3.6-27b] 决策: select | 选笑话编号: 2
    [qwen3.6-27b] 决策: select | 选笑话编号: 2

  Item完成: 耗时22.1s | 总耗时1906.1min
  速率限制器状态: 可用令牌=960.0/960
  已保存中间结果 (1240 条)

============================================================
处理 en_2141... (1241/1375)
  质量组: high (4个候选笑话)
  质量组: medium (4个候选笑话)
  质量组: low (4个候选笑话)
  并发执行 3 个评估任务 (max_workers=3)...
    [路由] qwen3.6-27b -> DashScope API
    [路由] qwen3.6-27b -> DashScope API
    [路由] qwen3.6-27b -> DashScope API
    [qwen3.6-27b] 决策: select | 选笑话编号: 2
    [qwen3.6-27b] 决策: select | 选笑话编号: 2
    [qwen3.6-27b] 决策: create | 选笑话编号: None

  Item完成: 耗时73.7s | 总耗时1907.3min
  速率限制器状态: 可用令牌=960.0/960
  已保存中间结果 (1241 条)

============================================================
处理 en_2142... (1242/1375)
  质量组: high (4个候选笑话)
  质量组: medium (4个候选笑话)
  质量组: low (4个候选笑话)
  并发执行 3 个评估任务 (max_workers=3)...
    [路由] qwen3.6-27b -> DashScope API    [路由] qwen3.6-27b -> DashScope API

    [路由] qwen3.6-27b -> DashScope API
    [qwen3.6-27b] 决策: select | 选笑话编号: 4
    [qwen3.6-27b] 决策: select | 选笑话编号: 2
    [qwen3.6-27b] 决策: create | 选笑话编号: None

  Item完成: 耗时42.6s | 总耗时1908.1min
  速率限制器状态: 可用令牌=960.0/960
  已保存中间结果 (1242 条)

============================================================
处理 en_2143... (1243/1375)
  质量组: high (4个候选笑话)
  质量组: medium (4个候选笑话)
  质量组: low (4个候选笑话)
  并发执行 3 个评估任务 (max_workers=3)...
    [路由] qwen3.6-27b -> DashScope API
    [路由] qwen3.6-27b -> DashScope API    [路由] qwen3.6-27b -> DashScope API

    [qwen3.6-27b] 决策: create | 选笑话编号: None
    [qwen3.6-27b] 决策: create | 选笑话编号: None
    [qwen3.6-27b] 决策: create | 选笑话编号: None

  Item完成: 耗时56.2s | 总耗时1909.0min
  速率限制器状态: 可用令牌=960.0/960
  已保存中间结果 (1243 条)

============================================================
处理 en_2144... (1244/1375)
  质量组: high (4个候选笑话)
  质量组: medium (4个候选笑话)
  质量组: low (4个候选笑话)
  并发执行 3 个评估任务 (max_workers=3)...
    [路由] qwen3.6-27b -> DashScope API
    [路由] qwen3.6-27b -> DashScope API    [路由] qwen3.6-27b -> DashScope API

    [qwen3.6-27b] 决策: select | 选笑话编号: 3
    [qwen3.6-27b] 决策: create | 选笑话编号: None
    [qwen3.6-27b] 决策: create | 选笑话编号: None

  Item完成: 耗时45.0s | 总耗时1909.7min
  速率限制器状态: 可用令牌=960.0/960
  已保存中间结果 (1244 条)

============================================================
处理 en_2145... (1245/1375)
  质量组: high (4个候选笑话)
  质量组: medium (4个候选笑话)
  质量组: low (4个候选笑话)
  并发执行 3 个评估任务 (max_workers=3)...
    [路由] qwen3.6-27b -> DashScope API
    [路由] qwen3.6-27b -> DashScope API    [路由] qwen3.6-27b -> DashScope API

    [qwen3.6-27b] 决策: create | 选笑话编号: None
    [qwen3.6-27b] 决策: create | 选笑话编号: None
    [API] 可重试异常: HTTPSConnectionPool(host='dashscope.aliyuncs.com', port=443): Read timed out. (read timeout=300), 等待1.5s后重试 (1/5), model=qwen3.6-27b
    [qwen3.6-27b] 决策: create | 选笑话编号: None

  Item完成: 耗时331.6s | 总耗时1915.3min
  速率限制器状态: 可用令牌=960.0/960
  已保存中间结果 (1245 条)

============================================================
处理 en_2146... (1246/1375)
  质量组: high (4个候选笑话)
  质量组: medium (4个候选笑话)
  质量组: low (4个候选笑话)
  并发执行 3 个评估任务 (max_workers=3)...
    [路由] qwen3.6-27b -> DashScope API    [路由] qwen3.6-27b -> DashScope API

    [路由] qwen3.6-27b -> DashScope API
    [qwen3.6-27b] 决策: select | 选笑话编号: 3
    [qwen3.6-27b] 决策: create | 选笑话编号: None
    [qwen3.6-27b] 决策: create | 选笑话编号: None

  Item完成: 耗时56.1s | 总耗时1916.2min
  速率限制器状态: 可用令牌=960.0/960
  已保存中间结果 (1246 条)

============================================================
处理 en_2147... (1247/1375)
  质量组: high (4个候选笑话)
  质量组: medium (4个候选笑话)
  质量组: low (4个候选笑话)
  并发执行 3 个评估任务 (max_workers=3)...
    [路由] qwen3.6-27b -> DashScope API
    [路由] qwen3.6-27b -> DashScope API    [路由] qwen3.6-27b -> DashScope API

    [qwen3.6-27b] 决策: select | 选笑话编号: 3
    [qwen3.6-27b] 决策: create | 选笑话编号: None
    [qwen3.6-27b] 决策: create | 选笑话编号: None

  Item完成: 耗时68.4s | 总耗时1917.4min
  速率限制器状态: 可用令牌=960.0/960
  已保存中间结果 (1247 条)

============================================================
处理 en_2148... (1248/1375)
  质量组: high (4个候选笑话)
  质量组: medium (4个候选笑话)
  质量组: low (4个候选笑话)
  并发执行 3 个评估任务 (max_workers=3)...
    [路由] qwen3.6-27b -> DashScope API
    [路由] qwen3.6-27b -> DashScope API
    [路由] qwen3.6-27b -> DashScope API
    [qwen3.6-27b] 决策: select | 选笑话编号: 4
    [qwen3.6-27b] 决策: create | 选笑话编号: None
    [qwen3.6-27b] 决策: create | 选笑话编号: None

  Item完成: 耗时43.6s | 总耗时1918.1min
  速率限制器状态: 可用令牌=960.0/960
  已保存中间结果 (1248 条)

============================================================
处理 en_2149... (1249/1375)
  质量组: high (4个候选笑话)
  质量组: medium (4个候选笑话)
  质量组: low (4个候选笑话)
  并发执行 3 个评估任务 (max_workers=3)...
    [路由] qwen3.6-27b -> DashScope API
    [路由] qwen3.6-27b -> DashScope API
    [路由] qwen3.6-27b -> DashScope API
    [qwen3.6-27b] 决策: select | 选笑话编号: 3
    [qwen3.6-27b] 决策: select | 选笑话编号: 3
    [qwen3.6-27b] 决策: create | 选笑话编号: None

  Item完成: 耗时100.6s | 总耗时1919.8min
  速率限制器状态: 可用令牌=960.0/960
  已保存中间结果 (1249 条)

============================================================
处理 en_2150... (1250/1375)
  质量组: high (4个候选笑话)
  质量组: medium (4个候选笑话)
  质量组: low (4个候选笑话)
  并发执行 3 个评估任务 (max_workers=3)...
    [路由] qwen3.6-27b -> DashScope API
    [路由] qwen3.6-27b -> DashScope API    [路由] qwen3.6-27b -> DashScope API

    [qwen3.6-27b] 决策: select | 选笑话编号: 2
    [qwen3.6-27b] 决策: select | 选笑话编号: 2
    [qwen3.6-27b] 决策: create | 选笑话编号: None

  Item完成: 耗时35.4s | 总耗时1920.4min
  速率限制器状态: 可用令牌=960.0/960
  已保存中间结果 (1250 条)

============================================================
处理 en_2151... (1251/1375)
  质量组: high (4个候选笑话)
  质量组: medium (4个候选笑话)
  质量组: low (4个候选笑话)
  并发执行 3 个评估任务 (max_workers=3)...
    [路由] qwen3.6-27b -> DashScope API
    [路由] qwen3.6-27b -> DashScope API
    [路由] qwen3.6-27b -> DashScope API
    [qwen3.6-27b] 决策: select | 选笑话编号: 2
    [qwen3.6-27b] 决策: select | 选笑话编号: 2
    [qwen3.6-27b] 决策: create | 选笑话编号: None

  Item完成: 耗时56.3s | 总耗时1921.3min
  速率限制器状态: 可用令牌=960.0/960
  已保存中间结果 (1251 条)

============================================================
处理 en_2152... (1252/1375)
  质量组: high (4个候选笑话)
  质量组: medium (4个候选笑话)
  质量组: low (4个候选笑话)
  并发执行 3 个评估任务 (max_workers=3)...
    [路由] qwen3.6-27b -> DashScope API
    [路由] qwen3.6-27b -> DashScope API
    [路由] qwen3.6-27b -> DashScope API
    [qwen3.6-27b] 决策: select | 选笑话编号: 2
    [qwen3.6-27b] 决策: select | 选笑话编号: 3
    [qwen3.6-27b] 决策: create | 选笑话编号: None

  Item完成: 耗时41.9s | 总耗时1922.0min
  速率限制器状态: 可用令牌=960.0/960
  已保存中间结果 (1252 条)

============================================================
处理 en_2153... (1253/1375)
  质量组: high (4个候选笑话)
  质量组: medium (4个候选笑话)
  质量组: low (4个候选笑话)
  并发执行 3 个评估任务 (max_workers=3)...
    [路由] qwen3.6-27b -> DashScope API
    [路由] qwen3.6-27b -> DashScope API
    [路由] qwen3.6-27b -> DashScope API
    [qwen3.6-27b] 决策: create | 选笑话编号: None
    [qwen3.6-27b] 决策: create | 选笑话编号: None
    [qwen3.6-27b] 决策: create | 选笑话编号: None

  Item完成: 耗时50.9s | 总耗时1922.9min
  速率限制器状态: 可用令牌=960.0/960
  已保存中间结果 (1253 条)

============================================================
处理 en_2154... (1254/1375)
  质量组: high (4个候选笑话)
  质量组: medium (4个候选笑话)
  质量组: low (4个候选笑话)
  并发执行 3 个评估任务 (max_workers=3)...
    [路由] qwen3.6-27b -> DashScope API
    [路由] qwen3.6-27b -> DashScope API
    [路由] qwen3.6-27b -> DashScope API
    [qwen3.6-27b] 决策: select | 选笑话编号: 1
    [qwen3.6-27b] 决策: create | 选笑话编号: None
    [qwen3.6-27b] 决策: create | 选笑话编号: None

  Item完成: 耗时75.0s | 总耗时1924.1min
  速率限制器状态: 可用令牌=960.0/960
  已保存中间结果 (1254 条)

============================================================
处理 en_2155... (1255/1375)
  质量组: high (4个候选笑话)
  质量组: medium (4个候选笑话)
  质量组: low (4个候选笑话)
  并发执行 3 个评估任务 (max_workers=3)...
    [路由] qwen3.6-27b -> DashScope API
    [路由] qwen3.6-27b -> DashScope API    [路由] qwen3.6-27b -> DashScope API

    [qwen3.6-27b] 决策: select | 选笑话编号: 4
    [qwen3.6-27b] 决策: create | 选笑话编号: None
    [qwen3.6-27b] 决策: create | 选笑话编号: None

  Item完成: 耗时55.7s | 总耗时1925.1min
  速率限制器状态: 可用令牌=960.0/960
  已保存中间结果 (1255 条)

============================================================
处理 en_2156... (1256/1375)
  质量组: high (4个候选笑话)
  质量组: medium (4个候选笑话)
  质量组: low (4个候选笑话)
  并发执行 3 个评估任务 (max_workers=3)...
    [路由] qwen3.6-27b -> DashScope API    [路由] qwen3.6-27b -> DashScope API
    [路由] qwen3.6-27b -> DashScope API

    [qwen3.6-27b] 决策: select | 选笑话编号: 2
    [qwen3.6-27b] 决策: create | 选笑话编号: None
    [qwen3.6-27b] 决策: create | 选笑话编号: None

  Item完成: 耗时34.1s | 总耗时1925.6min
  速率限制器状态: 可用令牌=960.0/960
  已保存中间结果 (1256 条)

============================================================
处理 en_2157... (1257/1375)
  质量组: high (4个候选笑话)
  质量组: medium (4个候选笑话)
  质量组: low (4个候选笑话)
  并发执行 3 个评估任务 (max_workers=3)...
    [路由] qwen3.6-27b -> DashScope API    [路由] qwen3.6-27b -> DashScope API

    [路由] qwen3.6-27b -> DashScope API
    [qwen3.6-27b] 决策: select | 选笑话编号: 3
    [qwen3.6-27b] 决策: select | 选笑话编号: 4
    [qwen3.6-27b] 决策: create | 选笑话编号: None

  Item完成: 耗时48.6s | 总耗时1926.4min
  速率限制器状态: 可用令牌=960.0/960
  已保存中间结果 (1257 条)

============================================================
处理 en_2158... (1258/1375)
  质量组: high (4个候选笑话)
  质量组: medium (4个候选笑话)
  质量组: low (4个候选笑话)
  并发执行 3 个评估任务 (max_workers=3)...
    [路由] qwen3.6-27b -> DashScope API
    [路由] qwen3.6-27b -> DashScope API
    [路由] qwen3.6-27b -> DashScope API
    [qwen3.6-27b] 决策: select | 选笑话编号: 3
    [qwen3.6-27b] 决策: create | 选笑话编号: None
    [qwen3.6-27b] 决策: create | 选笑话编号: None

  Item完成: 耗时97.8s | 总耗时1928.1min
  速率限制器状态: 可用令牌=960.0/960
  已保存中间结果 (1258 条)

============================================================
处理 en_2159... (1259/1375)
  质量组: high (4个候选笑话)
  质量组: medium (4个候选笑话)
  质量组: low (4个候选笑话)
  并发执行 3 个评估任务 (max_workers=3)...
    [路由] qwen3.6-27b -> DashScope API    [路由] qwen3.6-27b -> DashScope API

    [路由] qwen3.6-27b -> DashScope API
    [qwen3.6-27b] 决策: select | 选笑话编号: 4
    [qwen3.6-27b] 决策: create | 选笑话编号: None
    [qwen3.6-27b] 决策: create | 选笑话编号: None

  Item完成: 耗时51.9s | 总耗时1929.0min
  速率限制器状态: 可用令牌=960.0/960
  已保存中间结果 (1259 条)

============================================================
处理 en_2160... (1260/1375)
  质量组: high (4个候选笑话)
  质量组: medium (4个候选笑话)
  质量组: low (4个候选笑话)
  并发执行 3 个评估任务 (max_workers=3)...
    [路由] qwen3.6-27b -> DashScope API    [路由] qwen3.6-27b -> DashScope API

    [路由] qwen3.6-27b -> DashScope API
    [qwen3.6-27b] 决策: select | 选笑话编号: 4
    [qwen3.6-27b] 决策: create | 选笑话编号: None
    [qwen3.6-27b] 决策: select | 选笑话编号: 4

  Item完成: 耗时66.8s | 总耗时1930.1min
  速率限制器状态: 可用令牌=960.0/960
  已保存中间结果 (1260 条)

============================================================
处理 en_2161... (1261/1375)
  质量组: high (4个候选笑话)
  质量组: medium (4个候选笑话)
  质量组: low (4个候选笑话)
  并发执行 3 个评估任务 (max_workers=3)...
    [路由] qwen3.6-27b -> DashScope API
    [路由] qwen3.6-27b -> DashScope API    [路由] qwen3.6-27b -> DashScope API

    [qwen3.6-27b] 决策: select | 选笑话编号: 4
    [qwen3.6-27b] 决策: create | 选笑话编号: None
    [qwen3.6-27b] 决策: select | 选笑话编号: 2

  Item完成: 耗时65.3s | 总耗时1931.2min
  速率限制器状态: 可用令牌=960.0/960
  已保存中间结果 (1261 条)

============================================================
处理 en_2162... (1262/1375)
  质量组: high (4个候选笑话)
  质量组: medium (4个候选笑话)
  质量组: low (4个候选笑话)
  并发执行 3 个评估任务 (max_workers=3)...
    [路由] qwen3.6-27b -> DashScope API    [路由] qwen3.6-27b -> DashScope API

    [路由] qwen3.6-27b -> DashScope API
    [qwen3.6-27b] 决策: select | 选笑话编号: 2
    [qwen3.6-27b] 决策: select | 选笑话编号: 3
    [qwen3.6-27b] 决策: select | 选笑话编号: 4

  Item完成: 耗时32.3s | 总耗时1931.7min
  速率限制器状态: 可用令牌=960.0/960
  已保存中间结果 (1262 条)

============================================================
处理 en_2163... (1263/1375)
  质量组: high (4个候选笑话)
  质量组: medium (4个候选笑话)
  质量组: low (4个候选笑话)
  并发执行 3 个评估任务 (max_workers=3)...
    [路由] qwen3.6-27b -> DashScope API
    [路由] qwen3.6-27b -> DashScope API
    [路由] qwen3.6-27b -> DashScope API
    [qwen3.6-27b] 决策: select | 选笑话编号: 2
    [qwen3.6-27b] 决策: select | 选笑话编号: 2
    [qwen3.6-27b] 决策: select | 选笑话编号: 4

  Item完成: 耗时25.7s | 总耗时1932.1min
  速率限制器状态: 可用令牌=960.0/960
  已保存中间结果 (1263 条)

============================================================
处理 en_2164... (1264/1375)
  质量组: high (4个候选笑话)
  质量组: medium (4个候选笑话)
  质量组: low (4个候选笑话)
  并发执行 3 个评估任务 (max_workers=3)...
    [路由] qwen3.6-27b -> DashScope API
    [路由] qwen3.6-27b -> DashScope API
    [路由] qwen3.6-27b -> DashScope API
    [qwen3.6-27b] 决策: create | 选笑话编号: None
    [qwen3.6-27b] 决策: create | 选笑话编号: None
    [qwen3.6-27b] 决策: select | 选笑话编号: 4

  Item完成: 耗时40.9s | 总耗时1932.8min
  速率限制器状态: 可用令牌=960.0/960
  已保存中间结果 (1264 条)

============================================================
处理 en_2165... (1265/1375)
  质量组: high (4个候选笑话)
  质量组: medium (4个候选笑话)
  质量组: low (4个候选笑话)
  并发执行 3 个评估任务 (max_workers=3)...
    [路由] qwen3.6-27b -> DashScope API
    [路由] qwen3.6-27b -> DashScope API    [路由] qwen3.6-27b -> DashScope API

    [qwen3.6-27b] 决策: select | 选笑话编号: 2
    [qwen3.6-27b] 决策: create | 选笑话编号: None
    [qwen3.6-27b] 决策: create | 选笑话编号: None

  Item完成: 耗时91.9s | 总耗时1934.4min
  速率限制器状态: 可用令牌=960.0/960
  已保存中间结果 (1265 条)

============================================================
处理 en_2166... (1266/1375)
  质量组: high (4个候选笑话)
  质量组: medium (4个候选笑话)
  质量组: low (4个候选笑话)
  并发执行 3 个评估任务 (max_workers=3)...
    [路由] qwen3.6-27b -> DashScope API    [路由] qwen3.6-27b -> DashScope API
    [路由] qwen3.6-27b -> DashScope API

    [qwen3.6-27b] 决策: select | 选笑话编号: 3
    [qwen3.6-27b] 决策: select | 选笑话编号: 3
    [qwen3.6-27b] 决策: create | 选笑话编号: None

  Item完成: 耗时48.0s | 总耗时1935.2min
  速率限制器状态: 可用令牌=960.0/960
  已保存中间结果 (1266 条)

============================================================
处理 en_2167... (1267/1375)
  质量组: high (4个候选笑话)
  质量组: medium (4个候选笑话)
  质量组: low (4个候选笑话)
  并发执行 3 个评估任务 (max_workers=3)...
    [路由] qwen3.6-27b -> DashScope API    [路由] qwen3.6-27b -> DashScope API

    [路由] qwen3.6-27b -> DashScope API
    [qwen3.6-27b] 决策: select | 选笑话编号: 3
    [qwen3.6-27b] 决策: select | 选笑话编号: 3
    [qwen3.6-27b] 决策: create | 选笑话编号: None

  Item完成: 耗时53.0s | 总耗时1936.1min
  速率限制器状态: 可用令牌=960.0/960
  已保存中间结果 (1267 条)

============================================================
处理 en_2168... (1268/1375)
  质量组: high (4个候选笑话)
  质量组: medium (4个候选笑话)
  质量组: low (4个候选笑话)
  并发执行 3 个评估任务 (max_workers=3)...
    [路由] qwen3.6-27b -> DashScope API    [路由] qwen3.6-27b -> DashScope API

    [路由] qwen3.6-27b -> DashScope API
    [qwen3.6-27b] 决策: select | 选笑话编号: 2
    [qwen3.6-27b] 决策: create | 选笑话编号: None
    [qwen3.6-27b] 决策: create | 选笑话编号: None

  Item完成: 耗时76.0s | 总耗时1937.3min
  速率限制器状态: 可用令牌=960.0/960
  已保存中间结果 (1268 条)

============================================================
处理 en_2169... (1269/1375)
  质量组: high (4个候选笑话)
  质量组: medium (4个候选笑话)
  质量组: low (4个候选笑话)
  并发执行 3 个评估任务 (max_workers=3)...
    [路由] qwen3.6-27b -> DashScope API    [路由] qwen3.6-27b -> DashScope API
    [路由] qwen3.6-27b -> DashScope API

    [qwen3.6-27b] 决策: select | 选笑话编号: 4
    [qwen3.6-27b] 决策: create | 选笑话编号: None
    [qwen3.6-27b] 决策: create | 选笑话编号: None

  Item完成: 耗时52.0s | 总耗时1938.2min
  速率限制器状态: 可用令牌=960.0/960
  已保存中间结果 (1269 条)

============================================================
处理 en_2170... (1270/1375)
  质量组: high (4个候选笑话)
  质量组: medium (4个候选笑话)
  质量组: low (4个候选笑话)
  并发执行 3 个评估任务 (max_workers=3)...
    [路由] qwen3.6-27b -> DashScope API    [路由] qwen3.6-27b -> DashScope API
    [路由] qwen3.6-27b -> DashScope API

    [qwen3.6-27b] 决策: create | 选笑话编号: None
    [qwen3.6-27b] 决策: select | 选笑话编号: 2
    [qwen3.6-27b] 决策: create | 选笑话编号: None

  Item完成: 耗时45.7s | 总耗时1939.0min
  速率限制器状态: 可用令牌=960.0/960
  已保存中间结果 (1270 条)

============================================================
处理 en_2171... (1271/1375)
  质量组: high (4个候选笑话)
  质量组: medium (4个候选笑话)
  质量组: low (4个候选笑话)
  并发执行 3 个评估任务 (max_workers=3)...
    [路由] qwen3.6-27b -> DashScope API
    [路由] qwen3.6-27b -> DashScope API
    [路由] qwen3.6-27b -> DashScope API
    [API] JSON解析失败: JSON解析失败: Extra data: line 7 column 1 (char 568), model=qwen3.6-27b
    [qwen3.6-27b] 决策:  | 选笑话编号: ?
    [qwen3.6-27b] 决策: select | 选笑话编号: 2
    [qwen3.6-27b] 决策: select | 选笑话编号: 4

  Item完成: 耗时51.9s | 总耗时1939.8min
  速率限制器状态: 可用令牌=960.0/960
  已保存中间结果 (1271 条)

============================================================
处理 en_2172... (1272/1375)
  质量组: high (4个候选笑话)
  质量组: medium (4个候选笑话)
  质量组: low (4个候选笑话)
  并发执行 3 个评估任务 (max_workers=3)...
    [路由] qwen3.6-27b -> DashScope API    [路由] qwen3.6-27b -> DashScope API

    [路由] qwen3.6-27b -> DashScope API
    [qwen3.6-27b] 决策: create | 选笑话编号: None
    [qwen3.6-27b] 决策: create | 选笑话编号: None
    [qwen3.6-27b] 决策: create | 选笑话编号: None

  Item完成: 耗时92.7s | 总耗时1941.4min
  速率限制器状态: 可用令牌=960.0/960
  已保存中间结果 (1272 条)

============================================================
处理 en_2173... (1273/1375)
  质量组: high (4个候选笑话)
  质量组: medium (4个候选笑话)
  质量组: low (4个候选笑话)
  并发执行 3 个评估任务 (max_workers=3)...
    [路由] qwen3.6-27b -> DashScope API    [路由] qwen3.6-27b -> DashScope API
    [路由] qwen3.6-27b -> DashScope API

    [qwen3.6-27b] 决策: create | 选笑话编号: None
    [qwen3.6-27b] 决策: create | 选笑话编号: None
    [API] 可重试异常: HTTPSConnectionPool(host='dashscope.aliyuncs.com', port=443): Read timed out. (read timeout=300), 等待2.1s后重试 (1/5), model=qwen3.6-27b
    [qwen3.6-27b] 决策: select | 选笑话编号: 1

  Item完成: 耗时372.2s | 总耗时1947.6min
  速率限制器状态: 可用令牌=960.0/960
  已保存中间结果 (1273 条)

============================================================
处理 en_2174... (1274/1375)
  质量组: high (4个候选笑话)
  质量组: medium (4个候选笑话)
  质量组: low (4个候选笑话)
  并发执行 3 个评估任务 (max_workers=3)...
    [路由] qwen3.6-27b -> DashScope API
    [路由] qwen3.6-27b -> DashScope API
    [路由] qwen3.6-27b -> DashScope API
    [qwen3.6-27b] 决策: select | 选笑话编号: 2
    [qwen3.6-27b] 决策: select | 选笑话编号: 3
    [qwen3.6-27b] 决策: create | 选笑话编号: None

  Item完成: 耗时67.1s | 总耗时1948.7min
  速率限制器状态: 可用令牌=960.0/960
  已保存中间结果 (1274 条)

============================================================
处理 en_2175... (1275/1375)
  质量组: high (4个候选笑话)
  质量组: medium (4个候选笑话)
  质量组: low (4个候选笑话)
  并发执行 3 个评估任务 (max_workers=3)...
    [路由] qwen3.6-27b -> DashScope API
    [路由] qwen3.6-27b -> DashScope API
    [路由] qwen3.6-27b -> DashScope API
    [qwen3.6-27b] 决策: select | 选笑话编号: 3
    [qwen3.6-27b] 决策: create | 选笑话编号: None
    [qwen3.6-27b] 决策: select | 选笑话编号: 4

  Item完成: 耗时36.1s | 总耗时1949.3min
  速率限制器状态: 可用令牌=960.0/960
  已保存中间结果 (1275 条)

============================================================
处理 en_2176... (1276/1375)
  质量组: high (4个候选笑话)
  质量组: medium (4个候选笑话)
  质量组: low (4个候选笑话)
  并发执行 3 个评估任务 (max_workers=3)...
    [路由] qwen3.6-27b -> DashScope API
    [路由] qwen3.6-27b -> DashScope API    [路由] qwen3.6-27b -> DashScope API

    [qwen3.6-27b] 决策: select | 选笑话编号: 2
    [qwen3.6-27b] 决策: create | 选笑话编号: None
    [qwen3.6-27b] 决策: create | 选笑话编号: None

  Item完成: 耗时38.3s | 总耗时1950.0min
  速率限制器状态: 可用令牌=960.0/960
  已保存中间结果 (1276 条)

============================================================
处理 en_2177... (1277/1375)
  质量组: high (4个候选笑话)
  质量组: medium (4个候选笑话)
  质量组: low (4个候选笑话)
  并发执行 3 个评估任务 (max_workers=3)...
    [路由] qwen3.6-27b -> DashScope API
    [路由] qwen3.6-27b -> DashScope API
    [路由] qwen3.6-27b -> DashScope API
    [qwen3.6-27b] 决策: select | 选笑话编号: 2
    [qwen3.6-27b] 决策: create | 选笑话编号: None
    [qwen3.6-27b] 决策: create | 选笑话编号: None

  Item完成: 耗时57.0s | 总耗时1950.9min
  速率限制器状态: 可用令牌=960.0/960
  已保存中间结果 (1277 条)

============================================================
处理 en_2178... (1278/1375)
  质量组: high (4个候选笑话)
  质量组: medium (4个候选笑话)
  质量组: low (4个候选笑话)
  并发执行 3 个评估任务 (max_workers=3)...
    [路由] qwen3.6-27b -> DashScope API
    [路由] qwen3.6-27b -> DashScope API    [路由] qwen3.6-27b -> DashScope API

    [qwen3.6-27b] 决策: select | 选笑话编号: 2
    [qwen3.6-27b] 决策: create | 选笑话编号: None
    [qwen3.6-27b] 决策: create | 选笑话编号: None

  Item完成: 耗时81.7s | 总耗时1952.3min
  速率限制器状态: 可用令牌=960.0/960
  已保存中间结果 (1278 条)

============================================================
处理 en_2179... (1279/1375)
  质量组: high (4个候选笑话)
  质量组: medium (4个候选笑话)
  质量组: low (4个候选笑话)
  并发执行 3 个评估任务 (max_workers=3)...
    [路由] qwen3.6-27b -> DashScope API    [路由] qwen3.6-27b -> DashScope API

    [路由] qwen3.6-27b -> DashScope API
    [qwen3.6-27b] 决策: select | 选笑话编号: 4
    [qwen3.6-27b] 决策: create | 选笑话编号: None
    [API] 可重试异常: HTTPSConnectionPool(host='dashscope.aliyuncs.com', port=443): Read timed out. (read timeout=300), 等待2.1s后重试 (1/5), model=qwen3.6-27b
    [qwen3.6-27b] 决策: create | 选笑话编号: None

  Item完成: 耗时348.0s | 总耗时1958.1min
  速率限制器状态: 可用令牌=960.0/960
  已保存中间结果 (1279 条)

============================================================
处理 en_2180... (1280/1375)
  质量组: high (4个候选笑话)
  质量组: medium (4个候选笑话)
  质量组: low (4个候选笑话)
  并发执行 3 个评估任务 (max_workers=3)...
    [路由] qwen3.6-27b -> DashScope API
    [路由] qwen3.6-27b -> DashScope API    [路由] qwen3.6-27b -> DashScope API

    [qwen3.6-27b] 决策: select | 选笑话编号: 4
    [qwen3.6-27b] 决策: select | 选笑话编号: 2
    [API] 可重试异常: HTTPSConnectionPool(host='dashscope.aliyuncs.com', port=443): Read timed out. (read timeout=300), 等待1.7s后重试 (1/5), model=qwen3.6-27b
    [qwen3.6-27b] 决策: create | 选笑话编号: None

  Item完成: 耗时371.4s | 总耗时1964.3min
  速率限制器状态: 可用令牌=960.0/960
  已保存中间结果 (1280 条)

============================================================
处理 en_2181... (1281/1375)
  质量组: high (4个候选笑话)
  质量组: medium (4个候选笑话)
  质量组: low (4个候选笑话)
  并发执行 3 个评估任务 (max_workers=3)...
    [路由] qwen3.6-27b -> DashScope API    [路由] qwen3.6-27b -> DashScope API

    [路由] qwen3.6-27b -> DashScope API
    [qwen3.6-27b] 决策: create | 选笑话编号: None
    [qwen3.6-27b] 决策: select | 选笑话编号: 2
    [qwen3.6-27b] 决策: create | 选笑话编号: None

  Item完成: 耗时46.4s | 总耗时1965.1min
  速率限制器状态: 可用令牌=960.0/960
  已保存中间结果 (1281 条)

============================================================
处理 en_2182... (1282/1375)
  质量组: high (4个候选笑话)
  质量组: medium (4个候选笑话)
  质量组: low (4个候选笑话)
  并发执行 3 个评估任务 (max_workers=3)...
    [路由] qwen3.6-27b -> DashScope API    [路由] qwen3.6-27b -> DashScope API

    [路由] qwen3.6-27b -> DashScope API
    [qwen3.6-27b] 决策: select | 选笑话编号: 2
    [qwen3.6-27b] 决策: select | 选笑话编号: 4
    [qwen3.6-27b] 决策: select | 选笑话编号: 4

  Item完成: 耗时23.8s | 总耗时1965.5min
  速率限制器状态: 可用令牌=960.0/960
  已保存中间结果 (1282 条)

============================================================
处理 en_2183... (1283/1375)
  质量组: high (4个候选笑话)
  质量组: medium (4个候选笑话)
  质量组: low (4个候选笑话)
  并发执行 3 个评估任务 (max_workers=3)...
    [路由] qwen3.6-27b -> DashScope API
    [路由] qwen3.6-27b -> DashScope API
    [路由] qwen3.6-27b -> DashScope API
    [qwen3.6-27b] 决策: create | 选笑话编号: None
    [qwen3.6-27b] 决策: create | 选笑话编号: None
    [qwen3.6-27b] 决策: create | 选笑话编号: None

  Item完成: 耗时54.8s | 总耗时1966.4min
  速率限制器状态: 可用令牌=960.0/960
  已保存中间结果 (1283 条)

============================================================
处理 en_2184... (1284/1375)
  质量组: high (4个候选笑话)
  质量组: medium (4个候选笑话)
  质量组: low (4个候选笑话)
  并发执行 3 个评估任务 (max_workers=3)...
    [路由] qwen3.6-27b -> DashScope API
    [路由] qwen3.6-27b -> DashScope API
    [路由] qwen3.6-27b -> DashScope API
    [qwen3.6-27b] 决策: select | 选笑话编号: 4
    [API] JSON解析失败: JSON解析失败: Extra data: line 7 column 1 (char 420), model=qwen3.6-27b
    [qwen3.6-27b] 决策:  | 选笑话编号: ?
    [qwen3.6-27b] 决策: create | 选笑话编号: None

  Item完成: 耗时43.5s | 总耗时1967.1min
  速率限制器状态: 可用令牌=960.0/960
  已保存中间结果 (1284 条)

============================================================
处理 en_2185... (1285/1375)
  质量组: high (4个候选笑话)
  质量组: medium (4个候选笑话)
  质量组: low (4个候选笑话)
  并发执行 3 个评估任务 (max_workers=3)...
    [路由] qwen3.6-27b -> DashScope API
    [路由] qwen3.6-27b -> DashScope API    [路由] qwen3.6-27b -> DashScope API

    [qwen3.6-27b] 决策: select | 选笑话编号: 2
    [qwen3.6-27b] 决策: select | 选笑话编号: 2
    [qwen3.6-27b] 决策: create | 选笑话编号: None

  Item完成: 耗时42.8s | 总耗时1967.8min
  速率限制器状态: 可用令牌=960.0/960
  已保存中间结果 (1285 条)

============================================================
处理 en_2186... (1286/1375)
  质量组: high (4个候选笑话)
  质量组: medium (4个候选笑话)
  质量组: low (4个候选笑话)
  并发执行 3 个评估任务 (max_workers=3)...
    [路由] qwen3.6-27b -> DashScope API
    [路由] qwen3.6-27b -> DashScope API    [路由] qwen3.6-27b -> DashScope API

    [qwen3.6-27b] 决策: select | 选笑话编号: 4
    [qwen3.6-27b] 决策: select | 选笑话编号: 2
    [qwen3.6-27b] 决策: create | 选笑话编号: None

  Item完成: 耗时62.5s | 总耗时1968.9min
  速率限制器状态: 可用令牌=960.0/960
  已保存中间结果 (1286 条)

============================================================
处理 en_2187... (1287/1375)
  质量组: high (4个候选笑话)
  质量组: medium (4个候选笑话)
  质量组: low (4个候选笑话)
  并发执行 3 个评估任务 (max_workers=3)...
    [路由] qwen3.6-27b -> DashScope API    [路由] qwen3.6-27b -> DashScope API

    [路由] qwen3.6-27b -> DashScope API
    [qwen3.6-27b] 决策: select | 选笑话编号: 1
    [qwen3.6-27b] 决策: select | 选笑话编号: 4
    [qwen3.6-27b] 决策: create | 选笑话编号: None

  Item完成: 耗时84.6s | 总耗时1970.3min
  速率限制器状态: 可用令牌=960.0/960
  已保存中间结果 (1287 条)

============================================================
处理 en_2188... (1288/1375)
  质量组: high (4个候选笑话)
  质量组: medium (4个候选笑话)
  质量组: low (4个候选笑话)
  并发执行 3 个评估任务 (max_workers=3)...
    [路由] qwen3.6-27b -> DashScope API
    [路由] qwen3.6-27b -> DashScope API    [路由] qwen3.6-27b -> DashScope API

    [qwen3.6-27b] 决策: select | 选笑话编号: 4
    [qwen3.6-27b] 决策: select | 选笑话编号: 4
    [API] 可重试异常: HTTPSConnectionPool(host='dashscope.aliyuncs.com', port=443): Read timed out. (read timeout=300), 等待2.5s后重试 (1/5), model=qwen3.6-27b
    [qwen3.6-27b] 决策: select | 选笑话编号: 1

  Item完成: 耗时319.9s | 总耗时1975.6min
  速率限制器状态: 可用令牌=960.0/960
  已保存中间结果 (1288 条)

============================================================
处理 en_2189... (1289/1375)
  质量组: high (4个候选笑话)
  质量组: medium (4个候选笑话)
  质量组: low (4个候选笑话)
  并发执行 3 个评估任务 (max_workers=3)...
    [路由] qwen3.6-27b -> DashScope API
    [路由] qwen3.6-27b -> DashScope API
    [路由] qwen3.6-27b -> DashScope API
    [qwen3.6-27b] 决策: select | 选笑话编号: 4
    [qwen3.6-27b] 决策: create | 选笑话编号: None
    [qwen3.6-27b] 决策: select | 选笑话编号: 2

  Item完成: 耗时35.0s | 总耗时1976.2min
  速率限制器状态: 可用令牌=960.0/960
  已保存中间结果 (1289 条)

============================================================
处理 en_2190... (1290/1375)
  质量组: high (4个候选笑话)
  质量组: medium (4个候选笑话)
  质量组: low (4个候选笑话)
  并发执行 3 个评估任务 (max_workers=3)...
    [路由] qwen3.6-27b -> DashScope API
    [路由] qwen3.6-27b -> DashScope API
    [路由] qwen3.6-27b -> DashScope API
    [qwen3.6-27b] 决策: select | 选笑话编号: 4
    [qwen3.6-27b] 决策: create | 选笑话编号: None
    [qwen3.6-27b] 决策: create | 选笑话编号: None

  Item完成: 耗时51.1s | 总耗时1977.1min
  速率限制器状态: 可用令牌=960.0/960
  已保存中间结果 (1290 条)

============================================================
处理 en_2191... (1291/1375)
  质量组: high (4个候选笑话)
  质量组: medium (4个候选笑话)
  质量组: low (4个候选笑话)
  并发执行 3 个评估任务 (max_workers=3)...
    [路由] qwen3.6-27b -> DashScope API    [路由] qwen3.6-27b -> DashScope API
    [路由] qwen3.6-27b -> DashScope API

    [qwen3.6-27b] 决策: select | 选笑话编号: 2
    [API] JSON解析失败: JSON解析失败: Expecting ',' delimiter: line 4 column 304 (char 358), model=qwen3.6-27b
    [qwen3.6-27b] 决策:  | 选笑话编号: ?
    [qwen3.6-27b] 决策: create | 选笑话编号: None

  Item完成: 耗时40.1s | 总耗时1977.7min
  速率限制器状态: 可用令牌=960.0/960
  已保存中间结果 (1291 条)

============================================================
处理 en_2192... (1292/1375)
  质量组: high (4个候选笑话)
  质量组: medium (4个候选笑话)
  质量组: low (4个候选笑话)
  并发执行 3 个评估任务 (max_workers=3)...
    [路由] qwen3.6-27b -> DashScope API
    [路由] qwen3.6-27b -> DashScope API    [路由] qwen3.6-27b -> DashScope API

    [qwen3.6-27b] 决策: select | 选笑话编号: 4
    [qwen3.6-27b] 决策: create | 选笑话编号: None
    [qwen3.6-27b] 决策: create | 选笑话编号: None

  Item完成: 耗时67.1s | 总耗时1978.9min
  速率限制器状态: 可用令牌=960.0/960
  已保存中间结果 (1292 条)

============================================================
处理 en_2193... (1293/1375)
  质量组: high (4个候选笑话)
  质量组: medium (4个候选笑话)
  质量组: low (4个候选笑话)
  并发执行 3 个评估任务 (max_workers=3)...
    [路由] qwen3.6-27b -> DashScope API
    [路由] qwen3.6-27b -> DashScope API    [路由] qwen3.6-27b -> DashScope API

    [qwen3.6-27b] 决策: select | 选笑话编号: 4
    [qwen3.6-27b] 决策: create | 选笑话编号: None
    [qwen3.6-27b] 决策: create | 选笑话编号: None

  Item完成: 耗时41.3s | 总耗时1979.6min
  速率限制器状态: 可用令牌=960.0/960
  已保存中间结果 (1293 条)

============================================================
处理 en_2194... (1294/1375)
  质量组: high (4个候选笑话)
  质量组: medium (4个候选笑话)
  质量组: low (4个候选笑话)
  并发执行 3 个评估任务 (max_workers=3)...
    [路由] qwen3.6-27b -> DashScope API
    [路由] qwen3.6-27b -> DashScope API    [路由] qwen3.6-27b -> DashScope API

    [qwen3.6-27b] 决策: select | 选笑话编号: 4
    [qwen3.6-27b] 决策: select | 选笑话编号: 1
    [qwen3.6-27b] 决策: create | 选笑话编号: None

  Item完成: 耗时81.2s | 总耗时1980.9min
  速率限制器状态: 可用令牌=960.0/960
  已保存中间结果 (1294 条)

============================================================
处理 en_2195... (1295/1375)
  质量组: high (4个候选笑话)
  质量组: medium (4个候选笑话)
  质量组: low (4个候选笑话)
  并发执行 3 个评估任务 (max_workers=3)...
    [路由] qwen3.6-27b -> DashScope API
    [路由] qwen3.6-27b -> DashScope API
    [路由] qwen3.6-27b -> DashScope API
    [qwen3.6-27b] 决策: select | 选笑话编号: 4
    [qwen3.6-27b] 决策: select | 选笑话编号: 4
    [API] 可重试异常: HTTPSConnectionPool(host='dashscope.aliyuncs.com', port=443): Read timed out. (read timeout=300), 等待2.4s后重试 (1/5), model=qwen3.6-27b
    [qwen3.6-27b] 决策: select | 选笑话编号: 2

  Item完成: 耗时332.5s | 总耗时1986.5min
  速率限制器状态: 可用令牌=960.0/960
  已保存中间结果 (1295 条)

============================================================
处理 en_2196... (1296/1375)
  质量组: high (4个候选笑话)
  质量组: medium (4个候选笑话)
  质量组: low (4个候选笑话)
  并发执行 3 个评估任务 (max_workers=3)...
    [路由] qwen3.6-27b -> DashScope API
    [路由] qwen3.6-27b -> DashScope API    [路由] qwen3.6-27b -> DashScope API

    [qwen3.6-27b] 决策: select | 选笑话编号: 2
    [qwen3.6-27b] 决策: create | 选笑话编号: None
    [qwen3.6-27b] 决策: select | 选笑话编号: 3

  Item完成: 耗时29.9s | 总耗时1987.0min
  速率限制器状态: 可用令牌=960.0/960
  已保存中间结果 (1296 条)

============================================================
处理 en_2197... (1297/1375)
  质量组: high (4个候选笑话)
  质量组: medium (4个候选笑话)
  质量组: low (4个候选笑话)
  并发执行 3 个评估任务 (max_workers=3)...
    [路由] qwen3.6-27b -> DashScope API
    [路由] qwen3.6-27b -> DashScope API
    [路由] qwen3.6-27b -> DashScope API
    [qwen3.6-27b] 决策: create | 选笑话编号: None
    [qwen3.6-27b] 决策: create | 选笑话编号: None
    [qwen3.6-27b] 决策: create | 选笑话编号: None

  Item完成: 耗时58.4s | 总耗时1988.0min
  速率限制器状态: 可用令牌=960.0/960
  已保存中间结果 (1297 条)

============================================================
处理 en_2198... (1298/1375)
  质量组: high (4个候选笑话)
  质量组: medium (4个候选笑话)
  质量组: low (4个候选笑话)
  并发执行 3 个评估任务 (max_workers=3)...
    [路由] qwen3.6-27b -> DashScope API    [路由] qwen3.6-27b -> DashScope API
    [路由] qwen3.6-27b -> DashScope API

    [qwen3.6-27b] 决策: select | 选笑话编号: 4
    [qwen3.6-27b] 决策: create | 选笑话编号: None
    [qwen3.6-27b] 决策: create | 选笑话编号: None

  Item完成: 耗时57.8s | 总耗时1988.9min
  速率限制器状态: 可用令牌=960.0/960
  已保存中间结果 (1298 条)

============================================================
处理 en_2199... (1299/1375)
  质量组: high (4个候选笑话)
  质量组: medium (4个候选笑话)
  质量组: low (4个候选笑话)
  并发执行 3 个评估任务 (max_workers=3)...
    [路由] qwen3.6-27b -> DashScope API
    [路由] qwen3.6-27b -> DashScope API
    [路由] qwen3.6-27b -> DashScope API
    [qwen3.6-27b] 决策: select | 选笑话编号: 2
    [qwen3.6-27b] 决策: create | 选笑话编号: None
    [qwen3.6-27b] 决策: create | 选笑话编号: None

  Item完成: 耗时63.9s | 总耗时1990.0min
  速率限制器状态: 可用令牌=960.0/960
  已保存中间结果 (1299 条)

============================================================
处理 en_2200... (1300/1375)
  质量组: high (4个候选笑话)
  质量组: medium (4个候选笑话)
  质量组: low (4个候选笑话)
  并发执行 3 个评估任务 (max_workers=3)...
    [路由] qwen3.6-27b -> DashScope API
    [路由] qwen3.6-27b -> DashScope API    [路由] qwen3.6-27b -> DashScope API

    [qwen3.6-27b] 决策: select | 选笑话编号: 4
    [qwen3.6-27b] 决策: select | 选笑话编号: 2
    [qwen3.6-27b] 决策: create | 选笑话编号: None

  Item完成: 耗时29.6s | 总耗时1990.5min
  速率限制器状态: 可用令牌=960.0/960
  已保存中间结果 (1300 条)

============================================================
处理 en_2201... (1301/1375)
  质量组: high (4个候选笑话)
  质量组: medium (4个候选笑话)
  质量组: low (4个候选笑话)
  并发执行 3 个评估任务 (max_workers=3)...
    [路由] qwen3.6-27b -> DashScope API
    [路由] qwen3.6-27b -> DashScope API    [路由] qwen3.6-27b -> DashScope API

    [qwen3.6-27b] 决策: select | 选笑话编号: 2
    [qwen3.6-27b] 决策: select | 选笑话编号: 4
    [qwen3.6-27b] 决策: create | 选笑话编号: None

  Item完成: 耗时64.5s | 总耗时1991.6min
  速率限制器状态: 可用令牌=960.0/960
  已保存中间结果 (1301 条)

============================================================
处理 en_2202... (1302/1375)
  质量组: high (4个候选笑话)
  质量组: medium (4个候选笑话)
  质量组: low (4个候选笑话)
  并发执行 3 个评估任务 (max_workers=3)...
    [路由] qwen3.6-27b -> DashScope API
    [路由] qwen3.6-27b -> DashScope API
    [路由] qwen3.6-27b -> DashScope API
    [qwen3.6-27b] 决策: select | 选笑话编号: 2
    [qwen3.6-27b] 决策: select | 选笑话编号: 4
    [qwen3.6-27b] 决策: select | 选笑话编号: 2

  Item完成: 耗时56.4s | 总耗时1992.5min
  速率限制器状态: 可用令牌=960.0/960
  已保存中间结果 (1302 条)

============================================================
处理 en_2203... (1303/1375)
  质量组: high (4个候选笑话)
  质量组: medium (4个候选笑话)
  质量组: low (4个候选笑话)
  并发执行 3 个评估任务 (max_workers=3)...
    [路由] qwen3.6-27b -> DashScope API
    [路由] qwen3.6-27b -> DashScope API
    [路由] qwen3.6-27b -> DashScope API
    [qwen3.6-27b] 决策: select | 选笑话编号: 3
    [qwen3.6-27b] 决策: create | 选笑话编号: None
    [qwen3.6-27b] 决策: create | 选笑话编号: None

  Item完成: 耗时41.5s | 总耗时1993.2min
  速率限制器状态: 可用令牌=960.0/960
  已保存中间结果 (1303 条)

============================================================
处理 en_2204... (1304/1375)
  质量组: high (4个候选笑话)
  质量组: medium (4个候选笑话)
  质量组: low (4个候选笑话)
  并发执行 3 个评估任务 (max_workers=3)...
    [路由] qwen3.6-27b -> DashScope API
    [路由] qwen3.6-27b -> DashScope API
    [路由] qwen3.6-27b -> DashScope API
    [qwen3.6-27b] 决策: select | 选笑话编号: 1
    [qwen3.6-27b] 决策: select | 选笑话编号: 2
    [qwen3.6-27b] 决策: select | 选笑话编号: 2

  Item完成: 耗时31.1s | 总耗时1993.7min
  速率限制器状态: 可用令牌=960.0/960
  已保存中间结果 (1304 条)

============================================================
处理 en_2205... (1305/1375)
  质量组: high (4个候选笑话)
  质量组: medium (4个候选笑话)
  质量组: low (4个候选笑话)
  并发执行 3 个评估任务 (max_workers=3)...
    [路由] qwen3.6-27b -> DashScope API    [路由] qwen3.6-27b -> DashScope API
    [路由] qwen3.6-27b -> DashScope API

    [qwen3.6-27b] 决策: select | 选笑话编号: 1
    [qwen3.6-27b] 决策: create | 选笑话编号: None
    [qwen3.6-27b] 决策: create | 选笑话编号: None

  Item完成: 耗时112.4s | 总耗时1995.6min
  速率限制器状态: 可用令牌=960.0/960
  已保存中间结果 (1305 条)

============================================================
处理 en_2206... (1306/1375)
  质量组: high (4个候选笑话)
  质量组: medium (4个候选笑话)
  质量组: low (4个候选笑话)
  并发执行 3 个评估任务 (max_workers=3)...
    [路由] qwen3.6-27b -> DashScope API
    [路由] qwen3.6-27b -> DashScope API    [路由] qwen3.6-27b -> DashScope API

    [qwen3.6-27b] 决策: create | 选笑话编号: None
    [qwen3.6-27b] 决策: select | 选笑话编号: 2
    [qwen3.6-27b] 决策: select | 选笑话编号: 2

  Item完成: 耗时73.5s | 总耗时1996.8min
  速率限制器状态: 可用令牌=960.0/960
  已保存中间结果 (1306 条)

============================================================
处理 en_2207... (1307/1375)
  质量组: high (4个候选笑话)
  质量组: medium (4个候选笑话)
  质量组: low (4个候选笑话)
  并发执行 3 个评估任务 (max_workers=3)...
    [路由] qwen3.6-27b -> DashScope API
    [路由] qwen3.6-27b -> DashScope API
    [路由] qwen3.6-27b -> DashScope API
    [qwen3.6-27b] 决策: select | 选笑话编号: 4
    [qwen3.6-27b] 决策: create | 选笑话编号: None
    [qwen3.6-27b] 决策: create | 选笑话编号: None

  Item完成: 耗时68.7s | 总耗时1998.0min
  速率限制器状态: 可用令牌=960.0/960
  已保存中间结果 (1307 条)

============================================================
处理 en_2208... (1308/1375)
  质量组: high (4个候选笑话)
  质量组: medium (4个候选笑话)
  质量组: low (4个候选笑话)
  并发执行 3 个评估任务 (max_workers=3)...
    [路由] qwen3.6-27b -> DashScope API    [路由] qwen3.6-27b -> DashScope API
    [路由] qwen3.6-27b -> DashScope API

    [qwen3.6-27b] 决策: select | 选笑话编号: 4
    [qwen3.6-27b] 决策: create | 选笑话编号: None
    [qwen3.6-27b] 决策: create | 选笑话编号: None

  Item完成: 耗时68.0s | 总耗时1999.1min
  速率限制器状态: 可用令牌=960.0/960
  已保存中间结果 (1308 条)

============================================================
处理 en_2209... (1309/1375)
  质量组: high (4个候选笑话)
  质量组: medium (4个候选笑话)
  质量组: low (4个候选笑话)
  并发执行 3 个评估任务 (max_workers=3)...
    [路由] qwen3.6-27b -> DashScope API
    [路由] qwen3.6-27b -> DashScope API
    [路由] qwen3.6-27b -> DashScope API
    [qwen3.6-27b] 决策: select | 选笑话编号: 3
    [qwen3.6-27b] 决策: select | 选笑话编号: 2
    [qwen3.6-27b] 决策: create | 选笑话编号: None

  Item完成: 耗时69.3s | 总耗时2000.3min
  速率限制器状态: 可用令牌=960.0/960
  已保存中间结果 (1309 条)

============================================================
处理 en_2210... (1310/1375)
  质量组: high (4个候选笑话)
  质量组: medium (4个候选笑话)
  质量组: low (4个候选笑话)
  并发执行 3 个评估任务 (max_workers=3)...
    [路由] qwen3.6-27b -> DashScope API    [路由] qwen3.6-27b -> DashScope API

    [路由] qwen3.6-27b -> DashScope API
    [qwen3.6-27b] 决策: select | 选笑话编号: 2
    [qwen3.6-27b] 决策: create | 选笑话编号: None
    [qwen3.6-27b] 决策: create | 选笑话编号: None

  Item完成: 耗时52.0s | 总耗时2001.2min
  速率限制器状态: 可用令牌=960.0/960
  已保存中间结果 (1310 条)

============================================================
处理 en_2211... (1311/1375)
  质量组: high (4个候选笑话)
  质量组: medium (4个候选笑话)
  质量组: low (4个候选笑话)
  并发执行 3 个评估任务 (max_workers=3)...
    [路由] qwen3.6-27b -> DashScope API
    [路由] qwen3.6-27b -> DashScope API
    [路由] qwen3.6-27b -> DashScope API
    [qwen3.6-27b] 决策: select | 选笑话编号: 3
    [qwen3.6-27b] 决策: create | 选笑话编号: None
    [qwen3.6-27b] 决策: create | 选笑话编号: None

  Item完成: 耗时95.4s | 总耗时2002.8min
  速率限制器状态: 可用令牌=960.0/960
  已保存中间结果 (1311 条)

============================================================
处理 en_2212... (1312/1375)
  质量组: high (4个候选笑话)
  质量组: medium (4个候选笑话)
  质量组: low (4个候选笑话)
  并发执行 3 个评估任务 (max_workers=3)...
    [路由] qwen3.6-27b -> DashScope API
    [路由] qwen3.6-27b -> DashScope API    [路由] qwen3.6-27b -> DashScope API

    [qwen3.6-27b] 决策: select | 选笑话编号: 3
    [qwen3.6-27b] 决策: select | 选笑话编号: 4
    [qwen3.6-27b] 决策: select | 选笑话编号: 2

  Item完成: 耗时28.7s | 总耗时2003.2min
  速率限制器状态: 可用令牌=960.0/960
  已保存中间结果 (1312 条)

============================================================
处理 en_2213... (1313/1375)
  质量组: high (4个候选笑话)
  质量组: medium (4个候选笑话)
  质量组: low (4个候选笑话)
  并发执行 3 个评估任务 (max_workers=3)...
    [路由] qwen3.6-27b -> DashScope API
    [路由] qwen3.6-27b -> DashScope API
    [路由] qwen3.6-27b -> DashScope API
    [qwen3.6-27b] 决策: select | 选笑话编号: 2
    [qwen3.6-27b] 决策: select | 选笑话编号: 3
    [qwen3.6-27b] 决策: create | 选笑话编号: None

  Item完成: 耗时70.7s | 总耗时2004.4min
  速率限制器状态: 可用令牌=960.0/960
  已保存中间结果 (1313 条)

============================================================
处理 en_2214... (1314/1375)
  质量组: high (4个候选笑话)
  质量组: medium (4个候选笑话)
  质量组: low (4个候选笑话)
  并发执行 3 个评估任务 (max_workers=3)...
    [路由] qwen3.6-27b -> DashScope API
    [路由] qwen3.6-27b -> DashScope API
    [路由] qwen3.6-27b -> DashScope API
    [qwen3.6-27b] 决策: select | 选笑话编号: 2
    [qwen3.6-27b] 决策: select | 选笑话编号: 4
    [qwen3.6-27b] 决策: create | 选笑话编号: None

  Item完成: 耗时45.4s | 总耗时2005.2min
  速率限制器状态: 可用令牌=960.0/960
  已保存中间结果 (1314 条)

============================================================
处理 en_2215... (1315/1375)
  质量组: high (4个候选笑话)
  质量组: medium (4个候选笑话)
  质量组: low (4个候选笑话)
  并发执行 3 个评估任务 (max_workers=3)...
    [路由] qwen3.6-27b -> DashScope API
    [路由] qwen3.6-27b -> DashScope API
    [路由] qwen3.6-27b -> DashScope API
    [qwen3.6-27b] 决策: select | 选笑话编号: 2
    [qwen3.6-27b] 决策: select | 选笑话编号: 4
    [qwen3.6-27b] 决策: create | 选笑话编号: None

  Item完成: 耗时78.4s | 总耗时2006.5min
  速率限制器状态: 可用令牌=960.0/960
  已保存中间结果 (1315 条)

============================================================
处理 en_2216... (1316/1375)
  质量组: high (4个候选笑话)
  质量组: medium (4个候选笑话)
  质量组: low (4个候选笑话)
  并发执行 3 个评估任务 (max_workers=3)...
    [路由] qwen3.6-27b -> DashScope API
    [路由] qwen3.6-27b -> DashScope API
    [路由] qwen3.6-27b -> DashScope API
    [qwen3.6-27b] 决策: select | 选笑话编号: 1
    [qwen3.6-27b] 决策: create | 选笑话编号: None
    [qwen3.6-27b] 决策: create | 选笑话编号: None

  Item完成: 耗时59.7s | 总耗时2007.5min
  速率限制器状态: 可用令牌=960.0/960
  已保存中间结果 (1316 条)

============================================================
处理 en_2217... (1317/1375)
  质量组: high (4个候选笑话)
  质量组: medium (4个候选笑话)
  质量组: low (4个候选笑话)
  并发执行 3 个评估任务 (max_workers=3)...
    [路由] qwen3.6-27b -> DashScope API    [路由] qwen3.6-27b -> DashScope API

    [路由] qwen3.6-27b -> DashScope API
    [qwen3.6-27b] 决策: select | 选笑话编号: 2
    [qwen3.6-27b] 决策: create | 选笑话编号: None
    [qwen3.6-27b] 决策: create | 选笑话编号: None

  Item完成: 耗时48.9s | 总耗时2008.3min
  速率限制器状态: 可用令牌=960.0/960
  已保存中间结果 (1317 条)

============================================================
处理 en_2218... (1318/1375)
  质量组: high (4个候选笑话)
  质量组: medium (4个候选笑话)
  质量组: low (4个候选笑话)
  并发执行 3 个评估任务 (max_workers=3)...
    [路由] qwen3.6-27b -> DashScope API
    [路由] qwen3.6-27b -> DashScope API    [路由] qwen3.6-27b -> DashScope API

    [qwen3.6-27b] 决策: select | 选笑话编号: 2
    [qwen3.6-27b] 决策: create | 选笑话编号: None
    [API] 可重试异常: HTTPSConnectionPool(host='dashscope.aliyuncs.com', port=443): Read timed out. (read timeout=300), 等待2.2s后重试 (1/5), model=qwen3.6-27b
    [qwen3.6-27b] 决策: create | 选笑话编号: None

  Item完成: 耗时384.8s | 总耗时2014.7min
  速率限制器状态: 可用令牌=960.0/960
  已保存中间结果 (1318 条)

============================================================
处理 en_2219... (1319/1375)
  质量组: high (4个候选笑话)
  质量组: medium (4个候选笑话)
  质量组: low (4个候选笑话)
  并发执行 3 个评估任务 (max_workers=3)...
    [路由] qwen3.6-27b -> DashScope API
    [路由] qwen3.6-27b -> DashScope API
    [路由] qwen3.6-27b -> DashScope API
    [qwen3.6-27b] 决策: select | 选笑话编号: 2
    [qwen3.6-27b] 决策: create | 选笑话编号: None
    [API] 可重试异常: HTTPSConnectionPool(host='dashscope.aliyuncs.com', port=443): Read timed out. (read timeout=300), 等待2.1s后重试 (1/5), model=qwen3.6-27b
    [qwen3.6-27b] 决策: select | 选笑话编号: 2

  Item完成: 耗时329.8s | 总耗时2020.2min
  速率限制器状态: 可用令牌=960.0/960
  已保存中间结果 (1319 条)

============================================================
处理 en_2220... (1320/1375)
  质量组: high (4个候选笑话)
  质量组: medium (4个候选笑话)
  质量组: low (4个候选笑话)
  并发执行 3 个评估任务 (max_workers=3)...
    [路由] qwen3.6-27b -> DashScope API
    [路由] qwen3.6-27b -> DashScope API
    [路由] qwen3.6-27b -> DashScope API
    [qwen3.6-27b] 决策: select | 选笑话编号: 4
    [qwen3.6-27b] 决策: create | 选笑话编号: None
    [qwen3.6-27b] 决策: select | 选笑话编号: 2

  Item完成: 耗时49.3s | 总耗时2021.1min
  速率限制器状态: 可用令牌=960.0/960
  已保存中间结果 (1320 条)

============================================================
处理 en_2221... (1321/1375)
  质量组: high (4个候选笑话)
  质量组: medium (4个候选笑话)
  质量组: low (4个候选笑话)
  并发执行 3 个评估任务 (max_workers=3)...
    [路由] qwen3.6-27b -> DashScope API    [路由] qwen3.6-27b -> DashScope API

    [路由] qwen3.6-27b -> DashScope API
    [qwen3.6-27b] 决策: select | 选笑话编号: 1
    [qwen3.6-27b] 决策: create | 选笑话编号: None
    [qwen3.6-27b] 决策: create | 选笑话编号: None

  Item完成: 耗时77.5s | 总耗时2022.4min
  速率限制器状态: 可用令牌=960.0/960
  已保存中间结果 (1321 条)

============================================================
处理 en_2222... (1322/1375)
  质量组: high (4个候选笑话)
  质量组: medium (4个候选笑话)
  质量组: low (4个候选笑话)
  并发执行 3 个评估任务 (max_workers=3)...
    [路由] qwen3.6-27b -> DashScope API
    [路由] qwen3.6-27b -> DashScope API    [路由] qwen3.6-27b -> DashScope API

    [qwen3.6-27b] 决策: create | 选笑话编号: None
    [qwen3.6-27b] 决策: create | 选笑话编号: None
    [qwen3.6-27b] 决策: select | 选笑话编号: 4

  Item完成: 耗时57.4s | 总耗时2023.3min
  速率限制器状态: 可用令牌=960.0/960
  已保存中间结果 (1322 条)

============================================================
处理 en_2223... (1323/1375)
  质量组: high (4个候选笑话)
  质量组: medium (4个候选笑话)
  质量组: low (4个候选笑话)
  并发执行 3 个评估任务 (max_workers=3)...
    [路由] qwen3.6-27b -> DashScope API    [路由] qwen3.6-27b -> DashScope API

    [路由] qwen3.6-27b -> DashScope API
    [qwen3.6-27b] 决策: select | 选笑话编号: 2
    [qwen3.6-27b] 决策: select | 选笑话编号: 2
    [qwen3.6-27b] 决策: create | 选笑话编号: None

  Item完成: 耗时51.2s | 总耗时2024.2min
  速率限制器状态: 可用令牌=960.0/960
  已保存中间结果 (1323 条)

============================================================
处理 en_2224... (1324/1375)
  质量组: high (4个候选笑话)
  质量组: medium (4个候选笑话)
  质量组: low (4个候选笑话)
  并发执行 3 个评估任务 (max_workers=3)...
    [路由] qwen3.6-27b -> DashScope API
    [路由] qwen3.6-27b -> DashScope API
    [路由] qwen3.6-27b -> DashScope API
    [qwen3.6-27b] 决策: select | 选笑话编号: 1
    [qwen3.6-27b] 决策: create | 选笑话编号: None
    [qwen3.6-27b] 决策: select | 选笑话编号: 2

  Item完成: 耗时51.9s | 总耗时2025.1min
  速率限制器状态: 可用令牌=960.0/960
  已保存中间结果 (1324 条)

============================================================
处理 en_2225... (1325/1375)
  质量组: high (4个候选笑话)
  质量组: medium (4个候选笑话)
  质量组: low (4个候选笑话)
  并发执行 3 个评估任务 (max_workers=3)...
    [路由] qwen3.6-27b -> DashScope API
    [路由] qwen3.6-27b -> DashScope API
    [路由] qwen3.6-27b -> DashScope API
    [qwen3.6-27b] 决策: select | 选笑话编号: 3
    [qwen3.6-27b] 决策: create | 选笑话编号: None
    [qwen3.6-27b] 决策: select | 选笑话编号: 4

  Item完成: 耗时41.1s | 总耗时2025.7min
  速率限制器状态: 可用令牌=960.0/960
  已保存中间结果 (1325 条)

============================================================
处理 en_2226... (1326/1375)
  质量组: high (4个候选笑话)
  质量组: medium (4个候选笑话)
  质量组: low (4个候选笑话)
  并发执行 3 个评估任务 (max_workers=3)...
    [路由] qwen3.6-27b -> DashScope API    [路由] qwen3.6-27b -> DashScope API
    [路由] qwen3.6-27b -> DashScope API

    [qwen3.6-27b] 决策: select | 选笑话编号: 3
    [qwen3.6-27b] 决策: create | 选笑话编号: None
    [qwen3.6-27b] 决策: create | 选笑话编号: None

  Item完成: 耗时59.4s | 总耗时2026.7min
  速率限制器状态: 可用令牌=960.0/960
  已保存中间结果 (1326 条)

============================================================
处理 en_2227... (1327/1375)
  质量组: high (4个候选笑话)
  质量组: medium (4个候选笑话)
  质量组: low (4个候选笑话)
  并发执行 3 个评估任务 (max_workers=3)...
    [路由] qwen3.6-27b -> DashScope API
    [路由] qwen3.6-27b -> DashScope API
    [路由] qwen3.6-27b -> DashScope API
    [qwen3.6-27b] 决策: select | 选笑话编号: 3
    [qwen3.6-27b] 决策: create | 选笑话编号: None
    [qwen3.6-27b] 决策: select | 选笑话编号: 4

  Item完成: 耗时47.3s | 总耗时2027.5min
  速率限制器状态: 可用令牌=960.0/960
  已保存中间结果 (1327 条)

============================================================
处理 en_2228... (1328/1375)
  质量组: high (4个候选笑话)
  质量组: medium (4个候选笑话)
  质量组: low (4个候选笑话)
  并发执行 3 个评估任务 (max_workers=3)...
    [路由] qwen3.6-27b -> DashScope API    [路由] qwen3.6-27b -> DashScope API
    [路由] qwen3.6-27b -> DashScope API

    [qwen3.6-27b] 决策: select | 选笑话编号: 2
    [qwen3.6-27b] 决策: create | 选笑话编号: None
    [qwen3.6-27b] 决策: create | 选笑话编号: None

  Item完成: 耗时46.6s | 总耗时2028.3min
  速率限制器状态: 可用令牌=960.0/960
  已保存中间结果 (1328 条)

============================================================
处理 en_2229... (1329/1375)
  质量组: high (4个候选笑话)
  质量组: medium (4个候选笑话)
  质量组: low (4个候选笑话)
  并发执行 3 个评估任务 (max_workers=3)...
    [路由] qwen3.6-27b -> DashScope API
    [路由] qwen3.6-27b -> DashScope API    [路由] qwen3.6-27b -> DashScope API

    [qwen3.6-27b] 决策: select | 选笑话编号: 2
    [qwen3.6-27b] 决策: create | 选笑话编号: None
    [qwen3.6-27b] 决策: create | 选笑话编号: None

  Item完成: 耗时68.0s | 总耗时2029.5min
  速率限制器状态: 可用令牌=960.0/960
  已保存中间结果 (1329 条)

============================================================
处理 en_2230... (1330/1375)
  质量组: high (4个候选笑话)
  质量组: medium (4个候选笑话)
  质量组: low (4个候选笑话)
  并发执行 3 个评估任务 (max_workers=3)...
    [路由] qwen3.6-27b -> DashScope API
    [路由] qwen3.6-27b -> DashScope API    [路由] qwen3.6-27b -> DashScope API

    [qwen3.6-27b] 决策: select | 选笑话编号: 2
    [qwen3.6-27b] 决策: select | 选笑话编号: 2
    [qwen3.6-27b] 决策: select | 选笑话编号: 1

  Item完成: 耗时23.9s | 总耗时2029.9min
  速率限制器状态: 可用令牌=960.0/960
  已保存中间结果 (1330 条)

============================================================
处理 en_2231... (1331/1375)
  质量组: high (4个候选笑话)
  质量组: medium (4个候选笑话)
  质量组: low (4个候选笑话)
  并发执行 3 个评估任务 (max_workers=3)...
    [路由] qwen3.6-27b -> DashScope API    [路由] qwen3.6-27b -> DashScope API
    [路由] qwen3.6-27b -> DashScope API

    [qwen3.6-27b] 决策: select | 选笑话编号: 3
    [qwen3.6-27b] 决策: select | 选笑话编号: 4
    [qwen3.6-27b] 决策: select | 选笑话编号: 2

  Item完成: 耗时51.3s | 总耗时2030.7min
  速率限制器状态: 可用令牌=960.0/960
  已保存中间结果 (1331 条)

============================================================
处理 en_2232... (1332/1375)
  质量组: high (4个候选笑话)
  质量组: medium (4个候选笑话)
  质量组: low (4个候选笑话)
  并发执行 3 个评估任务 (max_workers=3)...
    [路由] qwen3.6-27b -> DashScope API
    [路由] qwen3.6-27b -> DashScope API    [路由] qwen3.6-27b -> DashScope API

    [qwen3.6-27b] 决策: create | 选笑话编号: None
    [qwen3.6-27b] 决策: select | 选笑话编号: 4
    [qwen3.6-27b] 决策: create | 选笑话编号: None

  Item完成: 耗时50.0s | 总耗时2031.6min
  速率限制器状态: 可用令牌=960.0/960
  已保存中间结果 (1332 条)

============================================================
处理 en_2233... (1333/1375)
  质量组: high (4个候选笑话)
  质量组: medium (4个候选笑话)
  质量组: low (4个候选笑话)
  并发执行 3 个评估任务 (max_workers=3)...
    [路由] qwen3.6-27b -> DashScope API    [路由] qwen3.6-27b -> DashScope API

    [路由] qwen3.6-27b -> DashScope API
    [qwen3.6-27b] 决策: select | 选笑话编号: 2
    [qwen3.6-27b] 决策: select | 选笑话编号: 2
    [qwen3.6-27b] 决策: create | 选笑话编号: None

  Item完成: 耗时25.0s | 总耗时2032.0min
  速率限制器状态: 可用令牌=960.0/960
  已保存中间结果 (1333 条)

============================================================
处理 en_2234... (1334/1375)
  质量组: high (4个候选笑话)
  质量组: medium (4个候选笑话)
  质量组: low (4个候选笑话)
  并发执行 3 个评估任务 (max_workers=3)...
    [路由] qwen3.6-27b -> DashScope API    [路由] qwen3.6-27b -> DashScope API
    [路由] qwen3.6-27b -> DashScope API

    [qwen3.6-27b] 决策: select | 选笑话编号: 4
    [qwen3.6-27b] 决策: select | 选笑话编号: 2
    [qwen3.6-27b] 决策: select | 选笑话编号: 4

  Item完成: 耗时49.3s | 总耗时2032.8min
  速率限制器状态: 可用令牌=960.0/960
  已保存中间结果 (1334 条)

============================================================
处理 en_2235... (1335/1375)
  质量组: high (4个候选笑话)
  质量组: medium (4个候选笑话)
  质量组: low (4个候选笑话)
  并发执行 3 个评估任务 (max_workers=3)...
    [路由] qwen3.6-27b -> DashScope API    [路由] qwen3.6-27b -> DashScope API

    [路由] qwen3.6-27b -> DashScope API
    [qwen3.6-27b] 决策: select | 选笑话编号: 4
    [qwen3.6-27b] 决策: select | 选笑话编号: 2
    [API] 可重试异常: HTTPSConnectionPool(host='dashscope.aliyuncs.com', port=443): Read timed out. (read timeout=300), 等待1.8s后重试 (1/5), model=qwen3.6-27b
    [qwen3.6-27b] 决策: create | 选笑话编号: None

  Item完成: 耗时324.0s | 总耗时2038.2min
  速率限制器状态: 可用令牌=960.0/960
  已保存中间结果 (1335 条)

============================================================
处理 en_2236... (1336/1375)
  质量组: high (4个候选笑话)
  质量组: medium (4个候选笑话)
  质量组: low (4个候选笑话)
  并发执行 3 个评估任务 (max_workers=3)...
    [路由] qwen3.6-27b -> DashScope API
    [路由] qwen3.6-27b -> DashScope API    [路由] qwen3.6-27b -> DashScope API

    [qwen3.6-27b] 决策: select | 选笑话编号: 1
    [qwen3.6-27b] 决策: select | 选笑话编号: 3
    [qwen3.6-27b] 决策: create | 选笑话编号: None

  Item完成: 耗时52.5s | 总耗时2039.1min
  速率限制器状态: 可用令牌=960.0/960
  已保存中间结果 (1336 条)

============================================================
处理 en_2237... (1337/1375)
  质量组: high (4个候选笑话)
  质量组: medium (4个候选笑话)
  质量组: low (4个候选笑话)
  并发执行 3 个评估任务 (max_workers=3)...
    [路由] qwen3.6-27b -> DashScope API
    [路由] qwen3.6-27b -> DashScope API    [路由] qwen3.6-27b -> DashScope API

    [qwen3.6-27b] 决策: select | 选笑话编号: 4
    [qwen3.6-27b] 决策: select | 选笑话编号: 2
    [qwen3.6-27b] 决策: create | 选笑话编号: None

  Item完成: 耗时27.4s | 总耗时2039.5min
  速率限制器状态: 可用令牌=960.0/960
  已保存中间结果 (1337 条)

============================================================
处理 en_2238... (1338/1375)
  质量组: high (4个候选笑话)
  质量组: medium (4个候选笑话)
  质量组: low (4个候选笑话)
  并发执行 3 个评估任务 (max_workers=3)...
    [路由] qwen3.6-27b -> DashScope API
    [路由] qwen3.6-27b -> DashScope API    [路由] qwen3.6-27b -> DashScope API

    [qwen3.6-27b] 决策: select | 选笑话编号: 3
    [qwen3.6-27b] 决策: create | 选笑话编号: None
    [qwen3.6-27b] 决策: create | 选笑话编号: None

  Item完成: 耗时44.0s | 总耗时2040.3min
  速率限制器状态: 可用令牌=960.0/960
  已保存中间结果 (1338 条)

============================================================
处理 en_2239... (1339/1375)
  质量组: high (4个候选笑话)
  质量组: medium (4个候选笑话)
  质量组: low (4个候选笑话)
  并发执行 3 个评估任务 (max_workers=3)...
    [路由] qwen3.6-27b -> DashScope API    [路由] qwen3.6-27b -> DashScope API
    [路由] qwen3.6-27b -> DashScope API

    [qwen3.6-27b] 决策: select | 选笑话编号: 2
    [qwen3.6-27b] 决策: select | 选笑话编号: 3
    [qwen3.6-27b] 决策: create | 选笑话编号: None

  Item完成: 耗时67.4s | 总耗时2041.4min
  速率限制器状态: 可用令牌=960.0/960
  已保存中间结果 (1339 条)

============================================================
处理 en_2240... (1340/1375)
  质量组: high (4个候选笑话)
  质量组: medium (4个候选笑话)
  质量组: low (4个候选笑话)
  并发执行 3 个评估任务 (max_workers=3)...
    [路由] qwen3.6-27b -> DashScope API    [路由] qwen3.6-27b -> DashScope API
    [路由] qwen3.6-27b -> DashScope API

    [qwen3.6-27b] 决策: create | 选笑话编号: None
    [qwen3.6-27b] 决策: select | 选笑话编号: 4
    [qwen3.6-27b] 决策: create | 选笑话编号: None

  Item完成: 耗时71.9s | 总耗时2042.6min
  速率限制器状态: 可用令牌=960.0/960
  已保存中间结果 (1340 条)

============================================================
处理 en_2241... (1341/1375)
  质量组: high (4个候选笑话)
  质量组: medium (4个候选笑话)
  质量组: low (4个候选笑话)
  并发执行 3 个评估任务 (max_workers=3)...
    [路由] qwen3.6-27b -> DashScope API
    [路由] qwen3.6-27b -> DashScope API
    [路由] qwen3.6-27b -> DashScope API
    [qwen3.6-27b] 决策: create | 选笑话编号: None
    [qwen3.6-27b] 决策: create | 选笑话编号: None
    [qwen3.6-27b] 决策: create | 选笑话编号: None

  Item完成: 耗时68.4s | 总耗时2043.8min
  速率限制器状态: 可用令牌=960.0/960
  已保存中间结果 (1341 条)

============================================================
处理 en_2242... (1342/1375)
  质量组: high (4个候选笑话)
  质量组: medium (4个候选笑话)
  质量组: low (4个候选笑话)
  并发执行 3 个评估任务 (max_workers=3)...
    [路由] qwen3.6-27b -> DashScope API
    [路由] qwen3.6-27b -> DashScope API    [路由] qwen3.6-27b -> DashScope API

    [qwen3.6-27b] 决策: select | 选笑话编号: 4
    [qwen3.6-27b] 决策: create | 选笑话编号: None
    [qwen3.6-27b] 决策: create | 选笑话编号: None

  Item完成: 耗时60.7s | 总耗时2044.8min
  速率限制器状态: 可用令牌=960.0/960
  已保存中间结果 (1342 条)

============================================================
处理 en_2243... (1343/1375)
  质量组: high (4个候选笑话)
  质量组: medium (4个候选笑话)
  质量组: low (4个候选笑话)
  并发执行 3 个评估任务 (max_workers=3)...
    [路由] qwen3.6-27b -> DashScope API
    [路由] qwen3.6-27b -> DashScope API
    [路由] qwen3.6-27b -> DashScope API
    [qwen3.6-27b] 决策: select | 选笑话编号: 2
    [qwen3.6-27b] 决策: create | 选笑话编号: None
    [qwen3.6-27b] 决策: create | 选笑话编号: None

  Item完成: 耗时49.8s | 总耗时2045.6min
  速率限制器状态: 可用令牌=960.0/960
  已保存中间结果 (1343 条)

============================================================
处理 en_2244... (1344/1375)
  质量组: high (4个候选笑话)
  质量组: medium (4个候选笑话)
  质量组: low (4个候选笑话)
  并发执行 3 个评估任务 (max_workers=3)...
    [路由] qwen3.6-27b -> DashScope API    [路由] qwen3.6-27b -> DashScope API

    [路由] qwen3.6-27b -> DashScope API
    [qwen3.6-27b] 决策: select | 选笑话编号: 4
    [qwen3.6-27b] 决策: create | 选笑话编号: None
    [qwen3.6-27b] 决策: select | 选笑话编号: 4

  Item完成: 耗时101.6s | 总耗时2047.3min
  速率限制器状态: 可用令牌=960.0/960
  已保存中间结果 (1344 条)

============================================================
处理 en_2245... (1345/1375)
  质量组: high (4个候选笑话)
  质量组: medium (4个候选笑话)
  质量组: low (4个候选笑话)
  并发执行 3 个评估任务 (max_workers=3)...
    [路由] qwen3.6-27b -> DashScope API    [路由] qwen3.6-27b -> DashScope API

    [路由] qwen3.6-27b -> DashScope API
    [qwen3.6-27b] 决策: select | 选笑话编号: 2
    [qwen3.6-27b] 决策: select | 选笑话编号: 2
    [qwen3.6-27b] 决策: create | 选笑话编号: None

  Item完成: 耗时85.3s | 总耗时2048.7min
  速率限制器状态: 可用令牌=960.0/960
  已保存中间结果 (1345 条)

============================================================
处理 en_2246... (1346/1375)
  质量组: high (4个候选笑话)
  质量组: medium (4个候选笑话)
  质量组: low (4个候选笑话)
  并发执行 3 个评估任务 (max_workers=3)...
    [路由] qwen3.6-27b -> DashScope API    [路由] qwen3.6-27b -> DashScope API

    [路由] qwen3.6-27b -> DashScope API
    [qwen3.6-27b] 决策: select | 选笑话编号: 2
    [qwen3.6-27b] 决策: create | 选笑话编号: None
    [qwen3.6-27b] 决策: select | 选笑话编号: 4

  Item完成: 耗时34.8s | 总耗时2049.3min
  速率限制器状态: 可用令牌=960.0/960
  已保存中间结果 (1346 条)

============================================================
处理 en_2247... (1347/1375)
  质量组: high (4个候选笑话)
  质量组: medium (4个候选笑话)
  质量组: low (4个候选笑话)
  并发执行 3 个评估任务 (max_workers=3)...
    [路由] qwen3.6-27b -> DashScope API
    [路由] qwen3.6-27b -> DashScope API    [路由] qwen3.6-27b -> DashScope API

    [qwen3.6-27b] 决策: select | 选笑话编号: 2
    [qwen3.6-27b] 决策: select | 选笑话编号: 2
    [qwen3.6-27b] 决策: select | 选笑话编号: 4

  Item完成: 耗时49.4s | 总耗时2050.2min
  速率限制器状态: 可用令牌=960.0/960
  已保存中间结果 (1347 条)

============================================================
处理 en_2248... (1348/1375)
  质量组: high (4个候选笑话)
  质量组: medium (4个候选笑话)
  质量组: low (4个候选笑话)
  并发执行 3 个评估任务 (max_workers=3)...
    [路由] qwen3.6-27b -> DashScope API
    [路由] qwen3.6-27b -> DashScope API    [路由] qwen3.6-27b -> DashScope API

    [qwen3.6-27b] 决策: select | 选笑话编号: 2
    [qwen3.6-27b] 决策: select | 选笑话编号: 1
    [qwen3.6-27b] 决策: select | 选笑话编号: 4

  Item完成: 耗时35.9s | 总耗时2050.8min
  速率限制器状态: 可用令牌=960.0/960
  已保存中间结果 (1348 条)

============================================================
处理 en_2249... (1349/1375)
  质量组: high (4个候选笑话)
  质量组: medium (4个候选笑话)
  质量组: low (4个候选笑话)
  并发执行 3 个评估任务 (max_workers=3)...
    [路由] qwen3.6-27b -> DashScope API
    [路由] qwen3.6-27b -> DashScope API
    [路由] qwen3.6-27b -> DashScope API
    [qwen3.6-27b] 决策: create | 选笑话编号: None
    [qwen3.6-27b] 决策: select | 选笑话编号: 2
    [qwen3.6-27b] 决策: create | 选笑话编号: None

  Item完成: 耗时56.2s | 总耗时2051.7min
  速率限制器状态: 可用令牌=960.0/960
  已保存中间结果 (1349 条)

============================================================
处理 en_2250... (1350/1375)
  质量组: high (4个候选笑话)
  质量组: medium (4个候选笑话)
  质量组: low (4个候选笑话)
  并发执行 3 个评估任务 (max_workers=3)...
    [路由] qwen3.6-27b -> DashScope API
    [路由] qwen3.6-27b -> DashScope API
    [路由] qwen3.6-27b -> DashScope API
    [qwen3.6-27b] 决策: create | 选笑话编号: None
    [qwen3.6-27b] 决策: create | 选笑话编号: None
    [qwen3.6-27b] 决策: create | 选笑话编号: None

  Item完成: 耗时76.6s | 总耗时2053.0min
  速率限制器状态: 可用令牌=960.0/960
  已保存中间结果 (1350 条)

============================================================
处理 en_2251... (1351/1375)
  质量组: high (4个候选笑话)
  质量组: medium (4个候选笑话)
  质量组: low (4个候选笑话)
  并发执行 3 个评估任务 (max_workers=3)...
    [路由] qwen3.6-27b -> DashScope API
    [路由] qwen3.6-27b -> DashScope API    [路由] qwen3.6-27b -> DashScope API

    [qwen3.6-27b] 决策: create | 选笑话编号: None
    [qwen3.6-27b] 决策: select | 选笑话编号: 2
    [qwen3.6-27b] 决策: select | 选笑话编号: 1

  Item完成: 耗时54.7s | 总耗时2053.9min
  速率限制器状态: 可用令牌=960.0/960
  已保存中间结果 (1351 条)

============================================================
处理 en_2252... (1352/1375)
  质量组: high (4个候选笑话)
  质量组: medium (4个候选笑话)
  质量组: low (4个候选笑话)
  并发执行 3 个评估任务 (max_workers=3)...
    [路由] qwen3.6-27b -> DashScope API
    [路由] qwen3.6-27b -> DashScope API    [路由] qwen3.6-27b -> DashScope API

    [qwen3.6-27b] 决策: select | 选笑话编号: 2
    [qwen3.6-27b] 决策: select | 选笑话编号: 3
    [API] 可重试异常: HTTPSConnectionPool(host='dashscope.aliyuncs.com', port=443): Read timed out. (read timeout=300), 等待1.5s后重试 (1/5), model=qwen3.6-27b
    [qwen3.6-27b] 决策: create | 选笑话编号: None

  Item完成: 耗时353.4s | 总耗时2059.8min
  速率限制器状态: 可用令牌=960.0/960
  已保存中间结果 (1352 条)

============================================================
处理 en_2253... (1353/1375)
  质量组: high (4个候选笑话)
  质量组: medium (4个候选笑话)
  质量组: low (4个候选笑话)
  并发执行 3 个评估任务 (max_workers=3)...
    [路由] qwen3.6-27b -> DashScope API
    [路由] qwen3.6-27b -> DashScope API
    [路由] qwen3.6-27b -> DashScope API
    [qwen3.6-27b] 决策: select | 选笑话编号: 2
    [qwen3.6-27b] 决策: create | 选笑话编号: None
    [qwen3.6-27b] 决策: create | 选笑话编号: None

  Item完成: 耗时83.9s | 总耗时2061.2min
  速率限制器状态: 可用令牌=960.0/960
  已保存中间结果 (1353 条)

============================================================
处理 en_2254... (1354/1375)
  质量组: high (4个候选笑话)
  质量组: medium (4个候选笑话)
  质量组: low (4个候选笑话)
  并发执行 3 个评估任务 (max_workers=3)...
    [路由] qwen3.6-27b -> DashScope API    [路由] qwen3.6-27b -> DashScope API
    [路由] qwen3.6-27b -> DashScope API

    [qwen3.6-27b] 决策: select | 选笑话编号: 2
    [qwen3.6-27b] 决策: select | 选笑话编号: 4
    [qwen3.6-27b] 决策: create | 选笑话编号: None

  Item完成: 耗时61.4s | 总耗时2062.2min
  速率限制器状态: 可用令牌=960.0/960
  已保存中间结果 (1354 条)

============================================================
处理 en_2255... (1355/1375)
  质量组: high (4个候选笑话)
  质量组: medium (4个候选笑话)
  质量组: low (4个候选笑话)
  并发执行 3 个评估任务 (max_workers=3)...
    [路由] qwen3.6-27b -> DashScope API
    [路由] qwen3.6-27b -> DashScope API
    [路由] qwen3.6-27b -> DashScope API
    [qwen3.6-27b] 决策: create | 选笑话编号: None
    [qwen3.6-27b] 决策: create | 选笑话编号: None
    [API] 可重试异常: HTTPSConnectionPool(host='dashscope.aliyuncs.com', port=443): Read timed out. (read timeout=300), 等待2.1s后重试 (1/5), model=qwen3.6-27b
    [qwen3.6-27b] 决策: create | 选笑话编号: None

  Item完成: 耗时342.0s | 总耗时2067.9min
  速率限制器状态: 可用令牌=960.0/960
  已保存中间结果 (1355 条)

============================================================
处理 en_2256... (1356/1375)
  质量组: high (4个候选笑话)
  质量组: medium (4个候选笑话)
  质量组: low (4个候选笑话)
  并发执行 3 个评估任务 (max_workers=3)...
    [路由] qwen3.6-27b -> DashScope API
    [路由] qwen3.6-27b -> DashScope API    [路由] qwen3.6-27b -> DashScope API

    [qwen3.6-27b] 决策: select | 选笑话编号: 4
    [qwen3.6-27b] 决策: create | 选笑话编号: None
    [qwen3.6-27b] 决策: create | 选笑话编号: None

  Item完成: 耗时57.1s | 总耗时2068.9min
  速率限制器状态: 可用令牌=960.0/960
  已保存中间结果 (1356 条)

============================================================
处理 en_2257... (1357/1375)
  质量组: high (4个候选笑话)
  质量组: medium (4个候选笑话)
  质量组: low (4个候选笑话)
  并发执行 3 个评估任务 (max_workers=3)...
    [路由] qwen3.6-27b -> DashScope API
    [路由] qwen3.6-27b -> DashScope API
    [路由] qwen3.6-27b -> DashScope API
    [qwen3.6-27b] 决策: select | 选笑话编号: 4
    [qwen3.6-27b] 决策: create | 选笑话编号: None
    [qwen3.6-27b] 决策: create | 选笑话编号: None

  Item完成: 耗时92.4s | 总耗时2070.4min
  速率限制器状态: 可用令牌=960.0/960
  已保存中间结果 (1357 条)

============================================================
处理 en_2258... (1358/1375)
  质量组: high (4个候选笑话)
  质量组: medium (4个候选笑话)
  质量组: low (4个候选笑话)
  并发执行 3 个评估任务 (max_workers=3)...
    [路由] qwen3.6-27b -> DashScope API    [路由] qwen3.6-27b -> DashScope API
    [路由] qwen3.6-27b -> DashScope API

    [qwen3.6-27b] 决策: select | 选笑话编号: 2
    [qwen3.6-27b] 决策: select | 选笑话编号: 1
    [qwen3.6-27b] 决策: create | 选笑话编号: None

  Item完成: 耗时43.3s | 总耗时2071.2min
  速率限制器状态: 可用令牌=960.0/960
  已保存中间结果 (1358 条)

============================================================
处理 en_2259... (1359/1375)
  质量组: high (4个候选笑话)
  质量组: medium (4个候选笑话)
  质量组: low (4个候选笑话)
  并发执行 3 个评估任务 (max_workers=3)...
    [路由] qwen3.6-27b -> DashScope API
    [路由] qwen3.6-27b -> DashScope API    [路由] qwen3.6-27b -> DashScope API

    [qwen3.6-27b] 决策: select | 选笑话编号: 2
    [qwen3.6-27b] 决策: create | 选笑话编号: None
    [qwen3.6-27b] 决策: create | 选笑话编号: None

  Item完成: 耗时38.3s | 总耗时2071.8min
  速率限制器状态: 可用令牌=960.0/960
  已保存中间结果 (1359 条)

============================================================
处理 en_2260... (1360/1375)
  质量组: high (4个候选笑话)
  质量组: medium (4个候选笑话)
  质量组: low (4个候选笑话)
  并发执行 3 个评估任务 (max_workers=3)...
    [路由] qwen3.6-27b -> DashScope API
    [路由] qwen3.6-27b -> DashScope API
    [路由] qwen3.6-27b -> DashScope API
    [qwen3.6-27b] 决策: select | 选笑话编号: 2
    [qwen3.6-27b] 决策: select | 选笑话编号: 2
    [qwen3.6-27b] 决策: create | 选笑话编号: None

  Item完成: 耗时72.7s | 总耗时2073.0min
  速率限制器状态: 可用令牌=960.0/960
  已保存中间结果 (1360 条)

============================================================
处理 en_2261... (1361/1375)
  质量组: high (4个候选笑话)
  质量组: medium (4个候选笑话)
  质量组: low (4个候选笑话)
  并发执行 3 个评估任务 (max_workers=3)...
    [路由] qwen3.6-27b -> DashScope API
    [路由] qwen3.6-27b -> DashScope API    [路由] qwen3.6-27b -> DashScope API

    [qwen3.6-27b] 决策: select | 选笑话编号: 2
    [qwen3.6-27b] 决策: create | 选笑话编号: None
    [qwen3.6-27b] 决策: create | 选笑话编号: None

  Item完成: 耗时49.9s | 总耗时2073.9min
  速率限制器状态: 可用令牌=960.0/960
  已保存中间结果 (1361 条)

============================================================
处理 en_2262... (1362/1375)
  质量组: high (4个候选笑话)
  质量组: medium (4个候选笑话)
  质量组: low (4个候选笑话)
  并发执行 3 个评估任务 (max_workers=3)...
    [路由] qwen3.6-27b -> DashScope API    [路由] qwen3.6-27b -> DashScope API
    [路由] qwen3.6-27b -> DashScope API

    [qwen3.6-27b] 决策: select | 选笑话编号: 2
    [qwen3.6-27b] 决策: select | 选笑话编号: 3
    [qwen3.6-27b] 决策: select | 选笑话编号: 2

  Item完成: 耗时38.5s | 总耗时2074.5min
  速率限制器状态: 可用令牌=960.0/960
  已保存中间结果 (1362 条)

============================================================
处理 en_2263... (1363/1375)
  质量组: high (4个候选笑话)
  质量组: medium (4个候选笑话)
  质量组: low (4个候选笑话)
  并发执行 3 个评估任务 (max_workers=3)...
    [路由] qwen3.6-27b -> DashScope API
    [路由] qwen3.6-27b -> DashScope API
    [路由] qwen3.6-27b -> DashScope API
    [qwen3.6-27b] 决策: select | 选笑话编号: 1
    [qwen3.6-27b] 决策: select | 选笑话编号: 4
    [qwen3.6-27b] 决策: select | 选笑话编号: 3

  Item完成: 耗时58.9s | 总耗时2075.5min
  速率限制器状态: 可用令牌=960.0/960
  已保存中间结果 (1363 条)

============================================================
处理 en_2264... (1364/1375)
  质量组: high (4个候选笑话)
  质量组: medium (4个候选笑话)
  质量组: low (4个候选笑话)
  并发执行 3 个评估任务 (max_workers=3)...
    [路由] qwen3.6-27b -> DashScope API    [路由] qwen3.6-27b -> DashScope API
    [路由] qwen3.6-27b -> DashScope API

    [qwen3.6-27b] 决策: select | 选笑话编号: 2
    [qwen3.6-27b] 决策: create | 选笑话编号: None
    [qwen3.6-27b] 决策: create | 选笑话编号: None

  Item完成: 耗时67.6s | 总耗时2076.6min
  速率限制器状态: 可用令牌=960.0/960
  已保存中间结果 (1364 条)

============================================================
处理 en_2265... (1365/1375)
  质量组: high (4个候选笑话)
  质量组: medium (4个候选笑话)
  质量组: low (4个候选笑话)
  并发执行 3 个评估任务 (max_workers=3)...
    [路由] qwen3.6-27b -> DashScope API
    [路由] qwen3.6-27b -> DashScope API    [路由] qwen3.6-27b -> DashScope API

    [qwen3.6-27b] 决策: select | 选笑话编号: 3
    [qwen3.6-27b] 决策: select | 选笑话编号: 3
    [API] 可重试异常: HTTPSConnectionPool(host='dashscope.aliyuncs.com', port=443): Read timed out. (read timeout=300), 等待2.0s后重试 (1/5), model=qwen3.6-27b
    [qwen3.6-27b] 决策: select | 选笑话编号: 1

  Item完成: 耗时330.7s | 总耗时2082.1min
  速率限制器状态: 可用令牌=960.0/960
  已保存中间结果 (1365 条)

============================================================
处理 en_2266... (1366/1375)
  质量组: high (4个候选笑话)
  质量组: medium (4个候选笑话)
  质量组: low (4个候选笑话)
  并发执行 3 个评估任务 (max_workers=3)...
    [路由] qwen3.6-27b -> DashScope API
    [路由] qwen3.6-27b -> DashScope API
    [路由] qwen3.6-27b -> DashScope API
    [qwen3.6-27b] 决策: create | 选笑话编号: None
    [qwen3.6-27b] 决策: select | 选笑话编号: 4
    [API] 可重试异常: HTTPSConnectionPool(host='dashscope.aliyuncs.com', port=443): Read timed out. (read timeout=300), 等待2.0s后重试 (1/5), model=qwen3.6-27b
    [qwen3.6-27b] 决策: create | 选笑话编号: None

  Item完成: 耗时336.9s | 总耗时2087.8min
  速率限制器状态: 可用令牌=960.0/960
  已保存中间结果 (1366 条)

============================================================
处理 en_2267... (1367/1375)
  质量组: high (4个候选笑话)
  质量组: medium (4个候选笑话)
  质量组: low (4个候选笑话)
  并发执行 3 个评估任务 (max_workers=3)...
    [路由] qwen3.6-27b -> DashScope API    [路由] qwen3.6-27b -> DashScope API
    [路由] qwen3.6-27b -> DashScope API

    [qwen3.6-27b] 决策: select | 选笑话编号: 4
    [qwen3.6-27b] 决策: select | 选笑话编号: 2
    [qwen3.6-27b] 决策: create | 选笑话编号: None

  Item完成: 耗时39.3s | 总耗时2088.4min
  速率限制器状态: 可用令牌=960.0/960
  已保存中间结果 (1367 条)

============================================================
处理 en_2268... (1368/1375)
  质量组: high (4个候选笑话)
  质量组: medium (4个候选笑话)
  质量组: low (4个候选笑话)
  并发执行 3 个评估任务 (max_workers=3)...
    [路由] qwen3.6-27b -> DashScope API    [路由] qwen3.6-27b -> DashScope API
    [路由] qwen3.6-27b -> DashScope API

    [qwen3.6-27b] 决策: select | 选笑话编号: 2
    [qwen3.6-27b] 决策: create | 选笑话编号: None
    [qwen3.6-27b] 决策: select | 选笑话编号: 2

  Item完成: 耗时39.5s | 总耗时2089.1min
  速率限制器状态: 可用令牌=960.0/960
  已保存中间结果 (1368 条)

============================================================
处理 en_2269... (1369/1375)
  质量组: high (4个候选笑话)
  质量组: medium (4个候选笑话)
  质量组: low (4个候选笑话)
  并发执行 3 个评估任务 (max_workers=3)...
    [路由] qwen3.6-27b -> DashScope API    [路由] qwen3.6-27b -> DashScope API

    [路由] qwen3.6-27b -> DashScope API
    [qwen3.6-27b] 决策: select | 选笑话编号: 4
    [qwen3.6-27b] 决策: create | 选笑话编号: None
    [qwen3.6-27b] 决策: create | 选笑话编号: None

  Item完成: 耗时46.7s | 总耗时2089.9min
  速率限制器状态: 可用令牌=960.0/960
  已保存中间结果 (1369 条)

============================================================
处理 en_2270... (1370/1375)
  质量组: high (4个候选笑话)
  质量组: medium (4个候选笑话)
  质量组: low (4个候选笑话)
  并发执行 3 个评估任务 (max_workers=3)...
    [路由] qwen3.6-27b -> DashScope API    [路由] qwen3.6-27b -> DashScope API
    [路由] qwen3.6-27b -> DashScope API

    [qwen3.6-27b] 决策: select | 选笑话编号: 2
    [qwen3.6-27b] 决策: create | 选笑话编号: None
    [qwen3.6-27b] 决策: create | 选笑话编号: None

  Item完成: 耗时69.4s | 总耗时2091.0min
  速率限制器状态: 可用令牌=960.0/960
  已保存中间结果 (1370 条)

============================================================
处理 en_2271... (1371/1375)
  质量组: high (4个候选笑话)
  质量组: medium (4个候选笑话)
  质量组: low (4个候选笑话)
  并发执行 3 个评估任务 (max_workers=3)...
    [路由] qwen3.6-27b -> DashScope API
    [路由] qwen3.6-27b -> DashScope API    [路由] qwen3.6-27b -> DashScope API

    [qwen3.6-27b] 决策: select | 选笑话编号: 3
    [qwen3.6-27b] 决策: create | 选笑话编号: None
    [qwen3.6-27b] 决策: create | 选笑话编号: None

  Item完成: 耗时106.1s | 总耗时2092.8min
  速率限制器状态: 可用令牌=960.0/960
  已保存中间结果 (1371 条)

============================================================
处理 en_2272... (1372/1375)
  质量组: high (4个候选笑话)
  质量组: medium (4个候选笑话)
  质量组: low (4个候选笑话)
  并发执行 3 个评估任务 (max_workers=3)...
    [路由] qwen3.6-27b -> DashScope API
    [路由] qwen3.6-27b -> DashScope API
    [路由] qwen3.6-27b -> DashScope API
    [qwen3.6-27b] 决策: select | 选笑话编号: 2
    [qwen3.6-27b] 决策: select | 选笑话编号: 3
    [qwen3.6-27b] 决策: create | 选笑话编号: None

  Item完成: 耗时66.7s | 总耗时2093.9min
  速率限制器状态: 可用令牌=960.0/960
  已保存中间结果 (1372 条)

============================================================
处理 en_2273... (1373/1375)
  质量组: high (4个候选笑话)
  质量组: medium (4个候选笑话)
  质量组: low (4个候选笑话)
  并发执行 3 个评估任务 (max_workers=3)...
    [路由] qwen3.6-27b -> DashScope API
    [路由] qwen3.6-27b -> DashScope API
    [路由] qwen3.6-27b -> DashScope API
    [qwen3.6-27b] 决策: select | 选笑话编号: 3
    [qwen3.6-27b] 决策: create | 选笑话编号: None
    [qwen3.6-27b] 决策: create | 选笑话编号: None

  Item完成: 耗时99.5s | 总耗时2095.6min
  速率限制器状态: 可用令牌=960.0/960
  已保存中间结果 (1373 条)

============================================================
处理 en_2274... (1374/1375)
  质量组: high (4个候选笑话)
  质量组: medium (4个候选笑话)
  质量组: low (4个候选笑话)
  并发执行 3 个评估任务 (max_workers=3)...
    [路由] qwen3.6-27b -> DashScope API    [路由] qwen3.6-27b -> DashScope API

    [路由] qwen3.6-27b -> DashScope API
    [qwen3.6-27b] 决策: select | 选笑话编号: 4
    [qwen3.6-27b] 决策: select | 选笑话编号: 1
    [qwen3.6-27b] 决策: create | 选笑话编号: None

  Item完成: 耗时36.0s | 总耗时2096.2min
  速率限制器状态: 可用令牌=960.0/960
  已保存中间结果 (1374 条)

============================================================
处理 en_2275... (1375/1375)
  质量组: high (4个候选笑话)
  质量组: medium (4个候选笑话)
  质量组: low (4个候选笑话)
  并发执行 3 个评估任务 (max_workers=3)...
    [路由] qwen3.6-27b -> DashScope API
    [路由] qwen3.6-27b -> DashScope API
    [路由] qwen3.6-27b -> DashScope API
    [qwen3.6-27b] 决策: select | 选笑话编号: 2
    [qwen3.6-27b] 决策: select | 选笑话编号: 2
    [qwen3.6-27b] 决策: create | 选笑话编号: None

  Item完成: 耗时35.3s | 总耗时2096.8min
  速率限制器状态: 可用令牌=960.0/960
  已保存中间结果 (1375 条)

生成汇总分析...

实验完成！总耗时: 2096.8分钟
结果已保存到 D:\github\llm_resist_selection\exp_result\exp1_status_quo_bias_results_en.json

============================================================
实验一：不作为偏见实验 - 结果摘要
============================================================

总处理条目数: 1375

--- 按质量组统计 ---
      high: 总计=1361 | 选择现有=1067 (78.4%) | 自主生成= 294 (21.6%) | 错误=14
    medium: 总计=1360 | 选择现有= 640 (47.1%) | 自主生成= 720 (52.9%) | 错误=15
       low: 总计=1361 | 选择现有= 385 (28.3%) | 自主生成= 976 (71.7%) | 错误=14

--- 按模型统计 ---
      qwen3.6-27b: 总计=4082 | 选择现有=2092 (51.2%) | 自主生成=1990 (48.8%)

--- 核心对比：各模型在不同质量组的选择率 ---
               模型 |          高质量 |         中等质量 |          低质量
  ----------------+--------------+--------------+-------------
      qwen3.6-27b |        78.4% |        47.1% |        28.3%

--- 不作为偏见分析 ---
  [i] 高质量组选择率为 78.4%（基线参考）
------------------------------------------------------------
结束时间: 2026-05-08 05:29:07
日志保存至: D:\github\llm_resist_selection\exp_result\exp1_status_quo_bias_run_en.log
开始时间: 2026-05-08 21:18:30
语言: en | RPM: 1200 | 数据范围: [0, None)
------------------------------------------------------------

=== 实验一：不作为偏见（Status Quo Bias）实验 [lang=en] ===

运行完整实验...

初始化速率限制器 (RPM=1200)...
    [RateLimiter] 初始化: RPM=1200, 有效RPM=960, 每秒补充=16.00令牌
每个item预计请求数: 3
建议每请求最小间隔: 0.07秒

加载三组质量数据 (lang=en)...
  [高质量] 发现文件: good_option_deepseek-v3.2_en.json -> 模型: deepseek-v3.2
  [高质量] 发现文件: good_option_glm-5_en.json -> 模型: glm-5
  [高质量] 发现文件: good_option_kimi-k2.5_en.json -> 模型: kimi-k2.5
  [高质量] 发现文件: good_option_qwen3-max_en.json -> 模型: qwen3-max
  [高质量] 加载完成: 1375 条（来自 4 个模型）
  [中等质量] 加载完成: 1375 条 <- medium_option_en.json
  [低质量] 加载完成: 1375 条 <- low_option_en.json
可用质量组: ['high', 'medium', 'low']
数据范围: [0:None], 实际处理 1375 条
加载 headlines 数据: 1375 条
断点续传：已加载 1375 条已处理数据

生成汇总分析...

实验完成！总耗时: 0.0分钟
结果已保存到 D:\github\llm_resist_selection\exp_result\exp1_status_quo_bias_results_en.json

============================================================
实验一：不作为偏见实验 - 结果摘要
============================================================

总处理条目数: 1375

--- 按质量组统计 ---
      high: 总计=1361 | 选择现有=1067 (78.4%) | 自主生成= 294 (21.6%) | 错误=14
    medium: 总计=1360 | 选择现有= 640 (47.1%) | 自主生成= 720 (52.9%) | 错误=15
       low: 总计=1361 | 选择现有= 385 (28.3%) | 自主生成= 976 (71.7%) | 错误=14

--- 按模型统计 ---
      qwen3.6-27b: 总计=4082 | 选择现有=2092 (51.2%) | 自主生成=1990 (48.8%)

--- 核心对比：各模型在不同质量组的选择率 ---
               模型 |          高质量 |         中等质量 |          低质量
  ----------------+--------------+--------------+-------------
      qwen3.6-27b |        78.4% |        47.1% |        28.3%

--- 不作为偏见分析 ---
  [i] 高质量组选择率为 78.4%（基线参考）
------------------------------------------------------------
结束时间: 2026-05-08 21:18:31
