日志保存至: D:\github\llm_resist_selection\exp_result\exp1_status_quo_bias_run_es.log
开始时间: 2026-05-08 05:29:07
语言: es | RPM: 1200 | 数据范围: [0, None)
------------------------------------------------------------

=== 实验一：不作为偏见（Status Quo Bias）实验 [lang=es] ===

运行完整实验...

初始化速率限制器 (RPM=1200)...
每个item预计请求数: 3
建议每请求最小间隔: 0.07秒

加载三组质量数据 (lang=es)...
  [高质量] 发现文件: good_option_deepseek-v3.2_es.json -> 模型: deepseek-v3.2
  [高质量] 发现文件: good_option_glm-5_es.json -> 模型: glm-5
  [高质量] 发现文件: good_option_kimi-k2.5_es.json -> 模型: kimi-k2.5
  [高质量] 发现文件: good_option_qwen3-max_es.json -> 模型: qwen3-max
  [高质量] 加载完成: 1375 条（来自 4 个模型）
  [中等质量] 加载完成: 1375 条 <- medium_option_es.json
  [低质量] 加载完成: 1375 条 <- low_option_es.json
可用质量组: ['high', 'medium', 'low']
数据范围: [0:None], 实际处理 1375 条
加载 headlines 数据: 1375 条

============================================================
处理 es_0001... (1/1375)
  质量组: high (4个候选笑话)
  质量组: medium (4个候选笑话)
  质量组: low (4个候选笑话)
  并发执行 3 个评估任务 (max_workers=3)...
    [路由] qwen3.6-27b -> DashScope API    [路由] qwen3.6-27b -> DashScope API

    [路由] qwen3.6-27b -> DashScope API
    [qwen3.6-27b] 决策: select | 选笑话编号: 3
    [qwen3.6-27b] 决策: create | 选笑话编号: None
    [qwen3.6-27b] 决策: create | 选笑话编号: None

  Item完成: 耗时60.9s | 总耗时1.0min
  速率限制器状态: 可用令牌=960.0/960
  已保存中间结果 (1 条)

============================================================
处理 es_0002... (2/1375)
  质量组: high (4个候选笑话)
  质量组: medium (4个候选笑话)
  质量组: low (4个候选笑话)
  并发执行 3 个评估任务 (max_workers=3)...
    [路由] qwen3.6-27b -> DashScope API    [路由] qwen3.6-27b -> DashScope API
    [路由] qwen3.6-27b -> DashScope API

    [qwen3.6-27b] 决策: select | 选笑话编号: 4
    [qwen3.6-27b] 决策: create | 选笑话编号: None
    [qwen3.6-27b] 决策: create | 选笑话编号: None

  Item完成: 耗时79.7s | 总耗时2.3min
  速率限制器状态: 可用令牌=960.0/960
  已保存中间结果 (2 条)

============================================================
处理 es_0003... (3/1375)
  质量组: high (4个候选笑话)
  质量组: medium (4个候选笑话)
  质量组: low (4个候选笑话)
  并发执行 3 个评估任务 (max_workers=3)...
    [路由] qwen3.6-27b -> DashScope API
    [路由] qwen3.6-27b -> DashScope API
    [路由] qwen3.6-27b -> DashScope API
    [qwen3.6-27b] 决策: create | 选笑话编号: None
    [qwen3.6-27b] 决策: create | 选笑话编号: None
    [qwen3.6-27b] 决策: create | 选笑话编号: None

  Item完成: 耗时41.6s | 总耗时3.0min
  速率限制器状态: 可用令牌=960.0/960
  已保存中间结果 (3 条)

============================================================
处理 es_0004... (4/1375)
  质量组: high (4个候选笑话)
  质量组: medium (4个候选笑话)
  质量组: low (4个候选笑话)
  并发执行 3 个评估任务 (max_workers=3)...
    [路由] qwen3.6-27b -> DashScope API
    [路由] qwen3.6-27b -> DashScope API    [路由] qwen3.6-27b -> DashScope API

    [qwen3.6-27b] 决策: select | 选笑话编号: 4
    [qwen3.6-27b] 决策: create | 选笑话编号: None
    [qwen3.6-27b] 决策: create | 选笑话编号: None

  Item完成: 耗时74.4s | 总耗时4.3min
  速率限制器状态: 可用令牌=960.0/960
  已保存中间结果 (4 条)

============================================================
处理 es_0005... (5/1375)
  质量组: high (4个候选笑话)
  质量组: medium (4个候选笑话)
  质量组: low (4个候选笑话)
  并发执行 3 个评估任务 (max_workers=3)...
    [路由] qwen3.6-27b -> DashScope API    [路由] qwen3.6-27b -> DashScope API

    [路由] qwen3.6-27b -> DashScope API
    [qwen3.6-27b] 决策: select | 选笑话编号: 4
    [qwen3.6-27b] 决策: select | 选笑话编号: 3
    [qwen3.6-27b] 决策: create | 选笑话编号: None

  Item完成: 耗时93.2s | 总耗时5.8min
  速率限制器状态: 可用令牌=960.0/960
  已保存中间结果 (5 条)

============================================================
处理 es_0006... (6/1375)
  质量组: high (4个候选笑话)
  质量组: medium (4个候选笑话)
  质量组: low (4个候选笑话)
  并发执行 3 个评估任务 (max_workers=3)...
    [路由] qwen3.6-27b -> DashScope API
    [路由] qwen3.6-27b -> DashScope API    [路由] qwen3.6-27b -> DashScope API

    [qwen3.6-27b] 决策: create | 选笑话编号: None
    [qwen3.6-27b] 决策: create | 选笑话编号: None
    [qwen3.6-27b] 决策: create | 选笑话编号: None

  Item完成: 耗时99.2s | 总耗时7.5min
  速率限制器状态: 可用令牌=960.0/960
  已保存中间结果 (6 条)

============================================================
处理 es_0007... (7/1375)
  质量组: high (4个候选笑话)
  质量组: medium (4个候选笑话)
  质量组: low (4个候选笑话)
  并发执行 3 个评估任务 (max_workers=3)...
    [路由] qwen3.6-27b -> DashScope API
    [路由] qwen3.6-27b -> DashScope API    [路由] qwen3.6-27b -> DashScope API

    [qwen3.6-27b] 决策: select | 选笑话编号: 3
    [qwen3.6-27b] 决策: create | 选笑话编号: None
    [qwen3.6-27b] 决策: create | 选笑话编号: None

  Item完成: 耗时48.2s | 总耗时8.3min
  速率限制器状态: 可用令牌=960.0/960
  已保存中间结果 (7 条)

============================================================
处理 es_0008... (8/1375)
  质量组: high (4个候选笑话)
  质量组: medium (4个候选笑话)
  质量组: low (4个候选笑话)
  并发执行 3 个评估任务 (max_workers=3)...
    [路由] qwen3.6-27b -> DashScope API    [路由] qwen3.6-27b -> DashScope API

    [路由] qwen3.6-27b -> DashScope API
    [qwen3.6-27b] 决策: create | 选笑话编号: None
    [qwen3.6-27b] 决策: create | 选笑话编号: None
    [qwen3.6-27b] 决策: create | 选笑话编号: None

  Item完成: 耗时84.8s | 总耗时9.7min
  速率限制器状态: 可用令牌=960.0/960
  已保存中间结果 (8 条)

============================================================
处理 es_0009... (9/1375)
  质量组: high (4个候选笑话)
  质量组: medium (4个候选笑话)
  质量组: low (4个候选笑话)
  并发执行 3 个评估任务 (max_workers=3)...
    [路由] qwen3.6-27b -> DashScope API
    [路由] qwen3.6-27b -> DashScope API
    [路由] qwen3.6-27b -> DashScope API
    [qwen3.6-27b] 决策: select | 选笑话编号: 2
    [qwen3.6-27b] 决策: select | 选笑话编号: 2
    [qwen3.6-27b] 决策: create | 选笑话编号: None

  Item完成: 耗时48.3s | 总耗时10.5min
  速率限制器状态: 可用令牌=960.0/960
  已保存中间结果 (9 条)

============================================================
处理 es_0010... (10/1375)
  质量组: high (4个候选笑话)
  质量组: medium (4个候选笑话)
  质量组: low (4个候选笑话)
  并发执行 3 个评估任务 (max_workers=3)...
    [路由] qwen3.6-27b -> DashScope API    [路由] qwen3.6-27b -> DashScope API

    [路由] qwen3.6-27b -> DashScope API
    [qwen3.6-27b] 决策: create | 选笑话编号: None
    [qwen3.6-27b] 决策: create | 选笑话编号: None
    [API] 可重试异常: HTTPSConnectionPool(host='dashscope.aliyuncs.com', port=443): Read timed out. (read timeout=300), 等待2.5s后重试 (1/5), model=qwen3.6-27b
    [qwen3.6-27b] 决策: create | 选笑话编号: None

  Item完成: 耗时381.2s | 总耗时16.9min
  速率限制器状态: 可用令牌=960.0/960
  已保存中间结果 (10 条)

============================================================
处理 es_0011... (11/1375)
  质量组: high (4个候选笑话)
  质量组: medium (4个候选笑话)
  质量组: low (4个候选笑话)
  并发执行 3 个评估任务 (max_workers=3)...
    [路由] qwen3.6-27b -> DashScope API
    [路由] qwen3.6-27b -> DashScope API
    [路由] qwen3.6-27b -> DashScope API
    [qwen3.6-27b] 决策: select | 选笑话编号: 3
    [qwen3.6-27b] 决策: create | 选笑话编号: None
    [qwen3.6-27b] 决策: create | 选笑话编号: None

  Item完成: 耗时50.9s | 总耗时17.7min
  速率限制器状态: 可用令牌=960.0/960
  已保存中间结果 (11 条)

============================================================
处理 es_0012... (12/1375)
  质量组: high (4个候选笑话)
  质量组: medium (4个候选笑话)
  质量组: low (4个候选笑话)
  并发执行 3 个评估任务 (max_workers=3)...
    [路由] qwen3.6-27b -> DashScope API
    [路由] qwen3.6-27b -> DashScope API
    [路由] qwen3.6-27b -> DashScope API
    [qwen3.6-27b] 决策: select | 选笑话编号: 4
    [qwen3.6-27b] 决策: select | 选笑话编号: 3
    [qwen3.6-27b] 决策: create | 选笑话编号: None

  Item完成: 耗时46.8s | 总耗时18.5min
  速率限制器状态: 可用令牌=960.0/960
  已保存中间结果 (12 条)

============================================================
处理 es_0013... (13/1375)
  质量组: high (4个候选笑话)
  质量组: medium (4个候选笑话)
  质量组: low (4个候选笑话)
  并发执行 3 个评估任务 (max_workers=3)...
    [路由] qwen3.6-27b -> DashScope API    [路由] qwen3.6-27b -> DashScope API
    [路由] qwen3.6-27b -> DashScope API

    [qwen3.6-27b] 决策: create | 选笑话编号: None
    [qwen3.6-27b] 决策: create | 选笑话编号: None
    [qwen3.6-27b] 决策: create | 选笑话编号: None

  Item完成: 耗时74.2s | 总耗时19.7min
  速率限制器状态: 可用令牌=960.0/960
  已保存中间结果 (13 条)

============================================================
处理 es_0014... (14/1375)
  质量组: high (4个候选笑话)
  质量组: medium (4个候选笑话)
  质量组: low (4个候选笑话)
  并发执行 3 个评估任务 (max_workers=3)...
    [路由] qwen3.6-27b -> DashScope API    [路由] qwen3.6-27b -> DashScope API
    [路由] qwen3.6-27b -> DashScope API

    [qwen3.6-27b] 决策: select | 选笑话编号: 2
    [qwen3.6-27b] 决策: create | 选笑话编号: None
    [qwen3.6-27b] 决策: create | 选笑话编号: None

  Item完成: 耗时130.8s | 总耗时21.9min
  速率限制器状态: 可用令牌=960.0/960
  已保存中间结果 (14 条)

============================================================
处理 es_0015... (15/1375)
  质量组: high (4个候选笑话)
  质量组: medium (4个候选笑话)
  质量组: low (4个候选笑话)
  并发执行 3 个评估任务 (max_workers=3)...
    [路由] qwen3.6-27b -> DashScope API
    [路由] qwen3.6-27b -> DashScope API
    [路由] qwen3.6-27b -> DashScope API
    [qwen3.6-27b] 决策: create | 选笑话编号: None
    [qwen3.6-27b] 决策: create | 选笑话编号: None
    [qwen3.6-27b] 决策: create | 选笑话编号: None

  Item完成: 耗时86.3s | 总耗时23.3min
  速率限制器状态: 可用令牌=960.0/960
  已保存中间结果 (15 条)

============================================================
处理 es_0016... (16/1375)
  质量组: high (4个候选笑话)
  质量组: medium (4个候选笑话)
  质量组: low (4个候选笑话)
  并发执行 3 个评估任务 (max_workers=3)...
    [路由] qwen3.6-27b -> DashScope API
    [路由] qwen3.6-27b -> DashScope API
    [路由] qwen3.6-27b -> DashScope API
    [qwen3.6-27b] 决策: select | 选笑话编号: 2
    [qwen3.6-27b] 决策: create | 选笑话编号: None
    [qwen3.6-27b] 决策: create | 选笑话编号: None

  Item完成: 耗时62.6s | 总耗时24.4min
  速率限制器状态: 可用令牌=960.0/960
  已保存中间结果 (16 条)

============================================================
处理 es_0017... (17/1375)
  质量组: high (4个候选笑话)
  质量组: medium (4个候选笑话)
  质量组: low (4个候选笑话)
  并发执行 3 个评估任务 (max_workers=3)...
    [路由] qwen3.6-27b -> DashScope API
    [路由] qwen3.6-27b -> DashScope API
    [路由] qwen3.6-27b -> DashScope API
    [qwen3.6-27b] 决策: select | 选笑话编号: 1
    [qwen3.6-27b] 决策: create | 选笑话编号: None
    [qwen3.6-27b] 决策: create | 选笑话编号: None

  Item完成: 耗时76.6s | 总耗时25.7min
  速率限制器状态: 可用令牌=960.0/960
  已保存中间结果 (17 条)

============================================================
处理 es_0018... (18/1375)
  质量组: high (4个候选笑话)
  质量组: medium (4个候选笑话)
  质量组: low (4个候选笑话)
  并发执行 3 个评估任务 (max_workers=3)...
    [路由] qwen3.6-27b -> DashScope API
    [路由] qwen3.6-27b -> DashScope API    [路由] qwen3.6-27b -> DashScope API

    [qwen3.6-27b] 决策: select | 选笑话编号: 1
    [qwen3.6-27b] 决策: create | 选笑话编号: None
    [qwen3.6-27b] 决策: create | 选笑话编号: None

  Item完成: 耗时63.7s | 总耗时26.7min
  速率限制器状态: 可用令牌=960.0/960
  已保存中间结果 (18 条)

============================================================
处理 es_0019... (19/1375)
  质量组: high (4个候选笑话)
  质量组: medium (4个候选笑话)
  质量组: low (4个候选笑话)
  并发执行 3 个评估任务 (max_workers=3)...
    [路由] qwen3.6-27b -> DashScope API
    [路由] qwen3.6-27b -> DashScope API
    [路由] qwen3.6-27b -> DashScope API
    [qwen3.6-27b] 决策: select | 选笑话编号: 2
    [qwen3.6-27b] 决策: select | 选笑话编号: 2
    [qwen3.6-27b] 决策: create | 选笑话编号: None

  Item完成: 耗时117.0s | 总耗时28.7min
  速率限制器状态: 可用令牌=960.0/960
  已保存中间结果 (19 条)

============================================================
处理 es_0020... (20/1375)
  质量组: high (4个候选笑话)
  质量组: medium (4个候选笑话)
  质量组: low (4个候选笑话)
  并发执行 3 个评估任务 (max_workers=3)...
    [路由] qwen3.6-27b -> DashScope API
    [路由] qwen3.6-27b -> DashScope API
    [路由] qwen3.6-27b -> DashScope API
    [qwen3.6-27b] 决策: select | 选笑话编号: 2
    [qwen3.6-27b] 决策: create | 选笑话编号: None
    [qwen3.6-27b] 决策: create | 选笑话编号: None

  Item完成: 耗时63.3s | 总耗时29.7min
  速率限制器状态: 可用令牌=960.0/960
  已保存中间结果 (20 条)

============================================================
处理 es_0021... (21/1375)
  质量组: high (4个候选笑话)
  质量组: medium (4个候选笑话)
  质量组: low (4个候选笑话)
  并发执行 3 个评估任务 (max_workers=3)...
    [路由] qwen3.6-27b -> DashScope API    [路由] qwen3.6-27b -> DashScope API

    [路由] qwen3.6-27b -> DashScope API
    [qwen3.6-27b] 决策: select | 选笑话编号: 2
    [qwen3.6-27b] 决策: create | 选笑话编号: None
    [qwen3.6-27b] 决策: select | 选笑话编号: 2

  Item完成: 耗时102.2s | 总耗时31.4min
  速率限制器状态: 可用令牌=960.0/960
  已保存中间结果 (21 条)

============================================================
处理 es_0022... (22/1375)
  质量组: high (4个候选笑话)
  质量组: medium (4个候选笑话)
  质量组: low (4个候选笑话)
  并发执行 3 个评估任务 (max_workers=3)...
    [路由] qwen3.6-27b -> DashScope API
    [路由] qwen3.6-27b -> DashScope API
    [路由] qwen3.6-27b -> DashScope API
    [qwen3.6-27b] 决策: create | 选笑话编号: None
    [qwen3.6-27b] 决策: select | 选笑话编号: 3
    [qwen3.6-27b] 决策: create | 选笑话编号: None

  Item完成: 耗时77.6s | 总耗时32.7min
  速率限制器状态: 可用令牌=960.0/960
  已保存中间结果 (22 条)

============================================================
处理 es_0023... (23/1375)
  质量组: high (4个候选笑话)
  质量组: medium (4个候选笑话)
  质量组: low (4个候选笑话)
  并发执行 3 个评估任务 (max_workers=3)...
    [路由] qwen3.6-27b -> DashScope API
    [路由] qwen3.6-27b -> DashScope API
    [路由] qwen3.6-27b -> DashScope API
    [qwen3.6-27b] 决策: select | 选笑话编号: 4
    [qwen3.6-27b] 决策: create | 选笑话编号: None
    [qwen3.6-27b] 决策: select | 选笑话编号: 3

  Item完成: 耗时63.1s | 总耗时33.8min
  速率限制器状态: 可用令牌=960.0/960
  已保存中间结果 (23 条)

============================================================
处理 es_0024... (24/1375)
  质量组: high (4个候选笑话)
  质量组: medium (4个候选笑话)
  质量组: low (4个候选笑话)
  并发执行 3 个评估任务 (max_workers=3)...
    [路由] qwen3.6-27b -> DashScope API    [路由] qwen3.6-27b -> DashScope API
    [路由] qwen3.6-27b -> DashScope API

    [qwen3.6-27b] 决策: select | 选笑话编号: 2
    [qwen3.6-27b] 决策: select | 选笑话编号: 2
    [qwen3.6-27b] 决策: create | 选笑话编号: None

  Item完成: 耗时70.1s | 总耗时34.9min
  速率限制器状态: 可用令牌=960.0/960
  已保存中间结果 (24 条)

============================================================
处理 es_0025... (25/1375)
  质量组: high (4个候选笑话)
  质量组: medium (4个候选笑话)
  质量组: low (4个候选笑话)
  并发执行 3 个评估任务 (max_workers=3)...
    [路由] qwen3.6-27b -> DashScope API
    [路由] qwen3.6-27b -> DashScope API
    [路由] qwen3.6-27b -> DashScope API
    [qwen3.6-27b] 决策: select | 选笑话编号: 3
    [qwen3.6-27b] 决策: select | 选笑话编号: 4
    [qwen3.6-27b] 决策: select | 选笑话编号: 2

  Item完成: 耗时36.6s | 总耗时35.6min
  速率限制器状态: 可用令牌=960.0/960
  已保存中间结果 (25 条)

============================================================
处理 es_0026... (26/1375)
  质量组: high (4个候选笑话)
  质量组: medium (4个候选笑话)
  质量组: low (4个候选笑话)
  并发执行 3 个评估任务 (max_workers=3)...
    [路由] qwen3.6-27b -> DashScope API
    [路由] qwen3.6-27b -> DashScope API    [路由] qwen3.6-27b -> DashScope API

    [qwen3.6-27b] 决策: select | 选笑话编号: 2
    [qwen3.6-27b] 决策: create | 选笑话编号: None
    [qwen3.6-27b] 决策: create | 选笑话编号: None

  Item完成: 耗时51.0s | 总耗时36.4min
  速率限制器状态: 可用令牌=960.0/960
  已保存中间结果 (26 条)

============================================================
处理 es_0027... (27/1375)
  质量组: high (4个候选笑话)
  质量组: medium (4个候选笑话)
  质量组: low (4个候选笑话)
  并发执行 3 个评估任务 (max_workers=3)...
    [路由] qwen3.6-27b -> DashScope API    [路由] qwen3.6-27b -> DashScope API
    [路由] qwen3.6-27b -> DashScope API

    [qwen3.6-27b] 决策: select | 选笑话编号: 3
    [qwen3.6-27b] 决策: create | 选笑话编号: None
    [qwen3.6-27b] 决策: create | 选笑话编号: None

  Item完成: 耗时50.9s | 总耗时37.3min
  速率限制器状态: 可用令牌=960.0/960
  已保存中间结果 (27 条)

============================================================
处理 es_0028... (28/1375)
  质量组: high (4个候选笑话)
  质量组: medium (4个候选笑话)
  质量组: low (4个候选笑话)
  并发执行 3 个评估任务 (max_workers=3)...
    [路由] qwen3.6-27b -> DashScope API
    [路由] qwen3.6-27b -> DashScope API    [路由] qwen3.6-27b -> DashScope API

    [qwen3.6-27b] 决策: create | 选笑话编号: None
    [qwen3.6-27b] 决策: create | 选笑话编号: None
    [API] 可重试异常: HTTPSConnectionPool(host='dashscope.aliyuncs.com', port=443): Read timed out. (read timeout=300), 等待2.3s后重试 (1/5), model=qwen3.6-27b
    [qwen3.6-27b] 决策: create | 选笑话编号: None

  Item完成: 耗时349.0s | 总耗时43.1min
  速率限制器状态: 可用令牌=960.0/960
  已保存中间结果 (28 条)

============================================================
处理 es_0029... (29/1375)
  质量组: high (4个候选笑话)
  质量组: medium (4个候选笑话)
  质量组: low (4个候选笑话)
  并发执行 3 个评估任务 (max_workers=3)...
    [路由] qwen3.6-27b -> DashScope API    [路由] qwen3.6-27b -> DashScope API
    [路由] qwen3.6-27b -> DashScope API

    [qwen3.6-27b] 决策: create | 选笑话编号: None
    [qwen3.6-27b] 决策: select | 选笑话编号: 3
    [qwen3.6-27b] 决策: create | 选笑话编号: None

  Item完成: 耗时58.3s | 总耗时44.0min
  速率限制器状态: 可用令牌=960.0/960
  已保存中间结果 (29 条)

============================================================
处理 es_0030... (30/1375)
  质量组: high (4个候选笑话)
  质量组: medium (4个候选笑话)
  质量组: low (4个候选笑话)
  并发执行 3 个评估任务 (max_workers=3)...
    [路由] qwen3.6-27b -> DashScope API
    [路由] qwen3.6-27b -> DashScope API
    [路由] qwen3.6-27b -> DashScope API
    [qwen3.6-27b] 决策: create | 选笑话编号: None
    [qwen3.6-27b] 决策: create | 选笑话编号: None
    [qwen3.6-27b] 决策: create | 选笑话编号: None

  Item完成: 耗时47.3s | 总耗时44.8min
  速率限制器状态: 可用令牌=960.0/960
  已保存中间结果 (30 条)

============================================================
处理 es_0031... (31/1375)
  质量组: high (4个候选笑话)
  质量组: medium (4个候选笑话)
  质量组: low (4个候选笑话)
  并发执行 3 个评估任务 (max_workers=3)...
    [路由] qwen3.6-27b -> DashScope API    [路由] qwen3.6-27b -> DashScope API

    [路由] qwen3.6-27b -> DashScope API
    [qwen3.6-27b] 决策: create | 选笑话编号: None
    [qwen3.6-27b] 决策: select | 选笑话编号: 2
    [qwen3.6-27b] 决策: select | 选笑话编号: 4

  Item完成: 耗时237.4s | 总耗时48.8min
  速率限制器状态: 可用令牌=960.0/960
  已保存中间结果 (31 条)

============================================================
处理 es_0032... (32/1375)
  质量组: high (4个候选笑话)
  质量组: medium (4个候选笑话)
  质量组: low (4个候选笑话)
  并发执行 3 个评估任务 (max_workers=3)...
    [路由] qwen3.6-27b -> DashScope API
    [路由] qwen3.6-27b -> DashScope API
    [路由] qwen3.6-27b -> DashScope API
    [qwen3.6-27b] 决策: select | 选笑话编号: 3
    [qwen3.6-27b] 决策: create | 选笑话编号: None
    [qwen3.6-27b] 决策: create | 选笑话编号: None

  Item完成: 耗时73.0s | 总耗时50.0min
  速率限制器状态: 可用令牌=960.0/960
  已保存中间结果 (32 条)

============================================================
处理 es_0033... (33/1375)
  质量组: high (4个候选笑话)
  质量组: medium (4个候选笑话)
  质量组: low (4个候选笑话)
  并发执行 3 个评估任务 (max_workers=3)...
    [路由] qwen3.6-27b -> DashScope API
    [路由] qwen3.6-27b -> DashScope API
    [路由] qwen3.6-27b -> DashScope API
    [qwen3.6-27b] 决策: select | 选笑话编号: 4
    [qwen3.6-27b] 决策: create | 选笑话编号: None
    [qwen3.6-27b] 决策: create | 选笑话编号: None

  Item完成: 耗时97.4s | 总耗时51.6min
  速率限制器状态: 可用令牌=960.0/960
  已保存中间结果 (33 条)

============================================================
处理 es_0034... (34/1375)
  质量组: high (4个候选笑话)
  质量组: medium (4个候选笑话)
  质量组: low (4个候选笑话)
  并发执行 3 个评估任务 (max_workers=3)...
    [路由] qwen3.6-27b -> DashScope API    [路由] qwen3.6-27b -> DashScope API
    [路由] qwen3.6-27b -> DashScope API

    [qwen3.6-27b] 决策: select | 选笑话编号: 2
    [qwen3.6-27b] 决策: create | 选笑话编号: None
    [qwen3.6-27b] 决策: create | 选笑话编号: None

  Item完成: 耗时65.6s | 总耗时52.7min
  速率限制器状态: 可用令牌=960.0/960
  已保存中间结果 (34 条)

============================================================
处理 es_0035... (35/1375)
  质量组: high (4个候选笑话)
  质量组: medium (4个候选笑话)
  质量组: low (4个候选笑话)
  并发执行 3 个评估任务 (max_workers=3)...
    [路由] qwen3.6-27b -> DashScope API    [路由] qwen3.6-27b -> DashScope API
    [路由] qwen3.6-27b -> DashScope API

    [qwen3.6-27b] 决策: select | 选笑话编号: 2
    [qwen3.6-27b] 决策: create | 选笑话编号: None
    [qwen3.6-27b] 决策: create | 选笑话编号: None

  Item完成: 耗时47.0s | 总耗时53.5min
  速率限制器状态: 可用令牌=960.0/960
  已保存中间结果 (35 条)

============================================================
处理 es_0036... (36/1375)
  质量组: high (4个候选笑话)
  质量组: medium (4个候选笑话)
  质量组: low (4个候选笑话)
  并发执行 3 个评估任务 (max_workers=3)...
    [路由] qwen3.6-27b -> DashScope API    [路由] qwen3.6-27b -> DashScope API

    [路由] qwen3.6-27b -> DashScope API
    [qwen3.6-27b] 决策: create | 选笑话编号: None
    [qwen3.6-27b] 决策: create | 选笑话编号: None
    [qwen3.6-27b] 决策: create | 选笑话编号: None

  Item完成: 耗时153.1s | 总耗时56.1min
  速率限制器状态: 可用令牌=960.0/960
  已保存中间结果 (36 条)

============================================================
处理 es_0037... (37/1375)
  质量组: high (4个候选笑话)
  质量组: medium (4个候选笑话)
  质量组: low (4个候选笑话)
  并发执行 3 个评估任务 (max_workers=3)...
    [路由] qwen3.6-27b -> DashScope API    [路由] qwen3.6-27b -> DashScope API

    [路由] qwen3.6-27b -> DashScope API
    [qwen3.6-27b] 决策: select | 选笑话编号: 3
    [qwen3.6-27b] 决策: create | 选笑话编号: None
    [qwen3.6-27b] 决策: create | 选笑话编号: None

  Item完成: 耗时47.3s | 总耗时56.9min
  速率限制器状态: 可用令牌=960.0/960
  已保存中间结果 (37 条)

============================================================
处理 es_0038... (38/1375)
  质量组: high (4个候选笑话)
  质量组: medium (4个候选笑话)
  质量组: low (4个候选笑话)
  并发执行 3 个评估任务 (max_workers=3)...
    [路由] qwen3.6-27b -> DashScope API
    [路由] qwen3.6-27b -> DashScope API    [路由] qwen3.6-27b -> DashScope API

    [qwen3.6-27b] 决策: create | 选笑话编号: None
    [qwen3.6-27b] 决策: create | 选笑话编号: None
    [qwen3.6-27b] 决策: create | 选笑话编号: None

  Item完成: 耗时57.1s | 总耗时57.8min
  速率限制器状态: 可用令牌=960.0/960
  已保存中间结果 (38 条)

============================================================
处理 es_0039... (39/1375)
  质量组: high (4个候选笑话)
  质量组: medium (4个候选笑话)
  质量组: low (4个候选笑话)
  并发执行 3 个评估任务 (max_workers=3)...
    [路由] qwen3.6-27b -> DashScope API    [路由] qwen3.6-27b -> DashScope API

    [路由] qwen3.6-27b -> DashScope API
    [qwen3.6-27b] 决策: create | 选笑话编号: None
    [qwen3.6-27b] 决策: create | 选笑话编号: None
    [qwen3.6-27b] 决策: create | 选笑话编号: None

  Item完成: 耗时72.8s | 总耗时59.0min
  速率限制器状态: 可用令牌=960.0/960
  已保存中间结果 (39 条)

============================================================
处理 es_0040... (40/1375)
  质量组: high (4个候选笑话)
  质量组: medium (4个候选笑话)
  质量组: low (4个候选笑话)
  并发执行 3 个评估任务 (max_workers=3)...
    [路由] qwen3.6-27b -> DashScope API
    [路由] qwen3.6-27b -> DashScope API    [路由] qwen3.6-27b -> DashScope API

    [qwen3.6-27b] 决策: create | 选笑话编号: None
    [qwen3.6-27b] 决策: create | 选笑话编号: None
    [qwen3.6-27b] 决策: create | 选笑话编号: None

  Item完成: 耗时67.3s | 总耗时60.1min
  速率限制器状态: 可用令牌=960.0/960
  已保存中间结果 (40 条)

============================================================
处理 es_0041... (41/1375)
  质量组: high (4个候选笑话)
  质量组: medium (4个候选笑话)
  质量组: low (4个候选笑话)
  并发执行 3 个评估任务 (max_workers=3)...
    [路由] qwen3.6-27b -> DashScope API
    [路由] qwen3.6-27b -> DashScope API    [路由] qwen3.6-27b -> DashScope API

    [qwen3.6-27b] 决策: select | 选笑话编号: 2
    [qwen3.6-27b] 决策: create | 选笑话编号: None
    [qwen3.6-27b] 决策: create | 选笑话编号: None

  Item完成: 耗时58.0s | 总耗时61.1min
  速率限制器状态: 可用令牌=960.0/960
  已保存中间结果 (41 条)

============================================================
处理 es_0042... (42/1375)
  质量组: high (4个候选笑话)
  质量组: medium (4个候选笑话)
  质量组: low (4个候选笑话)
  并发执行 3 个评估任务 (max_workers=3)...
    [路由] qwen3.6-27b -> DashScope API
    [路由] qwen3.6-27b -> DashScope API    [路由] qwen3.6-27b -> DashScope API

    [qwen3.6-27b] 决策: select | 选笑话编号: 4
    [qwen3.6-27b] 决策: select | 选笑话编号: 3
    [qwen3.6-27b] 决策: create | 选笑话编号: None

  Item完成: 耗时65.7s | 总耗时62.2min
  速率限制器状态: 可用令牌=960.0/960
  已保存中间结果 (42 条)

============================================================
处理 es_0043... (43/1375)
  质量组: high (4个候选笑话)
  质量组: medium (4个候选笑话)
  质量组: low (4个候选笑话)
  并发执行 3 个评估任务 (max_workers=3)...
    [路由] qwen3.6-27b -> DashScope API    [路由] qwen3.6-27b -> DashScope API

    [路由] qwen3.6-27b -> DashScope API
    [qwen3.6-27b] 决策: create | 选笑话编号: None
    [qwen3.6-27b] 决策: create | 选笑话编号: None
    [qwen3.6-27b] 决策: create | 选笑话编号: None

  Item完成: 耗时76.7s | 总耗时63.5min
  速率限制器状态: 可用令牌=960.0/960
  已保存中间结果 (43 条)

============================================================
处理 es_0044... (44/1375)
  质量组: high (4个候选笑话)
  质量组: medium (4个候选笑话)
  质量组: low (4个候选笑话)
  并发执行 3 个评估任务 (max_workers=3)...
    [路由] qwen3.6-27b -> DashScope API
    [路由] qwen3.6-27b -> DashScope API    [路由] qwen3.6-27b -> DashScope API

    [qwen3.6-27b] 决策: create | 选笑话编号: None
    [qwen3.6-27b] 决策: create | 选笑话编号: None
    [qwen3.6-27b] 决策: create | 选笑话编号: None

  Item完成: 耗时63.8s | 总耗时64.5min
  速率限制器状态: 可用令牌=960.0/960
  已保存中间结果 (44 条)

============================================================
处理 es_0045... (45/1375)
  质量组: high (4个候选笑话)
  质量组: medium (4个候选笑话)
  质量组: low (4个候选笑话)
  并发执行 3 个评估任务 (max_workers=3)...
    [路由] qwen3.6-27b -> DashScope API
    [路由] qwen3.6-27b -> DashScope API
    [路由] qwen3.6-27b -> DashScope API
    [qwen3.6-27b] 决策: select | 选笑话编号: 2
    [qwen3.6-27b] 决策: create | 选笑话编号: None
    [qwen3.6-27b] 决策: create | 选笑话编号: None

  Item完成: 耗时89.2s | 总耗时66.0min
  速率限制器状态: 可用令牌=960.0/960
  已保存中间结果 (45 条)

============================================================
处理 es_0046... (46/1375)
  质量组: high (4个候选笑话)
  质量组: medium (4个候选笑话)
  质量组: low (4个候选笑话)
  并发执行 3 个评估任务 (max_workers=3)...
    [路由] qwen3.6-27b -> DashScope API    [路由] qwen3.6-27b -> DashScope API
    [路由] qwen3.6-27b -> DashScope API

    [qwen3.6-27b] 决策: select | 选笑话编号: 3
    [qwen3.6-27b] 决策: create | 选笑话编号: None
    [qwen3.6-27b] 决策: create | 选笑话编号: None

  Item完成: 耗时50.1s | 总耗时66.9min
  速率限制器状态: 可用令牌=960.0/960
  已保存中间结果 (46 条)

============================================================
处理 es_0047... (47/1375)
  质量组: high (4个候选笑话)
  质量组: medium (4个候选笑话)
  质量组: low (4个候选笑话)
  并发执行 3 个评估任务 (max_workers=3)...
    [路由] qwen3.6-27b -> DashScope API    [路由] qwen3.6-27b -> DashScope API

    [路由] qwen3.6-27b -> DashScope API
    [qwen3.6-27b] 决策: create | 选笑话编号: None
    [qwen3.6-27b] 决策: create | 选笑话编号: None
    [qwen3.6-27b] 决策: create | 选笑话编号: None

  Item完成: 耗时95.8s | 总耗时68.5min
  速率限制器状态: 可用令牌=960.0/960
  已保存中间结果 (47 条)

============================================================
处理 es_0048... (48/1375)
  质量组: high (4个候选笑话)
  质量组: medium (4个候选笑话)
  质量组: low (4个候选笑话)
  并发执行 3 个评估任务 (max_workers=3)...
    [路由] qwen3.6-27b -> DashScope API
    [路由] qwen3.6-27b -> DashScope API
    [路由] qwen3.6-27b -> DashScope API
    [qwen3.6-27b] 决策: select | 选笑话编号: 2
    [qwen3.6-27b] 决策: select | 选笑话编号: 2
    [qwen3.6-27b] 决策: select | 选笑话编号: 2

  Item完成: 耗时82.7s | 总耗时69.9min
  速率限制器状态: 可用令牌=960.0/960
  已保存中间结果 (48 条)

============================================================
处理 es_0049... (49/1375)
  质量组: high (4个候选笑话)
  质量组: medium (4个候选笑话)
  质量组: low (4个候选笑话)
  并发执行 3 个评估任务 (max_workers=3)...
    [路由] qwen3.6-27b -> DashScope API
    [路由] qwen3.6-27b -> DashScope API    [路由] qwen3.6-27b -> DashScope API

    [qwen3.6-27b] 决策: select | 选笑话编号: 2
    [qwen3.6-27b] 决策: select | 选笑话编号: 3
    [qwen3.6-27b] 决策: create | 选笑话编号: None

  Item完成: 耗时46.5s | 总耗时70.6min
  速率限制器状态: 可用令牌=960.0/960
  已保存中间结果 (49 条)

============================================================
处理 es_0050... (50/1375)
  质量组: high (4个候选笑话)
  质量组: medium (4个候选笑话)
  质量组: low (4个候选笑话)
  并发执行 3 个评估任务 (max_workers=3)...
    [路由] qwen3.6-27b -> DashScope API
    [路由] qwen3.6-27b -> DashScope API    [路由] qwen3.6-27b -> DashScope API

    [qwen3.6-27b] 决策: create | 选笑话编号: None
    [qwen3.6-27b] 决策: create | 选笑话编号: None
    [qwen3.6-27b] 决策: create | 选笑话编号: None

  Item完成: 耗时159.9s | 总耗时73.3min
  速率限制器状态: 可用令牌=960.0/960
  已保存中间结果 (50 条)

============================================================
处理 es_0051... (51/1375)
  质量组: high (4个候选笑话)
  质量组: medium (4个候选笑话)
  质量组: low (4个候选笑话)
  并发执行 3 个评估任务 (max_workers=3)...
    [路由] qwen3.6-27b -> DashScope API    [路由] qwen3.6-27b -> DashScope API
    [路由] qwen3.6-27b -> DashScope API

    [qwen3.6-27b] 决策: select | 选笑话编号: 4
    [qwen3.6-27b] 决策: select | 选笑话编号: 2
    [qwen3.6-27b] 决策: create | 选笑话编号: None

  Item完成: 耗时130.0s | 总耗时75.5min
  速率限制器状态: 可用令牌=960.0/960
  已保存中间结果 (51 条)

============================================================
处理 es_0052... (52/1375)
  质量组: high (4个候选笑话)
  质量组: medium (4个候选笑话)
  质量组: low (4个候选笑话)
  并发执行 3 个评估任务 (max_workers=3)...
    [路由] qwen3.6-27b -> DashScope API    [路由] qwen3.6-27b -> DashScope API
    [路由] qwen3.6-27b -> DashScope API

    [qwen3.6-27b] 决策: create | 选笑话编号: None
    [qwen3.6-27b] 决策: create | 选笑话编号: None
    [qwen3.6-27b] 决策: create | 选笑话编号: None

  Item完成: 耗时73.7s | 总耗时76.7min
  速率限制器状态: 可用令牌=960.0/960
  已保存中间结果 (52 条)

============================================================
处理 es_0053... (53/1375)
  质量组: high (4个候选笑话)
  质量组: medium (4个候选笑话)
  质量组: low (4个候选笑话)
  并发执行 3 个评估任务 (max_workers=3)...
    [路由] qwen3.6-27b -> DashScope API
    [路由] qwen3.6-27b -> DashScope API
    [路由] qwen3.6-27b -> DashScope API
    [qwen3.6-27b] 决策: select | 选笑话编号: 2
    [qwen3.6-27b] 决策: create | 选笑话编号: None
    [qwen3.6-27b] 决策: create | 选笑话编号: None

  Item完成: 耗时40.7s | 总耗时77.4min
  速率限制器状态: 可用令牌=960.0/960
  已保存中间结果 (53 条)

============================================================
处理 es_0054... (54/1375)
  质量组: high (4个候选笑话)
  质量组: medium (4个候选笑话)
  质量组: low (4个候选笑话)
  并发执行 3 个评估任务 (max_workers=3)...
    [路由] qwen3.6-27b -> DashScope API    [路由] qwen3.6-27b -> DashScope API

    [路由] qwen3.6-27b -> DashScope API
    [qwen3.6-27b] 决策: select | 选笑话编号: 4
    [qwen3.6-27b] 决策: select | 选笑话编号: 2
    [qwen3.6-27b] 决策: create | 选笑话编号: None

  Item完成: 耗时31.3s | 总耗时77.9min
  速率限制器状态: 可用令牌=960.0/960
  已保存中间结果 (54 条)

============================================================
处理 es_0055... (55/1375)
  质量组: high (4个候选笑话)
  质量组: medium (4个候选笑话)
  质量组: low (4个候选笑话)
  并发执行 3 个评估任务 (max_workers=3)...
    [路由] qwen3.6-27b -> DashScope API
    [路由] qwen3.6-27b -> DashScope API
    [路由] qwen3.6-27b -> DashScope API
    [qwen3.6-27b] 决策: select | 选笑话编号: 2
    [qwen3.6-27b] 决策: create | 选笑话编号: None
    [qwen3.6-27b] 决策: create | 选笑话编号: None

  Item完成: 耗时43.0s | 总耗时78.6min
  速率限制器状态: 可用令牌=960.0/960
  已保存中间结果 (55 条)

============================================================
处理 es_0056... (56/1375)
  质量组: high (4个候选笑话)
  质量组: medium (4个候选笑话)
  质量组: low (4个候选笑话)
  并发执行 3 个评估任务 (max_workers=3)...
    [路由] qwen3.6-27b -> DashScope API
    [路由] qwen3.6-27b -> DashScope API    [路由] qwen3.6-27b -> DashScope API

    [qwen3.6-27b] 决策: select | 选笑话编号: 4
    [qwen3.6-27b] 决策: select | 选笑话编号: 2
    [qwen3.6-27b] 决策: create | 选笑话编号: None

  Item完成: 耗时52.2s | 总耗时79.5min
  速率限制器状态: 可用令牌=960.0/960
  已保存中间结果 (56 条)

============================================================
处理 es_0057... (57/1375)
  质量组: high (4个候选笑话)
  质量组: medium (4个候选笑话)
  质量组: low (4个候选笑话)
  并发执行 3 个评估任务 (max_workers=3)...
    [路由] qwen3.6-27b -> DashScope API
    [路由] qwen3.6-27b -> DashScope API
    [路由] qwen3.6-27b -> DashScope API
    [qwen3.6-27b] 决策: select | 选笑话编号: 4
    [qwen3.6-27b] 决策: create | 选笑话编号: None
    [qwen3.6-27b] 决策: select | 选笑话编号: 4

  Item完成: 耗时69.5s | 总耗时80.6min
  速率限制器状态: 可用令牌=960.0/960
  已保存中间结果 (57 条)

============================================================
处理 es_0058... (58/1375)
  质量组: high (4个候选笑话)
  质量组: medium (4个候选笑话)
  质量组: low (4个候选笑话)
  并发执行 3 个评估任务 (max_workers=3)...
    [路由] qwen3.6-27b -> DashScope API
    [路由] qwen3.6-27b -> DashScope API    [路由] qwen3.6-27b -> DashScope API

    [qwen3.6-27b] 决策: create | 选笑话编号: None
    [qwen3.6-27b] 决策: create | 选笑话编号: None
    [qwen3.6-27b] 决策: create | 选笑话编号: None

  Item完成: 耗时61.8s | 总耗时81.7min
  速率限制器状态: 可用令牌=960.0/960
  已保存中间结果 (58 条)

============================================================
处理 es_0059... (59/1375)
  质量组: high (4个候选笑话)
  质量组: medium (4个候选笑话)
  质量组: low (4个候选笑话)
  并发执行 3 个评估任务 (max_workers=3)...
    [路由] qwen3.6-27b -> DashScope API
    [路由] qwen3.6-27b -> DashScope API
    [路由] qwen3.6-27b -> DashScope API
    [qwen3.6-27b] 决策: select | 选笑话编号: 2
    [qwen3.6-27b] 决策: select | 选笑话编号: 3
    [qwen3.6-27b] 决策: create | 选笑话编号: None

  Item完成: 耗时47.5s | 总耗时82.5min
  速率限制器状态: 可用令牌=960.0/960
  已保存中间结果 (59 条)

============================================================
处理 es_0060... (60/1375)
  质量组: high (4个候选笑话)
  质量组: medium (4个候选笑话)
  质量组: low (4个候选笑话)
  并发执行 3 个评估任务 (max_workers=3)...
    [路由] qwen3.6-27b -> DashScope API
    [路由] qwen3.6-27b -> DashScope API    [路由] qwen3.6-27b -> DashScope API

    [qwen3.6-27b] 决策: select | 选笑话编号: 2
    [qwen3.6-27b] 决策: create | 选笑话编号: None
    [qwen3.6-27b] 决策: create | 选笑话编号: None

  Item完成: 耗时108.8s | 总耗时84.3min
  速率限制器状态: 可用令牌=960.0/960
  已保存中间结果 (60 条)

============================================================
处理 es_0061... (61/1375)
  质量组: high (4个候选笑话)
  质量组: medium (4个候选笑话)
  质量组: low (4个候选笑话)
  并发执行 3 个评估任务 (max_workers=3)...
    [路由] qwen3.6-27b -> DashScope API    [路由] qwen3.6-27b -> DashScope API

    [路由] qwen3.6-27b -> DashScope API
    [qwen3.6-27b] 决策: select | 选笑话编号: 2
    [qwen3.6-27b] 决策: create | 选笑话编号: None
    [qwen3.6-27b] 决策: create | 选笑话编号: None

  Item完成: 耗时124.3s | 总耗时86.3min
  速率限制器状态: 可用令牌=960.0/960
  已保存中间结果 (61 条)

============================================================
处理 es_0062... (62/1375)
  质量组: high (4个候选笑话)
  质量组: medium (4个候选笑话)
  质量组: low (4个候选笑话)
  并发执行 3 个评估任务 (max_workers=3)...
    [路由] qwen3.6-27b -> DashScope API
    [路由] qwen3.6-27b -> DashScope API    [路由] qwen3.6-27b -> DashScope API

    [qwen3.6-27b] 决策: select | 选笑话编号: 4
    [qwen3.6-27b] 决策: create | 选笑话编号: None
    [qwen3.6-27b] 决策: create | 选笑话编号: None

  Item完成: 耗时127.8s | 总耗时88.5min
  速率限制器状态: 可用令牌=960.0/960
  已保存中间结果 (62 条)

============================================================
处理 es_0063... (63/1375)
  质量组: high (4个候选笑话)
  质量组: medium (4个候选笑话)
  质量组: low (4个候选笑话)
  并发执行 3 个评估任务 (max_workers=3)...
    [路由] qwen3.6-27b -> DashScope API
    [路由] qwen3.6-27b -> DashScope API    [路由] qwen3.6-27b -> DashScope API

    [qwen3.6-27b] 决策: select | 选笑话编号: 4
    [qwen3.6-27b] 决策: create | 选笑话编号: None
    [qwen3.6-27b] 决策: create | 选笑话编号: None

  Item完成: 耗时201.5s | 总耗时91.8min
  速率限制器状态: 可用令牌=960.0/960
  已保存中间结果 (63 条)

============================================================
处理 es_0064... (64/1375)
  质量组: high (4个候选笑话)
  质量组: medium (4个候选笑话)
  质量组: low (4个候选笑话)
  并发执行 3 个评估任务 (max_workers=3)...
    [路由] qwen3.6-27b -> DashScope API    [路由] qwen3.6-27b -> DashScope API
    [路由] qwen3.6-27b -> DashScope API

    [qwen3.6-27b] 决策: create | 选笑话编号: None
    [qwen3.6-27b] 决策: select | 选笑话编号: 2
    [qwen3.6-27b] 决策: select | 选笑话编号: 2

  Item完成: 耗时47.4s | 总耗时92.6min
  速率限制器状态: 可用令牌=960.0/960
  已保存中间结果 (64 条)

============================================================
处理 es_0065... (65/1375)
  质量组: high (4个候选笑话)
  质量组: medium (4个候选笑话)
  质量组: low (4个候选笑话)
  并发执行 3 个评估任务 (max_workers=3)...
    [路由] qwen3.6-27b -> DashScope API
    [路由] qwen3.6-27b -> DashScope API    [路由] qwen3.6-27b -> DashScope API

    [qwen3.6-27b] 决策: select | 选笑话编号: 2
    [qwen3.6-27b] 决策: create | 选笑话编号: None
    [qwen3.6-27b] 决策: select | 选笑话编号: 4

  Item完成: 耗时63.7s | 总耗时93.7min
  速率限制器状态: 可用令牌=960.0/960
  已保存中间结果 (65 条)

============================================================
处理 es_0066... (66/1375)
  质量组: high (4个候选笑话)
  质量组: medium (4个候选笑话)
  质量组: low (4个候选笑话)
  并发执行 3 个评估任务 (max_workers=3)...
    [路由] qwen3.6-27b -> DashScope API
    [路由] qwen3.6-27b -> DashScope API
    [路由] qwen3.6-27b -> DashScope API
    [qwen3.6-27b] 决策: select | 选笑话编号: 2
    [qwen3.6-27b] 决策: create | 选笑话编号: None
    [qwen3.6-27b] 决策: create | 选笑话编号: None

  Item完成: 耗时53.5s | 总耗时94.6min
  速率限制器状态: 可用令牌=960.0/960
  已保存中间结果 (66 条)

============================================================
处理 es_0067... (67/1375)
  质量组: high (4个候选笑话)
  质量组: medium (4个候选笑话)
  质量组: low (4个候选笑话)
  并发执行 3 个评估任务 (max_workers=3)...
    [路由] qwen3.6-27b -> DashScope API    [路由] qwen3.6-27b -> DashScope API

    [路由] qwen3.6-27b -> DashScope API
    [qwen3.6-27b] 决策: select | 选笑话编号: 2
    [qwen3.6-27b] 决策: create | 选笑话编号: None
    [API] 可重试异常: HTTPSConnectionPool(host='dashscope.aliyuncs.com', port=443): Read timed out. (read timeout=300), 等待1.8s后重试 (1/5), model=qwen3.6-27b
    [qwen3.6-27b] 决策: create | 选笑话编号: None

  Item完成: 耗时354.5s | 总耗时100.5min
  速率限制器状态: 可用令牌=960.0/960
  已保存中间结果 (67 条)

============================================================
处理 es_0068... (68/1375)
  质量组: high (4个候选笑话)
  质量组: medium (4个候选笑话)
  质量组: low (4个候选笑话)
  并发执行 3 个评估任务 (max_workers=3)...
    [路由] qwen3.6-27b -> DashScope API    [路由] qwen3.6-27b -> DashScope API
    [路由] qwen3.6-27b -> DashScope API

    [qwen3.6-27b] 决策: select | 选笑话编号: 4
    [qwen3.6-27b] 决策: select | 选笑话编号: 4
    [qwen3.6-27b] 决策: create | 选笑话编号: None

  Item完成: 耗时45.4s | 总耗时101.2min
  速率限制器状态: 可用令牌=960.0/960
  已保存中间结果 (68 条)

============================================================
处理 es_0069... (69/1375)
  质量组: high (4个候选笑话)
  质量组: medium (4个候选笑话)
  质量组: low (4个候选笑话)
  并发执行 3 个评估任务 (max_workers=3)...
    [路由] qwen3.6-27b -> DashScope API
    [路由] qwen3.6-27b -> DashScope API
    [路由] qwen3.6-27b -> DashScope API
    [qwen3.6-27b] 决策: create | 选笑话编号: None
    [qwen3.6-27b] 决策: select | 选笑话编号: 4
    [qwen3.6-27b] 决策: create | 选笑话编号: None

  Item完成: 耗时70.3s | 总耗时102.4min
  速率限制器状态: 可用令牌=960.0/960
  已保存中间结果 (69 条)

============================================================
处理 es_0070... (70/1375)
  质量组: high (4个候选笑话)
  质量组: medium (4个候选笑话)
  质量组: low (4个候选笑话)
  并发执行 3 个评估任务 (max_workers=3)...
    [路由] qwen3.6-27b -> DashScope API    [路由] qwen3.6-27b -> DashScope API
    [路由] qwen3.6-27b -> DashScope API

    [qwen3.6-27b] 决策: select | 选笑话编号: 2
    [qwen3.6-27b] 决策: select | 选笑话编号: 2
    [qwen3.6-27b] 决策: create | 选笑话编号: None

  Item完成: 耗时48.2s | 总耗时103.2min
  速率限制器状态: 可用令牌=960.0/960
  已保存中间结果 (70 条)

============================================================
处理 es_0071... (71/1375)
  质量组: high (4个候选笑话)
  质量组: medium (4个候选笑话)
  质量组: low (4个候选笑话)
  并发执行 3 个评估任务 (max_workers=3)...
    [路由] qwen3.6-27b -> DashScope API    [路由] qwen3.6-27b -> DashScope API

    [路由] qwen3.6-27b -> DashScope API
    [qwen3.6-27b] 决策: select | 选笑话编号: 4
    [qwen3.6-27b] 决策: create | 选笑话编号: None
    [qwen3.6-27b] 决策: select | 选笑话编号: 4

  Item完成: 耗时48.1s | 总耗时104.0min
  速率限制器状态: 可用令牌=960.0/960
  已保存中间结果 (71 条)

============================================================
处理 es_0072... (72/1375)
  质量组: high (4个候选笑话)
  质量组: medium (4个候选笑话)
  质量组: low (4个候选笑话)
  并发执行 3 个评估任务 (max_workers=3)...
    [路由] qwen3.6-27b -> DashScope API    [路由] qwen3.6-27b -> DashScope API

    [路由] qwen3.6-27b -> DashScope API
    [qwen3.6-27b] 决策: select | 选笑话编号: 2
    [qwen3.6-27b] 决策: select | 选笑话编号: 4
    [qwen3.6-27b] 决策: create | 选笑话编号: None

  Item完成: 耗时68.2s | 总耗时105.2min
  速率限制器状态: 可用令牌=960.0/960
  已保存中间结果 (72 条)

============================================================
处理 es_0073... (73/1375)
  质量组: high (4个候选笑话)
  质量组: medium (4个候选笑话)
  质量组: low (4个候选笑话)
  并发执行 3 个评估任务 (max_workers=3)...
    [路由] qwen3.6-27b -> DashScope API
    [路由] qwen3.6-27b -> DashScope API
    [路由] qwen3.6-27b -> DashScope API
    [qwen3.6-27b] 决策: create | 选笑话编号: None
    [qwen3.6-27b] 决策: create | 选笑话编号: None
    [qwen3.6-27b] 决策: create | 选笑话编号: None

  Item完成: 耗时38.1s | 总耗时105.8min
  速率限制器状态: 可用令牌=960.0/960
  已保存中间结果 (73 条)

============================================================
处理 es_0074... (74/1375)
  质量组: high (4个候选笑话)
  质量组: medium (4个候选笑话)
  质量组: low (4个候选笑话)
  并发执行 3 个评估任务 (max_workers=3)...
    [路由] qwen3.6-27b -> DashScope API    [路由] qwen3.6-27b -> DashScope API

    [路由] qwen3.6-27b -> DashScope API
    [qwen3.6-27b] 决策: select | 选笑话编号: 2
    [qwen3.6-27b] 决策: create | 选笑话编号: None
    [qwen3.6-27b] 决策: create | 选笑话编号: None

  Item完成: 耗时66.7s | 总耗时106.9min
  速率限制器状态: 可用令牌=960.0/960
  已保存中间结果 (74 条)

============================================================
处理 es_0075... (75/1375)
  质量组: high (4个候选笑话)
  质量组: medium (4个候选笑话)
  质量组: low (4个候选笑话)
  并发执行 3 个评估任务 (max_workers=3)...
    [路由] qwen3.6-27b -> DashScope API    [路由] qwen3.6-27b -> DashScope API

    [路由] qwen3.6-27b -> DashScope API
    [qwen3.6-27b] 决策: create | 选笑话编号: None
    [qwen3.6-27b] 决策: create | 选笑话编号: None
    [qwen3.6-27b] 决策: create | 选笑话编号: None

  Item完成: 耗时103.5s | 总耗时108.6min
  速率限制器状态: 可用令牌=960.0/960
  已保存中间结果 (75 条)

============================================================
处理 es_0076... (76/1375)
  质量组: high (4个候选笑话)
  质量组: medium (4个候选笑话)
  质量组: low (4个候选笑话)
  并发执行 3 个评估任务 (max_workers=3)...
    [路由] qwen3.6-27b -> DashScope API
    [路由] qwen3.6-27b -> DashScope API    [路由] qwen3.6-27b -> DashScope API

    [qwen3.6-27b] 决策: create | 选笑话编号: None
    [qwen3.6-27b] 决策: create | 选笑话编号: None
    [qwen3.6-27b] 决策: create | 选笑话编号: None

  Item完成: 耗时73.6s | 总耗时109.9min
  速率限制器状态: 可用令牌=960.0/960
  已保存中间结果 (76 条)

============================================================
处理 es_0077... (77/1375)
  质量组: high (4个候选笑话)
  质量组: medium (4个候选笑话)
  质量组: low (4个候选笑话)
  并发执行 3 个评估任务 (max_workers=3)...
    [路由] qwen3.6-27b -> DashScope API    [路由] qwen3.6-27b -> DashScope API

    [路由] qwen3.6-27b -> DashScope API
    [qwen3.6-27b] 决策: select | 选笑话编号: 4
    [qwen3.6-27b] 决策: select | 选笑话编号: 2
    [qwen3.6-27b] 决策: create | 选笑话编号: None

  Item完成: 耗时56.5s | 总耗时110.8min
  速率限制器状态: 可用令牌=960.0/960
  已保存中间结果 (77 条)

============================================================
处理 es_0078... (78/1375)
  质量组: high (4个候选笑话)
  质量组: medium (4个候选笑话)
  质量组: low (4个候选笑话)
  并发执行 3 个评估任务 (max_workers=3)...
    [路由] qwen3.6-27b -> DashScope API
    [路由] qwen3.6-27b -> DashScope API
    [路由] qwen3.6-27b -> DashScope API
    [qwen3.6-27b] 决策: select | 选笑话编号: 2
    [qwen3.6-27b] 决策: select | 选笑话编号: 2
    [qwen3.6-27b] 决策: create | 选笑话编号: None

  Item完成: 耗时59.1s | 总耗时111.8min
  速率限制器状态: 可用令牌=960.0/960
  已保存中间结果 (78 条)

============================================================
处理 es_0079... (79/1375)
  质量组: high (4个候选笑话)
  质量组: medium (4个候选笑话)
  质量组: low (4个候选笑话)
  并发执行 3 个评估任务 (max_workers=3)...
    [路由] qwen3.6-27b -> DashScope API    [路由] qwen3.6-27b -> DashScope API
    [路由] qwen3.6-27b -> DashScope API

    [qwen3.6-27b] 决策: select | 选笑话编号: 2
    [qwen3.6-27b] 决策: create | 选笑话编号: None
    [qwen3.6-27b] 决策: create | 选笑话编号: None

  Item完成: 耗时47.8s | 总耗时112.6min
  速率限制器状态: 可用令牌=960.0/960
  已保存中间结果 (79 条)

============================================================
处理 es_0080... (80/1375)
  质量组: high (4个候选笑话)
  质量组: medium (4个候选笑话)
  质量组: low (4个候选笑话)
  并发执行 3 个评估任务 (max_workers=3)...
    [路由] qwen3.6-27b -> DashScope API    [路由] qwen3.6-27b -> DashScope API

    [路由] qwen3.6-27b -> DashScope API
    [qwen3.6-27b] 决策: select | 选笑话编号: 2
    [qwen3.6-27b] 决策: create | 选笑话编号: None
    [qwen3.6-27b] 决策: create | 选笑话编号: None

  Item完成: 耗时72.0s | 总耗时113.8min
  速率限制器状态: 可用令牌=960.0/960
  已保存中间结果 (80 条)

============================================================
处理 es_0081... (81/1375)
  质量组: high (4个候选笑话)
  质量组: medium (4个候选笑话)
  质量组: low (4个候选笑话)
  并发执行 3 个评估任务 (max_workers=3)...
    [路由] qwen3.6-27b -> DashScope API
    [路由] qwen3.6-27b -> DashScope API    [路由] qwen3.6-27b -> DashScope API

    [qwen3.6-27b] 决策: create | 选笑话编号: None
    [qwen3.6-27b] 决策: create | 选笑话编号: None
    [qwen3.6-27b] 决策: create | 选笑话编号: None

  Item完成: 耗时49.9s | 总耗时114.6min
  速率限制器状态: 可用令牌=960.0/960
  已保存中间结果 (81 条)

============================================================
处理 es_0082... (82/1375)
  质量组: high (4个候选笑话)
  质量组: medium (4个候选笑话)
  质量组: low (4个候选笑话)
  并发执行 3 个评估任务 (max_workers=3)...
    [路由] qwen3.6-27b -> DashScope API
    [路由] qwen3.6-27b -> DashScope API
    [路由] qwen3.6-27b -> DashScope API
    [qwen3.6-27b] 决策: select | 选笑话编号: 3
    [qwen3.6-27b] 决策: create | 选笑话编号: None
    [qwen3.6-27b] 决策: create | 选笑话编号: None

  Item完成: 耗时67.3s | 总耗时115.8min
  速率限制器状态: 可用令牌=960.0/960
  已保存中间结果 (82 条)

============================================================
处理 es_0083... (83/1375)
  质量组: high (4个候选笑话)
  质量组: medium (4个候选笑话)
  质量组: low (4个候选笑话)
  并发执行 3 个评估任务 (max_workers=3)...
    [路由] qwen3.6-27b -> DashScope API
    [路由] qwen3.6-27b -> DashScope API    [路由] qwen3.6-27b -> DashScope API

    [qwen3.6-27b] 决策: select | 选笑话编号: 1
    [qwen3.6-27b] 决策: create | 选笑话编号: None
    [qwen3.6-27b] 决策: create | 选笑话编号: None

  Item完成: 耗时93.6s | 总耗时117.3min
  速率限制器状态: 可用令牌=960.0/960
  已保存中间结果 (83 条)

============================================================
处理 es_0084... (84/1375)
  质量组: high (4个候选笑话)
  质量组: medium (4个候选笑话)
  质量组: low (4个候选笑话)
  并发执行 3 个评估任务 (max_workers=3)...
    [路由] qwen3.6-27b -> DashScope API
    [路由] qwen3.6-27b -> DashScope API
    [路由] qwen3.6-27b -> DashScope API
    [qwen3.6-27b] 决策: select | 选笑话编号: 4
    [qwen3.6-27b] 决策: create | 选笑话编号: None
    [qwen3.6-27b] 决策: create | 选笑话编号: None

  Item完成: 耗时57.1s | 总耗时118.3min
  速率限制器状态: 可用令牌=960.0/960
  已保存中间结果 (84 条)

============================================================
处理 es_0085... (85/1375)
  质量组: high (4个候选笑话)
  质量组: medium (4个候选笑话)
  质量组: low (4个候选笑话)
  并发执行 3 个评估任务 (max_workers=3)...
    [路由] qwen3.6-27b -> DashScope API
    [路由] qwen3.6-27b -> DashScope API
    [路由] qwen3.6-27b -> DashScope API
    [qwen3.6-27b] 决策: select | 选笑话编号: 3
    [qwen3.6-27b] 决策: create | 选笑话编号: None
    [qwen3.6-27b] 决策: create | 选笑话编号: None

  Item完成: 耗时61.7s | 总耗时119.3min
  速率限制器状态: 可用令牌=960.0/960
  已保存中间结果 (85 条)

============================================================
处理 es_0086... (86/1375)
  质量组: high (4个候选笑话)
  质量组: medium (4个候选笑话)
  质量组: low (4个候选笑话)
  并发执行 3 个评估任务 (max_workers=3)...
    [路由] qwen3.6-27b -> DashScope API
    [路由] qwen3.6-27b -> DashScope API    [路由] qwen3.6-27b -> DashScope API

    [qwen3.6-27b] 决策: select | 选笑话编号: 3
    [qwen3.6-27b] 决策: create | 选笑话编号: None
    [qwen3.6-27b] 决策: create | 选笑话编号: None

  Item完成: 耗时67.3s | 总耗时120.4min
  速率限制器状态: 可用令牌=960.0/960
  已保存中间结果 (86 条)

============================================================
处理 es_0087... (87/1375)
  质量组: high (4个候选笑话)
  质量组: medium (4个候选笑话)
  质量组: low (4个候选笑话)
  并发执行 3 个评估任务 (max_workers=3)...
    [路由] qwen3.6-27b -> DashScope API    [路由] qwen3.6-27b -> DashScope API

    [路由] qwen3.6-27b -> DashScope API
    [qwen3.6-27b] 决策: select | 选笑话编号: 2
    [qwen3.6-27b] 决策: create | 选笑话编号: None
    [qwen3.6-27b] 决策: create | 选笑话编号: None

  Item完成: 耗时48.4s | 总耗时121.2min
  速率限制器状态: 可用令牌=960.0/960
  已保存中间结果 (87 条)

============================================================
处理 es_0088... (88/1375)
  质量组: high (4个候选笑话)
  质量组: medium (4个候选笑话)
  质量组: low (4个候选笑话)
  并发执行 3 个评估任务 (max_workers=3)...
    [路由] qwen3.6-27b -> DashScope API
    [路由] qwen3.6-27b -> DashScope API
    [路由] qwen3.6-27b -> DashScope API
    [qwen3.6-27b] 决策: select | 选笑话编号: 2
    [qwen3.6-27b] 决策: select | 选笑话编号: 2
    [qwen3.6-27b] 决策: create | 选笑话编号: None

  Item完成: 耗时83.2s | 总耗时122.6min
  速率限制器状态: 可用令牌=960.0/960
  已保存中间结果 (88 条)

============================================================
处理 es_0089... (89/1375)
  质量组: high (4个候选笑话)
  质量组: medium (4个候选笑话)
  质量组: low (4个候选笑话)
  并发执行 3 个评估任务 (max_workers=3)...
    [路由] qwen3.6-27b -> DashScope API
    [路由] qwen3.6-27b -> DashScope API    [路由] qwen3.6-27b -> DashScope API

    [qwen3.6-27b] 决策: select | 选笑话编号: 2
    [qwen3.6-27b] 决策: create | 选笑话编号: None
    [qwen3.6-27b] 决策: create | 选笑话编号: None

  Item完成: 耗时53.0s | 总耗时123.5min
  速率限制器状态: 可用令牌=960.0/960
  已保存中间结果 (89 条)

============================================================
处理 es_0090... (90/1375)
  质量组: high (4个候选笑话)
  质量组: medium (4个候选笑话)
  质量组: low (4个候选笑话)
  并发执行 3 个评估任务 (max_workers=3)...
    [路由] qwen3.6-27b -> DashScope API
    [路由] qwen3.6-27b -> DashScope API
    [路由] qwen3.6-27b -> DashScope API
    [qwen3.6-27b] 决策: select | 选笑话编号: 2
    [qwen3.6-27b] 决策: create | 选笑话编号: None
    [API] 可重试异常: HTTPSConnectionPool(host='dashscope.aliyuncs.com', port=443): Read timed out. (read timeout=300), 等待2.2s后重试 (1/5), model=qwen3.6-27b
    [qwen3.6-27b] 决策: create | 选笑话编号: None

  Item完成: 耗时353.3s | 总耗时129.4min
  速率限制器状态: 可用令牌=960.0/960
  已保存中间结果 (90 条)

============================================================
处理 es_0091... (91/1375)
  质量组: high (4个候选笑话)
  质量组: medium (4个候选笑话)
  质量组: low (4个候选笑话)
  并发执行 3 个评估任务 (max_workers=3)...
    [路由] qwen3.6-27b -> DashScope API
    [路由] qwen3.6-27b -> DashScope API    [路由] qwen3.6-27b -> DashScope API

    [qwen3.6-27b] 决策: select | 选笑话编号: 4
    [qwen3.6-27b] 决策: select | 选笑话编号: 1
    [qwen3.6-27b] 决策: create | 选笑话编号: None

  Item完成: 耗时80.7s | 总耗时130.7min
  速率限制器状态: 可用令牌=960.0/960
  已保存中间结果 (91 条)

============================================================
处理 es_0092... (92/1375)
  质量组: high (4个候选笑话)
  质量组: medium (4个候选笑话)
  质量组: low (4个候选笑话)
  并发执行 3 个评估任务 (max_workers=3)...
    [路由] qwen3.6-27b -> DashScope API
    [路由] qwen3.6-27b -> DashScope API    [路由] qwen3.6-27b -> DashScope API

    [qwen3.6-27b] 决策: create | 选笑话编号: None
    [qwen3.6-27b] 决策: create | 选笑话编号: None
    [qwen3.6-27b] 决策: create | 选笑话编号: None

  Item完成: 耗时58.5s | 总耗时131.7min
  速率限制器状态: 可用令牌=960.0/960
  已保存中间结果 (92 条)

============================================================
处理 es_0093... (93/1375)
  质量组: high (4个候选笑话)
  质量组: medium (4个候选笑话)
  质量组: low (4个候选笑话)
  并发执行 3 个评估任务 (max_workers=3)...
    [路由] qwen3.6-27b -> DashScope API
    [路由] qwen3.6-27b -> DashScope API
    [路由] qwen3.6-27b -> DashScope API
    [qwen3.6-27b] 决策: select | 选笑话编号: 4
    [qwen3.6-27b] 决策: select | 选笑话编号: 4
    [qwen3.6-27b] 决策: select | 选笑话编号: 2

  Item完成: 耗时34.1s | 总耗时132.3min
  速率限制器状态: 可用令牌=960.0/960
  已保存中间结果 (93 条)

============================================================
处理 es_0094... (94/1375)
  质量组: high (4个候选笑话)
  质量组: medium (4个候选笑话)
  质量组: low (4个候选笑话)
  并发执行 3 个评估任务 (max_workers=3)...
    [路由] qwen3.6-27b -> DashScope API    [路由] qwen3.6-27b -> DashScope API

    [路由] qwen3.6-27b -> DashScope API
    [qwen3.6-27b] 决策: create | 选笑话编号: None
    [qwen3.6-27b] 决策: create | 选笑话编号: None
    [qwen3.6-27b] 决策: create | 选笑话编号: None

  Item完成: 耗时68.1s | 总耗时133.4min
  速率限制器状态: 可用令牌=960.0/960
  已保存中间结果 (94 条)

============================================================
处理 es_0095... (95/1375)
  质量组: high (4个候选笑话)
  质量组: medium (4个候选笑话)
  质量组: low (4个候选笑话)
  并发执行 3 个评估任务 (max_workers=3)...
    [路由] qwen3.6-27b -> DashScope API    [路由] qwen3.6-27b -> DashScope API

    [路由] qwen3.6-27b -> DashScope API
    [qwen3.6-27b] 决策: select | 选笑话编号: 1
    [qwen3.6-27b] 决策: create | 选笑话编号: None
    [qwen3.6-27b] 决策: create | 选笑话编号: None

  Item完成: 耗时45.2s | 总耗时134.2min
  速率限制器状态: 可用令牌=960.0/960
  已保存中间结果 (95 条)

============================================================
处理 es_0096... (96/1375)
  质量组: high (4个候选笑话)
  质量组: medium (4个候选笑话)
  质量组: low (4个候选笑话)
  并发执行 3 个评估任务 (max_workers=3)...
    [路由] qwen3.6-27b -> DashScope API
    [路由] qwen3.6-27b -> DashScope API    [路由] qwen3.6-27b -> DashScope API

    [qwen3.6-27b] 决策: select | 选笑话编号: 2
    [qwen3.6-27b] 决策: create | 选笑话编号: None
    [qwen3.6-27b] 决策: create | 选笑话编号: None

  Item完成: 耗时63.2s | 总耗时135.2min
  速率限制器状态: 可用令牌=960.0/960
  已保存中间结果 (96 条)

============================================================
处理 es_0097... (97/1375)
  质量组: high (4个候选笑话)
  质量组: medium (4个候选笑话)
  质量组: low (4个候选笑话)
  并发执行 3 个评估任务 (max_workers=3)...
    [路由] qwen3.6-27b -> DashScope API    [路由] qwen3.6-27b -> DashScope API
    [路由] qwen3.6-27b -> DashScope API

    [qwen3.6-27b] 决策: select | 选笑话编号: 4
    [qwen3.6-27b] 决策: create | 选笑话编号: None
    [qwen3.6-27b] 决策: create | 选笑话编号: None

  Item完成: 耗时92.6s | 总耗时136.8min
  速率限制器状态: 可用令牌=960.0/960
  已保存中间结果 (97 条)

============================================================
处理 es_0098... (98/1375)
  质量组: high (4个候选笑话)
  质量组: medium (4个候选笑话)
  质量组: low (4个候选笑话)
  并发执行 3 个评估任务 (max_workers=3)...
    [路由] qwen3.6-27b -> DashScope API
    [路由] qwen3.6-27b -> DashScope API    [路由] qwen3.6-27b -> DashScope API

    [qwen3.6-27b] 决策: create | 选笑话编号: None
    [qwen3.6-27b] 决策: select | 选笑话编号: 2
    [qwen3.6-27b] 决策: create | 选笑话编号: None

  Item完成: 耗时55.7s | 总耗时137.7min
  速率限制器状态: 可用令牌=960.0/960
  已保存中间结果 (98 条)

============================================================
处理 es_0099... (99/1375)
  质量组: high (4个候选笑话)
  质量组: medium (4个候选笑话)
  质量组: low (4个候选笑话)
  并发执行 3 个评估任务 (max_workers=3)...
    [路由] qwen3.6-27b -> DashScope API
    [路由] qwen3.6-27b -> DashScope API    [路由] qwen3.6-27b -> DashScope API

    [qwen3.6-27b] 决策: create | 选笑话编号: None
    [qwen3.6-27b] 决策: create | 选笑话编号: None
    [qwen3.6-27b] 决策: create | 选笑话编号: None

  Item完成: 耗时64.4s | 总耗时138.8min
  速率限制器状态: 可用令牌=960.0/960
  已保存中间结果 (99 条)

============================================================
处理 es_0100... (100/1375)
  质量组: high (4个候选笑话)
  质量组: medium (4个候选笑话)
  质量组: low (4个候选笑话)
  并发执行 3 个评估任务 (max_workers=3)...
    [路由] qwen3.6-27b -> DashScope API
    [路由] qwen3.6-27b -> DashScope API    [路由] qwen3.6-27b -> DashScope API

    [qwen3.6-27b] 决策: select | 选笑话编号: 1
    [qwen3.6-27b] 决策: create | 选笑话编号: None
    [qwen3.6-27b] 决策: create | 选笑话编号: None

  Item完成: 耗时53.8s | 总耗时139.7min
  速率限制器状态: 可用令牌=960.0/960
  已保存中间结果 (100 条)

============================================================
处理 es_0201... (101/1375)
  质量组: high (4个候选笑话)
  质量组: medium (4个候选笑话)
  质量组: low (4个候选笑话)
  并发执行 3 个评估任务 (max_workers=3)...
    [路由] qwen3.6-27b -> DashScope API
    [路由] qwen3.6-27b -> DashScope API
    [路由] qwen3.6-27b -> DashScope API
    [qwen3.6-27b] 决策: create | 选笑话编号: None
    [qwen3.6-27b] 决策: create | 选笑话编号: None
    [qwen3.6-27b] 决策: create | 选笑话编号: None

  Item完成: 耗时78.0s | 总耗时141.0min
  速率限制器状态: 可用令牌=960.0/960
  已保存中间结果 (101 条)

============================================================
处理 es_0202... (102/1375)
  质量组: high (4个候选笑话)
  质量组: medium (4个候选笑话)
  质量组: low (4个候选笑话)
  并发执行 3 个评估任务 (max_workers=3)...
    [路由] qwen3.6-27b -> DashScope API    [路由] qwen3.6-27b -> DashScope API
    [路由] qwen3.6-27b -> DashScope API

    [qwen3.6-27b] 决策: select | 选笑话编号: 4
    [qwen3.6-27b] 决策: create | 选笑话编号: None
    [qwen3.6-27b] 决策: create | 选笑话编号: None

  Item完成: 耗时104.1s | 总耗时142.7min
  速率限制器状态: 可用令牌=960.0/960
  已保存中间结果 (102 条)

============================================================
处理 es_0203... (103/1375)
  质量组: high (4个候选笑话)
  质量组: medium (4个候选笑话)
  质量组: low (4个候选笑话)
  并发执行 3 个评估任务 (max_workers=3)...
    [路由] qwen3.6-27b -> DashScope API    [路由] qwen3.6-27b -> DashScope API

    [路由] qwen3.6-27b -> DashScope API
    [qwen3.6-27b] 决策: select | 选笑话编号: 2
    [qwen3.6-27b] 决策: select | 选笑话编号: 2
    [qwen3.6-27b] 决策: create | 选笑话编号: None

  Item完成: 耗时62.7s | 总耗时143.7min
  速率限制器状态: 可用令牌=960.0/960
  已保存中间结果 (103 条)

============================================================
处理 es_0204... (104/1375)
  质量组: high (4个候选笑话)
  质量组: medium (4个候选笑话)
  质量组: low (4个候选笑话)
  并发执行 3 个评估任务 (max_workers=3)...
    [路由] qwen3.6-27b -> DashScope API    [路由] qwen3.6-27b -> DashScope API

    [路由] qwen3.6-27b -> DashScope API
    [qwen3.6-27b] 决策: select | 选笑话编号: 4
    [qwen3.6-27b] 决策: create | 选笑话编号: None
    [qwen3.6-27b] 决策: create | 选笑话编号: None

  Item完成: 耗时98.6s | 总耗时145.4min
  速率限制器状态: 可用令牌=960.0/960
  已保存中间结果 (104 条)

============================================================
处理 es_0205... (105/1375)
  质量组: high (4个候选笑话)
  质量组: medium (4个候选笑话)
  质量组: low (4个候选笑话)
  并发执行 3 个评估任务 (max_workers=3)...
    [路由] qwen3.6-27b -> DashScope API
    [路由] qwen3.6-27b -> DashScope API    [路由] qwen3.6-27b -> DashScope API

    [qwen3.6-27b] 决策: select | 选笑话编号: 2
    [qwen3.6-27b] 决策: create | 选笑话编号: None
    [qwen3.6-27b] 决策: create | 选笑话编号: None

  Item完成: 耗时76.0s | 总耗时146.7min
  速率限制器状态: 可用令牌=960.0/960
  已保存中间结果 (105 条)

============================================================
处理 es_0206... (106/1375)
  质量组: high (4个候选笑话)
  质量组: medium (4个候选笑话)
  质量组: low (4个候选笑话)
  并发执行 3 个评估任务 (max_workers=3)...
    [路由] qwen3.6-27b -> DashScope API
    [路由] qwen3.6-27b -> DashScope API
    [路由] qwen3.6-27b -> DashScope API
    [qwen3.6-27b] 决策: select | 选笑话编号: 1
    [qwen3.6-27b] 决策: create | 选笑话编号: None
    [qwen3.6-27b] 决策: create | 选笑话编号: None

  Item完成: 耗时54.0s | 总耗时147.6min
  速率限制器状态: 可用令牌=960.0/960
  已保存中间结果 (106 条)

============================================================
处理 es_0207... (107/1375)
  质量组: high (4个候选笑话)
  质量组: medium (4个候选笑话)
  质量组: low (4个候选笑话)
  并发执行 3 个评估任务 (max_workers=3)...
    [路由] qwen3.6-27b -> DashScope API    [路由] qwen3.6-27b -> DashScope API

    [路由] qwen3.6-27b -> DashScope API
    [qwen3.6-27b] 决策: select | 选笑话编号: 1
    [qwen3.6-27b] 决策: select | 选笑话编号: 2
    [qwen3.6-27b] 决策: create | 选笑话编号: None

  Item完成: 耗时54.5s | 总耗时148.5min
  速率限制器状态: 可用令牌=960.0/960
  已保存中间结果 (107 条)

============================================================
处理 es_0208... (108/1375)
  质量组: high (4个候选笑话)
  质量组: medium (4个候选笑话)
  质量组: low (4个候选笑话)
  并发执行 3 个评估任务 (max_workers=3)...
    [路由] qwen3.6-27b -> DashScope API    [路由] qwen3.6-27b -> DashScope API
    [路由] qwen3.6-27b -> DashScope API

    [qwen3.6-27b] 决策: select | 选笑话编号: 4
    [qwen3.6-27b] 决策: select | 选笑话编号: 2
    [qwen3.6-27b] 决策: create | 选笑话编号: None

  Item完成: 耗时64.6s | 总耗时149.5min
  速率限制器状态: 可用令牌=960.0/960
  已保存中间结果 (108 条)

============================================================
处理 es_0209... (109/1375)
  质量组: high (4个候选笑话)
  质量组: medium (4个候选笑话)
  质量组: low (4个候选笑话)
  并发执行 3 个评估任务 (max_workers=3)...
    [路由] qwen3.6-27b -> DashScope API    [路由] qwen3.6-27b -> DashScope API
    [路由] qwen3.6-27b -> DashScope API

    [qwen3.6-27b] 决策: create | 选笑话编号: None
    [qwen3.6-27b] 决策: create | 选笑话编号: None
    [qwen3.6-27b] 决策: select | 选笑话编号: 4

  Item完成: 耗时50.6s | 总耗时150.4min
  速率限制器状态: 可用令牌=960.0/960
  已保存中间结果 (109 条)

============================================================
处理 es_0210... (110/1375)
  质量组: high (4个候选笑话)
  质量组: medium (4个候选笑话)
  质量组: low (4个候选笑话)
  并发执行 3 个评估任务 (max_workers=3)...
    [路由] qwen3.6-27b -> DashScope API
    [路由] qwen3.6-27b -> DashScope API    [路由] qwen3.6-27b -> DashScope API

    [qwen3.6-27b] 决策: select | 选笑话编号: 2
    [qwen3.6-27b] 决策: create | 选笑话编号: None
    [qwen3.6-27b] 决策: create | 选笑话编号: None

  Item完成: 耗时53.0s | 总耗时151.3min
  速率限制器状态: 可用令牌=960.0/960
  已保存中间结果 (110 条)

============================================================
处理 es_0211... (111/1375)
  质量组: high (4个候选笑话)
  质量组: medium (4个候选笑话)
  质量组: low (4个候选笑话)
  并发执行 3 个评估任务 (max_workers=3)...
    [路由] qwen3.6-27b -> DashScope API
    [路由] qwen3.6-27b -> DashScope API    [路由] qwen3.6-27b -> DashScope API

    [qwen3.6-27b] 决策: select | 选笑话编号: 1
    [qwen3.6-27b] 决策: create | 选笑话编号: None
    [qwen3.6-27b] 决策: create | 选笑话编号: None

  Item完成: 耗时99.8s | 总耗时152.9min
  速率限制器状态: 可用令牌=960.0/960
  已保存中间结果 (111 条)

============================================================
处理 es_0212... (112/1375)
  质量组: high (4个候选笑话)
  质量组: medium (4个候选笑话)
  质量组: low (4个候选笑话)
  并发执行 3 个评估任务 (max_workers=3)...
    [路由] qwen3.6-27b -> DashScope API
    [路由] qwen3.6-27b -> DashScope API    [路由] qwen3.6-27b -> DashScope API

    [qwen3.6-27b] 决策: select | 选笑话编号: 2
    [qwen3.6-27b] 决策: create | 选笑话编号: None
    [qwen3.6-27b] 决策: create | 选笑话编号: None

  Item完成: 耗时41.6s | 总耗时153.6min
  速率限制器状态: 可用令牌=960.0/960
  已保存中间结果 (112 条)

============================================================
处理 es_0213... (113/1375)
  质量组: high (4个候选笑话)
  质量组: medium (4个候选笑话)
  质量组: low (4个候选笑话)
  并发执行 3 个评估任务 (max_workers=3)...
    [路由] qwen3.6-27b -> DashScope API    [路由] qwen3.6-27b -> DashScope API

    [路由] qwen3.6-27b -> DashScope API
    [qwen3.6-27b] 决策: select | 选笑话编号: 4
    [qwen3.6-27b] 决策: select | 选笑话编号: 4
    [qwen3.6-27b] 决策: create | 选笑话编号: None

  Item完成: 耗时46.1s | 总耗时154.4min
  速率限制器状态: 可用令牌=960.0/960
  已保存中间结果 (113 条)

============================================================
处理 es_0214... (114/1375)
  质量组: high (4个候选笑话)
  质量组: medium (4个候选笑话)
  质量组: low (4个候选笑话)
  并发执行 3 个评估任务 (max_workers=3)...
    [路由] qwen3.6-27b -> DashScope API    [路由] qwen3.6-27b -> DashScope API
    [路由] qwen3.6-27b -> DashScope API

    [qwen3.6-27b] 决策: select | 选笑话编号: 3
    [qwen3.6-27b] 决策: select | 选笑话编号: 3
    [qwen3.6-27b] 决策: create | 选笑话编号: None

  Item完成: 耗时55.3s | 总耗时155.3min
  速率限制器状态: 可用令牌=960.0/960
  已保存中间结果 (114 条)

============================================================
处理 es_0215... (115/1375)
  质量组: high (4个候选笑话)
  质量组: medium (4个候选笑话)
  质量组: low (4个候选笑话)
  并发执行 3 个评估任务 (max_workers=3)...
    [路由] qwen3.6-27b -> DashScope API
    [路由] qwen3.6-27b -> DashScope API
    [路由] qwen3.6-27b -> DashScope API
    [qwen3.6-27b] 决策: select | 选笑话编号: 2
    [qwen3.6-27b] 决策: select | 选笑话编号: 2
    [qwen3.6-27b] 决策: create | 选笑话编号: None

  Item完成: 耗时35.1s | 总耗时155.9min
  速率限制器状态: 可用令牌=960.0/960
  已保存中间结果 (115 条)

============================================================
处理 es_0216... (116/1375)
  质量组: high (4个候选笑话)
  质量组: medium (4个候选笑话)
  质量组: low (4个候选笑话)
  并发执行 3 个评估任务 (max_workers=3)...
    [路由] qwen3.6-27b -> DashScope API
    [路由] qwen3.6-27b -> DashScope API
    [路由] qwen3.6-27b -> DashScope API
    [qwen3.6-27b] 决策: create | 选笑话编号: None
    [qwen3.6-27b] 决策: create | 选笑话编号: None
    [qwen3.6-27b] 决策: create | 选笑话编号: None

  Item完成: 耗时59.1s | 总耗时156.9min
  速率限制器状态: 可用令牌=960.0/960
  已保存中间结果 (116 条)

============================================================
处理 es_0217... (117/1375)
  质量组: high (4个候选笑话)
  质量组: medium (4个候选笑话)
  质量组: low (4个候选笑话)
  并发执行 3 个评估任务 (max_workers=3)...
    [路由] qwen3.6-27b -> DashScope API
    [路由] qwen3.6-27b -> DashScope API    [路由] qwen3.6-27b -> DashScope API

    [qwen3.6-27b] 决策: select | 选笑话编号: 2
    [qwen3.6-27b] 决策: create | 选笑话编号: None
    [qwen3.6-27b] 决策: create | 选笑话编号: None

  Item完成: 耗时52.6s | 总耗时157.8min
  速率限制器状态: 可用令牌=960.0/960
  已保存中间结果 (117 条)

============================================================
处理 es_0218... (118/1375)
  质量组: high (4个候选笑话)
  质量组: medium (4个候选笑话)
  质量组: low (4个候选笑话)
  并发执行 3 个评估任务 (max_workers=3)...
    [路由] qwen3.6-27b -> DashScope API
    [路由] qwen3.6-27b -> DashScope API    [路由] qwen3.6-27b -> DashScope API

    [qwen3.6-27b] 决策: select | 选笑话编号: 2
    [qwen3.6-27b] 决策: create | 选笑话编号: None
    [qwen3.6-27b] 决策: create | 选笑话编号: None

  Item完成: 耗时67.6s | 总耗时158.9min
  速率限制器状态: 可用令牌=960.0/960
  已保存中间结果 (118 条)

============================================================
处理 es_0219... (119/1375)
  质量组: high (4个候选笑话)
  质量组: medium (4个候选笑话)
  质量组: low (4个候选笑话)
  并发执行 3 个评估任务 (max_workers=3)...
    [路由] qwen3.6-27b -> DashScope API
    [路由] qwen3.6-27b -> DashScope API
    [路由] qwen3.6-27b -> DashScope API
    [qwen3.6-27b] 决策: create | 选笑话编号: None
    [qwen3.6-27b] 决策: create | 选笑话编号: None
    [API] 可重试异常: HTTPSConnectionPool(host='dashscope.aliyuncs.com', port=443): Read timed out. (read timeout=300), 等待2.3s后重试 (1/5), model=qwen3.6-27b
    [qwen3.6-27b] 决策: select | 选笑话编号: 2

  Item完成: 耗时333.6s | 总耗时164.5min
  速率限制器状态: 可用令牌=960.0/960
  已保存中间结果 (119 条)

============================================================
处理 es_0220... (120/1375)
  质量组: high (4个候选笑话)
  质量组: medium (4个候选笑话)
  质量组: low (4个候选笑话)
  并发执行 3 个评估任务 (max_workers=3)...
    [路由] qwen3.6-27b -> DashScope API
    [路由] qwen3.6-27b -> DashScope API
    [路由] qwen3.6-27b -> DashScope API
    [qwen3.6-27b] 决策: create | 选笑话编号: None
    [qwen3.6-27b] 决策: select | 选笑话编号: 2
    [qwen3.6-27b] 决策: create | 选笑话编号: None

  Item完成: 耗时47.9s | 总耗时165.3min
  速率限制器状态: 可用令牌=960.0/960
  已保存中间结果 (120 条)

============================================================
处理 es_0221... (121/1375)
  质量组: high (4个候选笑话)
  质量组: medium (4个候选笑话)
  质量组: low (4个候选笑话)
  并发执行 3 个评估任务 (max_workers=3)...
    [路由] qwen3.6-27b -> DashScope API    [路由] qwen3.6-27b -> DashScope API
    [路由] qwen3.6-27b -> DashScope API

    [qwen3.6-27b] 决策: create | 选笑话编号: None
    [qwen3.6-27b] 决策: create | 选笑话编号: None
    [qwen3.6-27b] 决策: create | 选笑话编号: None

  Item完成: 耗时118.1s | 总耗时167.2min
  速率限制器状态: 可用令牌=960.0/960
  已保存中间结果 (121 条)

============================================================
处理 es_0222... (122/1375)
  质量组: high (4个候选笑话)
  质量组: medium (4个候选笑话)
  质量组: low (4个候选笑话)
  并发执行 3 个评估任务 (max_workers=3)...
    [路由] qwen3.6-27b -> DashScope API
    [路由] qwen3.6-27b -> DashScope API    [路由] qwen3.6-27b -> DashScope API

    [qwen3.6-27b] 决策: select | 选笑话编号: 3
    [qwen3.6-27b] 决策: create | 选笑话编号: None
    [qwen3.6-27b] 决策: create | 选笑话编号: None

  Item完成: 耗时36.5s | 总耗时167.8min
  速率限制器状态: 可用令牌=960.0/960
  已保存中间结果 (122 条)

============================================================
处理 es_0223... (123/1375)
  质量组: high (4个候选笑话)
  质量组: medium (4个候选笑话)
  质量组: low (4个候选笑话)
  并发执行 3 个评估任务 (max_workers=3)...
    [路由] qwen3.6-27b -> DashScope API
    [路由] qwen3.6-27b -> DashScope API
    [路由] qwen3.6-27b -> DashScope API
    [qwen3.6-27b] 决策: select | 选笑话编号: 3
    [qwen3.6-27b] 决策: create | 选笑话编号: None
    [qwen3.6-27b] 决策: create | 选笑话编号: None

  Item完成: 耗时104.6s | 总耗时169.6min
  速率限制器状态: 可用令牌=960.0/960
  已保存中间结果 (123 条)

============================================================
处理 es_0224... (124/1375)
  质量组: high (4个候选笑话)
  质量组: medium (4个候选笑话)
  质量组: low (4个候选笑话)
  并发执行 3 个评估任务 (max_workers=3)...
    [路由] qwen3.6-27b -> DashScope API    [路由] qwen3.6-27b -> DashScope API

    [路由] qwen3.6-27b -> DashScope API
    [qwen3.6-27b] 决策: select | 选笑话编号: 4
    [qwen3.6-27b] 决策: create | 选笑话编号: None
    [qwen3.6-27b] 决策: create | 选笑话编号: None

  Item完成: 耗时74.0s | 总耗时170.8min
  速率限制器状态: 可用令牌=960.0/960
  已保存中间结果 (124 条)

============================================================
处理 es_0225... (125/1375)
  质量组: high (4个候选笑话)
  质量组: medium (4个候选笑话)
  质量组: low (4个候选笑话)
  并发执行 3 个评估任务 (max_workers=3)...
    [路由] qwen3.6-27b -> DashScope API
    [路由] qwen3.6-27b -> DashScope API
    [路由] qwen3.6-27b -> DashScope API
    [qwen3.6-27b] 决策: create | 选笑话编号: None
    [qwen3.6-27b] 决策: create | 选笑话编号: None
    [qwen3.6-27b] 决策: create | 选笑话编号: None

  Item完成: 耗时70.3s | 总耗时172.0min
  速率限制器状态: 可用令牌=960.0/960
  已保存中间结果 (125 条)

============================================================
处理 es_0226... (126/1375)
  质量组: high (4个候选笑话)
  质量组: medium (4个候选笑话)
  质量组: low (4个候选笑话)
  并发执行 3 个评估任务 (max_workers=3)...
    [路由] qwen3.6-27b -> DashScope API    [路由] qwen3.6-27b -> DashScope API

    [路由] qwen3.6-27b -> DashScope API
    [qwen3.6-27b] 决策: select | 选笑话编号: 4
    [qwen3.6-27b] 决策: create | 选笑话编号: None
    [qwen3.6-27b] 决策: create | 选笑话编号: None

  Item完成: 耗时53.4s | 总耗时172.9min
  速率限制器状态: 可用令牌=960.0/960
  已保存中间结果 (126 条)

============================================================
处理 es_0227... (127/1375)
  质量组: high (4个候选笑话)
  质量组: medium (4个候选笑话)
  质量组: low (4个候选笑话)
  并发执行 3 个评估任务 (max_workers=3)...
    [路由] qwen3.6-27b -> DashScope API
    [路由] qwen3.6-27b -> DashScope API    [路由] qwen3.6-27b -> DashScope API

    [qwen3.6-27b] 决策: create | 选笑话编号: None
    [qwen3.6-27b] 决策: create | 选笑话编号: None
    [API] 可重试异常: HTTPSConnectionPool(host='dashscope.aliyuncs.com', port=443): Read timed out. (read timeout=300), 等待1.8s后重试 (1/5), model=qwen3.6-27b
    [qwen3.6-27b] 决策: create | 选笑话编号: None

  Item完成: 耗时375.5s | 总耗时179.1min
  速率限制器状态: 可用令牌=960.0/960
  已保存中间结果 (127 条)

============================================================
处理 es_0228... (128/1375)
  质量组: high (4个候选笑话)
  质量组: medium (4个候选笑话)
  质量组: low (4个候选笑话)
  并发执行 3 个评估任务 (max_workers=3)...
    [路由] qwen3.6-27b -> DashScope API
    [路由] qwen3.6-27b -> DashScope API    [路由] qwen3.6-27b -> DashScope API

    [qwen3.6-27b] 决策: select | 选笑话编号: 4
    [qwen3.6-27b] 决策: create | 选笑话编号: None
    [qwen3.6-27b] 决策: create | 选笑话编号: None

  Item完成: 耗时79.2s | 总耗时180.5min
  速率限制器状态: 可用令牌=960.0/960
  已保存中间结果 (128 条)

============================================================
处理 es_0229... (129/1375)
  质量组: high (4个候选笑话)
  质量组: medium (4个候选笑话)
  质量组: low (4个候选笑话)
  并发执行 3 个评估任务 (max_workers=3)...
    [路由] qwen3.6-27b -> DashScope API
    [路由] qwen3.6-27b -> DashScope API    [路由] qwen3.6-27b -> DashScope API

    [qwen3.6-27b] 决策: create | 选笑话编号: None
    [qwen3.6-27b] 决策: create | 选笑话编号: None
    [qwen3.6-27b] 决策: select | 选笑话编号: 1

  Item完成: 耗时61.7s | 总耗时181.5min
  速率限制器状态: 可用令牌=960.0/960
  已保存中间结果 (129 条)

============================================================
处理 es_0230... (130/1375)
  质量组: high (4个候选笑话)
  质量组: medium (4个候选笑话)
  质量组: low (4个候选笑话)
  并发执行 3 个评估任务 (max_workers=3)...
    [路由] qwen3.6-27b -> DashScope API    [路由] qwen3.6-27b -> DashScope API

    [路由] qwen3.6-27b -> DashScope API
    [qwen3.6-27b] 决策: select | 选笑话编号: 2
    [qwen3.6-27b] 决策: create | 选笑话编号: None
    [qwen3.6-27b] 决策: create | 选笑话编号: None

  Item完成: 耗时64.9s | 总耗时182.6min
  速率限制器状态: 可用令牌=960.0/960
  已保存中间结果 (130 条)

============================================================
处理 es_0231... (131/1375)
  质量组: high (4个候选笑话)
  质量组: medium (4个候选笑话)
  质量组: low (4个候选笑话)
  并发执行 3 个评估任务 (max_workers=3)...
    [路由] qwen3.6-27b -> DashScope API
    [路由] qwen3.6-27b -> DashScope API    [路由] qwen3.6-27b -> DashScope API

    [qwen3.6-27b] 决策: select | 选笑话编号: 4
    [qwen3.6-27b] 决策: select | 选笑话编号: 2
    [qwen3.6-27b] 决策: create | 选笑话编号: None

  Item完成: 耗时60.2s | 总耗时183.6min
  速率限制器状态: 可用令牌=960.0/960
  已保存中间结果 (131 条)

============================================================
处理 es_0232... (132/1375)
  质量组: high (4个候选笑话)
  质量组: medium (4个候选笑话)
  质量组: low (4个候选笑话)
  并发执行 3 个评估任务 (max_workers=3)...
    [路由] qwen3.6-27b -> DashScope API    [路由] qwen3.6-27b -> DashScope API

    [路由] qwen3.6-27b -> DashScope API
    [qwen3.6-27b] 决策: create | 选笑话编号: None
    [qwen3.6-27b] 决策: select | 选笑话编号: 4
    [qwen3.6-27b] 决策: create | 选笑话编号: None

  Item完成: 耗时76.6s | 总耗时184.9min
  速率限制器状态: 可用令牌=960.0/960
  已保存中间结果 (132 条)

============================================================
处理 es_0233... (133/1375)
  质量组: high (4个候选笑话)
  质量组: medium (4个候选笑话)
  质量组: low (4个候选笑话)
  并发执行 3 个评估任务 (max_workers=3)...
    [路由] qwen3.6-27b -> DashScope API
    [路由] qwen3.6-27b -> DashScope API    [路由] qwen3.6-27b -> DashScope API

    [qwen3.6-27b] 决策: create | 选笑话编号: None
    [qwen3.6-27b] 决策: create | 选笑话编号: None
    [qwen3.6-27b] 决策: create | 选笑话编号: None

  Item完成: 耗时50.3s | 总耗时185.7min
  速率限制器状态: 可用令牌=960.0/960
  已保存中间结果 (133 条)

============================================================
处理 es_0234... (134/1375)
  质量组: high (4个候选笑话)
  质量组: medium (4个候选笑话)
  质量组: low (4个候选笑话)
  并发执行 3 个评估任务 (max_workers=3)...
    [路由] qwen3.6-27b -> DashScope API
    [路由] qwen3.6-27b -> DashScope API
    [路由] qwen3.6-27b -> DashScope API
    [qwen3.6-27b] 决策: select | 选笑话编号: 3
    [qwen3.6-27b] 决策: select | 选笑话编号: 2
    [qwen3.6-27b] 决策: create | 选笑话编号: None

  Item完成: 耗时40.5s | 总耗时186.4min
  速率限制器状态: 可用令牌=960.0/960
  已保存中间结果 (134 条)

============================================================
处理 es_0235... (135/1375)
  质量组: high (4个候选笑话)
  质量组: medium (4个候选笑话)
  质量组: low (4个候选笑话)
  并发执行 3 个评估任务 (max_workers=3)...
    [路由] qwen3.6-27b -> DashScope API    [路由] qwen3.6-27b -> DashScope API
    [路由] qwen3.6-27b -> DashScope API

    [qwen3.6-27b] 决策: select | 选笑话编号: 2
    [qwen3.6-27b] 决策: select | 选笑话编号: 3
    [qwen3.6-27b] 决策: create | 选笑话编号: None

  Item完成: 耗时38.6s | 总耗时187.0min
  速率限制器状态: 可用令牌=960.0/960
  已保存中间结果 (135 条)

============================================================
处理 es_0236... (136/1375)
  质量组: high (4个候选笑话)
  质量组: medium (4个候选笑话)
  质量组: low (4个候选笑话)
  并发执行 3 个评估任务 (max_workers=3)...
    [路由] qwen3.6-27b -> DashScope API
    [路由] qwen3.6-27b -> DashScope API    [路由] qwen3.6-27b -> DashScope API

    [qwen3.6-27b] 决策: select | 选笑话编号: 2
    [qwen3.6-27b] 决策: select | 选笑话编号: 4
    [qwen3.6-27b] 决策: select | 选笑话编号: 3

  Item完成: 耗时28.2s | 总耗时187.5min
  速率限制器状态: 可用令牌=960.0/960
  已保存中间结果 (136 条)

============================================================
处理 es_0237... (137/1375)
  质量组: high (4个候选笑话)
  质量组: medium (4个候选笑话)
  质量组: low (4个候选笑话)
  并发执行 3 个评估任务 (max_workers=3)...
    [路由] qwen3.6-27b -> DashScope API
    [路由] qwen3.6-27b -> DashScope API
    [路由] qwen3.6-27b -> DashScope API
    [qwen3.6-27b] 决策: select | 选笑话编号: 2
    [qwen3.6-27b] 决策: create | 选笑话编号: None
    [qwen3.6-27b] 决策: create | 选笑话编号: None

  Item完成: 耗时44.2s | 总耗时188.2min
  速率限制器状态: 可用令牌=960.0/960
  已保存中间结果 (137 条)

============================================================
处理 es_0238... (138/1375)
  质量组: high (4个候选笑话)
  质量组: medium (4个候选笑话)
  质量组: low (4个候选笑话)
  并发执行 3 个评估任务 (max_workers=3)...
    [路由] qwen3.6-27b -> DashScope API
    [路由] qwen3.6-27b -> DashScope API
    [路由] qwen3.6-27b -> DashScope API
    [qwen3.6-27b] 决策: select | 选笑话编号: 2
    [qwen3.6-27b] 决策: create | 选笑话编号: None
    [qwen3.6-27b] 决策: create | 选笑话编号: None

  Item完成: 耗时51.8s | 总耗时189.1min
  速率限制器状态: 可用令牌=960.0/960
  已保存中间结果 (138 条)

============================================================
处理 es_0239... (139/1375)
  质量组: high (4个候选笑话)
  质量组: medium (4个候选笑话)
  质量组: low (4个候选笑话)
  并发执行 3 个评估任务 (max_workers=3)...
    [路由] qwen3.6-27b -> DashScope API
    [路由] qwen3.6-27b -> DashScope API
    [路由] qwen3.6-27b -> DashScope API
    [qwen3.6-27b] 决策: create | 选笑话编号: None
    [qwen3.6-27b] 决策: create | 选笑话编号: None
    [qwen3.6-27b] 决策: create | 选笑话编号: None

  Item完成: 耗时83.1s | 总耗时190.5min
  速率限制器状态: 可用令牌=960.0/960
  已保存中间结果 (139 条)

============================================================
处理 es_0240... (140/1375)
  质量组: high (4个候选笑话)
  质量组: medium (4个候选笑话)
  质量组: low (4个候选笑话)
  并发执行 3 个评估任务 (max_workers=3)...
    [路由] qwen3.6-27b -> DashScope API    [路由] qwen3.6-27b -> DashScope API
    [路由] qwen3.6-27b -> DashScope API

    [qwen3.6-27b] 决策: select | 选笑话编号: 4
    [qwen3.6-27b] 决策: create | 选笑话编号: None
    [qwen3.6-27b] 决策: create | 选笑话编号: None

  Item完成: 耗时56.5s | 总耗时191.4min
  速率限制器状态: 可用令牌=960.0/960
  已保存中间结果 (140 条)

============================================================
处理 es_0241... (141/1375)
  质量组: high (4个候选笑话)
  质量组: medium (4个候选笑话)
  质量组: low (4个候选笑话)
  并发执行 3 个评估任务 (max_workers=3)...
    [路由] qwen3.6-27b -> DashScope API    [路由] qwen3.6-27b -> DashScope API

    [路由] qwen3.6-27b -> DashScope API
    [qwen3.6-27b] 决策: create | 选笑话编号: None
    [qwen3.6-27b] 决策: create | 选笑话编号: None
    [qwen3.6-27b] 决策: create | 选笑话编号: None

  Item完成: 耗时87.7s | 总耗时192.9min
  速率限制器状态: 可用令牌=960.0/960
  已保存中间结果 (141 条)

============================================================
处理 es_0242... (142/1375)
  质量组: high (4个候选笑话)
  质量组: medium (4个候选笑话)
  质量组: low (4个候选笑话)
  并发执行 3 个评估任务 (max_workers=3)...
    [路由] qwen3.6-27b -> DashScope API
    [路由] qwen3.6-27b -> DashScope API
    [路由] qwen3.6-27b -> DashScope API
    [qwen3.6-27b] 决策: select | 选笑话编号: 4
    [qwen3.6-27b] 决策: select | 选笑话编号: 1
    [qwen3.6-27b] 决策: create | 选笑话编号: None

  Item完成: 耗时35.8s | 总耗时193.5min
  速率限制器状态: 可用令牌=960.0/960
  已保存中间结果 (142 条)

============================================================
处理 es_0243... (143/1375)
  质量组: high (4个候选笑话)
  质量组: medium (4个候选笑话)
  质量组: low (4个候选笑话)
  并发执行 3 个评估任务 (max_workers=3)...
    [路由] qwen3.6-27b -> DashScope API    [路由] qwen3.6-27b -> DashScope API

    [路由] qwen3.6-27b -> DashScope API
    [qwen3.6-27b] 决策: select | 选笑话编号: 2
    [qwen3.6-27b] 决策: select | 选笑话编号: 2
    [qwen3.6-27b] 决策: create | 选笑话编号: None

  Item完成: 耗时55.6s | 总耗时194.4min
  速率限制器状态: 可用令牌=960.0/960
  已保存中间结果 (143 条)

============================================================
处理 es_0244... (144/1375)
  质量组: high (4个候选笑话)
  质量组: medium (4个候选笑话)
  质量组: low (4个候选笑话)
  并发执行 3 个评估任务 (max_workers=3)...
    [路由] qwen3.6-27b -> DashScope API
    [路由] qwen3.6-27b -> DashScope API
    [路由] qwen3.6-27b -> DashScope API
    [qwen3.6-27b] 决策: create | 选笑话编号: None
    [qwen3.6-27b] 决策: create | 选笑话编号: None
    [qwen3.6-27b] 决策: create | 选笑话编号: None

  Item完成: 耗时44.2s | 总耗时195.1min
  速率限制器状态: 可用令牌=960.0/960
  已保存中间结果 (144 条)

============================================================
处理 es_0245... (145/1375)
  质量组: high (4个候选笑话)
  质量组: medium (4个候选笑话)
  质量组: low (4个候选笑话)
  并发执行 3 个评估任务 (max_workers=3)...
    [路由] qwen3.6-27b -> DashScope API
    [路由] qwen3.6-27b -> DashScope API
    [路由] qwen3.6-27b -> DashScope API
    [qwen3.6-27b] 决策: select | 选笑话编号: 2
    [qwen3.6-27b] 决策: create | 选笑话编号: None
    [qwen3.6-27b] 决策: create | 选笑话编号: None

  Item完成: 耗时56.6s | 总耗时196.1min
  速率限制器状态: 可用令牌=960.0/960
  已保存中间结果 (145 条)

============================================================
处理 es_0246... (146/1375)
  质量组: high (4个候选笑话)
  质量组: medium (4个候选笑话)
  质量组: low (4个候选笑话)
  并发执行 3 个评估任务 (max_workers=3)...
    [路由] qwen3.6-27b -> DashScope API    [路由] qwen3.6-27b -> DashScope API

    [路由] qwen3.6-27b -> DashScope API
    [qwen3.6-27b] 决策: create | 选笑话编号: None
    [qwen3.6-27b] 决策: create | 选笑话编号: None
    [qwen3.6-27b] 决策: create | 选笑话编号: None

  Item完成: 耗时97.3s | 总耗时197.7min
  速率限制器状态: 可用令牌=960.0/960
  已保存中间结果 (146 条)

============================================================
处理 es_0247... (147/1375)
  质量组: high (4个候选笑话)
  质量组: medium (4个候选笑话)
  质量组: low (4个候选笑话)
  并发执行 3 个评估任务 (max_workers=3)...
    [路由] qwen3.6-27b -> DashScope API
    [路由] qwen3.6-27b -> DashScope API    [路由] qwen3.6-27b -> DashScope API

    [qwen3.6-27b] 决策: create | 选笑话编号: None
    [qwen3.6-27b] 决策: create | 选笑话编号: None
    [qwen3.6-27b] 决策: create | 选笑话编号: None

  Item完成: 耗时62.3s | 总耗时198.8min
  速率限制器状态: 可用令牌=960.0/960
  已保存中间结果 (147 条)

============================================================
处理 es_0248... (148/1375)
  质量组: high (4个候选笑话)
  质量组: medium (4个候选笑话)
  质量组: low (4个候选笑话)
  并发执行 3 个评估任务 (max_workers=3)...
    [路由] qwen3.6-27b -> DashScope API
    [路由] qwen3.6-27b -> DashScope API
    [路由] qwen3.6-27b -> DashScope API
    [qwen3.6-27b] 决策: select | 选笑话编号: 2
    [qwen3.6-27b] 决策: create | 选笑话编号: None
    [qwen3.6-27b] 决策: create | 选笑话编号: None

  Item完成: 耗时100.8s | 总耗时200.4min
  速率限制器状态: 可用令牌=960.0/960
  已保存中间结果 (148 条)

============================================================
处理 es_0249... (149/1375)
  质量组: high (4个候选笑话)
  质量组: medium (4个候选笑话)
  质量组: low (4个候选笑话)
  并发执行 3 个评估任务 (max_workers=3)...
    [路由] qwen3.6-27b -> DashScope API
    [路由] qwen3.6-27b -> DashScope API
    [路由] qwen3.6-27b -> DashScope API
    [qwen3.6-27b] 决策: select | 选笑话编号: 2
    [qwen3.6-27b] 决策: create | 选笑话编号: None
    [qwen3.6-27b] 决策: create | 选笑话编号: None

  Item完成: 耗时75.5s | 总耗时201.7min
  速率限制器状态: 可用令牌=960.0/960
  已保存中间结果 (149 条)

============================================================
处理 es_0250... (150/1375)
  质量组: high (4个候选笑话)
  质量组: medium (4个候选笑话)
  质量组: low (4个候选笑话)
  并发执行 3 个评估任务 (max_workers=3)...
    [路由] qwen3.6-27b -> DashScope API    [路由] qwen3.6-27b -> DashScope API

    [路由] qwen3.6-27b -> DashScope API
    [qwen3.6-27b] 决策: create | 选笑话编号: None
    [qwen3.6-27b] 决策: select | 选笑话编号: 2
    [qwen3.6-27b] 决策: create | 选笑话编号: None

  Item完成: 耗时57.8s | 总耗时202.7min
  速率限制器状态: 可用令牌=960.0/960
  已保存中间结果 (150 条)

============================================================
处理 es_0251... (151/1375)
  质量组: high (4个候选笑话)
  质量组: medium (4个候选笑话)
  质量组: low (4个候选笑话)
  并发执行 3 个评估任务 (max_workers=3)...
    [路由] qwen3.6-27b -> DashScope API
    [路由] qwen3.6-27b -> DashScope API
    [路由] qwen3.6-27b -> DashScope API
    [qwen3.6-27b] 决策: select | 选笑话编号: 2
    [qwen3.6-27b] 决策: create | 选笑话编号: None
    [qwen3.6-27b] 决策: create | 选笑话编号: None

  Item完成: 耗时49.2s | 总耗时203.5min
  速率限制器状态: 可用令牌=960.0/960
  已保存中间结果 (151 条)

============================================================
处理 es_0252... (152/1375)
  质量组: high (4个候选笑话)
  质量组: medium (4个候选笑话)
  质量组: low (4个候选笑话)
  并发执行 3 个评估任务 (max_workers=3)...
    [路由] qwen3.6-27b -> DashScope API    [路由] qwen3.6-27b -> DashScope API
    [路由] qwen3.6-27b -> DashScope API

    [qwen3.6-27b] 决策: select | 选笑话编号: 1
    [qwen3.6-27b] 决策: create | 选笑话编号: None
    [qwen3.6-27b] 决策: create | 选笑话编号: None

  Item完成: 耗时58.4s | 总耗时204.5min
  速率限制器状态: 可用令牌=960.0/960
  已保存中间结果 (152 条)

============================================================
处理 es_0253... (153/1375)
  质量组: high (4个候选笑话)
  质量组: medium (4个候选笑话)
  质量组: low (4个候选笑话)
  并发执行 3 个评估任务 (max_workers=3)...
    [路由] qwen3.6-27b -> DashScope API    [路由] qwen3.6-27b -> DashScope API

    [路由] qwen3.6-27b -> DashScope API
    [qwen3.6-27b] 决策: select | 选笑话编号: 1
    [qwen3.6-27b] 决策: select | 选笑话编号: 3
    [qwen3.6-27b] 决策: create | 选笑话编号: None

  Item完成: 耗时61.9s | 总耗时205.5min
  速率限制器状态: 可用令牌=960.0/960
  已保存中间结果 (153 条)

============================================================
处理 es_0254... (154/1375)
  质量组: high (4个候选笑话)
  质量组: medium (4个候选笑话)
  质量组: low (4个候选笑话)
  并发执行 3 个评估任务 (max_workers=3)...
    [路由] qwen3.6-27b -> DashScope API
    [路由] qwen3.6-27b -> DashScope API
    [路由] qwen3.6-27b -> DashScope API
    [qwen3.6-27b] 决策: select | 选笑话编号: 3
    [qwen3.6-27b] 决策: create | 选笑话编号: None
    [qwen3.6-27b] 决策: create | 选笑话编号: None

  Item完成: 耗时36.0s | 总耗时206.1min
  速率限制器状态: 可用令牌=960.0/960
  已保存中间结果 (154 条)

============================================================
处理 es_0255... (155/1375)
  质量组: high (4个候选笑话)
  质量组: medium (4个候选笑话)
  质量组: low (4个候选笑话)
  并发执行 3 个评估任务 (max_workers=3)...
    [路由] qwen3.6-27b -> DashScope API
    [路由] qwen3.6-27b -> DashScope API
    [路由] qwen3.6-27b -> DashScope API
    [qwen3.6-27b] 决策: select | 选笑话编号: 3
    [qwen3.6-27b] 决策: create | 选笑话编号: None
    [qwen3.6-27b] 决策: create | 选笑话编号: None

  Item完成: 耗时39.4s | 总耗时206.8min
  速率限制器状态: 可用令牌=960.0/960
  已保存中间结果 (155 条)

============================================================
处理 es_0256... (156/1375)
  质量组: high (4个候选笑话)
  质量组: medium (4个候选笑话)
  质量组: low (4个候选笑话)
  并发执行 3 个评估任务 (max_workers=3)...
    [路由] qwen3.6-27b -> DashScope API
    [路由] qwen3.6-27b -> DashScope API    [路由] qwen3.6-27b -> DashScope API

    [qwen3.6-27b] 决策: select | 选笑话编号: 2
    [qwen3.6-27b] 决策: select | 选笑话编号: 4
    [qwen3.6-27b] 决策: create | 选笑话编号: None

  Item完成: 耗时44.9s | 总耗时207.5min
  速率限制器状态: 可用令牌=960.0/960
  已保存中间结果 (156 条)

============================================================
处理 es_0257... (157/1375)
  质量组: high (4个候选笑话)
  质量组: medium (4个候选笑话)
  质量组: low (4个候选笑话)
  并发执行 3 个评估任务 (max_workers=3)...
    [路由] qwen3.6-27b -> DashScope API
    [路由] qwen3.6-27b -> DashScope API    [路由] qwen3.6-27b -> DashScope API

    [qwen3.6-27b] 决策: select | 选笑话编号: 2
    [qwen3.6-27b] 决策: select | 选笑话编号: 4
    [qwen3.6-27b] 决策: create | 选笑话编号: None

  Item完成: 耗时77.6s | 总耗时208.8min
  速率限制器状态: 可用令牌=960.0/960
  已保存中间结果 (157 条)

============================================================
处理 es_0258... (158/1375)
  质量组: high (4个候选笑话)
  质量组: medium (4个候选笑话)
  质量组: low (4个候选笑话)
  并发执行 3 个评估任务 (max_workers=3)...
    [路由] qwen3.6-27b -> DashScope API
    [路由] qwen3.6-27b -> DashScope API
    [路由] qwen3.6-27b -> DashScope API
    [qwen3.6-27b] 决策: select | 选笑话编号: 3
    [qwen3.6-27b] 决策: create | 选笑话编号: None
    [qwen3.6-27b] 决策: create | 选笑话编号: None

  Item完成: 耗时49.9s | 总耗时209.6min
  速率限制器状态: 可用令牌=960.0/960
  已保存中间结果 (158 条)

============================================================
处理 es_0259... (159/1375)
  质量组: high (4个候选笑话)
  质量组: medium (4个候选笑话)
  质量组: low (4个候选笑话)
  并发执行 3 个评估任务 (max_workers=3)...
    [路由] qwen3.6-27b -> DashScope API    [路由] qwen3.6-27b -> DashScope API

    [路由] qwen3.6-27b -> DashScope API
    [qwen3.6-27b] 决策: select | 选笑话编号: 2
    [qwen3.6-27b] 决策: create | 选笑话编号: None
    [qwen3.6-27b] 决策: create | 选笑话编号: None

  Item完成: 耗时101.8s | 总耗时211.3min
  速率限制器状态: 可用令牌=960.0/960
  已保存中间结果 (159 条)

============================================================
处理 es_0260... (160/1375)
  质量组: high (4个候选笑话)
  质量组: medium (4个候选笑话)
  质量组: low (4个候选笑话)
  并发执行 3 个评估任务 (max_workers=3)...
    [路由] qwen3.6-27b -> DashScope API
    [路由] qwen3.6-27b -> DashScope API
    [路由] qwen3.6-27b -> DashScope API
    [qwen3.6-27b] 决策: select | 选笑话编号: 3
    [qwen3.6-27b] 决策: select | 选笑话编号: 3
    [qwen3.6-27b] 决策: create | 选笑话编号: None

  Item完成: 耗时43.1s | 总耗时212.0min
  速率限制器状态: 可用令牌=960.0/960
  已保存中间结果 (160 条)

============================================================
处理 es_0261... (161/1375)
  质量组: high (4个候选笑话)
  质量组: medium (4个候选笑话)
  质量组: low (4个候选笑话)
  并发执行 3 个评估任务 (max_workers=3)...
    [路由] qwen3.6-27b -> DashScope API    [路由] qwen3.6-27b -> DashScope API

    [路由] qwen3.6-27b -> DashScope API
    [qwen3.6-27b] 决策: create | 选笑话编号: None
    [qwen3.6-27b] 决策: create | 选笑话编号: None
    [qwen3.6-27b] 决策: create | 选笑话编号: None

  Item完成: 耗时45.1s | 总耗时212.8min
  速率限制器状态: 可用令牌=960.0/960
  已保存中间结果 (161 条)

============================================================
处理 es_0262... (162/1375)
  质量组: high (4个候选笑话)
  质量组: medium (4个候选笑话)
  质量组: low (4个候选笑话)
  并发执行 3 个评估任务 (max_workers=3)...
    [路由] qwen3.6-27b -> DashScope API
    [路由] qwen3.6-27b -> DashScope API
    [路由] qwen3.6-27b -> DashScope API
    [qwen3.6-27b] 决策: select | 选笑话编号: 2
    [qwen3.6-27b] 决策: create | 选笑话编号: None
    [qwen3.6-27b] 决策: create | 选笑话编号: None

  Item完成: 耗时49.0s | 总耗时213.6min
  速率限制器状态: 可用令牌=960.0/960
  已保存中间结果 (162 条)

============================================================
处理 es_0263... (163/1375)
  质量组: high (4个候选笑话)
  质量组: medium (4个候选笑话)
  质量组: low (4个候选笑话)
  并发执行 3 个评估任务 (max_workers=3)...
    [路由] qwen3.6-27b -> DashScope API
    [路由] qwen3.6-27b -> DashScope API
    [路由] qwen3.6-27b -> DashScope API
    [qwen3.6-27b] 决策: select | 选笑话编号: 2
    [qwen3.6-27b] 决策: create | 选笑话编号: None
    [qwen3.6-27b] 决策: create | 选笑话编号: None

  Item完成: 耗时71.5s | 总耗时214.8min
  速率限制器状态: 可用令牌=960.0/960
  已保存中间结果 (163 条)

============================================================
处理 es_0264... (164/1375)
  质量组: high (4个候选笑话)
  质量组: medium (4个候选笑话)
  质量组: low (4个候选笑话)
  并发执行 3 个评估任务 (max_workers=3)...
    [路由] qwen3.6-27b -> DashScope API
    [路由] qwen3.6-27b -> DashScope API    [路由] qwen3.6-27b -> DashScope API

    [qwen3.6-27b] 决策: create | 选笑话编号: None
    [qwen3.6-27b] 决策: select | 选笑话编号: 4
    [qwen3.6-27b] 决策: create | 选笑话编号: None

  Item完成: 耗时51.7s | 总耗时215.7min
  速率限制器状态: 可用令牌=960.0/960
  已保存中间结果 (164 条)

============================================================
处理 es_0265... (165/1375)
  质量组: high (4个候选笑话)
  质量组: medium (4个候选笑话)
  质量组: low (4个候选笑话)
  并发执行 3 个评估任务 (max_workers=3)...
    [路由] qwen3.6-27b -> DashScope API    [路由] qwen3.6-27b -> DashScope API
    [路由] qwen3.6-27b -> DashScope API

    [qwen3.6-27b] 决策: select | 选笑话编号: 4
    [qwen3.6-27b] 决策: select | 选笑话编号: 4
    [qwen3.6-27b] 决策: create | 选笑话编号: None

  Item完成: 耗时71.5s | 总耗时216.9min
  速率限制器状态: 可用令牌=960.0/960
  已保存中间结果 (165 条)

============================================================
处理 es_0266... (166/1375)
  质量组: high (4个候选笑话)
  质量组: medium (4个候选笑话)
  质量组: low (4个候选笑话)
  并发执行 3 个评估任务 (max_workers=3)...
    [路由] qwen3.6-27b -> DashScope API
    [路由] qwen3.6-27b -> DashScope API
    [路由] qwen3.6-27b -> DashScope API
    [qwen3.6-27b] 决策: select | 选笑话编号: 2
    [qwen3.6-27b] 决策: select | 选笑话编号: 1
    [qwen3.6-27b] 决策: select | 选笑话编号: 4

  Item完成: 耗时57.5s | 总耗时217.8min
  速率限制器状态: 可用令牌=960.0/960
  已保存中间结果 (166 条)

============================================================
处理 es_0267... (167/1375)
  质量组: high (4个候选笑话)
  质量组: medium (4个候选笑话)
  质量组: low (4个候选笑话)
  并发执行 3 个评估任务 (max_workers=3)...
    [路由] qwen3.6-27b -> DashScope API    [路由] qwen3.6-27b -> DashScope API
    [路由] qwen3.6-27b -> DashScope API

    [qwen3.6-27b] 决策: select | 选笑话编号: 1
    [qwen3.6-27b] 决策: create | 选笑话编号: None
    [qwen3.6-27b] 决策: create | 选笑话编号: None

  Item完成: 耗时71.8s | 总耗时219.0min
  速率限制器状态: 可用令牌=960.0/960
  已保存中间结果 (167 条)

============================================================
处理 es_0268... (168/1375)
  质量组: high (4个候选笑话)
  质量组: medium (4个候选笑话)
  质量组: low (4个候选笑话)
  并发执行 3 个评估任务 (max_workers=3)...
    [路由] qwen3.6-27b -> DashScope API
    [路由] qwen3.6-27b -> DashScope API
    [路由] qwen3.6-27b -> DashScope API
    [qwen3.6-27b] 决策: select | 选笑话编号: 2
    [qwen3.6-27b] 决策: create | 选笑话编号: None
    [qwen3.6-27b] 决策: create | 选笑话编号: None

  Item完成: 耗时62.8s | 总耗时220.1min
  速率限制器状态: 可用令牌=960.0/960
  已保存中间结果 (168 条)

============================================================
处理 es_0269... (169/1375)
  质量组: high (4个候选笑话)
  质量组: medium (4个候选笑话)
  质量组: low (4个候选笑话)
  并发执行 3 个评估任务 (max_workers=3)...
    [路由] qwen3.6-27b -> DashScope API    [路由] qwen3.6-27b -> DashScope API

    [路由] qwen3.6-27b -> DashScope API
    [qwen3.6-27b] 决策: select | 选笑话编号: 2
    [qwen3.6-27b] 决策: create | 选笑话编号: None
    [qwen3.6-27b] 决策: select | 选笑话编号: 4

  Item完成: 耗时52.0s | 总耗时220.9min
  速率限制器状态: 可用令牌=960.0/960
  已保存中间结果 (169 条)

============================================================
处理 es_0270... (170/1375)
  质量组: high (4个候选笑话)
  质量组: medium (4个候选笑话)
  质量组: low (4个候选笑话)
  并发执行 3 个评估任务 (max_workers=3)...
    [路由] qwen3.6-27b -> DashScope API    [路由] qwen3.6-27b -> DashScope API
    [路由] qwen3.6-27b -> DashScope API

    [qwen3.6-27b] 决策: select | 选笑话编号: 2
    [qwen3.6-27b] 决策: create | 选笑话编号: None
    [qwen3.6-27b] 决策: create | 选笑话编号: None

  Item完成: 耗时40.3s | 总耗时221.6min
  速率限制器状态: 可用令牌=960.0/960
  已保存中间结果 (170 条)

============================================================
处理 es_0271... (171/1375)
  质量组: high (4个候选笑话)
  质量组: medium (4个候选笑话)
  质量组: low (4个候选笑话)
  并发执行 3 个评估任务 (max_workers=3)...
    [路由] qwen3.6-27b -> DashScope API
    [路由] qwen3.6-27b -> DashScope API
    [路由] qwen3.6-27b -> DashScope API
    [qwen3.6-27b] 决策: select | 选笑话编号: 3
    [qwen3.6-27b] 决策: select | 选笑话编号: 2
    [qwen3.6-27b] 决策: create | 选笑话编号: None

  Item完成: 耗时56.7s | 总耗时222.6min
  速率限制器状态: 可用令牌=960.0/960
  已保存中间结果 (171 条)

============================================================
处理 es_0272... (172/1375)
  质量组: high (4个候选笑话)
  质量组: medium (4个候选笑话)
  质量组: low (4个候选笑话)
  并发执行 3 个评估任务 (max_workers=3)...
    [路由] qwen3.6-27b -> DashScope API
    [路由] qwen3.6-27b -> DashScope API    [路由] qwen3.6-27b -> DashScope API

    [qwen3.6-27b] 决策: select | 选笑话编号: 2
    [qwen3.6-27b] 决策: create | 选笑话编号: None
    [qwen3.6-27b] 决策: create | 选笑话编号: None

  Item完成: 耗时75.8s | 总耗时223.8min
  速率限制器状态: 可用令牌=960.0/960
  已保存中间结果 (172 条)

============================================================
处理 es_0273... (173/1375)
  质量组: high (4个候选笑话)
  质量组: medium (4个候选笑话)
  质量组: low (4个候选笑话)
  并发执行 3 个评估任务 (max_workers=3)...
    [路由] qwen3.6-27b -> DashScope API    [路由] qwen3.6-27b -> DashScope API
    [路由] qwen3.6-27b -> DashScope API

    [qwen3.6-27b] 决策: select | 选笑话编号: 4
    [qwen3.6-27b] 决策: create | 选笑话编号: None
    [qwen3.6-27b] 决策: create | 选笑话编号: None

  Item完成: 耗时78.0s | 总耗时225.1min
  速率限制器状态: 可用令牌=960.0/960
  已保存中间结果 (173 条)

============================================================
处理 es_0274... (174/1375)
  质量组: high (4个候选笑话)
  质量组: medium (4个候选笑话)
  质量组: low (4个候选笑话)
  并发执行 3 个评估任务 (max_workers=3)...
    [路由] qwen3.6-27b -> DashScope API
    [路由] qwen3.6-27b -> DashScope API
    [路由] qwen3.6-27b -> DashScope API
    [qwen3.6-27b] 决策: select | 选笑话编号: 2
    [qwen3.6-27b] 决策: select | 选笑话编号: 2
    [qwen3.6-27b] 决策: create | 选笑话编号: None

  Item完成: 耗时43.7s | 总耗时225.9min
  速率限制器状态: 可用令牌=960.0/960
  已保存中间结果 (174 条)

============================================================
处理 es_0275... (175/1375)
  质量组: high (4个候选笑话)
  质量组: medium (4个候选笑话)
  质量组: low (4个候选笑话)
  并发执行 3 个评估任务 (max_workers=3)...
    [路由] qwen3.6-27b -> DashScope API
    [路由] qwen3.6-27b -> DashScope API    [路由] qwen3.6-27b -> DashScope API

    [qwen3.6-27b] 决策: create | 选笑话编号: None
    [qwen3.6-27b] 决策: create | 选笑话编号: None
    [qwen3.6-27b] 决策: create | 选笑话编号: None

  Item完成: 耗时85.8s | 总耗时227.3min
  速率限制器状态: 可用令牌=960.0/960
  已保存中间结果 (175 条)

============================================================
处理 es_0276... (176/1375)
  质量组: high (4个候选笑话)
  质量组: medium (4个候选笑话)
  质量组: low (4个候选笑话)
  并发执行 3 个评估任务 (max_workers=3)...
    [路由] qwen3.6-27b -> DashScope API    [路由] qwen3.6-27b -> DashScope API

    [路由] qwen3.6-27b -> DashScope API
    [qwen3.6-27b] 决策: create | 选笑话编号: None
    [qwen3.6-27b] 决策: create | 选笑话编号: None
    [qwen3.6-27b] 决策: create | 选笑话编号: None

  Item完成: 耗时69.0s | 总耗时228.4min
  速率限制器状态: 可用令牌=960.0/960
  已保存中间结果 (176 条)

============================================================
处理 es_0277... (177/1375)
  质量组: high (4个候选笑话)
  质量组: medium (4个候选笑话)
  质量组: low (4个候选笑话)
  并发执行 3 个评估任务 (max_workers=3)...
    [路由] qwen3.6-27b -> DashScope API    [路由] qwen3.6-27b -> DashScope API
    [路由] qwen3.6-27b -> DashScope API

    [qwen3.6-27b] 决策: create | 选笑话编号: None
    [qwen3.6-27b] 决策: create | 选笑话编号: None
    [qwen3.6-27b] 决策: create | 选笑话编号: None

  Item完成: 耗时103.6s | 总耗时230.2min
  速率限制器状态: 可用令牌=960.0/960
  已保存中间结果 (177 条)

============================================================
处理 es_0278... (178/1375)
  质量组: high (4个候选笑话)
  质量组: medium (4个候选笑话)
  质量组: low (4个候选笑话)
  并发执行 3 个评估任务 (max_workers=3)...
    [路由] qwen3.6-27b -> DashScope API
    [路由] qwen3.6-27b -> DashScope API
    [路由] qwen3.6-27b -> DashScope API
    [qwen3.6-27b] 决策: select | 选笑话编号: 2
    [qwen3.6-27b] 决策: select | 选笑话编号: 4
    [qwen3.6-27b] 决策: create | 选笑话编号: None

  Item完成: 耗时97.3s | 总耗时231.8min
  速率限制器状态: 可用令牌=960.0/960
  已保存中间结果 (178 条)

============================================================
处理 es_0279... (179/1375)
  质量组: high (4个候选笑话)
  质量组: medium (4个候选笑话)
  质量组: low (4个候选笑话)
  并发执行 3 个评估任务 (max_workers=3)...
    [路由] qwen3.6-27b -> DashScope API    [路由] qwen3.6-27b -> DashScope API

    [路由] qwen3.6-27b -> DashScope API
    [qwen3.6-27b] 决策: select | 选笑话编号: 2
    [qwen3.6-27b] 决策: create | 选笑话编号: None
    [qwen3.6-27b] 决策: create | 选笑话编号: None

  Item完成: 耗时111.4s | 总耗时233.6min
  速率限制器状态: 可用令牌=960.0/960
  已保存中间结果 (179 条)

============================================================
处理 es_0280... (180/1375)
  质量组: high (4个候选笑话)
  质量组: medium (4个候选笑话)
  质量组: low (4个候选笑话)
  并发执行 3 个评估任务 (max_workers=3)...
    [路由] qwen3.6-27b -> DashScope API    [路由] qwen3.6-27b -> DashScope API

    [路由] qwen3.6-27b -> DashScope API
    [qwen3.6-27b] 决策: select | 选笑话编号: 3
    [qwen3.6-27b] 决策: create | 选笑话编号: None
    [qwen3.6-27b] 决策: create | 选笑话编号: None

  Item完成: 耗时43.4s | 总耗时234.4min
  速率限制器状态: 可用令牌=960.0/960
  已保存中间结果 (180 条)

============================================================
处理 es_0281... (181/1375)
  质量组: high (4个候选笑话)
  质量组: medium (4个候选笑话)
  质量组: low (4个候选笑话)
  并发执行 3 个评估任务 (max_workers=3)...
    [路由] qwen3.6-27b -> DashScope API
    [路由] qwen3.6-27b -> DashScope API
    [路由] qwen3.6-27b -> DashScope API
    [qwen3.6-27b] 决策: select | 选笑话编号: 4
    [qwen3.6-27b] 决策: create | 选笑话编号: None
    [qwen3.6-27b] 决策: create | 选笑话编号: None

  Item完成: 耗时68.8s | 总耗时235.5min
  速率限制器状态: 可用令牌=960.0/960
  已保存中间结果 (181 条)

============================================================
处理 es_0282... (182/1375)
  质量组: high (4个候选笑话)
  质量组: medium (4个候选笑话)
  质量组: low (4个候选笑话)
  并发执行 3 个评估任务 (max_workers=3)...
    [路由] qwen3.6-27b -> DashScope API
    [路由] qwen3.6-27b -> DashScope API    [路由] qwen3.6-27b -> DashScope API

    [qwen3.6-27b] 决策: select | 选笑话编号: 4
    [qwen3.6-27b] 决策: create | 选笑话编号: None
    [qwen3.6-27b] 决策: create | 选笑话编号: None

  Item完成: 耗时55.3s | 总耗时236.4min
  速率限制器状态: 可用令牌=960.0/960
  已保存中间结果 (182 条)

============================================================
处理 es_0283... (183/1375)
  质量组: high (4个候选笑话)
  质量组: medium (4个候选笑话)
  质量组: low (4个候选笑话)
  并发执行 3 个评估任务 (max_workers=3)...
    [路由] qwen3.6-27b -> DashScope API    [路由] qwen3.6-27b -> DashScope API

    [路由] qwen3.6-27b -> DashScope API
    [qwen3.6-27b] 决策: create | 选笑话编号: None
    [qwen3.6-27b] 决策: create | 选笑话编号: None
    [qwen3.6-27b] 决策: create | 选笑话编号: None

  Item完成: 耗时139.1s | 总耗时238.8min
  速率限制器状态: 可用令牌=960.0/960
  已保存中间结果 (183 条)

============================================================
处理 es_0284... (184/1375)
  质量组: high (4个候选笑话)
  质量组: medium (4个候选笑话)
  质量组: low (4个候选笑话)
  并发执行 3 个评估任务 (max_workers=3)...
    [路由] qwen3.6-27b -> DashScope API    [路由] qwen3.6-27b -> DashScope API
    [路由] qwen3.6-27b -> DashScope API

    [qwen3.6-27b] 决策: select | 选笑话编号: 2
    [qwen3.6-27b] 决策: create | 选笑话编号: None
    [qwen3.6-27b] 决策: create | 选笑话编号: None

  Item完成: 耗时111.9s | 总耗时240.6min
  速率限制器状态: 可用令牌=960.0/960
  已保存中间结果 (184 条)

============================================================
处理 es_0285... (185/1375)
  质量组: high (4个候选笑话)
  质量组: medium (4个候选笑话)
  质量组: low (4个候选笑话)
  并发执行 3 个评估任务 (max_workers=3)...
    [路由] qwen3.6-27b -> DashScope API    [路由] qwen3.6-27b -> DashScope API

    [路由] qwen3.6-27b -> DashScope API
    [qwen3.6-27b] 决策: select | 选笑话编号: 3
    [qwen3.6-27b] 决策: create | 选笑话编号: None
    [qwen3.6-27b] 决策: create | 选笑话编号: None

  Item完成: 耗时98.8s | 总耗时242.3min
  速率限制器状态: 可用令牌=960.0/960
  已保存中间结果 (185 条)

============================================================
处理 es_0286... (186/1375)
  质量组: high (4个候选笑话)
  质量组: medium (4个候选笑话)
  质量组: low (4个候选笑话)
  并发执行 3 个评估任务 (max_workers=3)...
    [路由] qwen3.6-27b -> DashScope API    [路由] qwen3.6-27b -> DashScope API
    [路由] qwen3.6-27b -> DashScope API

    [qwen3.6-27b] 决策: select | 选笑话编号: 2
    [qwen3.6-27b] 决策: select | 选笑话编号: 3
    [qwen3.6-27b] 决策: create | 选笑话编号: None

  Item完成: 耗时56.8s | 总耗时243.2min
  速率限制器状态: 可用令牌=960.0/960
  已保存中间结果 (186 条)

============================================================
处理 es_0287... (187/1375)
  质量组: high (4个候选笑话)
  质量组: medium (4个候选笑话)
  质量组: low (4个候选笑话)
  并发执行 3 个评估任务 (max_workers=3)...
    [路由] qwen3.6-27b -> DashScope API    [路由] qwen3.6-27b -> DashScope API

    [路由] qwen3.6-27b -> DashScope API
    [qwen3.6-27b] 决策: select | 选笑话编号: 2
    [qwen3.6-27b] 决策: select | 选笑话编号: 2
    [qwen3.6-27b] 决策: create | 选笑话编号: None

  Item完成: 耗时40.1s | 总耗时243.9min
  速率限制器状态: 可用令牌=960.0/960
  已保存中间结果 (187 条)

============================================================
处理 es_0288... (188/1375)
  质量组: high (4个候选笑话)
  质量组: medium (4个候选笑话)
  质量组: low (4个候选笑话)
  并发执行 3 个评估任务 (max_workers=3)...
    [路由] qwen3.6-27b -> DashScope API    [路由] qwen3.6-27b -> DashScope API
    [路由] qwen3.6-27b -> DashScope API

    [qwen3.6-27b] 决策: select | 选笑话编号: 2
    [qwen3.6-27b] 决策: select | 选笑话编号: 2
    [qwen3.6-27b] 决策: create | 选笑话编号: None

  Item完成: 耗时78.8s | 总耗时245.2min
  速率限制器状态: 可用令牌=960.0/960
  已保存中间结果 (188 条)

============================================================
处理 es_0289... (189/1375)
  质量组: high (4个候选笑话)
  质量组: medium (4个候选笑话)
  质量组: low (4个候选笑话)
  并发执行 3 个评估任务 (max_workers=3)...
    [路由] qwen3.6-27b -> DashScope API
    [路由] qwen3.6-27b -> DashScope API    [路由] qwen3.6-27b -> DashScope API

    [qwen3.6-27b] 决策: select | 选笑话编号: 2
    [qwen3.6-27b] 决策: create | 选笑话编号: None
    [qwen3.6-27b] 决策: create | 选笑话编号: None

  Item完成: 耗时41529.2s | 总耗时937.4min
  速率限制器状态: 可用令牌=960.0/960
  已保存中间结果 (189 条)

============================================================
处理 es_0290... (190/1375)
  质量组: high (4个候选笑话)
  质量组: medium (4个候选笑话)
  质量组: low (4个候选笑话)
  并发执行 3 个评估任务 (max_workers=3)...
    [路由] qwen3.6-27b -> DashScope API
    [路由] qwen3.6-27b -> DashScope API
    [路由] qwen3.6-27b -> DashScope API
    [qwen3.6-27b] 决策: create | 选笑话编号: None
    [qwen3.6-27b] 决策: create | 选笑话编号: None
    [qwen3.6-27b] 决策: create | 选笑话编号: None

  Item完成: 耗时77.0s | 总耗时938.7min
  速率限制器状态: 可用令牌=960.0/960
  已保存中间结果 (190 条)

============================================================
处理 es_0291... (191/1375)
  质量组: high (4个候选笑话)
  质量组: medium (4个候选笑话)
  质量组: low (4个候选笑话)
  并发执行 3 个评估任务 (max_workers=3)...
    [路由] qwen3.6-27b -> DashScope API
    [路由] qwen3.6-27b -> DashScope API
    [路由] qwen3.6-27b -> DashScope API
    [qwen3.6-27b] 决策: create | 选笑话编号: None
    [qwen3.6-27b] 决策: create | 选笑话编号: None
    [qwen3.6-27b] 决策: create | 选笑话编号: None

  Item完成: 耗时57.8s | 总耗时939.6min
  速率限制器状态: 可用令牌=960.0/960
  已保存中间结果 (191 条)

============================================================
处理 es_0292... (192/1375)
  质量组: high (4个候选笑话)
  质量组: medium (4个候选笑话)
  质量组: low (4个候选笑话)
  并发执行 3 个评估任务 (max_workers=3)...
    [路由] qwen3.6-27b -> DashScope API
    [路由] qwen3.6-27b -> DashScope API    [路由] qwen3.6-27b -> DashScope API

    [qwen3.6-27b] 决策: select | 选笑话编号: 4
    [qwen3.6-27b] 决策: select | 选笑话编号: 4
    [qwen3.6-27b] 决策: create | 选笑话编号: None

  Item完成: 耗时248.7s | 总耗时943.8min
  速率限制器状态: 可用令牌=960.0/960
  已保存中间结果 (192 条)

============================================================
处理 es_0293... (193/1375)
  质量组: high (4个候选笑话)
  质量组: medium (4个候选笑话)
  质量组: low (4个候选笑话)
  并发执行 3 个评估任务 (max_workers=3)...
    [路由] qwen3.6-27b -> DashScope API
    [路由] qwen3.6-27b -> DashScope API    [路由] qwen3.6-27b -> DashScope API

    [qwen3.6-27b] 决策: create | 选笑话编号: None日志保存至: D:\github\llm_resist_selection\exp_result\exp1_status_quo_bias_run_es.log
开始时间: 2026-05-08 21:18:31
语言: es | RPM: 1200 | 数据范围: [0, None)
------------------------------------------------------------

=== 实验一：不作为偏见（Status Quo Bias）实验 [lang=es] ===

运行完整实验...

初始化速率限制器 (RPM=1200)...
每个item预计请求数: 3
建议每请求最小间隔: 0.07秒

加载三组质量数据 (lang=es)...
  [高质量] 发现文件: good_option_deepseek-v3.2_es.json -> 模型: deepseek-v3.2
  [高质量] 发现文件: good_option_glm-5_es.json -> 模型: glm-5
  [高质量] 发现文件: good_option_kimi-k2.5_es.json -> 模型: kimi-k2.5
  [高质量] 发现文件: good_option_qwen3-max_es.json -> 模型: qwen3-max
  [高质量] 加载完成: 1375 条（来自 4 个模型）
  [中等质量] 加载完成: 1375 条 <- medium_option_es.json
  [低质量] 加载完成: 1375 条 <- low_option_es.json
可用质量组: ['high', 'medium', 'low']
数据范围: [0:None], 实际处理 1375 条
加载 headlines 数据: 1375 条
断点续传：已加载 192 条已处理数据

============================================================
处理 es_0293... (193/1375)
  质量组: high (4个候选笑话)
  质量组: medium (4个候选笑话)
  质量组: low (4个候选笑话)
  并发执行 3 个评估任务 (max_workers=3)...
    [路由] qwen3.6-27b -> DashScope API    [路由] qwen3.6-27b -> DashScope API
    [路由] qwen3.6-27b -> DashScope API

    [qwen3.6-27b] 决策: select | 选笑话编号: 3
    [qwen3.6-27b] 决策: select | 选笑话编号: 2
    [qwen3.6-27b] 决策: create | 选笑话编号: None

  Item完成: 耗时59.8s | 总耗时1.0min
  速率限制器状态: 可用令牌=960.0/960
  已保存中间结果 (193 条)

============================================================
处理 es_0294... (194/1375)
  质量组: high (4个候选笑话)
  质量组: medium (4个候选笑话)
  质量组: low (4个候选笑话)
  并发执行 3 个评估任务 (max_workers=3)...
    [路由] qwen3.6-27b -> DashScope API    [路由] qwen3.6-27b -> DashScope API
    [路由] qwen3.6-27b -> DashScope API

    [qwen3.6-27b] 决策: create | 选笑话编号: None
    [qwen3.6-27b] 决策: create | 选笑话编号: None
    [qwen3.6-27b] 决策: create | 选笑话编号: None

  Item完成: 耗时88.4s | 总耗时2.5min
  速率限制器状态: 可用令牌=960.0/960
  已保存中间结果 (194 条)

============================================================
处理 es_0295... (195/1375)
  质量组: high (4个候选笑话)
  质量组: medium (4个候选笑话)
  质量组: low (4个候选笑话)
  并发执行 3 个评估任务 (max_workers=3)...
    [路由] qwen3.6-27b -> DashScope API
    [路由] qwen3.6-27b -> DashScope API    [路由] qwen3.6-27b -> DashScope API

    [qwen3.6-27b] 决策: create | 选笑话编号: None
    [qwen3.6-27b] 决策: create | 选笑话编号: None
    [qwen3.6-27b] 决策: create | 选笑话编号: None

  Item完成: 耗时56.7s | 总耗时3.4min
  速率限制器状态: 可用令牌=960.0/960
  已保存中间结果 (195 条)

============================================================
处理 es_0296... (196/1375)
  质量组: high (4个候选笑话)
  质量组: medium (4个候选笑话)
  质量组: low (4个候选笑话)
  并发执行 3 个评估任务 (max_workers=3)...
    [路由] qwen3.6-27b -> DashScope API
    [路由] qwen3.6-27b -> DashScope API    [路由] qwen3.6-27b -> DashScope API

    [API] 可重试异常: HTTPSConnectionPool(host='dashscope.aliyuncs.com', port=443): Max retries exceeded with url: /api/v1, 等待1.6s后重试 (1/5), model=qwen3.6-27b
    [API] 可重试异常: HTTPSConnectionPool(host='dashscope.aliyuncs.com', port=443): Max retries exceeded with url: /api/v1, 等待1.9s后重试 (1/5), model=qwen3.6-27b
    [API] 可重试异常: HTTPSConnectionPool(host='dashscope.aliyuncs.com', port=443): Max retries exceeded with url: /api/v1, 等待2.1s后重试 (1/5), model=qwen3.6-27b
    [qwen3.6-27b] 决策: create | 选笑话编号: None
    [qwen3.6-27b] 决策: create | 选笑话编号: None
    [qwen3.6-27b] 决策: create | 选笑话编号: None

  Item完成: 耗时106.6s | 总耗时5.2min
  速率限制器状态: 可用令牌=960.0/960
  已保存中间结果 (196 条)

============================================================
处理 es_0297... (197/1375)
  质量组: high (4个候选笑话)
  质量组: medium (4个候选笑话)
  质量组: low (4个候选笑话)
  并发执行 3 个评估任务 (max_workers=3)...
    [路由] qwen3.6-27b -> DashScope API    [路由] qwen3.6-27b -> DashScope API

    [路由] qwen3.6-27b -> DashScope API
    [qwen3.6-27b] 决策: select | 选笑话编号: 2
    [qwen3.6-27b] 决策: create | 选笑话编号: None
    [qwen3.6-27b] 决策: create | 选笑话编号: None

  Item完成: 耗时95.2s | 总耗时6.8min
  速率限制器状态: 可用令牌=960.0/960
  已保存中间结果 (197 条)

============================================================
处理 es_0298... (198/1375)
  质量组: high (4个候选笑话)
  质量组: medium (4个候选笑话)
  质量组: low (4个候选笑话)
  并发执行 3 个评估任务 (max_workers=3)...
    [路由] qwen3.6-27b -> DashScope API    [路由] qwen3.6-27b -> DashScope API

    [路由] qwen3.6-27b -> DashScope API
    [qwen3.6-27b] 决策: create | 选笑话编号: None
    [qwen3.6-27b] 决策: create | 选笑话编号: None
    [qwen3.6-27b] 决策: create | 选笑话编号: None

  Item完成: 耗时77.6s | 总耗时8.1min
  速率限制器状态: 可用令牌=960.0/960
  已保存中间结果 (198 条)

============================================================
处理 es_0299... (199/1375)
  质量组: high (4个候选笑话)
  质量组: medium (4个候选笑话)
  质量组: low (4个候选笑话)
  并发执行 3 个评估任务 (max_workers=3)...
    [路由] qwen3.6-27b -> DashScope API    [路由] qwen3.6-27b -> DashScope API
    [路由] qwen3.6-27b -> DashScope API

    [qwen3.6-27b] 决策: select | 选笑话编号: 2
    [qwen3.6-27b] 决策: create | 选笑话编号: None
    [qwen3.6-27b] 决策: create | 选笑话编号: None

  Item完成: 耗时104.0s | 总耗时9.8min
  速率限制器状态: 可用令牌=960.0/960
  已保存中间结果 (199 条)

============================================================
处理 es_0300... (200/1375)
  质量组: high (4个候选笑话)
  质量组: medium (4个候选笑话)
  质量组: low (4个候选笑话)
  并发执行 3 个评估任务 (max_workers=3)...
    [路由] qwen3.6-27b -> DashScope API    [路由] qwen3.6-27b -> DashScope API

    [路由] qwen3.6-27b -> DashScope API
    [qwen3.6-27b] 决策: create | 选笑话编号: None
    [qwen3.6-27b] 决策: create | 选笑话编号: None
    [API] 可重试异常: HTTPSConnectionPool(host='dashscope.aliyuncs.com', port=443): Read timed out. (read timeout=300), 等待2.5s后重试 (1/5), model=qwen3.6-27b
    [API] 可重试异常: HTTPSConnectionPool(host='dashscope.aliyuncs.com', port=443): Read timed out. (read timeout=300), 等待4.6s后重试 (2/5), model=qwen3.6-27b
    [API] 可重试异常: HTTPSConnectionPool(host='dashscope.aliyuncs.com', port=443): Read timed out. (read timeout=300), 等待9.2s后重试 (3/5), model=qwen3.6-27b
    [qwen3.6-27b] 决策: select | 选笑话编号: 2

  Item完成: 耗时944.0s | 总耗时25.5min
  速率限制器状态: 可用令牌=960.0/960
  已保存中间结果 (200 条)

============================================================
处理 es_0301... (201/1375)
  质量组: high (4个候选笑话)
  质量组: medium (4个候选笑话)
  质量组: low (4个候选笑话)
  并发执行 3 个评估任务 (max_workers=3)...
    [路由] qwen3.6-27b -> DashScope API    [路由] qwen3.6-27b -> DashScope API

    [路由] qwen3.6-27b -> DashScope API
    [qwen3.6-27b] 决策: create | 选笑话编号: None
    [qwen3.6-27b] 决策: create | 选笑话编号: None
    [qwen3.6-27b] 决策: create | 选笑话编号: None

  Item完成: 耗时53.6s | 总耗时26.4min
  速率限制器状态: 可用令牌=960.0/960
  已保存中间结果 (201 条)

============================================================
处理 es_0302... (202/1375)
  质量组: high (4个候选笑话)
  质量组: medium (4个候选笑话)
  质量组: low (4个候选笑话)
  并发执行 3 个评估任务 (max_workers=3)...
    [路由] qwen3.6-27b -> DashScope API
    [路由] qwen3.6-27b -> DashScope API    [路由] qwen3.6-27b -> DashScope API

    [qwen3.6-27b] 决策: select | 选笑话编号: 4
    [qwen3.6-27b] 决策: create | 选笑话编号: None
    [qwen3.6-27b] 决策: create | 选笑话编号: None

  Item完成: 耗时59.1s | 总耗时27.4min
  速率限制器状态: 可用令牌=960.0/960
  已保存中间结果 (202 条)

============================================================
处理 es_0303... (203/1375)
  质量组: high (4个候选笑话)
  质量组: medium (4个候选笑话)
  质量组: low (4个候选笑话)
  并发执行 3 个评估任务 (max_workers=3)...
    [路由] qwen3.6-27b -> DashScope API    [路由] qwen3.6-27b -> DashScope API

    [路由] qwen3.6-27b -> DashScope API
    [qwen3.6-27b] 决策: create | 选笑话编号: None
    [qwen3.6-27b] 决策: create | 选笑话编号: None
    [qwen3.6-27b] 决策: create | 选笑话编号: None

  Item完成: 耗时73.1s | 总耗时28.6min
  速率限制器状态: 可用令牌=960.0/960
  已保存中间结果 (203 条)

============================================================
处理 es_0304... (204/1375)
  质量组: high (4个候选笑话)
  质量组: medium (4个候选笑话)
  质量组: low (4个候选笑话)
  并发执行 3 个评估任务 (max_workers=3)...
    [路由] qwen3.6-27b -> DashScope API    [路由] qwen3.6-27b -> DashScope API

    [路由] qwen3.6-27b -> DashScope API
    [qwen3.6-27b] 决策: select | 选笑话编号: 3
    [qwen3.6-27b] 决策: select | 选笑话编号: 3
    [qwen3.6-27b] 决策: create | 选笑话编号: None

  Item完成: 耗时53.6s | 总耗时29.5min
  速率限制器状态: 可用令牌=960.0/960
  已保存中间结果 (204 条)

============================================================
处理 es_0305... (205/1375)
  质量组: high (4个候选笑话)
  质量组: medium (4个候选笑话)
  质量组: low (4个候选笑话)
  并发执行 3 个评估任务 (max_workers=3)...
    [路由] qwen3.6-27b -> DashScope API
    [路由] qwen3.6-27b -> DashScope API    [路由] qwen3.6-27b -> DashScope API

    [qwen3.6-27b] 决策: select | 选笑话编号: 3
    [qwen3.6-27b] 决策: create | 选笑话编号: None
    [qwen3.6-27b] 决策: create | 选笑话编号: None

  Item完成: 耗时45.2s | 总耗时30.3min
  速率限制器状态: 可用令牌=960.0/960
  已保存中间结果 (205 条)

============================================================
处理 es_0306... (206/1375)
  质量组: high (4个候选笑话)
  质量组: medium (4个候选笑话)
  质量组: low (4个候选笑话)
  并发执行 3 个评估任务 (max_workers=3)...
    [路由] qwen3.6-27b -> DashScope API    [路由] qwen3.6-27b -> DashScope API

    [路由] qwen3.6-27b -> DashScope API
    [qwen3.6-27b] 决策: select | 选笑话编号: 2
    [qwen3.6-27b] 决策: create | 选笑话编号: None
    [qwen3.6-27b] 决策: create | 选笑话编号: None

  Item完成: 耗时74.8s | 总耗时31.5min
  速率限制器状态: 可用令牌=960.0/960
  已保存中间结果 (206 条)

============================================================
处理 es_0307... (207/1375)
  质量组: high (4个候选笑话)
  质量组: medium (4个候选笑话)
  质量组: low (4个候选笑话)
  并发执行 3 个评估任务 (max_workers=3)...
    [路由] qwen3.6-27b -> DashScope API    [路由] qwen3.6-27b -> DashScope API

    [路由] qwen3.6-27b -> DashScope API
    [qwen3.6-27b] 决策: create | 选笑话编号: None
    [qwen3.6-27b] 决策: create | 选笑话编号: None
    [qwen3.6-27b] 决策: create | 选笑话编号: None

  Item完成: 耗时73.6s | 总耗时32.8min
  速率限制器状态: 可用令牌=960.0/960
  已保存中间结果 (207 条)

============================================================
处理 es_0308... (208/1375)
  质量组: high (4个候选笑话)
  质量组: medium (4个候选笑话)
  质量组: low (4个候选笑话)
  并发执行 3 个评估任务 (max_workers=3)...
    [路由] qwen3.6-27b -> DashScope API    [路由] qwen3.6-27b -> DashScope API

    [路由] qwen3.6-27b -> DashScope API
    [qwen3.6-27b] 决策: select | 选笑话编号: 2
    [qwen3.6-27b] 决策: create | 选笑话编号: None
    [API] 可重试异常: HTTPSConnectionPool(host='dashscope.aliyuncs.com', port=443): Read timed out. (read timeout=300), 等待2.4s后重试 (1/5), model=qwen3.6-27b
    [qwen3.6-27b] 决策: create | 选笑话编号: None

  Item完成: 耗时353.3s | 总耗时38.7min
  速率限制器状态: 可用令牌=960.0/960
  已保存中间结果 (208 条)

============================================================
处理 es_0309... (209/1375)
  质量组: high (4个候选笑话)
  质量组: medium (4个候选笑话)
  质量组: low (4个候选笑话)
  并发执行 3 个评估任务 (max_workers=3)...
    [路由] qwen3.6-27b -> DashScope API    [路由] qwen3.6-27b -> DashScope API
    [路由] qwen3.6-27b -> DashScope API

    [qwen3.6-27b] 决策: select | 选笑话编号: 3
    [qwen3.6-27b] 决策: select | 选笑话编号: 4
    [API] 可重试异常: HTTPSConnectionPool(host='dashscope.aliyuncs.com', port=443): Read timed out. (read timeout=300), 等待2.1s后重试 (1/5), model=qwen3.6-27b
    [qwen3.6-27b] 决策: create | 选笑话编号: None

  Item完成: 耗时385.6s | 总耗时45.1min
  速率限制器状态: 可用令牌=960.0/960
  已保存中间结果 (209 条)

============================================================
处理 es_0310... (210/1375)
  质量组: high (4个候选笑话)
  质量组: medium (4个候选笑话)
  质量组: low (4个候选笑话)
  并发执行 3 个评估任务 (max_workers=3)...
    [路由] qwen3.6-27b -> DashScope API    [路由] qwen3.6-27b -> DashScope API

    [路由] qwen3.6-27b -> DashScope API
    [qwen3.6-27b] 决策: select | 选笑话编号: 4
    [qwen3.6-27b] 决策: create | 选笑话编号: None
    [qwen3.6-27b] 决策: create | 选笑话编号: None

  Item完成: 耗时68.1s | 总耗时46.2min
  速率限制器状态: 可用令牌=960.0/960
  已保存中间结果 (210 条)

============================================================
处理 es_0311... (211/1375)
  质量组: high (4个候选笑话)
  质量组: medium (4个候选笑话)
  质量组: low (4个候选笑话)
  并发执行 3 个评估任务 (max_workers=3)...
    [路由] qwen3.6-27b -> DashScope API
    [路由] qwen3.6-27b -> DashScope API    [路由] qwen3.6-27b -> DashScope API

    [qwen3.6-27b] 决策: create | 选笑话编号: None
    [qwen3.6-27b] 决策: create | 选笑话编号: None
    [qwen3.6-27b] 决策: create | 选笑话编号: None

  Item完成: 耗时91.6s | 总耗时47.8min
  速率限制器状态: 可用令牌=960.0/960
  已保存中间结果 (211 条)

============================================================
处理 es_0312... (212/1375)
  质量组: high (4个候选笑话)
  质量组: medium (4个候选笑话)
  质量组: low (4个候选笑话)
  并发执行 3 个评估任务 (max_workers=3)...
    [路由] qwen3.6-27b -> DashScope API
    [路由] qwen3.6-27b -> DashScope API
    [路由] qwen3.6-27b -> DashScope API
    [qwen3.6-27b] 决策: create | 选笑话编号: None
    [qwen3.6-27b] 决策: create | 选笑话编号: None
    [qwen3.6-27b] 决策: create | 选笑话编号: None

  Item完成: 耗时44.1s | 总耗时48.5min
  速率限制器状态: 可用令牌=960.0/960
  已保存中间结果 (212 条)

============================================================
处理 es_0313... (213/1375)
  质量组: high (4个候选笑话)
  质量组: medium (4个候选笑话)
  质量组: low (4个候选笑话)
  并发执行 3 个评估任务 (max_workers=3)...
    [路由] qwen3.6-27b -> DashScope API
    [路由] qwen3.6-27b -> DashScope API
    [路由] qwen3.6-27b -> DashScope API
    [qwen3.6-27b] 决策: select | 选笑话编号: 2
    [qwen3.6-27b] 决策: select | 选笑话编号: 2
    [API] 可重试异常: HTTPSConnectionPool(host='dashscope.aliyuncs.com', port=443): Read timed out. (read timeout=300), 等待2.4s后重试 (1/5), model=qwen3.6-27b
    [qwen3.6-27b] 决策: select | 选笑话编号: 1

  Item完成: 耗时346.5s | 总耗时54.3min
  速率限制器状态: 可用令牌=960.0/960
  已保存中间结果 (213 条)

============================================================
处理 es_0314... (214/1375)
  质量组: high (4个候选笑话)
  质量组: medium (4个候选笑话)
  质量组: low (4个候选笑话)
  并发执行 3 个评估任务 (max_workers=3)...
    [路由] qwen3.6-27b -> DashScope API
    [路由] qwen3.6-27b -> DashScope API    [路由] qwen3.6-27b -> DashScope API

    [qwen3.6-27b] 决策: create | 选笑话编号: None
    [qwen3.6-27b] 决策: select | 选笑话编号: 2
    [qwen3.6-27b] 决策: create | 选笑话编号: None

  Item完成: 耗时58.2s | 总耗时55.2min
  速率限制器状态: 可用令牌=960.0/960
  已保存中间结果 (214 条)

============================================================
处理 es_0315... (215/1375)
  质量组: high (4个候选笑话)
  质量组: medium (4个候选笑话)
  质量组: low (4个候选笑话)
  并发执行 3 个评估任务 (max_workers=3)...
    [路由] qwen3.6-27b -> DashScope API    [路由] qwen3.6-27b -> DashScope API
    [路由] qwen3.6-27b -> DashScope API

    [qwen3.6-27b] 决策: select | 选笑话编号: 2
    [qwen3.6-27b] 决策: select | 选笑话编号: 4
    [qwen3.6-27b] 决策: create | 选笑话编号: None

  Item完成: 耗时47.6s | 总耗时56.0min
  速率限制器状态: 可用令牌=960.0/960
  已保存中间结果 (215 条)

============================================================
处理 es_0316... (216/1375)
  质量组: high (4个候选笑话)
  质量组: medium (4个候选笑话)
  质量组: low (4个候选笑话)
  并发执行 3 个评估任务 (max_workers=3)...
    [路由] qwen3.6-27b -> DashScope API    [路由] qwen3.6-27b -> DashScope API
    [路由] qwen3.6-27b -> DashScope API

    [qwen3.6-27b] 决策: create | 选笑话编号: None
    [qwen3.6-27b] 决策: create | 选笑话编号: None
    [qwen3.6-27b] 决策: create | 选笑话编号: None

  Item完成: 耗时58.5s | 总耗时57.0min
  速率限制器状态: 可用令牌=960.0/960
  已保存中间结果 (216 条)

============================================================
处理 es_0317... (217/1375)
  质量组: high (4个候选笑话)
  质量组: medium (4个候选笑话)
  质量组: low (4个候选笑话)
  并发执行 3 个评估任务 (max_workers=3)...
    [路由] qwen3.6-27b -> DashScope API    [路由] qwen3.6-27b -> DashScope API

    [路由] qwen3.6-27b -> DashScope API
    [qwen3.6-27b] 决策: select | 选笑话编号: 3
    [qwen3.6-27b] 决策: select | 选笑话编号: 2
    [qwen3.6-27b] 决策: create | 选笑话编号: None

  Item完成: 耗时105.6s | 总耗时58.8min
  速率限制器状态: 可用令牌=960.0/960
  已保存中间结果 (217 条)

============================================================
处理 es_0318... (218/1375)
  质量组: high (4个候选笑话)
  质量组: medium (4个候选笑话)
  质量组: low (4个候选笑话)
  并发执行 3 个评估任务 (max_workers=3)...
    [路由] qwen3.6-27b -> DashScope API    [路由] qwen3.6-27b -> DashScope API

    [路由] qwen3.6-27b -> DashScope API
    [qwen3.6-27b] 决策: select | 选笑话编号: 2
    [qwen3.6-27b] 决策: create | 选笑话编号: None
    [qwen3.6-27b] 决策: create | 选笑话编号: None

  Item完成: 耗时43.4s | 总耗时59.5min
  速率限制器状态: 可用令牌=960.0/960
  已保存中间结果 (218 条)

============================================================
处理 es_0319... (219/1375)
  质量组: high (4个候选笑话)
  质量组: medium (4个候选笑话)
  质量组: low (4个候选笑话)
  并发执行 3 个评估任务 (max_workers=3)...
    [路由] qwen3.6-27b -> DashScope API    [路由] qwen3.6-27b -> DashScope API

    [路由] qwen3.6-27b -> DashScope API
    [qwen3.6-27b] 决策: select | 选笑话编号: 3
    [qwen3.6-27b] 决策: create | 选笑话编号: None
    [qwen3.6-27b] 决策: create | 选笑话编号: None

  Item完成: 耗时71.7s | 总耗时60.7min
  速率限制器状态: 可用令牌=960.0/960
  已保存中间结果 (219 条)

============================================================
处理 es_0320... (220/1375)
  质量组: high (4个候选笑话)
  质量组: medium (4个候选笑话)
  质量组: low (4个候选笑话)
  并发执行 3 个评估任务 (max_workers=3)...
    [路由] qwen3.6-27b -> DashScope API    [路由] qwen3.6-27b -> DashScope API
    [路由] qwen3.6-27b -> DashScope API

    [qwen3.6-27b] 决策: select | 选笑话编号: 3
    [qwen3.6-27b] 决策: select | 选笑话编号: 2
    [qwen3.6-27b] 决策: create | 选笑话编号: None

  Item完成: 耗时27.7s | 总耗时61.2min
  速率限制器状态: 可用令牌=960.0/960
  已保存中间结果 (220 条)

============================================================
处理 es_0321... (221/1375)
  质量组: high (4个候选笑话)
  质量组: medium (4个候选笑话)
  质量组: low (4个候选笑话)
  并发执行 3 个评估任务 (max_workers=3)...
    [路由] qwen3.6-27b -> DashScope API    [路由] qwen3.6-27b -> DashScope API
    [路由] qwen3.6-27b -> DashScope API

    [qwen3.6-27b] 决策: select | 选笑话编号: 3
    [qwen3.6-27b] 决策: create | 选笑话编号: None
    [qwen3.6-27b] 决策: create | 选笑话编号: None

  Item完成: 耗时44.9s | 总耗时61.9min
  速率限制器状态: 可用令牌=960.0/960
  已保存中间结果 (221 条)

============================================================
处理 es_0322... (222/1375)
  质量组: high (4个候选笑话)
  质量组: medium (4个候选笑话)
  质量组: low (4个候选笑话)
  并发执行 3 个评估任务 (max_workers=3)...
    [路由] qwen3.6-27b -> DashScope API    [路由] qwen3.6-27b -> DashScope API

    [路由] qwen3.6-27b -> DashScope API
    [qwen3.6-27b] 决策: select | 选笑话编号: 2
    [qwen3.6-27b] 决策: create | 选笑话编号: None
    [qwen3.6-27b] 决策: create | 选笑话编号: None

  Item完成: 耗时97.1s | 总耗时63.5min
  速率限制器状态: 可用令牌=960.0/960
  已保存中间结果 (222 条)

============================================================
处理 es_0323... (223/1375)
  质量组: high (4个候选笑话)
  质量组: medium (4个候选笑话)
  质量组: low (4个候选笑话)
  并发执行 3 个评估任务 (max_workers=3)...
    [路由] qwen3.6-27b -> DashScope API
    [路由] qwen3.6-27b -> DashScope API
    [路由] qwen3.6-27b -> DashScope API
    [qwen3.6-27b] 决策: select | 选笑话编号: 2
    [qwen3.6-27b] 决策: select | 选笑话编号: 3
    [qwen3.6-27b] 决策: create | 选笑话编号: None

  Item完成: 耗时89.8s | 总耗时65.0min
  速率限制器状态: 可用令牌=960.0/960
  已保存中间结果 (223 条)

============================================================
处理 es_0324... (224/1375)
  质量组: high (4个候选笑话)
  质量组: medium (4个候选笑话)
  质量组: low (4个候选笑话)
  并发执行 3 个评估任务 (max_workers=3)...
    [路由] qwen3.6-27b -> DashScope API    [路由] qwen3.6-27b -> DashScope API

    [路由] qwen3.6-27b -> DashScope API
    [qwen3.6-27b] 决策: select | 选笑话编号: 2
    [qwen3.6-27b] 决策: create | 选笑话编号: None
    [qwen3.6-27b] 决策: select | 选笑话编号: 4

  Item完成: 耗时49.1s | 总耗时65.8min
  速率限制器状态: 可用令牌=960.0/960
  已保存中间结果 (224 条)

============================================================
处理 es_0325... (225/1375)
  质量组: high (4个候选笑话)
  质量组: medium (4个候选笑话)
  质量组: low (4个候选笑话)
  并发执行 3 个评估任务 (max_workers=3)...
    [路由] qwen3.6-27b -> DashScope API    [路由] qwen3.6-27b -> DashScope API

    [路由] qwen3.6-27b -> DashScope API
    [qwen3.6-27b] 决策: create | 选笑话编号: None
    [qwen3.6-27b] 决策: create | 选笑话编号: None
    [qwen3.6-27b] 决策: create | 选笑话编号: None

  Item完成: 耗时83.0s | 总耗时67.2min
  速率限制器状态: 可用令牌=960.0/960
  已保存中间结果 (225 条)

============================================================
处理 es_0326... (226/1375)
  质量组: high (4个候选笑话)
  质量组: medium (4个候选笑话)
  质量组: low (4个候选笑话)
  并发执行 3 个评估任务 (max_workers=3)...
    [路由] qwen3.6-27b -> DashScope API    [路由] qwen3.6-27b -> DashScope API

    [路由] qwen3.6-27b -> DashScope API
    [qwen3.6-27b] 决策: select | 选笑话编号: 3
    [qwen3.6-27b] 决策: create | 选笑话编号: None
    [qwen3.6-27b] 决策: create | 选笑话编号: None

  Item完成: 耗时63.0s | 总耗时68.3min
  速率限制器状态: 可用令牌=960.0/960
  已保存中间结果 (226 条)

============================================================
处理 es_0327... (227/1375)
  质量组: high (4个候选笑话)
  质量组: medium (4个候选笑话)
  质量组: low (4个候选笑话)
  并发执行 3 个评估任务 (max_workers=3)...
    [路由] qwen3.6-27b -> DashScope API    [路由] qwen3.6-27b -> DashScope API
    [路由] qwen3.6-27b -> DashScope API

    [qwen3.6-27b] 决策: create | 选笑话编号: None
    [qwen3.6-27b] 决策: create | 选笑话编号: None
    [qwen3.6-27b] 决策: create | 选笑话编号: None

  Item完成: 耗时72.3s | 总耗时69.5min
  速率限制器状态: 可用令牌=960.0/960
  已保存中间结果 (227 条)

============================================================
处理 es_0328... (228/1375)
  质量组: high (4个候选笑话)
  质量组: medium (4个候选笑话)
  质量组: low (4个候选笑话)
  并发执行 3 个评估任务 (max_workers=3)...
    [路由] qwen3.6-27b -> DashScope API    [路由] qwen3.6-27b -> DashScope API

    [路由] qwen3.6-27b -> DashScope API
    [qwen3.6-27b] 决策: select | 选笑话编号: 4
    [qwen3.6-27b] 决策: create | 选笑话编号: None
    [qwen3.6-27b] 决策: create | 选笑话编号: None

  Item完成: 耗时106.7s | 总耗时71.3min
  速率限制器状态: 可用令牌=960.0/960
  已保存中间结果 (228 条)

============================================================
处理 es_0329... (229/1375)
  质量组: high (4个候选笑话)
  质量组: medium (4个候选笑话)
  质量组: low (4个候选笑话)
  并发执行 3 个评估任务 (max_workers=3)...
    [路由] qwen3.6-27b -> DashScope API
    [路由] qwen3.6-27b -> DashScope API    [路由] qwen3.6-27b -> DashScope API

    [qwen3.6-27b] 决策: select | 选笑话编号: 2
    [qwen3.6-27b] 决策: select | 选笑话编号: 2
    [qwen3.6-27b] 决策: create | 选笑话编号: None

  Item完成: 耗时60.3s | 总耗时72.3min
  速率限制器状态: 可用令牌=960.0/960
  已保存中间结果 (229 条)

============================================================
处理 es_0330... (230/1375)
  质量组: high (4个候选笑话)
  质量组: medium (4个候选笑话)
  质量组: low (4个候选笑话)
  并发执行 3 个评估任务 (max_workers=3)...
    [路由] qwen3.6-27b -> DashScope API
    [路由] qwen3.6-27b -> DashScope API
    [路由] qwen3.6-27b -> DashScope API
    [qwen3.6-27b] 决策: select | 选笑话编号: 2
    [qwen3.6-27b] 决策: create | 选笑话编号: None
    [qwen3.6-27b] 决策: create | 选笑话编号: None

  Item完成: 耗时50.2s | 总耗时73.1min
  速率限制器状态: 可用令牌=960.0/960
  已保存中间结果 (230 条)

============================================================
处理 es_0331... (231/1375)
  质量组: high (4个候选笑话)
  质量组: medium (4个候选笑话)
  质量组: low (4个候选笑话)
  并发执行 3 个评估任务 (max_workers=3)...
    [路由] qwen3.6-27b -> DashScope API
    [路由] qwen3.6-27b -> DashScope API    [路由] qwen3.6-27b -> DashScope API

    [qwen3.6-27b] 决策: select | 选笑话编号: 4
    [qwen3.6-27b] 决策: create | 选笑话编号: None
    [qwen3.6-27b] 决策: create | 选笑话编号: None

  Item完成: 耗时66.2s | 总耗时74.2min
  速率限制器状态: 可用令牌=960.0/960
  已保存中间结果 (231 条)

============================================================
处理 es_0332... (232/1375)
  质量组: high (4个候选笑话)
  质量组: medium (4个候选笑话)
  质量组: low (4个候选笑话)
  并发执行 3 个评估任务 (max_workers=3)...
    [路由] qwen3.6-27b -> DashScope API    [路由] qwen3.6-27b -> DashScope API

    [路由] qwen3.6-27b -> DashScope API
    [qwen3.6-27b] 决策: select | 选笑话编号: 2
    [qwen3.6-27b] 决策: create | 选笑话编号: None
    [qwen3.6-27b] 决策: create | 选笑话编号: None

  Item完成: 耗时61.8s | 总耗时75.2min
  速率限制器状态: 可用令牌=960.0/960
  已保存中间结果 (232 条)

============================================================
处理 es_0333... (233/1375)
  质量组: high (4个候选笑话)
  质量组: medium (4个候选笑话)
  质量组: low (4个候选笑话)
  并发执行 3 个评估任务 (max_workers=3)...
    [路由] qwen3.6-27b -> DashScope API    [路由] qwen3.6-27b -> DashScope API

    [路由] qwen3.6-27b -> DashScope API
    [qwen3.6-27b] 决策: select | 选笑话编号: 3
    [qwen3.6-27b] 决策: create | 选笑话编号: None
    [qwen3.6-27b] 决策: create | 选笑话编号: None

  Item完成: 耗时57.4s | 总耗时76.2min
  速率限制器状态: 可用令牌=960.0/960
  已保存中间结果 (233 条)

============================================================
处理 es_0334... (234/1375)
  质量组: high (4个候选笑话)
  质量组: medium (4个候选笑话)
  质量组: low (4个候选笑话)
  并发执行 3 个评估任务 (max_workers=3)...
    [路由] qwen3.6-27b -> DashScope API
    [路由] qwen3.6-27b -> DashScope API    [路由] qwen3.6-27b -> DashScope API

    [qwen3.6-27b] 决策: select | 选笑话编号: 3
    [qwen3.6-27b] 决策: select | 选笑话编号: 4
    [qwen3.6-27b] 决策: create | 选笑话编号: None

  Item完成: 耗时36.7s | 总耗时76.8min
  速率限制器状态: 可用令牌=960.0/960
  已保存中间结果 (234 条)

============================================================
处理 es_0335... (235/1375)
  质量组: high (4个候选笑话)
  质量组: medium (4个候选笑话)
  质量组: low (4个候选笑话)
  并发执行 3 个评估任务 (max_workers=3)...
    [路由] qwen3.6-27b -> DashScope API    [路由] qwen3.6-27b -> DashScope API

    [路由] qwen3.6-27b -> DashScope API
    [qwen3.6-27b] 决策: select | 选笑话编号: 2
    [qwen3.6-27b] 决策: create | 选笑话编号: None
    [qwen3.6-27b] 决策: create | 选笑话编号: None

  Item完成: 耗时85.2s | 总耗时78.2min
  速率限制器状态: 可用令牌=960.0/960
  已保存中间结果 (235 条)

============================================================
处理 es_0336... (236/1375)
  质量组: high (4个候选笑话)
  质量组: medium (4个候选笑话)
  质量组: low (4个候选笑话)
  并发执行 3 个评估任务 (max_workers=3)...
    [路由] qwen3.6-27b -> DashScope API    [路由] qwen3.6-27b -> DashScope API

    [路由] qwen3.6-27b -> DashScope API
    [qwen3.6-27b] 决策: create | 选笑话编号: None
    [qwen3.6-27b] 决策: create | 选笑话编号: None
    [qwen3.6-27b] 决策: create | 选笑话编号: None

  Item完成: 耗时64.4s | 总耗时79.3min
  速率限制器状态: 可用令牌=960.0/960
  已保存中间结果 (236 条)

============================================================
处理 es_0337... (237/1375)
  质量组: high (4个候选笑话)
  质量组: medium (4个候选笑话)
  质量组: low (4个候选笑话)
  并发执行 3 个评估任务 (max_workers=3)...
    [路由] qwen3.6-27b -> DashScope API
    [路由] qwen3.6-27b -> DashScope API    [路由] qwen3.6-27b -> DashScope API

    [qwen3.6-27b] 决策: select | 选笑话编号: 2
    [qwen3.6-27b] 决策: create | 选笑话编号: None
    [qwen3.6-27b] 决策: create | 选笑话编号: None

  Item完成: 耗时69.8s | 总耗时80.5min
  速率限制器状态: 可用令牌=960.0/960
  已保存中间结果 (237 条)

============================================================
处理 es_0338... (238/1375)
  质量组: high (4个候选笑话)
  质量组: medium (4个候选笑话)
  质量组: low (4个候选笑话)
  并发执行 3 个评估任务 (max_workers=3)...
    [路由] qwen3.6-27b -> DashScope API    [路由] qwen3.6-27b -> DashScope API
    [路由] qwen3.6-27b -> DashScope API

    [qwen3.6-27b] 决策: select | 选笑话编号: 2
    [qwen3.6-27b] 决策: create | 选笑话编号: None
    [qwen3.6-27b] 决策: create | 选笑话编号: None

  Item完成: 耗时84.0s | 总耗时81.9min
  速率限制器状态: 可用令牌=960.0/960
  已保存中间结果 (238 条)

============================================================
处理 es_0339... (239/1375)
  质量组: high (4个候选笑话)
  质量组: medium (4个候选笑话)
  质量组: low (4个候选笑话)
  并发执行 3 个评估任务 (max_workers=3)...
    [路由] qwen3.6-27b -> DashScope API
    [路由] qwen3.6-27b -> DashScope API    [路由] qwen3.6-27b -> DashScope API

    [qwen3.6-27b] 决策: select | 选笑话编号: 2
    [qwen3.6-27b] 决策: create | 选笑话编号: None
    [qwen3.6-27b] 决策: create | 选笑话编号: None

  Item完成: 耗时41.7s | 总耗时82.6min
  速率限制器状态: 可用令牌=960.0/960
  已保存中间结果 (239 条)

============================================================
处理 es_0340... (240/1375)
  质量组: high (4个候选笑话)
  质量组: medium (4个候选笑话)
  质量组: low (4个候选笑话)
  并发执行 3 个评估任务 (max_workers=3)...
    [路由] qwen3.6-27b -> DashScope API    [路由] qwen3.6-27b -> DashScope API
    [路由] qwen3.6-27b -> DashScope API

    [qwen3.6-27b] 决策: create | 选笑话编号: None
    [qwen3.6-27b] 决策: create | 选笑话编号: None
    [qwen3.6-27b] 决策: create | 选笑话编号: None

  Item完成: 耗时78.3s | 总耗时83.9min
  速率限制器状态: 可用令牌=960.0/960
  已保存中间结果 (240 条)

============================================================
处理 es_0341... (241/1375)
  质量组: high (4个候选笑话)
  质量组: medium (4个候选笑话)
  质量组: low (4个候选笑话)
  并发执行 3 个评估任务 (max_workers=3)...
    [路由] qwen3.6-27b -> DashScope API
    [路由] qwen3.6-27b -> DashScope API
    [路由] qwen3.6-27b -> DashScope API
    [qwen3.6-27b] 决策: select | 选笑话编号: 3
    [qwen3.6-27b] 决策: select | 选笑话编号: 2
    [qwen3.6-27b] 决策: create | 选笑话编号: None

  Item完成: 耗时48.5s | 总耗时84.7min
  速率限制器状态: 可用令牌=960.0/960
  已保存中间结果 (241 条)

============================================================
处理 es_0342... (242/1375)
  质量组: high (4个候选笑话)
  质量组: medium (4个候选笑话)
  质量组: low (4个候选笑话)
  并发执行 3 个评估任务 (max_workers=3)...
    [路由] qwen3.6-27b -> DashScope API    [路由] qwen3.6-27b -> DashScope API

    [路由] qwen3.6-27b -> DashScope API
    [qwen3.6-27b] 决策: create | 选笑话编号: None
    [qwen3.6-27b] 决策: create | 选笑话编号: None
    [qwen3.6-27b] 决策: create | 选笑话编号: None

  Item完成: 耗时132.8s | 总耗时86.9min
  速率限制器状态: 可用令牌=960.0/960
  已保存中间结果 (242 条)

============================================================
处理 es_0343... (243/1375)
  质量组: high (4个候选笑话)
  质量组: medium (4个候选笑话)
  质量组: low (4个候选笑话)
  并发执行 3 个评估任务 (max_workers=3)...
    [路由] qwen3.6-27b -> DashScope API    [路由] qwen3.6-27b -> DashScope API
    [路由] qwen3.6-27b -> DashScope API

    [qwen3.6-27b] 决策: select | 选笑话编号: 2
    [qwen3.6-27b] 决策: create | 选笑话编号: None
    [qwen3.6-27b] 决策: create | 选笑话编号: None

  Item完成: 耗时46.6s | 总耗时87.7min
  速率限制器状态: 可用令牌=960.0/960
  已保存中间结果 (243 条)

============================================================
处理 es_0344... (244/1375)
  质量组: high (4个候选笑话)
  质量组: medium (4个候选笑话)
  质量组: low (4个候选笑话)
  并发执行 3 个评估任务 (max_workers=3)...
    [路由] qwen3.6-27b -> DashScope API
    [路由] qwen3.6-27b -> DashScope API    [路由] qwen3.6-27b -> DashScope API

    [qwen3.6-27b] 决策: select | 选笑话编号: 4
    [qwen3.6-27b] 决策: create | 选笑话编号: None
    [qwen3.6-27b] 决策: create | 选笑话编号: None

  Item完成: 耗时53.7s | 总耗时88.6min
  速率限制器状态: 可用令牌=960.0/960
  已保存中间结果 (244 条)

============================================================
处理 es_0345... (245/1375)
  质量组: high (4个候选笑话)
  质量组: medium (4个候选笑话)
  质量组: low (4个候选笑话)
  并发执行 3 个评估任务 (max_workers=3)...
    [路由] qwen3.6-27b -> DashScope API    [路由] qwen3.6-27b -> DashScope API

    [路由] qwen3.6-27b -> DashScope API
    [qwen3.6-27b] 决策: select | 选笑话编号: 4
    [qwen3.6-27b] 决策: create | 选笑话编号: None
    [qwen3.6-27b] 决策: create | 选笑话编号: None

  Item完成: 耗时63.8s | 总耗时89.6min
  速率限制器状态: 可用令牌=960.0/960
  已保存中间结果 (245 条)

============================================================
处理 es_0346... (246/1375)
  质量组: high (4个候选笑话)
  质量组: medium (4个候选笑话)
  质量组: low (4个候选笑话)
  并发执行 3 个评估任务 (max_workers=3)...
    [路由] qwen3.6-27b -> DashScope API
    [路由] qwen3.6-27b -> DashScope API    [路由] qwen3.6-27b -> DashScope API

    [qwen3.6-27b] 决策: select | 选笑话编号: 1
    [qwen3.6-27b] 决策: select | 选笑话编号: 2
    [qwen3.6-27b] 决策: create | 选笑话编号: None

  Item完成: 耗时44.5s | 总耗时90.4min
  速率限制器状态: 可用令牌=960.0/960
  已保存中间结果 (246 条)

============================================================
处理 es_0347... (247/1375)
  质量组: high (4个候选笑话)
  质量组: medium (4个候选笑话)
  质量组: low (4个候选笑话)
  并发执行 3 个评估任务 (max_workers=3)...
    [路由] qwen3.6-27b -> DashScope API
    [路由] qwen3.6-27b -> DashScope API
    [路由] qwen3.6-27b -> DashScope API
    [qwen3.6-27b] 决策: select | 选笑话编号: 2
    [qwen3.6-27b] 决策: create | 选笑话编号: None
    [qwen3.6-27b] 决策: create | 选笑话编号: None

  Item完成: 耗时63.5s | 总耗时91.5min
  速率限制器状态: 可用令牌=960.0/960
  已保存中间结果 (247 条)

============================================================
处理 es_0348... (248/1375)
  质量组: high (4个候选笑话)
  质量组: medium (4个候选笑话)
  质量组: low (4个候选笑话)
  并发执行 3 个评估任务 (max_workers=3)...
    [路由] qwen3.6-27b -> DashScope API    [路由] qwen3.6-27b -> DashScope API
    [路由] qwen3.6-27b -> DashScope API

    [qwen3.6-27b] 决策: select | 选笑话编号: 4
    [qwen3.6-27b] 决策: select | 选笑话编号: 2
    [qwen3.6-27b] 决策: select | 选笑话编号: 4

  Item完成: 耗时28.0s | 总耗时91.9min
  速率限制器状态: 可用令牌=960.0/960
  已保存中间结果 (248 条)

============================================================
处理 es_0349... (249/1375)
  质量组: high (4个候选笑话)
  质量组: medium (4个候选笑话)
  质量组: low (4个候选笑话)
  并发执行 3 个评估任务 (max_workers=3)...
    [路由] qwen3.6-27b -> DashScope API    [路由] qwen3.6-27b -> DashScope API
    [路由] qwen3.6-27b -> DashScope API

    [qwen3.6-27b] 决策: create | 选笑话编号: None
    [qwen3.6-27b] 决策: create | 选笑话编号: None
    [qwen3.6-27b] 决策: create | 选笑话编号: None

  Item完成: 耗时98.6s | 总耗时93.6min
  速率限制器状态: 可用令牌=960.0/960
  已保存中间结果 (249 条)

============================================================
处理 es_0350... (250/1375)
  质量组: high (4个候选笑话)
  质量组: medium (4个候选笑话)
  质量组: low (4个候选笑话)
  并发执行 3 个评估任务 (max_workers=3)...
    [路由] qwen3.6-27b -> DashScope API    [路由] qwen3.6-27b -> DashScope API
    [路由] qwen3.6-27b -> DashScope API

    [qwen3.6-27b] 决策: create | 选笑话编号: None
    [qwen3.6-27b] 决策: select | 选笑话编号: 2
    [qwen3.6-27b] 决策: create | 选笑话编号: None

  Item完成: 耗时49.3s | 总耗时94.4min
  速率限制器状态: 可用令牌=960.0/960
  已保存中间结果 (250 条)

============================================================
处理 es_0351... (251/1375)
  质量组: high (4个候选笑话)
  质量组: medium (4个候选笑话)
  质量组: low (4个候选笑话)
  并发执行 3 个评估任务 (max_workers=3)...
    [路由] qwen3.6-27b -> DashScope API
    [路由] qwen3.6-27b -> DashScope API    [路由] qwen3.6-27b -> DashScope API

    [qwen3.6-27b] 决策: create | 选笑话编号: None
    [qwen3.6-27b] 决策: create | 选笑话编号: None
    [qwen3.6-27b] 决策: create | 选笑话编号: None

  Item完成: 耗时67.9s | 总耗时95.5min
  速率限制器状态: 可用令牌=960.0/960
  已保存中间结果 (251 条)

============================================================
处理 es_0352... (252/1375)
  质量组: high (4个候选笑话)
  质量组: medium (4个候选笑话)
  质量组: low (4个候选笑话)
  并发执行 3 个评估任务 (max_workers=3)...
    [路由] qwen3.6-27b -> DashScope API    [路由] qwen3.6-27b -> DashScope API
    [路由] qwen3.6-27b -> DashScope API

    [qwen3.6-27b] 决策: select | 选笑话编号: 3
    [qwen3.6-27b] 决策: select | 选笑话编号: 4
    [qwen3.6-27b] 决策: create | 选笑话编号: None

  Item完成: 耗时39.1s | 总耗时96.2min
  速率限制器状态: 可用令牌=960.0/960
  已保存中间结果 (252 条)

============================================================
处理 es_0353... (253/1375)
  质量组: high (4个候选笑话)
  质量组: medium (4个候选笑话)
  质量组: low (4个候选笑话)
  并发执行 3 个评估任务 (max_workers=3)...
    [路由] qwen3.6-27b -> DashScope API    [路由] qwen3.6-27b -> DashScope API
    [路由] qwen3.6-27b -> DashScope API

    [qwen3.6-27b] 决策: select | 选笑话编号: 2
    [qwen3.6-27b] 决策: create | 选笑话编号: None
    [qwen3.6-27b] 决策: create | 选笑话编号: None

  Item完成: 耗时99.1s | 总耗时97.8min
  速率限制器状态: 可用令牌=960.0/960
  已保存中间结果 (253 条)

============================================================
处理 es_0354... (254/1375)
  质量组: high (4个候选笑话)
  质量组: medium (4个候选笑话)
  质量组: low (4个候选笑话)
  并发执行 3 个评估任务 (max_workers=3)...
    [路由] qwen3.6-27b -> DashScope API
    [路由] qwen3.6-27b -> DashScope API    [路由] qwen3.6-27b -> DashScope API

    [qwen3.6-27b] 决策: select | 选笑话编号: 4
    [qwen3.6-27b] 决策: create | 选笑话编号: None
    [qwen3.6-27b] 决策: create | 选笑话编号: None

  Item完成: 耗时59.6s | 总耗时98.8min
  速率限制器状态: 可用令牌=960.0/960
  已保存中间结果 (254 条)

============================================================
处理 es_0355... (255/1375)
  质量组: high (4个候选笑话)
  质量组: medium (4个候选笑话)
  质量组: low (4个候选笑话)
  并发执行 3 个评估任务 (max_workers=3)...
    [路由] qwen3.6-27b -> DashScope API    [路由] qwen3.6-27b -> DashScope API
    [路由] qwen3.6-27b -> DashScope API

    [qwen3.6-27b] 决策: select | 选笑话编号: 2
    [qwen3.6-27b] 决策: create | 选笑话编号: None
    [qwen3.6-27b] 决策: create | 选笑话编号: None

  Item完成: 耗时55.6s | 总耗时99.8min
  速率限制器状态: 可用令牌=960.0/960
  已保存中间结果 (255 条)

============================================================
处理 es_0356... (256/1375)
  质量组: high (4个候选笑话)
  质量组: medium (4个候选笑话)
  质量组: low (4个候选笑话)
  并发执行 3 个评估任务 (max_workers=3)...
    [路由] qwen3.6-27b -> DashScope API
    [路由] qwen3.6-27b -> DashScope API
    [路由] qwen3.6-27b -> DashScope API
    [qwen3.6-27b] 决策: create | 选笑话编号: None
    [qwen3.6-27b] 决策: create | 选笑话编号: None
    [qwen3.6-27b] 决策: create | 选笑话编号: None

  Item完成: 耗时71.9s | 总耗时101.0min
  速率限制器状态: 可用令牌=960.0/960
  已保存中间结果 (256 条)

============================================================
处理 es_0357... (257/1375)
  质量组: high (4个候选笑话)
  质量组: medium (4个候选笑话)
  质量组: low (4个候选笑话)
  并发执行 3 个评估任务 (max_workers=3)...
    [路由] qwen3.6-27b -> DashScope API
    [路由] qwen3.6-27b -> DashScope API
    [路由] qwen3.6-27b -> DashScope API
    [qwen3.6-27b] 决策: select | 选笑话编号: 2
    [qwen3.6-27b] 决策: create | 选笑话编号: None
    [qwen3.6-27b] 决策: create | 选笑话编号: None

  Item完成: 耗时43.1s | 总耗时101.7min
  速率限制器状态: 可用令牌=960.0/960
  已保存中间结果 (257 条)

============================================================
处理 es_0358... (258/1375)
  质量组: high (4个候选笑话)
  质量组: medium (4个候选笑话)
  质量组: low (4个候选笑话)
  并发执行 3 个评估任务 (max_workers=3)...
    [路由] qwen3.6-27b -> DashScope API
    [路由] qwen3.6-27b -> DashScope API    [路由] qwen3.6-27b -> DashScope API

    [qwen3.6-27b] 决策: select | 选笑话编号: 2
    [qwen3.6-27b] 决策: create | 选笑话编号: None
    [qwen3.6-27b] 决策: create | 选笑话编号: None

  Item完成: 耗时70.0s | 总耗时102.8min
  速率限制器状态: 可用令牌=960.0/960
  已保存中间结果 (258 条)

============================================================
处理 es_0359... (259/1375)
  质量组: high (4个候选笑话)
  质量组: medium (4个候选笑话)
  质量组: low (4个候选笑话)
  并发执行 3 个评估任务 (max_workers=3)...
    [路由] qwen3.6-27b -> DashScope API
    [路由] qwen3.6-27b -> DashScope API
    [路由] qwen3.6-27b -> DashScope API
    [qwen3.6-27b] 决策: create | 选笑话编号: None
    [qwen3.6-27b] 决策: create | 选笑话编号: None
    [qwen3.6-27b] 决策: create | 选笑话编号: None

  Item完成: 耗时97.7s | 总耗时104.5min
  速率限制器状态: 可用令牌=960.0/960
  已保存中间结果 (259 条)

============================================================
处理 es_0360... (260/1375)
  质量组: high (4个候选笑话)
  质量组: medium (4个候选笑话)
  质量组: low (4个候选笑话)
  并发执行 3 个评估任务 (max_workers=3)...
    [路由] qwen3.6-27b -> DashScope API    [路由] qwen3.6-27b -> DashScope API

    [路由] qwen3.6-27b -> DashScope API
    [qwen3.6-27b] 决策: select | 选笑话编号: 4
    [qwen3.6-27b] 决策: create | 选笑话编号: None
    [qwen3.6-27b] 决策: create | 选笑话编号: None

  Item完成: 耗时76.0s | 总耗时105.7min
  速率限制器状态: 可用令牌=960.0/960
  已保存中间结果 (260 条)

============================================================
处理 es_0361... (261/1375)
  质量组: high (4个候选笑话)
  质量组: medium (4个候选笑话)
  质量组: low (4个候选笑话)
  并发执行 3 个评估任务 (max_workers=3)...
    [路由] qwen3.6-27b -> DashScope API
    [路由] qwen3.6-27b -> DashScope API    [路由] qwen3.6-27b -> DashScope API

    [qwen3.6-27b] 决策: select | 选笑话编号: 2
    [qwen3.6-27b] 决策: create | 选笑话编号: None
    [qwen3.6-27b] 决策: create | 选笑话编号: None

  Item完成: 耗时40.1s | 总耗时106.4min
  速率限制器状态: 可用令牌=960.0/960
  已保存中间结果 (261 条)

============================================================
处理 es_0362... (262/1375)
  质量组: high (4个候选笑话)
  质量组: medium (4个候选笑话)
  质量组: low (4个候选笑话)
  并发执行 3 个评估任务 (max_workers=3)...
    [路由] qwen3.6-27b -> DashScope API    [路由] qwen3.6-27b -> DashScope API

    [路由] qwen3.6-27b -> DashScope API
    [qwen3.6-27b] 决策: select | 选笑话编号: 4
    [qwen3.6-27b] 决策: create | 选笑话编号: None
    [qwen3.6-27b] 决策: create | 选笑话编号: None

  Item完成: 耗时60.3s | 总耗时107.4min
  速率限制器状态: 可用令牌=960.0/960
  已保存中间结果 (262 条)

============================================================
处理 es_0363... (263/1375)
  质量组: high (4个候选笑话)
  质量组: medium (4个候选笑话)
  质量组: low (4个候选笑话)
  并发执行 3 个评估任务 (max_workers=3)...
    [路由] qwen3.6-27b -> DashScope API
    [路由] qwen3.6-27b -> DashScope API
    [路由] qwen3.6-27b -> DashScope API
    [qwen3.6-27b] 决策: create | 选笑话编号: None
    [qwen3.6-27b] 决策: create | 选笑话编号: None
    [qwen3.6-27b] 决策: create | 选笑话编号: None

  Item完成: 耗时85.5s | 总耗时108.8min
  速率限制器状态: 可用令牌=960.0/960
  已保存中间结果 (263 条)

============================================================
处理 es_0364... (264/1375)
  质量组: high (4个候选笑话)
  质量组: medium (4个候选笑话)
  质量组: low (4个候选笑话)
  并发执行 3 个评估任务 (max_workers=3)...
    [路由] qwen3.6-27b -> DashScope API    [路由] qwen3.6-27b -> DashScope API
    [路由] qwen3.6-27b -> DashScope API

    [qwen3.6-27b] 决策: create | 选笑话编号: None
    [qwen3.6-27b] 决策: create | 选笑话编号: None
    [qwen3.6-27b] 决策: create | 选笑话编号: None

  Item完成: 耗时86.2s | 总耗时110.3min
  速率限制器状态: 可用令牌=960.0/960
  已保存中间结果 (264 条)

============================================================
处理 es_0365... (265/1375)
  质量组: high (4个候选笑话)
  质量组: medium (4个候选笑话)
  质量组: low (4个候选笑话)
  并发执行 3 个评估任务 (max_workers=3)...
    [路由] qwen3.6-27b -> DashScope API    [路由] qwen3.6-27b -> DashScope API

    [路由] qwen3.6-27b -> DashScope API
    [qwen3.6-27b] 决策: select | 选笑话编号: 3
    [qwen3.6-27b] 决策: create | 选笑话编号: None
    [qwen3.6-27b] 决策: create | 选笑话编号: None

  Item完成: 耗时59.6s | 总耗时111.3min
  速率限制器状态: 可用令牌=960.0/960
  已保存中间结果 (265 条)

============================================================
处理 es_0366... (266/1375)
  质量组: high (4个候选笑话)
  质量组: medium (4个候选笑话)
  质量组: low (4个候选笑话)
  并发执行 3 个评估任务 (max_workers=3)...
    [路由] qwen3.6-27b -> DashScope API    [路由] qwen3.6-27b -> DashScope API

    [路由] qwen3.6-27b -> DashScope API
    [qwen3.6-27b] 决策: create | 选笑话编号: None
    [qwen3.6-27b] 决策: select | 选笑话编号: 2
    [qwen3.6-27b] 决策: create | 选笑话编号: None

  Item完成: 耗时62.7s | 总耗时112.3min
  速率限制器状态: 可用令牌=960.0/960
  已保存中间结果 (266 条)

============================================================
处理 es_0367... (267/1375)
  质量组: high (4个候选笑话)
  质量组: medium (4个候选笑话)
  质量组: low (4个候选笑话)
  并发执行 3 个评估任务 (max_workers=3)...
    [路由] qwen3.6-27b -> DashScope API
    [路由] qwen3.6-27b -> DashScope API    [路由] qwen3.6-27b -> DashScope API

    [qwen3.6-27b] 决策: select | 选笑话编号: 2
    [qwen3.6-27b] 决策: create | 选笑话编号: None
    [qwen3.6-27b] 决策: create | 选笑话编号: None

  Item完成: 耗时36.3s | 总耗时112.9min
  速率限制器状态: 可用令牌=960.0/960
  已保存中间结果 (267 条)

============================================================
处理 es_0368... (268/1375)
  质量组: high (4个候选笑话)
  质量组: medium (4个候选笑话)
  质量组: low (4个候选笑话)
  并发执行 3 个评估任务 (max_workers=3)...
    [路由] qwen3.6-27b -> DashScope API    [路由] qwen3.6-27b -> DashScope API

    [路由] qwen3.6-27b -> DashScope API
    [qwen3.6-27b] 决策: create | 选笑话编号: None
    [qwen3.6-27b] 决策: select | 选笑话编号: 3
    [qwen3.6-27b] 决策: create | 选笑话编号: None

  Item完成: 耗时55.5s | 总耗时113.9min
  速率限制器状态: 可用令牌=960.0/960
  已保存中间结果 (268 条)

============================================================
处理 es_0369... (269/1375)
  质量组: high (4个候选笑话)
  质量组: medium (4个候选笑话)
  质量组: low (4个候选笑话)
  并发执行 3 个评估任务 (max_workers=3)...
    [路由] qwen3.6-27b -> DashScope API
    [路由] qwen3.6-27b -> DashScope API
    [路由] qwen3.6-27b -> DashScope API
    [qwen3.6-27b] 决策: select | 选笑话编号: 4
    [qwen3.6-27b] 决策: select | 选笑话编号: 4
    [qwen3.6-27b] 决策: create | 选笑话编号: None

  Item完成: 耗时72.0s | 总耗时115.1min
  速率限制器状态: 可用令牌=960.0/960
  已保存中间结果 (269 条)

============================================================
处理 es_0370... (270/1375)
  质量组: high (4个候选笑话)
  质量组: medium (4个候选笑话)
  质量组: low (4个候选笑话)
  并发执行 3 个评估任务 (max_workers=3)...
    [路由] qwen3.6-27b -> DashScope API
    [路由] qwen3.6-27b -> DashScope API
    [路由] qwen3.6-27b -> DashScope API
    [qwen3.6-27b] 决策: create | 选笑话编号: None
    [qwen3.6-27b] 决策: select | 选笑话编号: 2
    [qwen3.6-27b] 决策: select | 选笑话编号: 4

  Item完成: 耗时34.0s | 总耗时115.6min
  速率限制器状态: 可用令牌=960.0/960
  已保存中间结果 (270 条)

============================================================
处理 es_0371... (271/1375)
  质量组: high (4个候选笑话)
  质量组: medium (4个候选笑话)
  质量组: low (4个候选笑话)
  并发执行 3 个评估任务 (max_workers=3)...
    [路由] qwen3.6-27b -> DashScope API    [路由] qwen3.6-27b -> DashScope API

    [路由] qwen3.6-27b -> DashScope API
    [qwen3.6-27b] 决策: select | 选笑话编号: 2
    [qwen3.6-27b] 决策: create | 选笑话编号: None
    [qwen3.6-27b] 决策: create | 选笑话编号: None

  Item完成: 耗时53.9s | 总耗时116.5min
  速率限制器状态: 可用令牌=960.0/960
  已保存中间结果 (271 条)

============================================================
处理 es_0372... (272/1375)
  质量组: high (4个候选笑话)
  质量组: medium (4个候选笑话)
  质量组: low (4个候选笑话)
  并发执行 3 个评估任务 (max_workers=3)...
    [路由] qwen3.6-27b -> DashScope API    [路由] qwen3.6-27b -> DashScope API
    [路由] qwen3.6-27b -> DashScope API

    [qwen3.6-27b] 决策: select | 选笑话编号: 3
    [qwen3.6-27b] 决策: create | 选笑话编号: None
    [qwen3.6-27b] 决策: create | 选笑话编号: None

  Item完成: 耗时53.9s | 总耗时117.4min
  速率限制器状态: 可用令牌=960.0/960
  已保存中间结果 (272 条)

============================================================
处理 es_0373... (273/1375)
  质量组: high (4个候选笑话)
  质量组: medium (4个候选笑话)
  质量组: low (4个候选笑话)
  并发执行 3 个评估任务 (max_workers=3)...
    [路由] qwen3.6-27b -> DashScope API    [路由] qwen3.6-27b -> DashScope API
    [路由] qwen3.6-27b -> DashScope API

    [qwen3.6-27b] 决策: create | 选笑话编号: None
    [qwen3.6-27b] 决策: create | 选笑话编号: None
    [qwen3.6-27b] 决策: create | 选笑话编号: None

  Item完成: 耗时72.8s | 总耗时118.6min
  速率限制器状态: 可用令牌=960.0/960
  已保存中间结果 (273 条)

============================================================
处理 es_0374... (274/1375)
  质量组: high (4个候选笑话)
  质量组: medium (4个候选笑话)
  质量组: low (4个候选笑话)
  并发执行 3 个评估任务 (max_workers=3)...
    [路由] qwen3.6-27b -> DashScope API
    [路由] qwen3.6-27b -> DashScope API
    [路由] qwen3.6-27b -> DashScope API
    [qwen3.6-27b] 决策: select | 选笑话编号: 1
    [qwen3.6-27b] 决策: select | 选笑话编号: 3
    [qwen3.6-27b] 决策: create | 选笑话编号: None

  Item完成: 耗时46.1s | 总耗时119.4min
  速率限制器状态: 可用令牌=960.0/960
  已保存中间结果 (274 条)

============================================================
处理 es_0375... (275/1375)
  质量组: high (4个候选笑话)
  质量组: medium (4个候选笑话)
  质量组: low (4个候选笑话)
  并发执行 3 个评估任务 (max_workers=3)...
    [路由] qwen3.6-27b -> DashScope API    [路由] qwen3.6-27b -> DashScope API
    [路由] qwen3.6-27b -> DashScope API

    [qwen3.6-27b] 决策: select | 选笑话编号: 3
    [qwen3.6-27b] 决策: create | 选笑话编号: None
    [qwen3.6-27b] 决策: create | 选笑话编号: None

  Item完成: 耗时59.0s | 总耗时120.4min
  速率限制器状态: 可用令牌=960.0/960
  已保存中间结果 (275 条)

============================================================
处理 es_0376... (276/1375)
  质量组: high (4个候选笑话)
  质量组: medium (4个候选笑话)
  质量组: low (4个候选笑话)
  并发执行 3 个评估任务 (max_workers=3)...
    [路由] qwen3.6-27b -> DashScope API
    [路由] qwen3.6-27b -> DashScope API    [路由] qwen3.6-27b -> DashScope API

    [qwen3.6-27b] 决策: create | 选笑话编号: None
    [qwen3.6-27b] 决策: select | 选笑话编号: 2
    [qwen3.6-27b] 决策: create | 选笑话编号: None

  Item完成: 耗时51.4s | 总耗时121.2min
  速率限制器状态: 可用令牌=960.0/960
  已保存中间结果 (276 条)

============================================================
处理 es_0377... (277/1375)
  质量组: high (4个候选笑话)
  质量组: medium (4个候选笑话)
  质量组: low (4个候选笑话)
  并发执行 3 个评估任务 (max_workers=3)...
    [路由] qwen3.6-27b -> DashScope API    [路由] qwen3.6-27b -> DashScope API
    [路由] qwen3.6-27b -> DashScope API

    [qwen3.6-27b] 决策: create | 选笑话编号: None
    [qwen3.6-27b] 决策: create | 选笑话编号: None
    [qwen3.6-27b] 决策: create | 选笑话编号: None

  Item完成: 耗时75.4s | 总耗时122.5min
  速率限制器状态: 可用令牌=960.0/960
  已保存中间结果 (277 条)

============================================================
处理 es_0378... (278/1375)
  质量组: high (4个候选笑话)
  质量组: medium (4个候选笑话)
  质量组: low (4个候选笑话)
  并发执行 3 个评估任务 (max_workers=3)...
    [路由] qwen3.6-27b -> DashScope API    [路由] qwen3.6-27b -> DashScope API

    [路由] qwen3.6-27b -> DashScope API
    [qwen3.6-27b] 决策: select | 选笑话编号: 2
    [qwen3.6-27b] 决策: select | 选笑话编号: 2
    [qwen3.6-27b] 决策: create | 选笑话编号: None

  Item完成: 耗时56.6s | 总耗时123.5min
  速率限制器状态: 可用令牌=960.0/960
  已保存中间结果 (278 条)

============================================================
处理 es_0379... (279/1375)
  质量组: high (4个候选笑话)
  质量组: medium (4个候选笑话)
  质量组: low (4个候选笑话)
  并发执行 3 个评估任务 (max_workers=3)...
    [路由] qwen3.6-27b -> DashScope API
    [路由] qwen3.6-27b -> DashScope API
    [路由] qwen3.6-27b -> DashScope API
    [qwen3.6-27b] 决策: create | 选笑话编号: None
    [qwen3.6-27b] 决策: create | 选笑话编号: None
    [qwen3.6-27b] 决策: select | 选笑话编号: 2

  Item完成: 耗时75.8s | 总耗时124.7min
  速率限制器状态: 可用令牌=960.0/960
  已保存中间结果 (279 条)

============================================================
处理 es_0380... (280/1375)
  质量组: high (4个候选笑话)
  质量组: medium (4个候选笑话)
  质量组: low (4个候选笑话)
  并发执行 3 个评估任务 (max_workers=3)...
    [路由] qwen3.6-27b -> DashScope API
    [路由] qwen3.6-27b -> DashScope API
    [路由] qwen3.6-27b -> DashScope API
    [qwen3.6-27b] 决策: create | 选笑话编号: None
    [qwen3.6-27b] 决策: create | 选笑话编号: None
    [qwen3.6-27b] 决策: create | 选笑话编号: None

  Item完成: 耗时66.0s | 总耗时125.8min
  速率限制器状态: 可用令牌=960.0/960
  已保存中间结果 (280 条)

============================================================
处理 es_0381... (281/1375)
  质量组: high (4个候选笑话)
  质量组: medium (4个候选笑话)
  质量组: low (4个候选笑话)
  并发执行 3 个评估任务 (max_workers=3)...
    [路由] qwen3.6-27b -> DashScope API    [路由] qwen3.6-27b -> DashScope API

    [路由] qwen3.6-27b -> DashScope API
    [qwen3.6-27b] 决策: select | 选笑话编号: 4
    [qwen3.6-27b] 决策: create | 选笑话编号: None
    [qwen3.6-27b] 决策: create | 选笑话编号: None

  Item完成: 耗时69.0s | 总耗时127.0min
  速率限制器状态: 可用令牌=960.0/960
  已保存中间结果 (281 条)

============================================================
处理 es_0382... (282/1375)
  质量组: high (4个候选笑话)
  质量组: medium (4个候选笑话)
  质量组: low (4个候选笑话)
  并发执行 3 个评估任务 (max_workers=3)...
    [路由] qwen3.6-27b -> DashScope API    [路由] qwen3.6-27b -> DashScope API
    [路由] qwen3.6-27b -> DashScope API

    [qwen3.6-27b] 决策: create | 选笑话编号: None
    [qwen3.6-27b] 决策: select | 选笑话编号: 2
    [qwen3.6-27b] 决策: create | 选笑话编号: None

  Item完成: 耗时52.3s | 总耗时127.8min
  速率限制器状态: 可用令牌=960.0/960
  已保存中间结果 (282 条)

============================================================
处理 es_0383... (283/1375)
  质量组: high (4个候选笑话)
  质量组: medium (4个候选笑话)
  质量组: low (4个候选笑话)
  并发执行 3 个评估任务 (max_workers=3)...
    [路由] qwen3.6-27b -> DashScope API
    [路由] qwen3.6-27b -> DashScope API
    [路由] qwen3.6-27b -> DashScope API
    [qwen3.6-27b] 决策: select | 选笑话编号: 3
    [qwen3.6-27b] 决策: create | 选笑话编号: None
    [qwen3.6-27b] 决策: create | 选笑话编号: None

  Item完成: 耗时59.4s | 总耗时128.8min
  速率限制器状态: 可用令牌=960.0/960
  已保存中间结果 (283 条)

============================================================
处理 es_0384... (284/1375)
  质量组: high (4个候选笑话)
  质量组: medium (4个候选笑话)
  质量组: low (4个候选笑话)
  并发执行 3 个评估任务 (max_workers=3)...
    [路由] qwen3.6-27b -> DashScope API
    [路由] qwen3.6-27b -> DashScope API
    [路由] qwen3.6-27b -> DashScope API
    [qwen3.6-27b] 决策: select | 选笑话编号: 4
    [qwen3.6-27b] 决策: select | 选笑话编号: 3
    [qwen3.6-27b] 决策: create | 选笑话编号: None

  Item完成: 耗时41.7s | 总耗时129.5min
  速率限制器状态: 可用令牌=960.0/960
  已保存中间结果 (284 条)

============================================================
处理 es_0385... (285/1375)
  质量组: high (4个候选笑话)
  质量组: medium (4个候选笑话)
  质量组: low (4个候选笑话)
  并发执行 3 个评估任务 (max_workers=3)...
    [路由] qwen3.6-27b -> DashScope API
    [路由] qwen3.6-27b -> DashScope API
    [路由] qwen3.6-27b -> DashScope API
    [qwen3.6-27b] 决策: select | 选笑话编号: 4
    [qwen3.6-27b] 决策: select | 选笑话编号: 2
    [qwen3.6-27b] 决策: create | 选笑话编号: None

  Item完成: 耗时51.9s | 总耗时130.4min
  速率限制器状态: 可用令牌=960.0/960
  已保存中间结果 (285 条)

============================================================
处理 es_0386... (286/1375)
  质量组: high (4个候选笑话)
  质量组: medium (4个候选笑话)
  质量组: low (4个候选笑话)
  并发执行 3 个评估任务 (max_workers=3)...
    [路由] qwen3.6-27b -> DashScope API
    [路由] qwen3.6-27b -> DashScope API
    [路由] qwen3.6-27b -> DashScope API
    [qwen3.6-27b] 决策: select | 选笑话编号: 4
    [qwen3.6-27b] 决策: create | 选笑话编号: None
    [qwen3.6-27b] 决策: create | 选笑话编号: None

  Item完成: 耗时89.5s | 总耗时131.9min
  速率限制器状态: 可用令牌=960.0/960
  已保存中间结果 (286 条)

============================================================
处理 es_0387... (287/1375)
  质量组: high (4个候选笑话)
  质量组: medium (4个候选笑话)
  质量组: low (4个候选笑话)
  并发执行 3 个评估任务 (max_workers=3)...
    [路由] qwen3.6-27b -> DashScope API    [路由] qwen3.6-27b -> DashScope API

    [路由] qwen3.6-27b -> DashScope API
    [qwen3.6-27b] 决策: select | 选笑话编号: 2
    [qwen3.6-27b] 决策: select | 选笑话编号: 4
    [qwen3.6-27b] 决策: create | 选笑话编号: None

  Item完成: 耗时34.9s | 总耗时132.5min
  速率限制器状态: 可用令牌=960.0/960
  已保存中间结果 (287 条)

============================================================
处理 es_0388... (288/1375)
  质量组: high (4个候选笑话)
  质量组: medium (4个候选笑话)
  质量组: low (4个候选笑话)
  并发执行 3 个评估任务 (max_workers=3)...
    [路由] qwen3.6-27b -> DashScope API
    [路由] qwen3.6-27b -> DashScope API    [路由] qwen3.6-27b -> DashScope API

    [qwen3.6-27b] 决策: select | 选笑话编号: 2
    [qwen3.6-27b] 决策: create | 选笑话编号: None
    [qwen3.6-27b] 决策: create | 选笑话编号: None

  Item完成: 耗时67.9s | 总耗时133.6min
  速率限制器状态: 可用令牌=960.0/960
  已保存中间结果 (288 条)

============================================================
处理 es_0389... (289/1375)
  质量组: high (4个候选笑话)
  质量组: medium (4个候选笑话)
  质量组: low (4个候选笑话)
  并发执行 3 个评估任务 (max_workers=3)...
    [路由] qwen3.6-27b -> DashScope API
    [路由] qwen3.6-27b -> DashScope API    [路由] qwen3.6-27b -> DashScope API

    [qwen3.6-27b] 决策: select | 选笑话编号: 2
    [qwen3.6-27b] 决策: create | 选笑话编号: None
    [qwen3.6-27b] 决策: create | 选笑话编号: None

  Item完成: 耗时50.1s | 总耗时134.4min
  速率限制器状态: 可用令牌=960.0/960
  已保存中间结果 (289 条)

============================================================
处理 es_0390... (290/1375)
  质量组: high (4个候选笑话)
  质量组: medium (4个候选笑话)
  质量组: low (4个候选笑话)
  并发执行 3 个评估任务 (max_workers=3)...
    [路由] qwen3.6-27b -> DashScope API
    [路由] qwen3.6-27b -> DashScope API    [路由] qwen3.6-27b -> DashScope API

    [qwen3.6-27b] 决策: select | 选笑话编号: 2
    [qwen3.6-27b] 决策: select | 选笑话编号: 4
    [qwen3.6-27b] 决策: create | 选笑话编号: None

  Item完成: 耗时66.6s | 总耗时135.6min
  速率限制器状态: 可用令牌=960.0/960
  已保存中间结果 (290 条)

============================================================
处理 es_0391... (291/1375)
  质量组: high (4个候选笑话)
  质量组: medium (4个候选笑话)
  质量组: low (4个候选笑话)
  并发执行 3 个评估任务 (max_workers=3)...
    [路由] qwen3.6-27b -> DashScope API    [路由] qwen3.6-27b -> DashScope API
    [路由] qwen3.6-27b -> DashScope API

    [qwen3.6-27b] 决策: select | 选笑话编号: 2
    [qwen3.6-27b] 决策: create | 选笑话编号: None
    [qwen3.6-27b] 决策: create | 选笑话编号: None

  Item完成: 耗时78.1s | 总耗时136.9min
  速率限制器状态: 可用令牌=960.0/960
  已保存中间结果 (291 条)

============================================================
处理 es_0392... (292/1375)
  质量组: high (4个候选笑话)
  质量组: medium (4个候选笑话)
  质量组: low (4个候选笑话)
  并发执行 3 个评估任务 (max_workers=3)...
    [路由] qwen3.6-27b -> DashScope API    [路由] qwen3.6-27b -> DashScope API

    [路由] qwen3.6-27b -> DashScope API
    [qwen3.6-27b] 决策: create | 选笑话编号: None
    [qwen3.6-27b] 决策: select | 选笑话编号: 2
    [qwen3.6-27b] 决策: create | 选笑话编号: None

  Item完成: 耗时51.1s | 总耗时137.7min
  速率限制器状态: 可用令牌=960.0/960
  已保存中间结果 (292 条)

============================================================
处理 es_0393... (293/1375)
  质量组: high (4个候选笑话)
  质量组: medium (4个候选笑话)
  质量组: low (4个候选笑话)
  并发执行 3 个评估任务 (max_workers=3)...
    [路由] qwen3.6-27b -> DashScope API
    [路由] qwen3.6-27b -> DashScope API    [路由] qwen3.6-27b -> DashScope API

    [qwen3.6-27b] 决策: select | 选笑话编号: 2
    [qwen3.6-27b] 决策: create | 选笑话编号: None
    [qwen3.6-27b] 决策: create | 选笑话编号: None

  Item完成: 耗时76.3s | 总耗时139.0min
  速率限制器状态: 可用令牌=960.0/960
  已保存中间结果 (293 条)

============================================================
处理 es_0394... (294/1375)
  质量组: high (4个候选笑话)
  质量组: medium (4个候选笑话)
  质量组: low (4个候选笑话)
  并发执行 3 个评估任务 (max_workers=3)...
    [路由] qwen3.6-27b -> DashScope API
    [路由] qwen3.6-27b -> DashScope API
    [路由] qwen3.6-27b -> DashScope API
    [qwen3.6-27b] 决策: create | 选笑话编号: None
    [qwen3.6-27b] 决策: create | 选笑话编号: None
    [API] 可重试异常: HTTPSConnectionPool(host='dashscope.aliyuncs.com', port=443): Read timed out. (read timeout=300), 等待1.6s后重试 (1/5), model=qwen3.6-27b
    [qwen3.6-27b] 决策: create | 选笑话编号: None

  Item完成: 耗时389.2s | 总耗时145.5min
  速率限制器状态: 可用令牌=960.0/960
  已保存中间结果 (294 条)

============================================================
处理 es_0395... (295/1375)
  质量组: high (4个候选笑话)
  质量组: medium (4个候选笑话)
  质量组: low (4个候选笑话)
  并发执行 3 个评估任务 (max_workers=3)...
    [路由] qwen3.6-27b -> DashScope API
    [路由] qwen3.6-27b -> DashScope API
    [路由] qwen3.6-27b -> DashScope API
    [qwen3.6-27b] 决策: create | 选笑话编号: None
    [qwen3.6-27b] 决策: create | 选笑话编号: None
    [qwen3.6-27b] 决策: create | 选笑话编号: None

  Item完成: 耗时52.0s | 总耗时146.3min
  速率限制器状态: 可用令牌=960.0/960
  已保存中间结果 (295 条)

============================================================
处理 es_0396... (296/1375)
  质量组: high (4个候选笑话)
  质量组: medium (4个候选笑话)
  质量组: low (4个候选笑话)
  并发执行 3 个评估任务 (max_workers=3)...
    [路由] qwen3.6-27b -> DashScope API
    [路由] qwen3.6-27b -> DashScope API    [路由] qwen3.6-27b -> DashScope API

    [qwen3.6-27b] 决策: create | 选笑话编号: None
    [qwen3.6-27b] 决策: create | 选笑话编号: None
    [qwen3.6-27b] 决策: create | 选笑话编号: None

  Item完成: 耗时56.8s | 总耗时147.3min
  速率限制器状态: 可用令牌=960.0/960
  已保存中间结果 (296 条)

============================================================
处理 es_0397... (297/1375)
  质量组: high (4个候选笑话)
  质量组: medium (4个候选笑话)
  质量组: low (4个候选笑话)
  并发执行 3 个评估任务 (max_workers=3)...
    [路由] qwen3.6-27b -> DashScope API
    [路由] qwen3.6-27b -> DashScope API
    [路由] qwen3.6-27b -> DashScope API
    [qwen3.6-27b] 决策: select | 选笑话编号: 4
    [qwen3.6-27b] 决策: create | 选笑话编号: None
    [qwen3.6-27b] 决策: create | 选笑话编号: None

  Item完成: 耗时100.5s | 总耗时149.0min
  速率限制器状态: 可用令牌=960.0/960
  已保存中间结果 (297 条)

============================================================
处理 es_0398... (298/1375)
  质量组: high (4个候选笑话)
  质量组: medium (4个候选笑话)
  质量组: low (4个候选笑话)
  并发执行 3 个评估任务 (max_workers=3)...
    [路由] qwen3.6-27b -> DashScope API
    [路由] qwen3.6-27b -> DashScope API    [路由] qwen3.6-27b -> DashScope API

    [qwen3.6-27b] 决策: select | 选笑话编号: 1
    [qwen3.6-27b] 决策: select | 选笑话编号: 4
    [qwen3.6-27b] 决策: create | 选笑话编号: None

  Item完成: 耗时56.4s | 总耗时149.9min
  速率限制器状态: 可用令牌=960.0/960
  已保存中间结果 (298 条)

============================================================
处理 es_0399... (299/1375)
  质量组: high (4个候选笑话)
  质量组: medium (4个候选笑话)
  质量组: low (4个候选笑话)
  并发执行 3 个评估任务 (max_workers=3)...
    [路由] qwen3.6-27b -> DashScope API
    [路由] qwen3.6-27b -> DashScope API    [路由] qwen3.6-27b -> DashScope API

    [qwen3.6-27b] 决策: create | 选笑话编号: None
    [qwen3.6-27b] 决策: create | 选笑话编号: None
    [qwen3.6-27b] 决策: create | 选笑话编号: None

  Item完成: 耗时49.1s | 总耗时150.7min
  速率限制器状态: 可用令牌=960.0/960
  已保存中间结果 (299 条)

============================================================
处理 es_0400... (300/1375)
  质量组: high (4个候选笑话)
  质量组: medium (4个候选笑话)
  质量组: low (4个候选笑话)
  并发执行 3 个评估任务 (max_workers=3)...
    [路由] qwen3.6-27b -> DashScope API    [路由] qwen3.6-27b -> DashScope API

    [路由] qwen3.6-27b -> DashScope API
    [qwen3.6-27b] 决策: select | 选笑话编号: 4
    [qwen3.6-27b] 决策: select | 选笑话编号: 4
    [qwen3.6-27b] 决策: create | 选笑话编号: None

  Item完成: 耗时37.7s | 总耗时151.4min
  速率限制器状态: 可用令牌=960.0/960
  已保存中间结果 (300 条)

============================================================
处理 es_0401... (301/1375)
  质量组: high (4个候选笑话)
  质量组: medium (4个候选笑话)
  质量组: low (4个候选笑话)
  并发执行 3 个评估任务 (max_workers=3)...
    [路由] qwen3.6-27b -> DashScope API    [路由] qwen3.6-27b -> DashScope API

    [路由] qwen3.6-27b -> DashScope API
    [qwen3.6-27b] 决策: create | 选笑话编号: None
    [qwen3.6-27b] 决策: create | 选笑话编号: None
    [qwen3.6-27b] 决策: create | 选笑话编号: None

  Item完成: 耗时58.4s | 总耗时152.3min
  速率限制器状态: 可用令牌=960.0/960
  已保存中间结果 (301 条)

============================================================
处理 es_0402... (302/1375)
  质量组: high (4个候选笑话)
  质量组: medium (4个候选笑话)
  质量组: low (4个候选笑话)
  并发执行 3 个评估任务 (max_workers=3)...
    [路由] qwen3.6-27b -> DashScope API    [路由] qwen3.6-27b -> DashScope API
    [路由] qwen3.6-27b -> DashScope API

    [qwen3.6-27b] 决策: create | 选笑话编号: None
    [qwen3.6-27b] 决策: create | 选笑话编号: None
    [qwen3.6-27b] 决策: create | 选笑话编号: None

  Item完成: 耗时65.6s | 总耗时153.4min
  速率限制器状态: 可用令牌=960.0/960
  已保存中间结果 (302 条)

============================================================
处理 es_0403... (303/1375)
  质量组: high (4个候选笑话)
  质量组: medium (4个候选笑话)
  质量组: low (4个候选笑话)
  并发执行 3 个评估任务 (max_workers=3)...
    [路由] qwen3.6-27b -> DashScope API
    [路由] qwen3.6-27b -> DashScope API    [路由] qwen3.6-27b -> DashScope API

    [qwen3.6-27b] 决策: create | 选笑话编号: None
    [qwen3.6-27b] 决策: create | 选笑话编号: None
    [API] 可重试异常: HTTPSConnectionPool(host='dashscope.aliyuncs.com', port=443): Read timed out. (read timeout=300), 等待2.5s后重试 (1/5), model=qwen3.6-27b
    [qwen3.6-27b] 决策: create | 选笑话编号: None

  Item完成: 耗时384.1s | 总耗时159.8min
  速率限制器状态: 可用令牌=960.0/960
  已保存中间结果 (303 条)

============================================================
处理 es_0404... (304/1375)
  质量组: high (4个候选笑话)
  质量组: medium (4个候选笑话)
  质量组: low (4个候选笑话)
  并发执行 3 个评估任务 (max_workers=3)...
    [路由] qwen3.6-27b -> DashScope API    [路由] qwen3.6-27b -> DashScope API
    [路由] qwen3.6-27b -> DashScope API

    [qwen3.6-27b] 决策: select | 选笑话编号: 2
    [qwen3.6-27b] 决策: create | 选笑话编号: None
    [qwen3.6-27b] 决策: create | 选笑话编号: None

  Item完成: 耗时80.6s | 总耗时161.2min
  速率限制器状态: 可用令牌=960.0/960
  已保存中间结果 (304 条)

============================================================
处理 es_0405... (305/1375)
  质量组: high (4个候选笑话)
  质量组: medium (4个候选笑话)
  质量组: low (4个候选笑话)
  并发执行 3 个评估任务 (max_workers=3)...
    [路由] qwen3.6-27b -> DashScope API
    [路由] qwen3.6-27b -> DashScope API    [路由] qwen3.6-27b -> DashScope API

    [qwen3.6-27b] 决策: create | 选笑话编号: None
    [qwen3.6-27b] 决策: create | 选笑话编号: None
    [qwen3.6-27b] 决策: create | 选笑话编号: None

  Item完成: 耗时90.4s | 总耗时162.7min
  速率限制器状态: 可用令牌=960.0/960
  已保存中间结果 (305 条)

============================================================
处理 es_0406... (306/1375)
  质量组: high (4个候选笑话)
  质量组: medium (4个候选笑话)
  质量组: low (4个候选笑话)
  并发执行 3 个评估任务 (max_workers=3)...
    [路由] qwen3.6-27b -> DashScope API    [路由] qwen3.6-27b -> DashScope API
    [路由] qwen3.6-27b -> DashScope API

    [qwen3.6-27b] 决策: select | 选笑话编号: 2
    [qwen3.6-27b] 决策: create | 选笑话编号: None
    [qwen3.6-27b] 决策: create | 选笑话编号: None

  Item完成: 耗时49.3s | 总耗时163.5min
  速率限制器状态: 可用令牌=960.0/960
  已保存中间结果 (306 条)

============================================================
处理 es_0407... (307/1375)
  质量组: high (4个候选笑话)
  质量组: medium (4个候选笑话)
  质量组: low (4个候选笑话)
  并发执行 3 个评估任务 (max_workers=3)...
    [路由] qwen3.6-27b -> DashScope API    [路由] qwen3.6-27b -> DashScope API
    [路由] qwen3.6-27b -> DashScope API

    [qwen3.6-27b] 决策: create | 选笑话编号: None
    [qwen3.6-27b] 决策: create | 选笑话编号: None
    [qwen3.6-27b] 决策: select | 选笑话编号: 3

  Item完成: 耗时92.9s | 总耗时165.1min
  速率限制器状态: 可用令牌=960.0/960
  已保存中间结果 (307 条)

============================================================
处理 es_0408... (308/1375)
  质量组: high (4个候选笑话)
  质量组: medium (4个候选笑话)
  质量组: low (4个候选笑话)
  并发执行 3 个评估任务 (max_workers=3)...
    [路由] qwen3.6-27b -> DashScope API    [路由] qwen3.6-27b -> DashScope API

    [路由] qwen3.6-27b -> DashScope API
    [qwen3.6-27b] 决策: select | 选笑话编号: 2
    [qwen3.6-27b] 决策: create | 选笑话编号: None
    [qwen3.6-27b] 决策: create | 选笑话编号: None

  Item完成: 耗时65.0s | 总耗时166.1min
  速率限制器状态: 可用令牌=960.0/960
  已保存中间结果 (308 条)

============================================================
处理 es_0409... (309/1375)
  质量组: high (4个候选笑话)
  质量组: medium (4个候选笑话)
  质量组: low (4个候选笑话)
  并发执行 3 个评估任务 (max_workers=3)...
    [路由] qwen3.6-27b -> DashScope API    [路由] qwen3.6-27b -> DashScope API

    [路由] qwen3.6-27b -> DashScope API
    [qwen3.6-27b] 决策: create | 选笑话编号: None
    [qwen3.6-27b] 决策: create | 选笑话编号: None
    [qwen3.6-27b] 决策: create | 选笑话编号: None

  Item完成: 耗时41.1s | 总耗时166.8min
  速率限制器状态: 可用令牌=960.0/960
  已保存中间结果 (309 条)

============================================================
处理 es_0410... (310/1375)
  质量组: high (4个候选笑话)
  质量组: medium (4个候选笑话)
  质量组: low (4个候选笑话)
  并发执行 3 个评估任务 (max_workers=3)...
    [路由] qwen3.6-27b -> DashScope API
    [路由] qwen3.6-27b -> DashScope API    [路由] qwen3.6-27b -> DashScope API

    [qwen3.6-27b] 决策: create | 选笑话编号: None
    [qwen3.6-27b] 决策: create | 选笑话编号: None
    [qwen3.6-27b] 决策: create | 选笑话编号: None

  Item完成: 耗时45.4s | 总耗时167.6min
  速率限制器状态: 可用令牌=960.0/960
  已保存中间结果 (310 条)

============================================================
处理 es_0411... (311/1375)
  质量组: high (4个候选笑话)
  质量组: medium (4个候选笑话)
  质量组: low (4个候选笑话)
  并发执行 3 个评估任务 (max_workers=3)...
    [路由] qwen3.6-27b -> DashScope API    [路由] qwen3.6-27b -> DashScope API
    [路由] qwen3.6-27b -> DashScope API

    [qwen3.6-27b] 决策: select | 选笑话编号: 2
    [qwen3.6-27b] 决策: create | 选笑话编号: None
    [qwen3.6-27b] 决策: create | 选笑话编号: None

  Item完成: 耗时62.3s | 总耗时168.6min
  速率限制器状态: 可用令牌=960.0/960
  已保存中间结果 (311 条)

============================================================
处理 es_0412... (312/1375)
  质量组: high (4个候选笑话)
  质量组: medium (4个候选笑话)
  质量组: low (4个候选笑话)
  并发执行 3 个评估任务 (max_workers=3)...
    [路由] qwen3.6-27b -> DashScope API
    [路由] qwen3.6-27b -> DashScope API    [路由] qwen3.6-27b -> DashScope API

    [qwen3.6-27b] 决策: create | 选笑话编号: None
    [qwen3.6-27b] 决策: create | 选笑话编号: None
    [qwen3.6-27b] 决策: create | 选笑话编号: None

  Item完成: 耗时65.0s | 总耗时169.7min
  速率限制器状态: 可用令牌=960.0/960
  已保存中间结果 (312 条)

============================================================
处理 es_0413... (313/1375)
  质量组: high (4个候选笑话)
  质量组: medium (4个候选笑话)
  质量组: low (4个候选笑话)
  并发执行 3 个评估任务 (max_workers=3)...
    [路由] qwen3.6-27b -> DashScope API
    [路由] qwen3.6-27b -> DashScope API    [路由] qwen3.6-27b -> DashScope API

    [qwen3.6-27b] 决策: select | 选笑话编号: 2
    [qwen3.6-27b] 决策: create | 选笑话编号: None
    [qwen3.6-27b] 决策: create | 选笑话编号: None

  Item完成: 耗时55.5s | 总耗时170.6min
  速率限制器状态: 可用令牌=960.0/960
  已保存中间结果 (313 条)

============================================================
处理 es_0414... (314/1375)
  质量组: high (4个候选笑话)
  质量组: medium (4个候选笑话)
  质量组: low (4个候选笑话)
  并发执行 3 个评估任务 (max_workers=3)...
    [路由] qwen3.6-27b -> DashScope API
    [路由] qwen3.6-27b -> DashScope API    [路由] qwen3.6-27b -> DashScope API

    [qwen3.6-27b] 决策: select | 选笑话编号: 2
    [qwen3.6-27b] 决策: select | 选笑话编号: 2
    [qwen3.6-27b] 决策: create | 选笑话编号: None

  Item完成: 耗时92.6s | 总耗时172.2min
  速率限制器状态: 可用令牌=960.0/960
  已保存中间结果 (314 条)

============================================================
处理 es_0415... (315/1375)
  质量组: high (4个候选笑话)
  质量组: medium (4个候选笑话)
  质量组: low (4个候选笑话)
  并发执行 3 个评估任务 (max_workers=3)...
    [路由] qwen3.6-27b -> DashScope API    [路由] qwen3.6-27b -> DashScope API

    [路由] qwen3.6-27b -> DashScope API
    [qwen3.6-27b] 决策: select | 选笑话编号: 4
    [qwen3.6-27b] 决策: select | 选笑话编号: 1
    [qwen3.6-27b] 决策: create | 选笑话编号: None

  Item完成: 耗时77.5s | 总耗时173.5min
  速率限制器状态: 可用令牌=960.0/960
  已保存中间结果 (315 条)

============================================================
处理 es_0416... (316/1375)
  质量组: high (4个候选笑话)
  质量组: medium (4个候选笑话)
  质量组: low (4个候选笑话)
  并发执行 3 个评估任务 (max_workers=3)...
    [路由] qwen3.6-27b -> DashScope API    [路由] qwen3.6-27b -> DashScope API

    [路由] qwen3.6-27b -> DashScope API
    [qwen3.6-27b] 决策: select | 选笑话编号: 2
    [qwen3.6-27b] 决策: create | 选笑话编号: None
    [qwen3.6-27b] 决策: create | 选笑话编号: None

  Item完成: 耗时62.9s | 总耗时174.5min
  速率限制器状态: 可用令牌=960.0/960
  已保存中间结果 (316 条)

============================================================
处理 es_0417... (317/1375)
  质量组: high (4个候选笑话)
  质量组: medium (4个候选笑话)
  质量组: low (4个候选笑话)
  并发执行 3 个评估任务 (max_workers=3)...
    [路由] qwen3.6-27b -> DashScope API    [路由] qwen3.6-27b -> DashScope API

    [路由] qwen3.6-27b -> DashScope API
    [qwen3.6-27b] 决策: select | 选笑话编号: 3
    [qwen3.6-27b] 决策: select | 选笑话编号: 1
    [qwen3.6-27b] 决策: create | 选笑话编号: None

  Item完成: 耗时55.9s | 总耗时175.5min
  速率限制器状态: 可用令牌=960.0/960
  已保存中间结果 (317 条)

============================================================
处理 es_0418... (318/1375)
  质量组: high (4个候选笑话)
  质量组: medium (4个候选笑话)
  质量组: low (4个候选笑话)
  并发执行 3 个评估任务 (max_workers=3)...
    [路由] qwen3.6-27b -> DashScope API    [路由] qwen3.6-27b -> DashScope API
    [路由] qwen3.6-27b -> DashScope API

    [qwen3.6-27b] 决策: select | 选笑话编号: 4
    [qwen3.6-27b] 决策: create | 选笑话编号: None
    [qwen3.6-27b] 决策: create | 选笑话编号: None

  Item完成: 耗时49.6s | 总耗时176.3min
  速率限制器状态: 可用令牌=960.0/960
  已保存中间结果 (318 条)

============================================================
处理 es_0419... (319/1375)
  质量组: high (4个候选笑话)
  质量组: medium (4个候选笑话)
  质量组: low (4个候选笑话)
  并发执行 3 个评估任务 (max_workers=3)...
    [路由] qwen3.6-27b -> DashScope API
    [路由] qwen3.6-27b -> DashScope API    [路由] qwen3.6-27b -> DashScope API

    [qwen3.6-27b] 决策: select | 选笑话编号: 2
    [qwen3.6-27b] 决策: create | 选笑话编号: None
    [qwen3.6-27b] 决策: create | 选笑话编号: None

  Item完成: 耗时63.0s | 总耗时177.3min
  速率限制器状态: 可用令牌=960.0/960
  已保存中间结果 (319 条)

============================================================
处理 es_0420... (320/1375)
  质量组: high (4个候选笑话)
  质量组: medium (4个候选笑话)
  质量组: low (4个候选笑话)
  并发执行 3 个评估任务 (max_workers=3)...
    [路由] qwen3.6-27b -> DashScope API    [路由] qwen3.6-27b -> DashScope API
    [路由] qwen3.6-27b -> DashScope API

    [qwen3.6-27b] 决策: select | 选笑话编号: 1
    [qwen3.6-27b] 决策: create | 选笑话编号: None
    [qwen3.6-27b] 决策: create | 选笑话编号: None

  Item完成: 耗时66.4s | 总耗时178.5min
  速率限制器状态: 可用令牌=960.0/960
  已保存中间结果 (320 条)

============================================================
处理 es_0421... (321/1375)
  质量组: high (4个候选笑话)
  质量组: medium (4个候选笑话)
  质量组: low (4个候选笑话)
  并发执行 3 个评估任务 (max_workers=3)...
    [路由] qwen3.6-27b -> DashScope API    [路由] qwen3.6-27b -> DashScope API

    [路由] qwen3.6-27b -> DashScope API
    [qwen3.6-27b] 决策: create | 选笑话编号: None
    [qwen3.6-27b] 决策: create | 选笑话编号: None
    [qwen3.6-27b] 决策: create | 选笑话编号: None

  Item完成: 耗时89.0s | 总耗时179.9min
  速率限制器状态: 可用令牌=960.0/960
  已保存中间结果 (321 条)

============================================================
处理 es_0422... (322/1375)
  质量组: high (4个候选笑话)
  质量组: medium (4个候选笑话)
  质量组: low (4个候选笑话)
  并发执行 3 个评估任务 (max_workers=3)...
    [路由] qwen3.6-27b -> DashScope API
    [路由] qwen3.6-27b -> DashScope API    [路由] qwen3.6-27b -> DashScope API

    [qwen3.6-27b] 决策: create | 选笑话编号: None
    [qwen3.6-27b] 决策: create | 选笑话编号: None
    [qwen3.6-27b] 决策: create | 选笑话编号: None

  Item完成: 耗时46.8s | 总耗时180.7min
  速率限制器状态: 可用令牌=960.0/960
  已保存中间结果 (322 条)

============================================================
处理 es_0423... (323/1375)
  质量组: high (4个候选笑话)
  质量组: medium (4个候选笑话)
  质量组: low (4个候选笑话)
  并发执行 3 个评估任务 (max_workers=3)...
    [路由] qwen3.6-27b -> DashScope API
    [路由] qwen3.6-27b -> DashScope API
    [路由] qwen3.6-27b -> DashScope API
    [qwen3.6-27b] 决策: select | 选笑话编号: 3
    [qwen3.6-27b] 决策: create | 选笑话编号: None
    [qwen3.6-27b] 决策: create | 选笑话编号: None

  Item完成: 耗时101.1s | 总耗时182.4min
  速率限制器状态: 可用令牌=960.0/960
  已保存中间结果 (323 条)

============================================================
处理 es_0424... (324/1375)
  质量组: high (4个候选笑话)
  质量组: medium (4个候选笑话)
  质量组: low (4个候选笑话)
  并发执行 3 个评估任务 (max_workers=3)...
    [路由] qwen3.6-27b -> DashScope API
    [路由] qwen3.6-27b -> DashScope API
    [路由] qwen3.6-27b -> DashScope API
    [qwen3.6-27b] 决策: create | 选笑话编号: None
    [qwen3.6-27b] 决策: create | 选笑话编号: None
    [qwen3.6-27b] 决策: create | 选笑话编号: None

  Item完成: 耗时59.1s | 总耗时183.4min
  速率限制器状态: 可用令牌=960.0/960
  已保存中间结果 (324 条)

============================================================
处理 es_0425... (325/1375)
  质量组: high (4个候选笑话)
  质量组: medium (4个候选笑话)
  质量组: low (4个候选笑话)
  并发执行 3 个评估任务 (max_workers=3)...
    [路由] qwen3.6-27b -> DashScope API
    [路由] qwen3.6-27b -> DashScope API    [路由] qwen3.6-27b -> DashScope API

    [qwen3.6-27b] 决策: select | 选笑话编号: 2
    [qwen3.6-27b] 决策: create | 选笑话编号: None
    [qwen3.6-27b] 决策: create | 选笑话编号: None

  Item完成: 耗时48.0s | 总耗时184.2min
  速率限制器状态: 可用令牌=960.0/960
  已保存中间结果 (325 条)

============================================================
处理 es_0426... (326/1375)
  质量组: high (4个候选笑话)
  质量组: medium (4个候选笑话)
  质量组: low (4个候选笑话)
  并发执行 3 个评估任务 (max_workers=3)...
    [路由] qwen3.6-27b -> DashScope API
    [路由] qwen3.6-27b -> DashScope API    [路由] qwen3.6-27b -> DashScope API

    [qwen3.6-27b] 决策: select | 选笑话编号: 3
    [qwen3.6-27b] 决策: select | 选笑话编号: 4
    [qwen3.6-27b] 决策: create | 选笑话编号: None

  Item完成: 耗时35.5s | 总耗时184.8min
  速率限制器状态: 可用令牌=960.0/960
  已保存中间结果 (326 条)

============================================================
处理 es_0427... (327/1375)
  质量组: high (4个候选笑话)
  质量组: medium (4个候选笑话)
  质量组: low (4个候选笑话)
  并发执行 3 个评估任务 (max_workers=3)...
    [路由] qwen3.6-27b -> DashScope API    [路由] qwen3.6-27b -> DashScope API
    [路由] qwen3.6-27b -> DashScope API

    [qwen3.6-27b] 决策: select | 选笑话编号: 2
    [qwen3.6-27b] 决策: select | 选笑话编号: 1
    [qwen3.6-27b] 决策: create | 选笑话编号: None

  Item完成: 耗时42.3s | 总耗时185.5min
  速率限制器状态: 可用令牌=960.0/960
  已保存中间结果 (327 条)

============================================================
处理 es_0428... (328/1375)
  质量组: high (4个候选笑话)
  质量组: medium (4个候选笑话)
  质量组: low (4个候选笑话)
  并发执行 3 个评估任务 (max_workers=3)...
    [路由] qwen3.6-27b -> DashScope API    [路由] qwen3.6-27b -> DashScope API
    [路由] qwen3.6-27b -> DashScope API

    [qwen3.6-27b] 决策: select | 选笑话编号: 2
    [qwen3.6-27b] 决策: select | 选笑话编号: 2
    [qwen3.6-27b] 决策: create | 选笑话编号: None

  Item完成: 耗时101.4s | 总耗时187.2min
  速率限制器状态: 可用令牌=960.0/960
  已保存中间结果 (328 条)

============================================================
处理 es_0429... (329/1375)
  质量组: high (4个候选笑话)
  质量组: medium (4个候选笑话)
  质量组: low (4个候选笑话)
  并发执行 3 个评估任务 (max_workers=3)...
    [路由] qwen3.6-27b -> DashScope API    [路由] qwen3.6-27b -> DashScope API
    [路由] qwen3.6-27b -> DashScope API

    [qwen3.6-27b] 决策: select | 选笑话编号: 2
    [qwen3.6-27b] 决策: create | 选笑话编号: None
    [qwen3.6-27b] 决策: create | 选笑话编号: None

  Item完成: 耗时53.2s | 总耗时188.1min
  速率限制器状态: 可用令牌=960.0/960
  已保存中间结果 (329 条)

============================================================
处理 es_0430... (330/1375)
  质量组: high (4个候选笑话)
  质量组: medium (4个候选笑话)
  质量组: low (4个候选笑话)
  并发执行 3 个评估任务 (max_workers=3)...
    [路由] qwen3.6-27b -> DashScope API
    [路由] qwen3.6-27b -> DashScope API
    [路由] qwen3.6-27b -> DashScope API
    [qwen3.6-27b] 决策: create | 选笑话编号: None
    [qwen3.6-27b] 决策: create | 选笑话编号: None
    [qwen3.6-27b] 决策: create | 选笑话编号: None

  Item完成: 耗时89.8s | 总耗时189.6min
  速率限制器状态: 可用令牌=960.0/960
  已保存中间结果 (330 条)

============================================================
处理 es_0431... (331/1375)
  质量组: high (4个候选笑话)
  质量组: medium (4个候选笑话)
  质量组: low (4个候选笑话)
  并发执行 3 个评估任务 (max_workers=3)...
    [路由] qwen3.6-27b -> DashScope API    [路由] qwen3.6-27b -> DashScope API

    [路由] qwen3.6-27b -> DashScope API
    [qwen3.6-27b] 决策: select | 选笑话编号: 4
    [qwen3.6-27b] 决策: select | 选笑话编号: 1
    [qwen3.6-27b] 决策: create | 选笑话编号: None

  Item完成: 耗时80.2s | 总耗时190.9min
  速率限制器状态: 可用令牌=960.0/960
  已保存中间结果 (331 条)

============================================================
处理 es_0432... (332/1375)
  质量组: high (4个候选笑话)
  质量组: medium (4个候选笑话)
  质量组: low (4个候选笑话)
  并发执行 3 个评估任务 (max_workers=3)...
    [路由] qwen3.6-27b -> DashScope API    [路由] qwen3.6-27b -> DashScope API
    [路由] qwen3.6-27b -> DashScope API

    [qwen3.6-27b] 决策: select | 选笑话编号: 2
    [qwen3.6-27b] 决策: create | 选笑话编号: None
    [API] 可重试异常: HTTPSConnectionPool(host='dashscope.aliyuncs.com', port=443): Read timed out. (read timeout=300), 等待1.5s后重试 (1/5), model=qwen3.6-27b
    [qwen3.6-27b] 决策: select | 选笑话编号: 1

  Item完成: 耗时333.1s | 总耗时196.5min
  速率限制器状态: 可用令牌=960.0/960
  已保存中间结果 (332 条)

============================================================
处理 es_0433... (333/1375)
  质量组: high (4个候选笑话)
  质量组: medium (4个候选笑话)
  质量组: low (4个候选笑话)
  并发执行 3 个评估任务 (max_workers=3)...
    [路由] qwen3.6-27b -> DashScope API    [路由] qwen3.6-27b -> DashScope API

    [路由] qwen3.6-27b -> DashScope API
    [qwen3.6-27b] 决策: select | 选笑话编号: 2
    [qwen3.6-27b] 决策: create | 选笑话编号: None
    [qwen3.6-27b] 决策: create | 选笑话编号: None

  Item完成: 耗时93.2s | 总耗时198.0min
  速率限制器状态: 可用令牌=960.0/960
  已保存中间结果 (333 条)

============================================================
处理 es_0434... (334/1375)
  质量组: high (4个候选笑话)
  质量组: medium (4个候选笑话)
  质量组: low (4个候选笑话)
  并发执行 3 个评估任务 (max_workers=3)...
    [路由] qwen3.6-27b -> DashScope API
    [路由] qwen3.6-27b -> DashScope API
    [路由] qwen3.6-27b -> DashScope API
    [qwen3.6-27b] 决策: select | 选笑话编号: 4
    [qwen3.6-27b] 决策: create | 选笑话编号: None
    [qwen3.6-27b] 决策: create | 选笑话编号: None

  Item完成: 耗时35.5s | 总耗时198.6min
  速率限制器状态: 可用令牌=960.0/960
  已保存中间结果 (334 条)

============================================================
处理 es_0435... (335/1375)
  质量组: high (4个候选笑话)
  质量组: medium (4个候选笑话)
  质量组: low (4个候选笑话)
  并发执行 3 个评估任务 (max_workers=3)...
    [路由] qwen3.6-27b -> DashScope API
    [路由] qwen3.6-27b -> DashScope API
    [路由] qwen3.6-27b -> DashScope API
    [qwen3.6-27b] 决策: create | 选笑话编号: None
    [qwen3.6-27b] 决策: create | 选笑话编号: None
    [qwen3.6-27b] 决策: create | 选笑话编号: None

  Item完成: 耗时85.1s | 总耗时200.0min
  速率限制器状态: 可用令牌=960.0/960
  已保存中间结果 (335 条)

============================================================
处理 es_0436... (336/1375)
  质量组: high (4个候选笑话)
  质量组: medium (4个候选笑话)
  质量组: low (4个候选笑话)
  并发执行 3 个评估任务 (max_workers=3)...
    [路由] qwen3.6-27b -> DashScope API
    [路由] qwen3.6-27b -> DashScope API    [路由] qwen3.6-27b -> DashScope API

    [qwen3.6-27b] 决策: select | 选笑话编号: 2
    [qwen3.6-27b] 决策: select | 选笑话编号: 4
    [qwen3.6-27b] 决策: select | 选笑话编号: 4

  Item完成: 耗时30.1s | 总耗时200.5min
  速率限制器状态: 可用令牌=960.0/960
  已保存中间结果 (336 条)

============================================================
处理 es_0437... (337/1375)
  质量组: high (4个候选笑话)
  质量组: medium (4个候选笑话)
  质量组: low (4个候选笑话)
  并发执行 3 个评估任务 (max_workers=3)...
    [路由] qwen3.6-27b -> DashScope API
    [路由] qwen3.6-27b -> DashScope API    [路由] qwen3.6-27b -> DashScope API

    [qwen3.6-27b] 决策: select | 选笑话编号: 4
    [qwen3.6-27b] 决策: create | 选笑话编号: None
    [qwen3.6-27b] 决策: create | 选笑话编号: None

  Item完成: 耗时84.2s | 总耗时201.9min
  速率限制器状态: 可用令牌=960.0/960
  已保存中间结果 (337 条)

============================================================
处理 es_0438... (338/1375)
  质量组: high (4个候选笑话)
  质量组: medium (4个候选笑话)
  质量组: low (4个候选笑话)
  并发执行 3 个评估任务 (max_workers=3)...
    [路由] qwen3.6-27b -> DashScope API
    [路由] qwen3.6-27b -> DashScope API
    [路由] qwen3.6-27b -> DashScope API
    [qwen3.6-27b] 决策: select | 选笑话编号: 2
    [qwen3.6-27b] 决策: select | 选笑话编号: 2
    [qwen3.6-27b] 决策: create | 选笑话编号: None

  Item完成: 耗时50.1s | 总耗时202.8min
  速率限制器状态: 可用令牌=960.0/960
  已保存中间结果 (338 条)

============================================================
处理 es_0439... (339/1375)
  质量组: high (4个候选笑话)
  质量组: medium (4个候选笑话)
  质量组: low (4个候选笑话)
  并发执行 3 个评估任务 (max_workers=3)...
    [路由] qwen3.6-27b -> DashScope API
    [路由] qwen3.6-27b -> DashScope API
    [路由] qwen3.6-27b -> DashScope API
    [qwen3.6-27b] 决策: select | 选笑话编号: 2
    [qwen3.6-27b] 决策: select | 选笑话编号: 2
    [qwen3.6-27b] 决策: select | 选笑话编号: 2

  Item完成: 耗时40.4s | 总耗时203.5min
  速率限制器状态: 可用令牌=960.0/960
  已保存中间结果 (339 条)

============================================================
处理 es_0440... (340/1375)
  质量组: high (4个候选笑话)
  质量组: medium (4个候选笑话)
  质量组: low (4个候选笑话)
  并发执行 3 个评估任务 (max_workers=3)...
    [路由] qwen3.6-27b -> DashScope API    [路由] qwen3.6-27b -> DashScope API

    [路由] qwen3.6-27b -> DashScope API
    [qwen3.6-27b] 决策: select | 选笑话编号: 3
    [qwen3.6-27b] 决策: select | 选笑话编号: 3
    [qwen3.6-27b] 决策: create | 选笑话编号: None

  Item完成: 耗时47.7s | 总耗时204.3min
  速率限制器状态: 可用令牌=960.0/960
  已保存中间结果 (340 条)

============================================================
处理 es_0441... (341/1375)
  质量组: high (4个候选笑话)
  质量组: medium (4个候选笑话)
  质量组: low (4个候选笑话)
  并发执行 3 个评估任务 (max_workers=3)...
    [路由] qwen3.6-27b -> DashScope API
    [路由] qwen3.6-27b -> DashScope API
    [路由] qwen3.6-27b -> DashScope API
    [qwen3.6-27b] 决策: select | 选笑话编号: 4
    [qwen3.6-27b] 决策: select | 选笑话编号: 2
    [qwen3.6-27b] 决策: select | 选笑话编号: 3

  Item完成: 耗时28.6s | 总耗时204.7min
  速率限制器状态: 可用令牌=960.0/960
  已保存中间结果 (341 条)

============================================================
处理 es_0442... (342/1375)
  质量组: high (4个候选笑话)
  质量组: medium (4个候选笑话)
  质量组: low (4个候选笑话)
  并发执行 3 个评估任务 (max_workers=3)...
    [路由] qwen3.6-27b -> DashScope API
    [路由] qwen3.6-27b -> DashScope API    [路由] qwen3.6-27b -> DashScope API

    [qwen3.6-27b] 决策: select | 选笑话编号: 3
    [qwen3.6-27b] 决策: create | 选笑话编号: None
    [qwen3.6-27b] 决策: select | 选笑话编号: 4

  Item完成: 耗时57.7s | 总耗时205.7min
  速率限制器状态: 可用令牌=960.0/960
  已保存中间结果 (342 条)

============================================================
处理 es_0443... (343/1375)
  质量组: high (4个候选笑话)
  质量组: medium (4个候选笑话)
  质量组: low (4个候选笑话)
  并发执行 3 个评估任务 (max_workers=3)...
    [路由] qwen3.6-27b -> DashScope API
    [路由] qwen3.6-27b -> DashScope API    [路由] qwen3.6-27b -> DashScope API

    [qwen3.6-27b] 决策: create | 选笑话编号: None
    [qwen3.6-27b] 决策: create | 选笑话编号: None
    [qwen3.6-27b] 决策: create | 选笑话编号: None

  Item完成: 耗时72.3s | 总耗时206.9min
  速率限制器状态: 可用令牌=960.0/960
  已保存中间结果 (343 条)

============================================================
处理 es_0444... (344/1375)
  质量组: high (4个候选笑话)
  质量组: medium (4个候选笑话)
  质量组: low (4个候选笑话)
  并发执行 3 个评估任务 (max_workers=3)...
    [路由] qwen3.6-27b -> DashScope API    [路由] qwen3.6-27b -> DashScope API

    [路由] qwen3.6-27b -> DashScope API
    [qwen3.6-27b] 决策: create | 选笑话编号: None
    [qwen3.6-27b] 决策: create | 选笑话编号: None
    [qwen3.6-27b] 决策: create | 选笑话编号: None

  Item完成: 耗时61.2s | 总耗时207.9min
  速率限制器状态: 可用令牌=960.0/960
  已保存中间结果 (344 条)

============================================================
处理 es_0445... (345/1375)
  质量组: high (4个候选笑话)
  质量组: medium (4个候选笑话)
  质量组: low (4个候选笑话)
  并发执行 3 个评估任务 (max_workers=3)...
    [路由] qwen3.6-27b -> DashScope API    [路由] qwen3.6-27b -> DashScope API
    [路由] qwen3.6-27b -> DashScope API

    [qwen3.6-27b] 决策: select | 选笑话编号: 4
    [qwen3.6-27b] 决策: create | 选笑话编号: None
    [qwen3.6-27b] 决策: create | 选笑话编号: None

  Item完成: 耗时41.5s | 总耗时208.6min
  速率限制器状态: 可用令牌=960.0/960
  已保存中间结果 (345 条)

============================================================
处理 es_0446... (346/1375)
  质量组: high (4个候选笑话)
  质量组: medium (4个候选笑话)
  质量组: low (4个候选笑话)
  并发执行 3 个评估任务 (max_workers=3)...
    [路由] qwen3.6-27b -> DashScope API
    [路由] qwen3.6-27b -> DashScope API
    [路由] qwen3.6-27b -> DashScope API
    [qwen3.6-27b] 决策: create | 选笑话编号: None
    [qwen3.6-27b] 决策: create | 选笑话编号: None
    [qwen3.6-27b] 决策: create | 选笑话编号: None

  Item完成: 耗时93.0s | 总耗时210.2min
  速率限制器状态: 可用令牌=960.0/960
  已保存中间结果 (346 条)

============================================================
处理 es_0447... (347/1375)
  质量组: high (4个候选笑话)
  质量组: medium (4个候选笑话)
  质量组: low (4个候选笑话)
  并发执行 3 个评估任务 (max_workers=3)...
    [路由] qwen3.6-27b -> DashScope API
    [路由] qwen3.6-27b -> DashScope API
    [路由] qwen3.6-27b -> DashScope API
    [qwen3.6-27b] 决策: select | 选笑话编号: 4
    [qwen3.6-27b] 决策: select | 选笑话编号: 3
    [qwen3.6-27b] 决策: create | 选笑话编号: None

  Item完成: 耗时50.4s | 总耗时211.0min
  速率限制器状态: 可用令牌=960.0/960
  已保存中间结果 (347 条)

============================================================
处理 es_0448... (348/1375)
  质量组: high (4个候选笑话)
  质量组: medium (4个候选笑话)
  质量组: low (4个候选笑话)
  并发执行 3 个评估任务 (max_workers=3)...
    [路由] qwen3.6-27b -> DashScope API
    [路由] qwen3.6-27b -> DashScope API    [路由] qwen3.6-27b -> DashScope API

    [qwen3.6-27b] 决策: create | 选笑话编号: None
    [qwen3.6-27b] 决策: create | 选笑话编号: None
    [qwen3.6-27b] 决策: create | 选笑话编号: None

  Item完成: 耗时53.6s | 总耗时211.9min
  速率限制器状态: 可用令牌=960.0/960
  已保存中间结果 (348 条)

============================================================
处理 es_0449... (349/1375)
  质量组: high (4个候选笑话)
  质量组: medium (4个候选笑话)
  质量组: low (4个候选笑话)
  并发执行 3 个评估任务 (max_workers=3)...
    [路由] qwen3.6-27b -> DashScope API    [路由] qwen3.6-27b -> DashScope API

    [路由] qwen3.6-27b -> DashScope API
    [qwen3.6-27b] 决策: select | 选笑话编号: 2
    [qwen3.6-27b] 决策: create | 选笑话编号: None
    [qwen3.6-27b] 决策: create | 选笑话编号: None

  Item完成: 耗时83.4s | 总耗时213.3min
  速率限制器状态: 可用令牌=960.0/960
  已保存中间结果 (349 条)

============================================================
处理 es_0450... (350/1375)
  质量组: high (4个候选笑话)
  质量组: medium (4个候选笑话)
  质量组: low (4个候选笑话)
  并发执行 3 个评估任务 (max_workers=3)...
    [路由] qwen3.6-27b -> DashScope API
    [路由] qwen3.6-27b -> DashScope API    [路由] qwen3.6-27b -> DashScope API

    [qwen3.6-27b] 决策: select | 选笑话编号: 2
    [qwen3.6-27b] 决策: select | 选笑话编号: 3
    [qwen3.6-27b] 决策: create | 选笑话编号: None

  Item完成: 耗时49.4s | 总耗时214.1min
  速率限制器状态: 可用令牌=960.0/960
  已保存中间结果 (350 条)

============================================================
处理 es_0451... (351/1375)
  质量组: high (4个候选笑话)
  质量组: medium (4个候选笑话)
  质量组: low (4个候选笑话)
  并发执行 3 个评估任务 (max_workers=3)...
    [路由] qwen3.6-27b -> DashScope API    [路由] qwen3.6-27b -> DashScope API

    [路由] qwen3.6-27b -> DashScope API
    [qwen3.6-27b] 决策: create | 选笑话编号: None
    [qwen3.6-27b] 决策: create | 选笑话编号: None
    [qwen3.6-27b] 决策: create | 选笑话编号: None

  Item完成: 耗时49.0s | 总耗时214.9min
  速率限制器状态: 可用令牌=960.0/960
  已保存中间结果 (351 条)

============================================================
处理 es_0452... (352/1375)
  质量组: high (4个候选笑话)
  质量组: medium (4个候选笑话)
  质量组: low (4个候选笑话)
  并发执行 3 个评估任务 (max_workers=3)...
    [路由] qwen3.6-27b -> DashScope API
    [路由] qwen3.6-27b -> DashScope API    [路由] qwen3.6-27b -> DashScope API

    [qwen3.6-27b] 决策: create | 选笑话编号: None
    [qwen3.6-27b] 决策: create | 选笑话编号: None
    [qwen3.6-27b] 决策: create | 选笑话编号: None

  Item完成: 耗时96.0s | 总耗时216.5min
  速率限制器状态: 可用令牌=960.0/960
  已保存中间结果 (352 条)

============================================================
处理 es_0453... (353/1375)
  质量组: high (4个候选笑话)
  质量组: medium (4个候选笑话)
  质量组: low (4个候选笑话)
  并发执行 3 个评估任务 (max_workers=3)...
    [路由] qwen3.6-27b -> DashScope API    [路由] qwen3.6-27b -> DashScope API

    [路由] qwen3.6-27b -> DashScope API
    [qwen3.6-27b] 决策: select | 选笑话编号: 3
    [qwen3.6-27b] 决策: create | 选笑话编号: None
    [qwen3.6-27b] 决策: create | 选笑话编号: None

  Item完成: 耗时47.4s | 总耗时217.3min
  速率限制器状态: 可用令牌=960.0/960
  已保存中间结果 (353 条)

============================================================
处理 es_0454... (354/1375)
  质量组: high (4个候选笑话)
  质量组: medium (4个候选笑话)
  质量组: low (4个候选笑话)
  并发执行 3 个评估任务 (max_workers=3)...
    [路由] qwen3.6-27b -> DashScope API
    [路由] qwen3.6-27b -> DashScope API    [路由] qwen3.6-27b -> DashScope API

    [qwen3.6-27b] 决策: create | 选笑话编号: None
    [qwen3.6-27b] 决策: create | 选笑话编号: None
    [qwen3.6-27b] 决策: create | 选笑话编号: None

  Item完成: 耗时59.0s | 总耗时218.3min
  速率限制器状态: 可用令牌=960.0/960
  已保存中间结果 (354 条)

============================================================
处理 es_0455... (355/1375)
  质量组: high (4个候选笑话)
  质量组: medium (4个候选笑话)
  质量组: low (4个候选笑话)
  并发执行 3 个评估任务 (max_workers=3)...
    [路由] qwen3.6-27b -> DashScope API    [路由] qwen3.6-27b -> DashScope API

    [路由] qwen3.6-27b -> DashScope API
    [qwen3.6-27b] 决策: select | 选笑话编号: 3
    [qwen3.6-27b] 决策: create | 选笑话编号: None
    [qwen3.6-27b] 决策: create | 选笑话编号: None

  Item完成: 耗时38.0s | 总耗时219.0min
  速率限制器状态: 可用令牌=960.0/960
  已保存中间结果 (355 条)

============================================================
处理 es_0456... (356/1375)
  质量组: high (4个候选笑话)
  质量组: medium (4个候选笑话)
  质量组: low (4个候选笑话)
  并发执行 3 个评估任务 (max_workers=3)...
    [路由] qwen3.6-27b -> DashScope API    [路由] qwen3.6-27b -> DashScope API
    [路由] qwen3.6-27b -> DashScope API

    [qwen3.6-27b] 决策: create | 选笑话编号: None
    [qwen3.6-27b] 决策: select | 选笑话编号: 2
    [qwen3.6-27b] 决策: create | 选笑话编号: None

  Item完成: 耗时70.9s | 总耗时220.1min
  速率限制器状态: 可用令牌=960.0/960
  已保存中间结果 (356 条)

============================================================
处理 es_0457... (357/1375)
  质量组: high (4个候选笑话)
  质量组: medium (4个候选笑话)
  质量组: low (4个候选笑话)
  并发执行 3 个评估任务 (max_workers=3)...
    [路由] qwen3.6-27b -> DashScope API
    [路由] qwen3.6-27b -> DashScope API
    [路由] qwen3.6-27b -> DashScope API
    [qwen3.6-27b] 决策: select | 选笑话编号: 2
    [qwen3.6-27b] 决策: create | 选笑话编号: None
    [qwen3.6-27b] 决策: create | 选笑话编号: None

  Item完成: 耗时61.0s | 总耗时221.2min
  速率限制器状态: 可用令牌=960.0/960
  已保存中间结果 (357 条)

============================================================
处理 es_0458... (358/1375)
  质量组: high (4个候选笑话)
  质量组: medium (4个候选笑话)
  质量组: low (4个候选笑话)
  并发执行 3 个评估任务 (max_workers=3)...
    [路由] qwen3.6-27b -> DashScope API    [路由] qwen3.6-27b -> DashScope API
    [路由] qwen3.6-27b -> DashScope API

    [qwen3.6-27b] 决策: select | 选笑话编号: 1
    [qwen3.6-27b] 决策: create | 选笑话编号: None
    [qwen3.6-27b] 决策: create | 选笑话编号: None

  Item完成: 耗时65.9s | 总耗时222.3min
  速率限制器状态: 可用令牌=960.0/960
  已保存中间结果 (358 条)

============================================================
处理 es_0459... (359/1375)
  质量组: high (4个候选笑话)
  质量组: medium (4个候选笑话)
  质量组: low (4个候选笑话)
  并发执行 3 个评估任务 (max_workers=3)...
    [路由] qwen3.6-27b -> DashScope API
    [路由] qwen3.6-27b -> DashScope API    [路由] qwen3.6-27b -> DashScope API

    [qwen3.6-27b] 决策: select | 选笑话编号: 3
    [qwen3.6-27b] 决策: create | 选笑话编号: None
    [qwen3.6-27b] 决策: create | 选笑话编号: None

  Item完成: 耗时58.0s | 总耗时223.2min
  速率限制器状态: 可用令牌=960.0/960
  已保存中间结果 (359 条)

============================================================
处理 es_0460... (360/1375)
  质量组: high (4个候选笑话)
  质量组: medium (4个候选笑话)
  质量组: low (4个候选笑话)
  并发执行 3 个评估任务 (max_workers=3)...
    [路由] qwen3.6-27b -> DashScope API    [路由] qwen3.6-27b -> DashScope API
    [路由] qwen3.6-27b -> DashScope API

    [qwen3.6-27b] 决策: create | 选笑话编号: None
    [qwen3.6-27b] 决策: create | 选笑话编号: None
    [qwen3.6-27b] 决策: create | 选笑话编号: None

  Item完成: 耗时103.5s | 总耗时225.0min
  速率限制器状态: 可用令牌=960.0/960
  已保存中间结果 (360 条)

============================================================
处理 es_0461... (361/1375)
  质量组: high (4个候选笑话)
  质量组: medium (4个候选笑话)
  质量组: low (4个候选笑话)
  并发执行 3 个评估任务 (max_workers=3)...
    [路由] qwen3.6-27b -> DashScope API
    [路由] qwen3.6-27b -> DashScope API
    [路由] qwen3.6-27b -> DashScope API
    [qwen3.6-27b] 决策: select | 选笑话编号: 3
    [qwen3.6-27b] 决策: create | 选笑话编号: None
    [qwen3.6-27b] 决策: create | 选笑话编号: None

  Item完成: 耗时46.5s | 总耗时225.7min
  速率限制器状态: 可用令牌=960.0/960
  已保存中间结果 (361 条)

============================================================
处理 es_0462... (362/1375)
  质量组: high (4个候选笑话)
  质量组: medium (4个候选笑话)
  质量组: low (4个候选笑话)
  并发执行 3 个评估任务 (max_workers=3)...
    [路由] qwen3.6-27b -> DashScope API    [路由] qwen3.6-27b -> DashScope API

    [路由] qwen3.6-27b -> DashScope API
    [qwen3.6-27b] 决策: select | 选笑话编号: 4
    [qwen3.6-27b] 决策: create | 选笑话编号: None
    [qwen3.6-27b] 决策: create | 选笑话编号: None

  Item完成: 耗时74.0s | 总耗时227.0min
  速率限制器状态: 可用令牌=960.0/960
  已保存中间结果 (362 条)

============================================================
处理 es_0463... (363/1375)
  质量组: high (4个候选笑话)
  质量组: medium (4个候选笑话)
  质量组: low (4个候选笑话)
  并发执行 3 个评估任务 (max_workers=3)...
    [路由] qwen3.6-27b -> DashScope API    [路由] qwen3.6-27b -> DashScope API
    [路由] qwen3.6-27b -> DashScope API

    [qwen3.6-27b] 决策: select | 选笑话编号: 2
    [qwen3.6-27b] 决策: create | 选笑话编号: None
    [qwen3.6-27b] 决策: create | 选笑话编号: None

  Item完成: 耗时65.8s | 总耗时228.1min
  速率限制器状态: 可用令牌=960.0/960
  已保存中间结果 (363 条)

============================================================
处理 es_0464... (364/1375)
  质量组: high (4个候选笑话)
  质量组: medium (4个候选笑话)
  质量组: low (4个候选笑话)
  并发执行 3 个评估任务 (max_workers=3)...
    [路由] qwen3.6-27b -> DashScope API
    [路由] qwen3.6-27b -> DashScope API    [路由] qwen3.6-27b -> DashScope API

    [qwen3.6-27b] 决策: create | 选笑话编号: None
    [qwen3.6-27b] 决策: select | 选笑话编号: 2
    [qwen3.6-27b] 决策: create | 选笑话编号: None

  Item完成: 耗时37.1s | 总耗时228.7min
  速率限制器状态: 可用令牌=960.0/960
  已保存中间结果 (364 条)

============================================================
处理 es_0465... (365/1375)
  质量组: high (4个候选笑话)
  质量组: medium (4个候选笑话)
  质量组: low (4个候选笑话)
  并发执行 3 个评估任务 (max_workers=3)...
    [路由] qwen3.6-27b -> DashScope API    [路由] qwen3.6-27b -> DashScope API
    [路由] qwen3.6-27b -> DashScope API

    [qwen3.6-27b] 决策: select | 选笑话编号: 4
    [qwen3.6-27b] 决策: create | 选笑话编号: None
    [qwen3.6-27b] 决策: create | 选笑话编号: None

  Item完成: 耗时55.5s | 总耗时229.6min
  速率限制器状态: 可用令牌=960.0/960
  已保存中间结果 (365 条)

============================================================
处理 es_0466... (366/1375)
  质量组: high (4个候选笑话)
  质量组: medium (4个候选笑话)
  质量组: low (4个候选笑话)
  并发执行 3 个评估任务 (max_workers=3)...
    [路由] qwen3.6-27b -> DashScope API
    [路由] qwen3.6-27b -> DashScope API
    [路由] qwen3.6-27b -> DashScope API
    [qwen3.6-27b] 决策: select | 选笑话编号: 2
    [qwen3.6-27b] 决策: select | 选笑话编号: 2
    [qwen3.6-27b] 决策: select | 选笑话编号: 4

  Item完成: 耗时35.7s | 总耗时230.2min
  速率限制器状态: 可用令牌=960.0/960
  已保存中间结果 (366 条)

============================================================
处理 es_0467... (367/1375)
  质量组: high (4个候选笑话)
  质量组: medium (4个候选笑话)
  质量组: low (4个候选笑话)
  并发执行 3 个评估任务 (max_workers=3)...
    [路由] qwen3.6-27b -> DashScope API
    [路由] qwen3.6-27b -> DashScope API    [路由] qwen3.6-27b -> DashScope API

    [qwen3.6-27b] 决策: select | 选笑话编号: 2
    [qwen3.6-27b] 决策: create | 选笑话编号: None
    [qwen3.6-27b] 决策: create | 选笑话编号: None

  Item完成: 耗时51.7s | 总耗时231.1min
  速率限制器状态: 可用令牌=960.0/960
  已保存中间结果 (367 条)

============================================================
处理 es_0468... (368/1375)
  质量组: high (4个候选笑话)
  质量组: medium (4个候选笑话)
  质量组: low (4个候选笑话)
  并发执行 3 个评估任务 (max_workers=3)...
    [路由] qwen3.6-27b -> DashScope API
    [路由] qwen3.6-27b -> DashScope API    [路由] qwen3.6-27b -> DashScope API

    [qwen3.6-27b] 决策: create | 选笑话编号: None
    [qwen3.6-27b] 决策: create | 选笑话编号: None
    [qwen3.6-27b] 决策: create | 选笑话编号: None

  Item完成: 耗时69.9s | 总耗时232.2min
  速率限制器状态: 可用令牌=960.0/960
  已保存中间结果 (368 条)

============================================================
处理 es_0469... (369/1375)
  质量组: high (4个候选笑话)
  质量组: medium (4个候选笑话)
  质量组: low (4个候选笑话)
  并发执行 3 个评估任务 (max_workers=3)...
    [路由] qwen3.6-27b -> DashScope API
    [路由] qwen3.6-27b -> DashScope API    [路由] qwen3.6-27b -> DashScope API

    [qwen3.6-27b] 决策: create | 选笑话编号: None
    [qwen3.6-27b] 决策: create | 选笑话编号: None
    [qwen3.6-27b] 决策: create | 选笑话编号: None

  Item完成: 耗时65.6s | 总耗时233.3min
  速率限制器状态: 可用令牌=960.0/960
  已保存中间结果 (369 条)

============================================================
处理 es_0470... (370/1375)
  质量组: high (4个候选笑话)
  质量组: medium (4个候选笑话)
  质量组: low (4个候选笑话)
  并发执行 3 个评估任务 (max_workers=3)...
    [路由] qwen3.6-27b -> DashScope API    [路由] qwen3.6-27b -> DashScope API

    [路由] qwen3.6-27b -> DashScope API
    [qwen3.6-27b] 决策: select | 选笑话编号: 3
    [qwen3.6-27b] 决策: create | 选笑话编号: None
    [qwen3.6-27b] 决策: create | 选笑话编号: None

  Item完成: 耗时137.2s | 总耗时235.6min
  速率限制器状态: 可用令牌=960.0/960
  已保存中间结果 (370 条)

============================================================
处理 es_0471... (371/1375)
  质量组: high (4个候选笑话)
  质量组: medium (4个候选笑话)
  质量组: low (4个候选笑话)
  并发执行 3 个评估任务 (max_workers=3)...
    [路由] qwen3.6-27b -> DashScope API
    [路由] qwen3.6-27b -> DashScope API
    [路由] qwen3.6-27b -> DashScope API
    [qwen3.6-27b] 决策: create | 选笑话编号: None
    [qwen3.6-27b] 决策: create | 选笑话编号: None
    [qwen3.6-27b] 决策: create | 选笑话编号: None

  Item完成: 耗时69.5s | 总耗时236.8min
  速率限制器状态: 可用令牌=960.0/960
  已保存中间结果 (371 条)

============================================================
处理 es_0472... (372/1375)
  质量组: high (4个候选笑话)
  质量组: medium (4个候选笑话)
  质量组: low (4个候选笑话)
  并发执行 3 个评估任务 (max_workers=3)...
    [路由] qwen3.6-27b -> DashScope API
    [路由] qwen3.6-27b -> DashScope API
    [路由] qwen3.6-27b -> DashScope API
    [qwen3.6-27b] 决策: select | 选笑话编号: 4
    [qwen3.6-27b] 决策: create | 选笑话编号: None
    [qwen3.6-27b] 决策: create | 选笑话编号: None

  Item完成: 耗时49.4s | 总耗时237.6min
  速率限制器状态: 可用令牌=960.0/960
  已保存中间结果 (372 条)

============================================================
处理 es_0473... (373/1375)
  质量组: high (4个候选笑话)
  质量组: medium (4个候选笑话)
  质量组: low (4个候选笑话)
  并发执行 3 个评估任务 (max_workers=3)...
    [路由] qwen3.6-27b -> DashScope API    [路由] qwen3.6-27b -> DashScope API
    [路由] qwen3.6-27b -> DashScope API

    [qwen3.6-27b] 决策: create | 选笑话编号: None
    [qwen3.6-27b] 决策: create | 选笑话编号: None
    [qwen3.6-27b] 决策: create | 选笑话编号: None

  Item完成: 耗时56.8s | 总耗时238.6min
  速率限制器状态: 可用令牌=960.0/960
  已保存中间结果 (373 条)

============================================================
处理 es_0474... (374/1375)
  质量组: high (4个候选笑话)
  质量组: medium (4个候选笑话)
  质量组: low (4个候选笑话)
  并发执行 3 个评估任务 (max_workers=3)...
    [路由] qwen3.6-27b -> DashScope API    [路由] qwen3.6-27b -> DashScope API

    [路由] qwen3.6-27b -> DashScope API
    [qwen3.6-27b] 决策: select | 选笑话编号: 3
    [qwen3.6-27b] 决策: create | 选笑话编号: None
    [qwen3.6-27b] 决策: create | 选笑话编号: None

  Item完成: 耗时64.3s | 总耗时239.6min
  速率限制器状态: 可用令牌=960.0/960
  已保存中间结果 (374 条)

============================================================
处理 es_0475... (375/1375)
  质量组: high (4个候选笑话)
  质量组: medium (4个候选笑话)
  质量组: low (4个候选笑话)
  并发执行 3 个评估任务 (max_workers=3)...
    [路由] qwen3.6-27b -> DashScope API    [路由] qwen3.6-27b -> DashScope API
    [路由] qwen3.6-27b -> DashScope API

    [qwen3.6-27b] 决策: select | 选笑话编号: 2
    [qwen3.6-27b] 决策: create | 选笑话编号: None
    [qwen3.6-27b] 决策: create | 选笑话编号: None

  Item完成: 耗时62.6s | 总耗时240.7min
  速率限制器状态: 可用令牌=960.0/960
  已保存中间结果 (375 条)

============================================================
处理 es_0476... (376/1375)
  质量组: high (4个候选笑话)
  质量组: medium (4个候选笑话)
  质量组: low (4个候选笑话)
  并发执行 3 个评估任务 (max_workers=3)...
    [路由] qwen3.6-27b -> DashScope API    [路由] qwen3.6-27b -> DashScope API
    [路由] qwen3.6-27b -> DashScope API

    [qwen3.6-27b] 决策: create | 选笑话编号: None
    [qwen3.6-27b] 决策: create | 选笑话编号: None
    [qwen3.6-27b] 决策: create | 选笑话编号: None

  Item完成: 耗时95.7s | 总耗时242.3min
  速率限制器状态: 可用令牌=960.0/960
  已保存中间结果 (376 条)

============================================================
处理 es_0477... (377/1375)
  质量组: high (4个候选笑话)
  质量组: medium (4个候选笑话)
  质量组: low (4个候选笑话)
  并发执行 3 个评估任务 (max_workers=3)...
    [路由] qwen3.6-27b -> DashScope API
    [路由] qwen3.6-27b -> DashScope API
    [路由] qwen3.6-27b -> DashScope API
    [qwen3.6-27b] 决策: create | 选笑话编号: None
    [qwen3.6-27b] 决策: create | 选笑话编号: None
    [API] 可重试异常: HTTPSConnectionPool(host='dashscope.aliyuncs.com', port=443): Read timed out. (read timeout=300), 等待1.8s后重试 (1/5), model=qwen3.6-27b
    [qwen3.6-27b] 决策: select | 选笑话编号: 3

  Item完成: 耗时328.6s | 总耗时247.8min
  速率限制器状态: 可用令牌=960.0/960
  已保存中间结果 (377 条)

============================================================
处理 es_0478... (378/1375)
  质量组: high (4个候选笑话)
  质量组: medium (4个候选笑话)
  质量组: low (4个候选笑话)
  并发执行 3 个评估任务 (max_workers=3)...
    [路由] qwen3.6-27b -> DashScope API
    [路由] qwen3.6-27b -> DashScope API
    [路由] qwen3.6-27b -> DashScope API
    [qwen3.6-27b] 决策: select | 选笑话编号: 3
    [qwen3.6-27b] 决策: create | 选笑话编号: None
    [qwen3.6-27b] 决策: create | 选笑话编号: None

  Item完成: 耗时62.6s | 总耗时248.8min
  速率限制器状态: 可用令牌=960.0/960
  已保存中间结果 (378 条)

============================================================
处理 es_0479... (379/1375)
  质量组: high (4个候选笑话)
  质量组: medium (4个候选笑话)
  质量组: low (4个候选笑话)
  并发执行 3 个评估任务 (max_workers=3)...
    [路由] qwen3.6-27b -> DashScope API
    [路由] qwen3.6-27b -> DashScope API    [路由] qwen3.6-27b -> DashScope API

    [qwen3.6-27b] 决策: select | 选笑话编号: 3
    [qwen3.6-27b] 决策: select | 选笑话编号: 2
    [qwen3.6-27b] 决策: create | 选笑话编号: None

  Item完成: 耗时64.5s | 总耗时249.9min
  速率限制器状态: 可用令牌=960.0/960
  已保存中间结果 (379 条)

============================================================
处理 es_0480... (380/1375)
  质量组: high (4个候选笑话)
  质量组: medium (4个候选笑话)
  质量组: low (4个候选笑话)
  并发执行 3 个评估任务 (max_workers=3)...
    [路由] qwen3.6-27b -> DashScope API
    [路由] qwen3.6-27b -> DashScope API
    [路由] qwen3.6-27b -> DashScope API
    [qwen3.6-27b] 决策: select | 选笑话编号: 2
    [qwen3.6-27b] 决策: select | 选笑话编号: 3
    [qwen3.6-27b] 决策: create | 选笑话编号: None

  Item完成: 耗时62.5s | 总耗时250.9min
  速率限制器状态: 可用令牌=960.0/960
  已保存中间结果 (380 条)

============================================================
处理 es_0481... (381/1375)
  质量组: high (4个候选笑话)
  质量组: medium (4个候选笑话)
  质量组: low (4个候选笑话)
  并发执行 3 个评估任务 (max_workers=3)...
    [路由] qwen3.6-27b -> DashScope API    [路由] qwen3.6-27b -> DashScope API

    [路由] qwen3.6-27b -> DashScope API
    [qwen3.6-27b] 决策: create | 选笑话编号: None
    [qwen3.6-27b] 决策: create | 选笑话编号: None
    [qwen3.6-27b] 决策: create | 选笑话编号: None

  Item完成: 耗时63.5s | 总耗时252.0min
  速率限制器状态: 可用令牌=960.0/960
  已保存中间结果 (381 条)

============================================================
处理 es_0482... (382/1375)
  质量组: high (4个候选笑话)
  质量组: medium (4个候选笑话)
  质量组: low (4个候选笑话)
  并发执行 3 个评估任务 (max_workers=3)...
    [路由] qwen3.6-27b -> DashScope API
    [路由] qwen3.6-27b -> DashScope API    [路由] qwen3.6-27b -> DashScope API

    [qwen3.6-27b] 决策: create | 选笑话编号: None
    [qwen3.6-27b] 决策: create | 选笑话编号: None
    [qwen3.6-27b] 决策: create | 选笑话编号: None

  Item完成: 耗时62.8s | 总耗时253.0min
  速率限制器状态: 可用令牌=960.0/960
  已保存中间结果 (382 条)

============================================================
处理 es_0483... (383/1375)
  质量组: high (4个候选笑话)
  质量组: medium (4个候选笑话)
  质量组: low (4个候选笑话)
  并发执行 3 个评估任务 (max_workers=3)...
    [路由] qwen3.6-27b -> DashScope API
    [路由] qwen3.6-27b -> DashScope API    [路由] qwen3.6-27b -> DashScope API

    [qwen3.6-27b] 决策: select | 选笑话编号: 2
    [qwen3.6-27b] 决策: select | 选笑话编号: 4
    [qwen3.6-27b] 决策: create | 选笑话编号: None

  Item完成: 耗时54.8s | 总耗时253.9min
  速率限制器状态: 可用令牌=960.0/960
  已保存中间结果 (383 条)

============================================================
处理 es_0484... (384/1375)
  质量组: high (4个候选笑话)
  质量组: medium (4个候选笑话)
  质量组: low (4个候选笑话)
  并发执行 3 个评估任务 (max_workers=3)...
    [路由] qwen3.6-27b -> DashScope API
    [路由] qwen3.6-27b -> DashScope API    [路由] qwen3.6-27b -> DashScope API

    [qwen3.6-27b] 决策: create | 选笑话编号: None
    [qwen3.6-27b] 决策: create | 选笑话编号: None
    [qwen3.6-27b] 决策: create | 选笑话编号: None

  Item完成: 耗时74.3s | 总耗时255.2min
  速率限制器状态: 可用令牌=960.0/960
  已保存中间结果 (384 条)

============================================================
处理 es_0485... (385/1375)
  质量组: high (4个候选笑话)
  质量组: medium (4个候选笑话)
  质量组: low (4个候选笑话)
  并发执行 3 个评估任务 (max_workers=3)...
    [路由] qwen3.6-27b -> DashScope API    [路由] qwen3.6-27b -> DashScope API

    [路由] qwen3.6-27b -> DashScope API
    [qwen3.6-27b] 决策: select | 选笑话编号: 2
    [qwen3.6-27b] 决策: create | 选笑话编号: None
    [API] 可重试异常: HTTPSConnectionPool(host='dashscope.aliyuncs.com', port=443): Read timed out. (read timeout=300), 等待2.1s后重试 (1/5), model=qwen3.6-27b
    [qwen3.6-27b] 决策: select | 选笑话编号: 2

  Item完成: 耗时316.7s | 总耗时260.5min
  速率限制器状态: 可用令牌=960.0/960
  已保存中间结果 (385 条)

============================================================
处理 es_0486... (386/1375)
  质量组: high (4个候选笑话)
  质量组: medium (4个候选笑话)
  质量组: low (4个候选笑话)
  并发执行 3 个评估任务 (max_workers=3)...
    [路由] qwen3.6-27b -> DashScope API    [路由] qwen3.6-27b -> DashScope API

    [路由] qwen3.6-27b -> DashScope API
    [qwen3.6-27b] 决策: select | 选笑话编号: 2
    [qwen3.6-27b] 决策: select | 选笑话编号: 4
    [qwen3.6-27b] 决策: create | 选笑话编号: None

  Item完成: 耗时51.1s | 总耗时261.3min
  速率限制器状态: 可用令牌=960.0/960
  已保存中间结果 (386 条)

============================================================
处理 es_0487... (387/1375)
  质量组: high (4个候选笑话)
  质量组: medium (4个候选笑话)
  质量组: low (4个候选笑话)
  并发执行 3 个评估任务 (max_workers=3)...
    [路由] qwen3.6-27b -> DashScope API
    [路由] qwen3.6-27b -> DashScope API
    [路由] qwen3.6-27b -> DashScope API
    [qwen3.6-27b] 决策: select | 选笑话编号: 4
    [qwen3.6-27b] 决策: create | 选笑话编号: None
    [qwen3.6-27b] 决策: create | 选笑话编号: None

  Item完成: 耗时59.1s | 总耗时262.3min
  速率限制器状态: 可用令牌=960.0/960
  已保存中间结果 (387 条)

============================================================
处理 es_0488... (388/1375)
  质量组: high (4个候选笑话)
  质量组: medium (4个候选笑话)
  质量组: low (4个候选笑话)
  并发执行 3 个评估任务 (max_workers=3)...
    [路由] qwen3.6-27b -> DashScope API
    [路由] qwen3.6-27b -> DashScope API
    [路由] qwen3.6-27b -> DashScope API
    [qwen3.6-27b] 决策: select | 选笑话编号: 2
    [qwen3.6-27b] 决策: create | 选笑话编号: None
    [qwen3.6-27b] 决策: create | 选笑话编号: None

  Item完成: 耗时73.7s | 总耗时263.5min
  速率限制器状态: 可用令牌=960.0/960
  已保存中间结果 (388 条)

============================================================
处理 es_0489... (389/1375)
  质量组: high (4个候选笑话)
  质量组: medium (4个候选笑话)
  质量组: low (4个候选笑话)
  并发执行 3 个评估任务 (max_workers=3)...
    [路由] qwen3.6-27b -> DashScope API
    [路由] qwen3.6-27b -> DashScope API
    [路由] qwen3.6-27b -> DashScope API
    [qwen3.6-27b] 决策: select | 选笑话编号: 2
    [qwen3.6-27b] 决策: create | 选笑话编号: None
    [qwen3.6-27b] 决策: create | 选笑话编号: None

  Item完成: 耗时79.3s | 总耗时264.9min
  速率限制器状态: 可用令牌=960.0/960
  已保存中间结果 (389 条)

============================================================
处理 es_0490... (390/1375)
  质量组: high (4个候选笑话)
  质量组: medium (4个候选笑话)
  质量组: low (4个候选笑话)
  并发执行 3 个评估任务 (max_workers=3)...
    [路由] qwen3.6-27b -> DashScope API    [路由] qwen3.6-27b -> DashScope API

    [路由] qwen3.6-27b -> DashScope API
    [qwen3.6-27b] 决策: select | 选笑话编号: 2
    [qwen3.6-27b] 决策: create | 选笑话编号: None
    [qwen3.6-27b] 决策: create | 选笑话编号: None

  Item完成: 耗时103.1s | 总耗时266.6min
  速率限制器状态: 可用令牌=960.0/960
  已保存中间结果 (390 条)

============================================================
处理 es_0491... (391/1375)
  质量组: high (4个候选笑话)
  质量组: medium (4个候选笑话)
  质量组: low (4个候选笑话)
  并发执行 3 个评估任务 (max_workers=3)...
    [路由] qwen3.6-27b -> DashScope API    [路由] qwen3.6-27b -> DashScope API
    [路由] qwen3.6-27b -> DashScope API

    [qwen3.6-27b] 决策: select | 选笑话编号: 3
    [qwen3.6-27b] 决策: select | 选笑话编号: 2
    [qwen3.6-27b] 决策: create | 选笑话编号: None

  Item完成: 耗时65.0s | 总耗时267.7min
  速率限制器状态: 可用令牌=960.0/960
  已保存中间结果 (391 条)

============================================================
处理 es_0492... (392/1375)
  质量组: high (4个候选笑话)
  质量组: medium (4个候选笑话)
  质量组: low (4个候选笑话)
  并发执行 3 个评估任务 (max_workers=3)...
    [路由] qwen3.6-27b -> DashScope API    [路由] qwen3.6-27b -> DashScope API
    [路由] qwen3.6-27b -> DashScope API

    [qwen3.6-27b] 决策: create | 选笑话编号: None
    [qwen3.6-27b] 决策: create | 选笑话编号: None
    [qwen3.6-27b] 决策: create | 选笑话编号: None

  Item完成: 耗时46.1s | 总耗时268.4min
  速率限制器状态: 可用令牌=960.0/960
  已保存中间结果 (392 条)

============================================================
处理 es_0493... (393/1375)
  质量组: high (4个候选笑话)
  质量组: medium (4个候选笑话)
  质量组: low (4个候选笑话)
  并发执行 3 个评估任务 (max_workers=3)...
    [路由] qwen3.6-27b -> DashScope API
    [路由] qwen3.6-27b -> DashScope API    [路由] qwen3.6-27b -> DashScope API

    [qwen3.6-27b] 决策: select | 选笑话编号: 1
    [qwen3.6-27b] 决策: select | 选笑话编号: 3
    [qwen3.6-27b] 决策: create | 选笑话编号: None

  Item完成: 耗时42.4s | 总耗时269.1min
  速率限制器状态: 可用令牌=960.0/960
  已保存中间结果 (393 条)

============================================================
处理 es_0494... (394/1375)
  质量组: high (4个候选笑话)
  质量组: medium (4个候选笑话)
  质量组: low (4个候选笑话)
  并发执行 3 个评估任务 (max_workers=3)...
    [路由] qwen3.6-27b -> DashScope API
    [路由] qwen3.6-27b -> DashScope API
    [路由] qwen3.6-27b -> DashScope API
    [qwen3.6-27b] 决策: create | 选笑话编号: None
    [qwen3.6-27b] 决策: select | 选笑话编号: 2
    [qwen3.6-27b] 决策: create | 选笑话编号: None

  Item完成: 耗时46.0s | 总耗时269.9min
  速率限制器状态: 可用令牌=960.0/960
  已保存中间结果 (394 条)

============================================================
处理 es_0495... (395/1375)
  质量组: high (4个候选笑话)
  质量组: medium (4个候选笑话)
  质量组: low (4个候选笑话)
  并发执行 3 个评估任务 (max_workers=3)...
    [路由] qwen3.6-27b -> DashScope API    [路由] qwen3.6-27b -> DashScope API

    [路由] qwen3.6-27b -> DashScope API
    [qwen3.6-27b] 决策: select | 选笑话编号: 3
    [qwen3.6-27b] 决策: create | 选笑话编号: None
    [qwen3.6-27b] 决策: create | 选笑话编号: None

  Item完成: 耗时44.0s | 总耗时270.7min
  速率限制器状态: 可用令牌=960.0/960
  已保存中间结果 (395 条)

============================================================
处理 es_0496... (396/1375)
  质量组: high (4个候选笑话)
  质量组: medium (4个候选笑话)
  质量组: low (4个候选笑话)
  并发执行 3 个评估任务 (max_workers=3)...
    [路由] qwen3.6-27b -> DashScope API
    [路由] qwen3.6-27b -> DashScope API    [路由] qwen3.6-27b -> DashScope API

    [qwen3.6-27b] 决策: select | 选笑话编号: 1
    [qwen3.6-27b] 决策: create | 选笑话编号: None
    [qwen3.6-27b] 决策: create | 选笑话编号: None

  Item完成: 耗时66.7s | 总耗时271.8min
  速率限制器状态: 可用令牌=960.0/960
  已保存中间结果 (396 条)

============================================================
处理 es_0497... (397/1375)
  质量组: high (4个候选笑话)
  质量组: medium (4个候选笑话)
  质量组: low (4个候选笑话)
  并发执行 3 个评估任务 (max_workers=3)...
    [路由] qwen3.6-27b -> DashScope API
    [路由] qwen3.6-27b -> DashScope API    [路由] qwen3.6-27b -> DashScope API

    [qwen3.6-27b] 决策: select | 选笑话编号: 2
    [qwen3.6-27b] 决策: select | 选笑话编号: 4
    [qwen3.6-27b] 决策: create | 选笑话编号: None

  Item完成: 耗时53.5s | 总耗时272.7min
  速率限制器状态: 可用令牌=960.0/960
  已保存中间结果 (397 条)

============================================================
处理 es_0498... (398/1375)
  质量组: high (4个候选笑话)
  质量组: medium (4个候选笑话)
  质量组: low (4个候选笑话)
  并发执行 3 个评估任务 (max_workers=3)...
    [路由] qwen3.6-27b -> DashScope API    [路由] qwen3.6-27b -> DashScope API

    [路由] qwen3.6-27b -> DashScope API
    [qwen3.6-27b] 决策: select | 选笑话编号: 1
    [qwen3.6-27b] 决策: create | 选笑话编号: None
    [qwen3.6-27b] 决策: create | 选笑话编号: None

  Item完成: 耗时52.7s | 总耗时273.5min
  速率限制器状态: 可用令牌=960.0/960
  已保存中间结果 (398 条)

============================================================
处理 es_0499... (399/1375)
  质量组: high (4个候选笑话)
  质量组: medium (4个候选笑话)
  质量组: low (4个候选笑话)
  并发执行 3 个评估任务 (max_workers=3)...
    [路由] qwen3.6-27b -> DashScope API    [路由] qwen3.6-27b -> DashScope API
    [路由] qwen3.6-27b -> DashScope API

    [qwen3.6-27b] 决策: select | 选笑话编号: 2
    [qwen3.6-27b] 决策: create | 选笑话编号: None
    [qwen3.6-27b] 决策: create | 选笑话编号: None

  Item完成: 耗时51.9s | 总耗时274.4min
  速率限制器状态: 可用令牌=960.0/960
  已保存中间结果 (399 条)

============================================================
处理 es_0500... (400/1375)
  质量组: high (4个候选笑话)
  质量组: medium (4个候选笑话)
  质量组: low (4个候选笑话)
  并发执行 3 个评估任务 (max_workers=3)...
    [路由] qwen3.6-27b -> DashScope API    [路由] qwen3.6-27b -> DashScope API

    [路由] qwen3.6-27b -> DashScope API
    [qwen3.6-27b] 决策: create | 选笑话编号: None
    [qwen3.6-27b] 决策: create | 选笑话编号: None
    [qwen3.6-27b] 决策: create | 选笑话编号: None

  Item完成: 耗时60.7s | 总耗时275.4min
  速率限制器状态: 可用令牌=960.0/960
  已保存中间结果 (400 条)

============================================================
处理 es_0501... (401/1375)
  质量组: high (4个候选笑话)
  质量组: medium (4个候选笑话)
  质量组: low (4个候选笑话)
  并发执行 3 个评估任务 (max_workers=3)...
    [路由] qwen3.6-27b -> DashScope API    [路由] qwen3.6-27b -> DashScope API

    [路由] qwen3.6-27b -> DashScope API
    [qwen3.6-27b] 决策: create | 选笑话编号: None
    [qwen3.6-27b] 决策: create | 选笑话编号: None
    [qwen3.6-27b] 决策: create | 选笑话编号: None

  Item完成: 耗时75.5s | 总耗时276.7min
  速率限制器状态: 可用令牌=960.0/960
  已保存中间结果 (401 条)

============================================================
处理 es_0502... (402/1375)
  质量组: high (4个候选笑话)
  质量组: medium (4个候选笑话)
  质量组: low (4个候选笑话)
  并发执行 3 个评估任务 (max_workers=3)...
    [路由] qwen3.6-27b -> DashScope API    [路由] qwen3.6-27b -> DashScope API

    [路由] qwen3.6-27b -> DashScope API
    [qwen3.6-27b] 决策: create | 选笑话编号: None
    [qwen3.6-27b] 决策: create | 选笑话编号: None
    [qwen3.6-27b] 决策: create | 选笑话编号: None

  Item完成: 耗时55.5s | 总耗时277.6min
  速率限制器状态: 可用令牌=960.0/960
  已保存中间结果 (402 条)

============================================================
处理 es_0503... (403/1375)
  质量组: high (4个候选笑话)
  质量组: medium (4个候选笑话)
  质量组: low (4个候选笑话)
  并发执行 3 个评估任务 (max_workers=3)...
    [路由] qwen3.6-27b -> DashScope API
    [路由] qwen3.6-27b -> DashScope API    [路由] qwen3.6-27b -> DashScope API

    [qwen3.6-27b] 决策: create | 选笑话编号: None
    [qwen3.6-27b] 决策: create | 选笑话编号: None
    [qwen3.6-27b] 决策: create | 选笑话编号: None

  Item完成: 耗时152.4s | 总耗时280.1min
  速率限制器状态: 可用令牌=960.0/960
  已保存中间结果 (403 条)

============================================================
处理 es_0504... (404/1375)
  质量组: high (4个候选笑话)
  质量组: medium (4个候选笑话)
  质量组: low (4个候选笑话)
  并发执行 3 个评估任务 (max_workers=3)...
    [路由] qwen3.6-27b -> DashScope API    [路由] qwen3.6-27b -> DashScope API

    [路由] qwen3.6-27b -> DashScope API
    [qwen3.6-27b] 决策: select | 选笑话编号: 2
    [qwen3.6-27b] 决策: select | 选笑话编号: 3
    [qwen3.6-27b] 决策: create | 选笑话编号: None

  Item完成: 耗时42.1s | 总耗时280.9min
  速率限制器状态: 可用令牌=960.0/960
  已保存中间结果 (404 条)

============================================================
处理 es_0505... (405/1375)
  质量组: high (4个候选笑话)
  质量组: medium (4个候选笑话)
  质量组: low (4个候选笑话)
  并发执行 3 个评估任务 (max_workers=3)...
    [路由] qwen3.6-27b -> DashScope API
    [路由] qwen3.6-27b -> DashScope API    [路由] qwen3.6-27b -> DashScope API

    [qwen3.6-27b] 决策: select | 选笑话编号: 2
    [qwen3.6-27b] 决策: create | 选笑话编号: None
    [qwen3.6-27b] 决策: create | 选笑话编号: None

  Item完成: 耗时51.8s | 总耗时281.7min
  速率限制器状态: 可用令牌=960.0/960
  已保存中间结果 (405 条)

============================================================
处理 es_0506... (406/1375)
  质量组: high (4个候选笑话)
  质量组: medium (4个候选笑话)
  质量组: low (4个候选笑话)
  并发执行 3 个评估任务 (max_workers=3)...
    [路由] qwen3.6-27b -> DashScope API    [路由] qwen3.6-27b -> DashScope API
    [路由] qwen3.6-27b -> DashScope API

    [qwen3.6-27b] 决策: select | 选笑话编号: 4
    [qwen3.6-27b] 决策: create | 选笑话编号: None
    [API] 可重试异常: HTTPSConnectionPool(host='dashscope.aliyuncs.com', port=443): Read timed out. (read timeout=300), 等待2.1s后重试 (1/5), model=qwen3.6-27b
    [qwen3.6-27b] 决策: create | 选笑话编号: None

  Item完成: 耗时350.9s | 总耗时287.6min
  速率限制器状态: 可用令牌=960.0/960
  已保存中间结果 (406 条)

============================================================
处理 es_0507... (407/1375)
  质量组: high (4个候选笑话)
  质量组: medium (4个候选笑话)
  质量组: low (4个候选笑话)
  并发执行 3 个评估任务 (max_workers=3)...
    [路由] qwen3.6-27b -> DashScope API
    [路由] qwen3.6-27b -> DashScope API    [路由] qwen3.6-27b -> DashScope API

    [qwen3.6-27b] 决策: select | 选笑话编号: 2
    [qwen3.6-27b] 决策: select | 选笑话编号: 2
    [qwen3.6-27b] 决策: create | 选笑话编号: None

  Item完成: 耗时107.8s | 总耗时289.4min
  速率限制器状态: 可用令牌=960.0/960
  已保存中间结果 (407 条)

============================================================
处理 es_0508... (408/1375)
  质量组: high (4个候选笑话)
  质量组: medium (4个候选笑话)
  质量组: low (4个候选笑话)
  并发执行 3 个评估任务 (max_workers=3)...
    [路由] qwen3.6-27b -> DashScope API
    [路由] qwen3.6-27b -> DashScope API
    [路由] qwen3.6-27b -> DashScope API
    [qwen3.6-27b] 决策: create | 选笑话编号: None
    [qwen3.6-27b] 决策: create | 选笑话编号: None
    [qwen3.6-27b] 决策: create | 选笑话编号: None

  Item完成: 耗时73.9s | 总耗时290.6min
  速率限制器状态: 可用令牌=960.0/960
  已保存中间结果 (408 条)

============================================================
处理 es_0509... (409/1375)
  质量组: high (4个候选笑话)
  质量组: medium (4个候选笑话)
  质量组: low (4个候选笑话)
  并发执行 3 个评估任务 (max_workers=3)...
    [路由] qwen3.6-27b -> DashScope API    [路由] qwen3.6-27b -> DashScope API
    [路由] qwen3.6-27b -> DashScope API

    [qwen3.6-27b] 决策: select | 选笑话编号: 2
    [qwen3.6-27b] 决策: create | 选笑话编号: None
    [API] 可重试异常: HTTPSConnectionPool(host='dashscope.aliyuncs.com', port=443): Read timed out. (read timeout=300), 等待1.5s后重试 (1/5), model=qwen3.6-27b
    [qwen3.6-27b] 决策: select | 选笑话编号: 2

  Item完成: 耗时333.6s | 总耗时296.2min
  速率限制器状态: 可用令牌=960.0/960
  已保存中间结果 (409 条)

============================================================
处理 es_0510... (410/1375)
  质量组: high (4个候选笑话)
  质量组: medium (4个候选笑话)
  质量组: low (4个候选笑话)
  并发执行 3 个评估任务 (max_workers=3)...
    [路由] qwen3.6-27b -> DashScope API    [路由] qwen3.6-27b -> DashScope API

    [路由] qwen3.6-27b -> DashScope API
    [qwen3.6-27b] 决策: create | 选笑话编号: None
    [qwen3.6-27b] 决策: select | 选笑话编号: 2
    [qwen3.6-27b] 决策: create | 选笑话编号: None

  Item完成: 耗时37.5s | 总耗时296.8min
  速率限制器状态: 可用令牌=960.0/960
  已保存中间结果 (410 条)

============================================================
处理 es_0511... (411/1375)
  质量组: high (4个候选笑话)
  质量组: medium (4个候选笑话)
  质量组: low (4个候选笑话)
  并发执行 3 个评估任务 (max_workers=3)...
    [路由] qwen3.6-27b -> DashScope API
    [路由] qwen3.6-27b -> DashScope API
    [路由] qwen3.6-27b -> DashScope API
