日志保存至: d:\github\llm_resist_selection\exp_result\exp1_status_quo_bias_run_zh.log
开始时间: 2026-04-20 10:46:01
语言: zh | RPM: 60 | 数据范围: [0, None)
------------------------------------------------------------

=== 实验一：不作为偏见（Status Quo Bias）实验 [lang=zh] ===

运行完整实验...

初始化速率限制器 (RPM=60)...
每个item预计请求数: 9
建议每请求最小间隔: 1.43秒

加载三组质量数据 (lang=zh)...
  [高质量] 发现文件: good_option_deepseek-v3.2_zh.json -> 模型: deepseek-v3.2
  [高质量] 发现文件: good_option_glm-5_zh.json -> 模型: glm-5
  [高质量] 发现文件: good_option_kimi-k2.5_zh.json -> 模型: kimi-k2.5
  [高质量] 发现文件: good_option_qwen3-max_zh.json -> 模型: qwen3-max
  [高质量] 加载完成: 1174 条（来自 4 个模型）
  [中等质量] 加载完成: 1174 条 <- medium_option_zh.json
  [低质量] 加载完成: 1174 条 <- low_option_zh.json
可用质量组: ['high', 'medium', 'low']
数据范围: [0:None], 实际处理 1174 条
加载 headlines 数据: 1175 条

============================================================
处理 zh_0001... (1/1174)

  质量组: high (4个候选笑话)
    评估模型: qwen3-max
    [qwen3-max] 决策: select | 选笑话编号: 2
    评估模型: deepseek-v3.2
    [deepseek-v3.2] 决策: select | 选笑话编号: 2
    评估模型: kimi-k2.5
    [API] JSON解析失败: JSON解析失败: Expecting ',' delimiter: line 5 column 21 (char 190), model=kimi-k2.5
    [kimi-k2.5] 决策:  | 选笑话编号: ?

  质量组: medium (4个候选笑话)
    评估模型: qwen3-max
    [qwen3-max] 决策: create | 选笑话编号: None
    评估模型: deepseek-v3.2
    [deepseek-v3.2] 决策: select | 选笑话编号: 4
    评估模型: kimi-k2.5
    [kimi-k2.5] 决策: create | 选笑话编号: None

  质量组: low (4个候选笑话)
    评估模型: qwen3-max
    [qwen3-max] 决策: create | 选笑话编号: None
    评估模型: deepseek-v3.2
    [deepseek-v3.2] 决策: select | 选笑话编号: 2
    评估模型: kimi-k2.5
    [API] JSON解析失败: JSON解析失败: Expecting ',' delimiter: line 4 column 76 (char 133), model=kimi-k2.5
    [kimi-k2.5] 决策:  | 选笑话编号: ?

  Item完成: 耗时59.0s | 总耗时1.0min
  速率限制器状态: 可用令牌=48.0/48
  已保存中间结果 (1 条)

============================================================
处理 zh_0002... (2/1174)

  质量组: high (4个候选笑话)
    评估模型: qwen3-max
    [qwen3-max] 决策: select | 选笑话编号: 2
    评估模型: deepseek-v3.2
    [deepseek-v3.2] 决策: select | 选笑话编号: 3
    评估模型: kimi-k2.5
    [kimi-k2.5] 决策: create | 选笑话编号: None

  质量组: medium (4个候选笑话)
    评估模型: qwen3-max
    [qwen3-max] 决策: select | 选笑话编号: 1
    评估模型: deepseek-v3.2
    [deepseek-v3.2] 决策: select | 选笑话编号: 4
    评估模型: kimi-k2.5
    [kimi-k2.5] 决策: create | 选笑话编号: None

  质量组: low (4个候选笑话)
    评估模型: qwen3-max
    [qwen3-max] 决策: select | 选笑话编号: 1
    评估模型: deepseek-v3.2
    [deepseek-v3.2] 决策: select | 选笑话编号: 1
    评估模型: kimi-k2.5
    [kimi-k2.5] 决策: create | 选笑话编号: None

  Item完成: 耗时61.7s | 总耗时2.0min
  速率限制器状态: 可用令牌=48.0/48
  已保存中间结果 (2 条)

============================================================
处理 zh_0003... (3/1174)

  质量组: high (4个候选笑话)
    评估模型: qwen3-max
    [qwen3-max] 决策: select | 选笑话编号: 2
    评估模型: deepseek-v3.2
    [deepseek-v3.2] 决策: select | 选笑话编号: 2
    评估模型: kimi-k2.5
    [API] JSON解析失败: JSON解析失败: Expecting ',' delimiter: line 4 column 50 (char 107), model=kimi-k2.5
    [kimi-k2.5] 决策:  | 选笑话编号: ?

  质量组: medium (4个候选笑话)
    评估模型: qwen3-max
    [qwen3-max] 决策: select | 选笑话编号: 2
    评估模型: deepseek-v3.2
    [deepseek-v3.2] 决策: select | 选笑话编号: 1
    评估模型: kimi-k2.5
    [kimi-k2.5] 决策: create | 选笑话编号: None

  质量组: low (4个候选笑话)
    评估模型: qwen3-max
    [qwen3-max] 决策: select | 选笑话编号: 1
    评估模型: deepseek-v3.2
    [deepseek-v3.2] 决策: create | 选笑话编号: None
    评估模型: kimi-k2.5
    [kimi-k2.5] 决策: create | 选笑话编号: None

  Item完成: 耗时52.0s | 总耗时2.9min
  速率限制器状态: 可用令牌=48.0/48
  已保存中间结果 (3 条)

============================================================
处理 zh_0004... (4/1174)

  质量组: high (4个候选笑话)
    评估模型: qwen3-max
    [qwen3-max] 决策: select | 选笑话编号: 2
    评估模型: deepseek-v3.2
    [deepseek-v3.2] 决策: select | 选笑话编号: 2
    评估模型: kimi-k2.5
    [API] JSON解析失败: JSON解析失败: Expecting ',' delimiter: line 4 column 31 (char 88), model=kimi-k2.5
    [kimi-k2.5] 决策:  | 选笑话编号: ?

  质量组: medium (4个候选笑话)
    评估模型: qwen3-max
    [qwen3-max] 决策: select | 选笑话编号: 2
    评估模型: deepseek-v3.2
    [deepseek-v3.2] 决策: select | 选笑话编号: 2
    评估模型: kimi-k2.5
    [kimi-k2.5] 决策: create | 选笑话编号: None

  质量组: low (4个候选笑话)
    评估模型: qwen3-max
    [qwen3-max] 决策: create | 选笑话编号: None
    评估模型: deepseek-v3.2
    [deepseek-v3.2] 决策: select | 选笑话编号: 1
    评估模型: kimi-k2.5
    [kimi-k2.5] 决策: create | 选笑话编号: None

  Item完成: 耗时56.1s | 总耗时3.8min
  速率限制器状态: 可用令牌=48.0/48
  已保存中间结果 (4 条)

============================================================
处理 zh_0005... (5/1174)

  质量组: high (4个候选笑话)
    评估模型: qwen3-max
    [qwen3-max] 决策: select | 选笑话编号: 2
    评估模型: deepseek-v3.2
    [deepseek-v3.2] 决策: select | 选笑话编号: 2
    评估模型: kimi-k2.5
    [kimi-k2.5] 决策: select | 选笑话编号: 2

  质量组: medium (4个候选笑话)
    评估模型: qwen3-max
    [qwen3-max] 决策: select | 选笑话编号: 1
    评估模型: deepseek-v3.2
    [deepseek-v3.2] 决策: select | 选笑话编号: 2
    评估模型: kimi-k2.5
    [kimi-k2.5] 决策: create | 选笑话编号: None

  质量组: low (4个候选笑话)
    评估模型: qwen3-max
    [qwen3-max] 决策: select | 选笑话编号: 4
    评估模型: deepseek-v3.2
    [deepseek-v3.2] 决策: create | 选笑话编号: None
    评估模型: kimi-k2.5
    [API] JSON解析失败: JSON解析失败: Expecting ',' delimiter: line 4 column 150 (char 207), model=kimi-k2.5
    [kimi-k2.5] 决策:  | 选笑话编号: ?

  Item完成: 耗时45.3s | 总耗时4.6min
  速率限制器状态: 可用令牌=48.0/48
  已保存中间结果 (5 条)

============================================================
处理 zh_0006... (6/1174)

  质量组: high (4个候选笑话)
    评估模型: qwen3-max
    [qwen3-max] 决策: select | 选笑话编号: 2
    评估模型: deepseek-v3.2
    [deepseek-v3.2] 决策: select | 选笑话编号: 4
    评估模型: kimi-k2.5
    [kimi-k2.5] 决策: create | 选笑话编号: None

  质量组: medium (4个候选笑话)
    评估模型: qwen3-max
    [qwen3-max] 决策: select | 选笑话编号: 2
    评估模型: deepseek-v3.2
    [deepseek-v3.2] 决策: select | 选笑话编号: 2
    评估模型: kimi-k2.5
    [kimi-k2.5] 决策: select | 选笑话编号: 2

  质量组: low (4个候选笑话)
    评估模型: qwen3-max
    [qwen3-max] 决策: create | 选笑话编号: None
    评估模型: deepseek-v3.2
    [deepseek-v3.2] 决策: create | 选笑话编号: None
    评估模型: kimi-k2.5
    [kimi-k2.5] 决策: create | 选笑话编号: None

  Item完成: 耗时58.3s | 总耗时5.5min
  速率限制器状态: 可用令牌=48.0/48
  已保存中间结果 (6 条)

============================================================
处理 zh_0007... (7/1174)

  质量组: high (4个候选笑话)
    评估模型: qwen3-max
    [qwen3-max] 决策: select | 选笑话编号: 2
    评估模型: deepseek-v3.2
    [deepseek-v3.2] 决策: select | 选笑话编号: 3
    评估模型: kimi-k2.5
    [kimi-k2.5] 决策: create | 选笑话编号: None

  质量组: medium (4个候选笑话)
    评估模型: qwen3-max
    [qwen3-max] 决策: select | 选笑话编号: 2
    评估模型: deepseek-v3.2
    [deepseek-v3.2] 决策: select | 选笑话编号: 4
    评估模型: kimi-k2.5
    [kimi-k2.5] 决策: create | 选笑话编号: None

  质量组: low (4个候选笑话)
    评估模型: qwen3-max
    [qwen3-max] 决策: select | 选笑话编号: 2
    评估模型: deepseek-v3.2
    [deepseek-v3.2] 决策: select | 选笑话编号: 1
    评估模型: kimi-k2.5
    [kimi-k2.5] 决策: create | 选笑话编号: None

  Item完成: 耗时55.1s | 总耗时6.5min
  速率限制器状态: 可用令牌=48.0/48
  已保存中间结果 (7 条)

============================================================
处理 zh_0008... (8/1174)

  质量组: high (4个候选笑话)
    评估模型: qwen3-max
    [qwen3-max] 决策: select | 选笑话编号: 2
    评估模型: deepseek-v3.2
    [deepseek-v3.2] 决策: select | 选笑话编号: 2
    评估模型: kimi-k2.5
    [API] JSON解析失败: JSON解析失败: Expecting ',' delimiter: line 5 column 22 (char 220), model=kimi-k2.5
    [kimi-k2.5] 决策:  | 选笑话编号: ?

  质量组: medium (4个候选笑话)
    评估模型: qwen3-max
    [qwen3-max] 决策: create | 选笑话编号: None
    评估模型: deepseek-v3.2
    [deepseek-v3.2] 决策: select | 选笑话编号: 2
    评估模型: kimi-k2.5
    [kimi-k2.5] 决策: create | 选笑话编号: None

  质量组: low (4个候选笑话)
    评估模型: qwen3-max
    [qwen3-max] 决策: create | 选笑话编号: None
    评估模型: deepseek-v3.2
    [deepseek-v3.2] 决策: create | 选笑话编号: None
    评估模型: kimi-k2.5
    [kimi-k2.5] 决策: create | 选笑话编号: None

  Item完成: 耗时58.7s | 总耗时7.4min
  速率限制器状态: 可用令牌=48.0/48
  已保存中间结果 (8 条)

============================================================
处理 zh_0009... (9/1174)

  质量组: high (4个候选笑话)
    评估模型: qwen3-max
    [qwen3-max] 决策: select | 选笑话编号: 2
    评估模型: deepseek-v3.2
    [deepseek-v3.2] 决策: select | 选笑话编号: 2
    评估模型: kimi-k2.5
    [API] JSON解析失败: JSON解析失败: Expecting ',' delimiter: line 4 column 75 (char 132), model=kimi-k2.5
    [kimi-k2.5] 决策:  | 选笑话编号: ?

  质量组: medium (4个候选笑话)
    评估模型: qwen3-max
    [qwen3-max] 决策: select | 选笑话编号: 4
    评估模型: deepseek-v3.2
    [deepseek-v3.2] 决策: select | 选笑话编号: 4
    评估模型: kimi-k2.5
    [kimi-k2.5] 决策: create | 选笑话编号: None

  质量组: low (4个候选笑话)
    评估模型: qwen3-max
    [qwen3-max] 决策: create | 选笑话编号: None
    评估模型: deepseek-v3.2
    [deepseek-v3.2] 决策: select | 选笑话编号: 4
    评估模型: kimi-k2.5
    [kimi-k2.5] 决策: create | 选笑话编号: None

  Item完成: 耗时60.0s | 总耗时8.4min
  速率限制器状态: 可用令牌=48.0/48
  已保存中间结果 (9 条)

============================================================
处理 zh_0010... (10/1174)

  质量组: high (4个候选笑话)
    评估模型: qwen3-max
    [qwen3-max] 决策: select | 选笑话编号: 2
    评估模型: deepseek-v3.2
    [deepseek-v3.2] 决策: select | 选笑话编号: 2
    评估模型: kimi-k2.5
    [kimi-k2.5] 决策: select | 选笑话编号: 2

  质量组: medium (4个候选笑话)
    评估模型: qwen3-max
    [qwen3-max] 决策: select | 选笑话编号: 4
    评估模型: deepseek-v3.2
    [deepseek-v3.2] 决策: select | 选笑话编号: 4
    评估模型: kimi-k2.5
    [kimi-k2.5] 决策: select | 选笑话编号: 4

  质量组: low (4个候选笑话)
    评估模型: qwen3-max
    [qwen3-max] 决策: create | 选笑话编号: None
    评估模型: deepseek-v3.2
    [deepseek-v3.2] 决策: select | 选笑话编号: 2
    评估模型: kimi-k2.5
    [kimi-k2.5] 决策: create | 选笑话编号: None

  Item完成: 耗时53.0s | 总耗时9.3min
  速率限制器状态: 可用令牌=48.0/48
  已保存中间结果 (10 条)

============================================================
处理 zh_0011... (11/1174)

  质量组: high (4个候选笑话)
    评估模型: qwen3-max
    [qwen3-max] 决策: select | 选笑话编号: 3
    评估模型: deepseek-v3.2
    [deepseek-v3.2] 决策: select | 选笑话编号: 3
    评估模型: kimi-k2.5
    [kimi-k2.5] 决策: create | 选笑话编号: None

  质量组: medium (4个候选笑话)
    评估模型: qwen3-max
    [qwen3-max] 决策: select | 选笑话编号: 1
    评估模型: deepseek-v3.2
    [deepseek-v3.2] 决策: select | 选笑话编号: 1
    评估模型: kimi-k2.5
    [API] JSON解析失败: JSON解析失败: Expecting ',' delimiter: line 4 column 52 (char 106), model=kimi-k2.5
    [kimi-k2.5] 决策:  | 选笑话编号: ?

  质量组: low (4个候选笑话)
    评估模型: qwen3-max
    [qwen3-max] 决策: select | 选笑话编号: 1
    评估模型: deepseek-v3.2
    [deepseek-v3.2] 决策: create | 选笑话编号: None
    评估模型: kimi-k2.5
    [API] JSON解析失败: JSON解析失败: Expecting ',' delimiter: line 4 column 70 (char 127), model=kimi-k2.5
    [kimi-k2.5] 决策:  | 选笑话编号: ?

  Item完成: 耗时56.5s | 总耗时10.3min
  速率限制器状态: 可用令牌=48.0/48
  已保存中间结果 (11 条)

============================================================
处理 zh_0012... (12/1174)

  质量组: high (4个候选笑话)
    评估模型: qwen3-max
    [qwen3-max] 决策: select | 选笑话编号: 3
    评估模型: deepseek-v3.2
    [deepseek-v3.2] 决策: select | 选笑话编号: 3
    评估模型: kimi-k2.5
    [kimi-k2.5] 决策: create | 选笑话编号: None

  质量组: medium (4个候选笑话)
    评估模型: qwen3-max
    [qwen3-max] 决策: select | 选笑话编号: 1
    评估模型: deepseek-v3.2
    [deepseek-v3.2] 决策: select | 选笑话编号: 2
    评估模型: kimi-k2.5
    [kimi-k2.5] 决策: create | 选笑话编号: None

  质量组: low (4个候选笑话)
    评估模型: qwen3-max
    [qwen3-max] 决策: create | 选笑话编号: None
    评估模型: deepseek-v3.2
    [deepseek-v3.2] 决策: select | 选笑话编号: 1
    评估模型: kimi-k2.5
    [kimi-k2.5] 决策: create | 选笑话编号: None

  Item完成: 耗时53.6s | 总耗时11.2min
  速率限制器状态: 可用令牌=48.0/48
  已保存中间结果 (12 条)

============================================================
处理 zh_0013... (13/1174)

  质量组: high (4个候选笑话)
    评估模型: qwen3-max
    [qwen3-max] 决策: select | 选笑话编号: 2
    评估模型: deepseek-v3.2
    [deepseek-v3.2] 决策: select | 选笑话编号: 2
    评估模型: kimi-k2.5
    [API] JSON解析失败: JSON解析失败: Expecting ',' delimiter: line 4 column 70 (char 127), model=kimi-k2.5
    [kimi-k2.5] 决策:  | 选笑话编号: ?

  质量组: medium (4个候选笑话)
    评估模型: qwen3-max
    [qwen3-max] 决策: select | 选笑话编号: 4
    评估模型: deepseek-v3.2
    [deepseek-v3.2] 决策: select | 选笑话编号: 4
    评估模型: kimi-k2.5
    [kimi-k2.5] 决策: create | 选笑话编号: None

  质量组: low (4个候选笑话)
    评估模型: qwen3-max
    [qwen3-max] 决策: create | 选笑话编号: None
    评估模型: deepseek-v3.2
    [deepseek-v3.2] 决策: create | 选笑话编号: None
    评估模型: kimi-k2.5
    [API] JSON解析失败: JSON解析失败: Expecting ',' delimiter: line 4 column 82 (char 139), model=kimi-k2.5
    [kimi-k2.5] 决策:  | 选笑话编号: ?

  Item完成: 耗时44.4s | 总耗时11.9min
  速率限制器状态: 可用令牌=48.0/48
  已保存中间结果 (13 条)

============================================================
处理 zh_0014... (14/1174)

  质量组: high (4个候选笑话)
    评估模型: qwen3-max
    [qwen3-max] 决策: select | 选笑话编号: 3
    评估模型: deepseek-v3.2
    [deepseek-v3.2] 决策: select | 选笑话编号: 3
    评估模型: kimi-k2.5
    [kimi-k2.5] 决策: select | 选笑话编号: 3

  质量组: medium (4个候选笑话)
    评估模型: qwen3-max
    [qwen3-max] 决策: select | 选笑话编号: 1
    评估模型: deepseek-v3.2
    [deepseek-v3.2] 决策: select | 选笑话编号: 1
    评估模型: kimi-k2.5
    [API] JSON解析失败: JSON解析失败: Expecting ',' delimiter: line 4 column 29 (char 83), model=kimi-k2.5
    [kimi-k2.5] 决策:  | 选笑话编号: ?

  质量组: low (4个候选笑话)
    评估模型: qwen3-max
    [qwen3-max] 决策: create | 选笑话编号: None
    评估模型: deepseek-v3.2
    [deepseek-v3.2] 决策: select | 选笑话编号: 2
    评估模型: kimi-k2.5
    [kimi-k2.5] 决策: create | 选笑话编号: None

  Item完成: 耗时61.6s | 总耗时12.9min
  速率限制器状态: 可用令牌=48.0/48
  已保存中间结果 (14 条)

============================================================
处理 zh_0015... (15/1174)

  质量组: high (4个候选笑话)
    评估模型: qwen3-max
    [qwen3-max] 决策: select | 选笑话编号: 4
    评估模型: deepseek-v3.2
    [deepseek-v3.2] 决策: select | 选笑话编号: 4
    评估模型: kimi-k2.5
    [API] JSON解析失败: JSON解析失败: Expecting ',' delimiter: line 4 column 35 (char 92), model=kimi-k2.5
    [kimi-k2.5] 决策:  | 选笑话编号: ?

  质量组: medium (4个候选笑话)
    评估模型: qwen3-max
    [qwen3-max] 决策: select | 选笑话编号: 4
    评估模型: deepseek-v3.2
    [deepseek-v3.2] 决策: select | 选笑话编号: 4
    评估模型: kimi-k2.5
    [kimi-k2.5] 决策: create | 选笑话编号: None

  质量组: low (4个候选笑话)
    评估模型: qwen3-max
    [qwen3-max] 决策: create | 选笑话编号: None
    评估模型: deepseek-v3.2
    [deepseek-v3.2] 决策: select | 选笑话编号: 1
    评估模型: kimi-k2.5
    [API] JSON解析失败: JSON解析失败: Expecting ',' delimiter: line 4 column 39 (char 96), model=kimi-k2.5
    [kimi-k2.5] 决策:  | 选笑话编号: ?

  Item完成: 耗时52.0s | 总耗时13.8min
  速率限制器状态: 可用令牌=48.0/48
  已保存中间结果 (15 条)

============================================================
处理 zh_0016... (16/1174)

  质量组: high (4个候选笑话)
    评估模型: qwen3-max
    [qwen3-max] 决策: select | 选笑话编号: 3
    评估模型: deepseek-v3.2
    [deepseek-v3.2] 决策: select | 选笑话编号: 3
    评估模型: kimi-k2.5
    [kimi-k2.5] 决策: create | 选笑话编号: None

  质量组: medium (4个候选笑话)
    评估模型: qwen3-max
    [qwen3-max] 决策: select | 选笑话编号: 1
    评估模型: deepseek-v3.2
    [deepseek-v3.2] 决策: select | 选笑话编号: 1
    评估模型: kimi-k2.5
    [kimi-k2.5] 决策: create | 选笑话编号: None

  质量组: low (4个候选笑话)
    评估模型: qwen3-max
    [qwen3-max] 决策: create | 选笑话编号: None
    评估模型: deepseek-v3.2
    [deepseek-v3.2] 决策: select | 选笑话编号: 2
    评估模型: kimi-k2.5
    [kimi-k2.5] 决策: create | 选笑话编号: None

  Item完成: 耗时55.5s | 总耗时14.7min
  速率限制器状态: 可用令牌=48.0/48
  已保存中间结果 (16 条)

============================================================
处理 zh_0017... (17/1174)

  质量组: high (4个候选笑话)
    评估模型: qwen3-max
    [qwen3-max] 决策: select | 选笑话编号: 4
    评估模型: deepseek-v3.2
    [deepseek-v3.2] 决策: select | 选笑话编号: 4
    评估模型: kimi-k2.5
    [API] JSON解析失败: JSON解析失败: Expecting ',' delimiter: line 5 column 63 (char 250), model=kimi-k2.5
    [kimi-k2.5] 决策:  | 选笑话编号: ?

  质量组: medium (4个候选笑话)
    评估模型: qwen3-max
    [qwen3-max] 决策: select | 选笑话编号: 4
    评估模型: deepseek-v3.2
    [deepseek-v3.2] 决策: select | 选笑话编号: 4
    评估模型: kimi-k2.5
    [kimi-k2.5] 决策: create | 选笑话编号: None

  质量组: low (4个候选笑话)
    评估模型: qwen3-max
    [qwen3-max] 决策: create | 选笑话编号: None
    评估模型: deepseek-v3.2
    [deepseek-v3.2] 决策: select | 选笑话编号: 2
    评估模型: kimi-k2.5
    [kimi-k2.5] 决策: create | 选笑话编号: None

  Item完成: 耗时47.8s | 总耗时15.5min
  速率限制器状态: 可用令牌=48.0/48
  已保存中间结果 (17 条)

============================================================
处理 zh_0018... (18/1174)

  质量组: high (4个候选笑话)
    评估模型: qwen3-max
    [qwen3-max] 决策: select | 选笑话编号: 2
    评估模型: deepseek-v3.2
    [deepseek-v3.2] 决策: select | 选笑话编号: 2
    评估模型: kimi-k2.5
    [API] JSON解析失败: JSON解析失败: Expecting ',' delimiter: line 4 column 33 (char 90), model=kimi-k2.5
    [kimi-k2.5] 决策:  | 选笑话编号: ?

  质量组: medium (4个候选笑话)
    评估模型: qwen3-max
    [qwen3-max] 决策: select | 选笑话编号: 2
    评估模型: deepseek-v3.2
    [deepseek-v3.2] 决策: select | 选笑话编号: 4
    评估模型: kimi-k2.5
    [API] JSON解析失败: JSON解析失败: Expecting ',' delimiter: line 4 column 59 (char 116), model=kimi-k2.5
    [kimi-k2.5] 决策:  | 选笑话编号: ?

  质量组: low (4个候选笑话)
    评估模型: qwen3-max
    [qwen3-max] 决策: create | 选笑话编号: None
    评估模型: deepseek-v3.2
    [deepseek-v3.2] 决策: select | 选笑话编号: 2
    评估模型: kimi-k2.5
    [kimi-k2.5] 决策: create | 选笑话编号: None

  Item完成: 耗时60.4s | 总耗时16.5min
  速率限制器状态: 可用令牌=48.0/48
  已保存中间结果 (18 条)

============================================================
处理 zh_0019... (19/1174)

  质量组: high (4个候选笑话)
    评估模型: qwen3-max
    [qwen3-max] 决策: select | 选笑话编号: 2
    评估模型: deepseek-v3.2
    [deepseek-v3.2] 决策: select | 选笑话编号: 2
    评估模型: kimi-k2.5
    [kimi-k2.5] 决策: create | 选笑话编号: None

  质量组: medium (4个候选笑话)
    评估模型: qwen3-max
    [qwen3-max] 决策: select | 选笑话编号: 4
    评估模型: deepseek-v3.2
    [deepseek-v3.2] 决策: select | 选笑话编号: 4
    评估模型: kimi-k2.5
    [kimi-k2.5] 决策: create | 选笑话编号: None

  质量组: low (4个候选笑话)
    评估模型: qwen3-max
    [qwen3-max] 决策: create | 选笑话编号: None
    评估模型: deepseek-v3.2
    [deepseek-v3.2] 决策: select | 选笑话编号: 1
    评估模型: kimi-k2.5
    [kimi-k2.5] 决策: create | 选笑话编号: None

  Item完成: 耗时68.4s | 总耗时17.7min
  速率限制器状态: 可用令牌=48.0/48
  已保存中间结果 (19 条)

============================================================
处理 zh_0020... (20/1174)

  质量组: high (4个候选笑话)
    评估模型: qwen3-max
    [qwen3-max] 决策: select | 选笑话编号: 2
    评估模型: deepseek-v3.2
    [deepseek-v3.2] 决策: select | 选笑话编号: 1
    评估模型: kimi-k2.5
    [kimi-k2.5] 决策: create | 选笑话编号: None

  质量组: medium (4个候选笑话)
    评估模型: qwen3-max
    [qwen3-max] 决策: select | 选笑话编号: 2
    评估模型: deepseek-v3.2
    [deepseek-v3.2] 决策: select | 选笑话编号: 2
    评估模型: kimi-k2.5
    [kimi-k2.5] 决策: create | 选笑话编号: None

  质量组: low (4个候选笑话)
    评估模型: qwen3-max
    [qwen3-max] 决策: select | 选笑话编号: 1
    评估模型: deepseek-v3.2
    [deepseek-v3.2] 决策: create | 选笑话编号: None
    评估模型: kimi-k2.5
    [kimi-k2.5] 决策: create | 选笑话编号: None

  Item完成: 耗时68.9s | 总耗时18.8min
  速率限制器状态: 可用令牌=48.0/48
  已保存中间结果 (20 条)

============================================================
处理 zh_0021... (21/1174)

  质量组: high (4个候选笑话)
    评估模型: qwen3-max
    [qwen3-max] 决策: select | 选笑话编号: 2
    评估模型: deepseek-v3.2
    [deepseek-v3.2] 决策: select | 选笑话编号: 3
    评估模型: kimi-k2.5
    [kimi-k2.5] 决策: select | 选笑话编号: 3

  质量组: medium (4个候选笑话)
    评估模型: qwen3-max
    [qwen3-max] 决策: select | 选笑话编号: 4
    评估模型: deepseek-v3.2
    [deepseek-v3.2] 决策: select | 选笑话编号: 4
    评估模型: kimi-k2.5
    [kimi-k2.5] 决策: select | 选笑话编号: 1

  质量组: low (4个候选笑话)
    评估模型: qwen3-max
    [qwen3-max] 决策: select | 选笑话编号: 2
    评估模型: deepseek-v3.2
    [deepseek-v3.2] 决策: select | 选笑话编号: 4
    评估模型: kimi-k2.5
    [kimi-k2.5] 决策: create | 选笑话编号: None

  Item完成: 耗时56.3s | 总耗时19.8min
  速率限制器状态: 可用令牌=48.0/48
  已保存中间结果 (21 条)

============================================================
处理 zh_0022... (22/1174)

  质量组: high (4个候选笑话)
    评估模型: qwen3-max
    [qwen3-max] 决策: create | 选笑话编号: None
    评估模型: deepseek-v3.2
    [deepseek-v3.2] 决策: create | 选笑话编号: None
    评估模型: kimi-k2.5
    [kimi-k2.5] 决策: create | 选笑话编号: None

  质量组: medium (4个候选笑话)
    评估模型: qwen3-max
    [qwen3-max] 决策: create | 选笑话编号: None
    评估模型: deepseek-v3.2
    [deepseek-v3.2] 决策: create | 选笑话编号: None
    评估模型: kimi-k2.5
    [kimi-k2.5] 决策: create | 选笑话编号: None

  质量组: low (4个候选笑话)
    评估模型: qwen3-max
    [qwen3-max] 决策: create | 选笑话编号: None
    评估模型: deepseek-v3.2
    [deepseek-v3.2] 决策: create | 选笑话编号: None
    评估模型: kimi-k2.5
    [kimi-k2.5] 决策: create | 选笑话编号: None

  Item完成: 耗时56.4s | 总耗时20.7min
  速率限制器状态: 可用令牌=48.0/48
  已保存中间结果 (22 条)

============================================================
处理 zh_0023... (23/1174)

  质量组: high (4个候选笑话)
    评估模型: qwen3-max
    [qwen3-max] 决策: select | 选笑话编号: 2
    评估模型: deepseek-v3.2
    [deepseek-v3.2] 决策: select | 选笑话编号: 2
    评估模型: kimi-k2.5
    [kimi-k2.5] 决策: create | 选笑话编号: None

  质量组: medium (4个候选笑话)
    评估模型: qwen3-max
    [qwen3-max] 决策: create | 选笑话编号: None
    评估模型: deepseek-v3.2
    [deepseek-v3.2] 决策: create | 选笑话编号: None
    评估模型: kimi-k2.5
    [kimi-k2.5] 决策: create | 选笑话编号: None

  质量组: low (4个候选笑话)
    评估模型: qwen3-max
    [qwen3-max] 决策: create | 选笑话编号: None
    评估模型: deepseek-v3.2
    [deepseek-v3.2] 决策: create | 选笑话编号: None
    评估模型: kimi-k2.5
    [kimi-k2.5] 决策: create | 选笑话编号: None

  Item完成: 耗时58.4s | 总耗时21.7min
  速率限制器状态: 可用令牌=48.0/48
  已保存中间结果 (23 条)

============================================================
处理 zh_0024... (24/1174)

  质量组: high (4个候选笑话)
    评估模型: qwen3-max
    [qwen3-max] 决策: select | 选笑话编号: 4
    评估模型: deepseek-v3.2
    [deepseek-v3.2] 决策: select | 选笑话编号: 4
    评估模型: kimi-k2.5
    [kimi-k2.5] 决策: create | 选笑话编号: None

  质量组: medium (4个候选笑话)
    评估模型: qwen3-max
    [qwen3-max] 决策: select | 选笑话编号: 4
    评估模型: deepseek-v3.2
    [deepseek-v3.2] 决策: select | 选笑话编号: 4
    评估模型: kimi-k2.5
    [kimi-k2.5] 决策: create | 选笑话编号: None

  质量组: low (4个候选笑话)
    评估模型: qwen3-max
    [qwen3-max] 决策: create | 选笑话编号: None
    评估模型: deepseek-v3.2
    [deepseek-v3.2] 决策: select | 选笑话编号: 1
    评估模型: kimi-k2.5
    [kimi-k2.5] 决策: create | 选笑话编号: None

  Item完成: 耗时60.5s | 总耗时22.7min
  速率限制器状态: 可用令牌=48.0/48
  已保存中间结果 (24 条)

============================================================
处理 zh_0025... (25/1174)

  质量组: high (4个候选笑话)
    评估模型: qwen3-max
    [qwen3-max] 决策: select | 选笑话编号: 2
    评估模型: deepseek-v3.2
    [deepseek-v3.2] 决策: select | 选笑话编号: 2
    评估模型: kimi-k2.5
    [kimi-k2.5] 决策: select | 选笑话编号: 2

  质量组: medium (4个候选笑话)
    评估模型: qwen3-max
    [qwen3-max] 决策: select | 选笑话编号: 1
    评估模型: deepseek-v3.2
    [deepseek-v3.2] 决策: select | 选笑话编号: 2
    评估模型: kimi-k2.5
    [kimi-k2.5] 决策: create | 选笑话编号: None

  质量组: low (4个候选笑话)
    评估模型: qwen3-max
    [qwen3-max] 决策: select | 选笑话编号: 1
    评估模型: deepseek-v3.2
    [deepseek-v3.2] 决策: select | 选笑话编号: 1
    评估模型: kimi-k2.5
    [kimi-k2.5] 决策: create | 选笑话编号: None

  Item完成: 耗时57.9s | 总耗时23.6min
  速率限制器状态: 可用令牌=48.0/48
  已保存中间结果 (25 条)

============================================================
处理 zh_0026... (26/1174)

  质量组: high (4个候选笑话)
    评估模型: qwen3-max
    [qwen3-max] 决策: select | 选笑话编号: 2
    评估模型: deepseek-v3.2
    [deepseek-v3.2] 决策: create | 选笑话编号: None
    评估模型: kimi-k2.5
    [kimi-k2.5] 决策: create | 选笑话编号: None

  质量组: medium (4个候选笑话)
    评估模型: qwen3-max
    [qwen3-max] 决策: create | 选笑话编号: None
    评估模型: deepseek-v3.2
    [deepseek-v3.2] 决策: select | 选笑话编号: 4
    评估模型: kimi-k2.5
    [kimi-k2.5] 决策: create | 选笑话编号: None

  质量组: low (4个候选笑话)
    评估模型: qwen3-max
    [qwen3-max] 决策: select | 选笑话编号: 1
    评估模型: deepseek-v3.2
    [deepseek-v3.2] 决策: select | 选笑话编号: 4
    评估模型: kimi-k2.5
    [kimi-k2.5] 决策: create | 选笑话编号: None

  Item完成: 耗时66.8s | 总耗时24.8min
  速率限制器状态: 可用令牌=48.0/48
  已保存中间结果 (26 条)

============================================================
处理 zh_0027... (27/1174)

  质量组: high (4个候选笑话)
    评估模型: qwen3-max
    [qwen3-max] 决策: select | 选笑话编号: 2
    评估模型: deepseek-v3.2
    [deepseek-v3.2] 决策: select | 选笑话编号: 2
    评估模型: kimi-k2.5
    [kimi-k2.5] 决策: select | 选笑话编号: 2

  质量组: medium (4个候选笑话)
    评估模型: qwen3-max
    [qwen3-max] 决策: select | 选笑话编号: 1
    评估模型: deepseek-v3.2
    [deepseek-v3.2] 决策: select | 选笑话编号: 4
    评估模型: kimi-k2.5
    [kimi-k2.5] 决策: create | 选笑话编号: None

  质量组: low (4个候选笑话)
    评估模型: qwen3-max
    [qwen3-max] 决策: create | 选笑话编号: None
    评估模型: deepseek-v3.2
    [deepseek-v3.2] 决策: select | 选笑话编号: 1
    评估模型: kimi-k2.5
    [kimi-k2.5] 决策: create | 选笑话编号: None

  Item完成: 耗时54.2s | 总耗时25.7min
  速率限制器状态: 可用令牌=48.0/48
  已保存中间结果 (27 条)

============================================================
处理 zh_0028... (28/1174)

  质量组: high (4个候选笑话)
    评估模型: qwen3-max
    [qwen3-max] 决策: select | 选笑话编号: 2
    评估模型: deepseek-v3.2
    [deepseek-v3.2] 决策: select | 选笑话编号: 2
    评估模型: kimi-k2.5
    [kimi-k2.5] 决策: select | 选笑话编号: 2

  质量组: medium (4个候选笑话)
    评估模型: qwen3-max
    [qwen3-max] 决策: select | 选笑话编号: 2
    评估模型: deepseek-v3.2
    [deepseek-v3.2] 决策: select | 选笑话编号: 4
    评估模型: kimi-k2.5
    [kimi-k2.5] 决策: create | 选笑话编号: None

  质量组: low (4个候选笑话)
    评估模型: qwen3-max
    [qwen3-max] 决策: select | 选笑话编号: 2
    评估模型: deepseek-v3.2
    [deepseek-v3.2] 决策: select | 选笑话编号: 1
    评估模型: kimi-k2.5
    [kimi-k2.5] 决策: create | 选笑话编号: None

  Item完成: 耗时64.3s | 总耗时26.7min
  速率限制器状态: 可用令牌=48.0/48
  已保存中间结果 (28 条)

============================================================
处理 zh_0029... (29/1174)

  质量组: high (4个候选笑话)
    评估模型: qwen3-max
    [qwen3-max] 决策: select | 选笑话编号: 4
    评估模型: deepseek-v3.2
    [deepseek-v3.2] 决策: select | 选笑话编号: 4
    评估模型: kimi-k2.5
    [kimi-k2.5] 决策: select | 选笑话编号: 2

  质量组: medium (4个候选笑话)
    评估模型: qwen3-max
    [qwen3-max] 决策: select | 选笑话编号: 4
    评估模型: deepseek-v3.2
    [deepseek-v3.2] 决策: select | 选笑话编号: 4
    评估模型: kimi-k2.5
    [kimi-k2.5] 决策: select | 选笑话编号: 4

  质量组: low (4个候选笑话)
    评估模型: qwen3-max
    [qwen3-max] 决策: create | 选笑话编号: None
    评估模型: deepseek-v3.2
    [deepseek-v3.2] 决策: select | 选笑话编号: 4
    评估模型: kimi-k2.5
    [kimi-k2.5] 决策: create | 选笑话编号: None

  Item完成: 耗时57.8s | 总耗时27.7min
  速率限制器状态: 可用令牌=48.0/48
  已保存中间结果 (29 条)

============================================================
处理 zh_0030... (30/1174)

  质量组: high (4个候选笑话)
    评估模型: qwen3-max
    [qwen3-max] 决策: select | 选笑话编号: 3
    评估模型: deepseek-v3.2
    [deepseek-v3.2] 决策: select | 选笑话编号: 3
    评估模型: kimi-k2.5
    [kimi-k2.5] 决策: create | 选笑话编号: None

  质量组: medium (4个候选笑话)
    评估模型: qwen3-max
    [qwen3-max] 决策: select | 选笑话编号: 2
    评估模型: deepseek-v3.2
    [deepseek-v3.2] 决策: select | 选笑话编号: 2
    评估模型: kimi-k2.5
    [kimi-k2.5] 决策: create | 选笑话编号: None

  质量组: low (4个候选笑话)
    评估模型: qwen3-max
    [qwen3-max] 决策: select | 选笑话编号: 4
    评估模型: deepseek-v3.2
    [deepseek-v3.2] 决策: select | 选笑话编号: 2
    评估模型: kimi-k2.5
    [kimi-k2.5] 决策: create | 选笑话编号: None

  Item完成: 耗时55.6s | 总耗时28.6min
  速率限制器状态: 可用令牌=48.0/48
  已保存中间结果 (30 条)

============================================================
处理 zh_0031... (31/1174)

  质量组: high (4个候选笑话)
    评估模型: qwen3-max
    [qwen3-max] 决策: select | 选笑话编号: 4
    评估模型: deepseek-v3.2
    [deepseek-v3.2] 决策: select | 选笑话编号: 4
    评估模型: kimi-k2.5
    [kimi-k2.5] 决策: create | 选笑话编号: None

  质量组: medium (4个候选笑话)
    评估模型: qwen3-max
    [qwen3-max] 决策: select | 选笑话编号: 4
    评估模型: deepseek-v3.2
    [deepseek-v3.2] 决策: select | 选笑话编号: 4
    评估模型: kimi-k2.5
    [kimi-k2.5] 决策: create | 选笑话编号: None

  质量组: low (4个候选笑话)
    评估模型: qwen3-max
    [qwen3-max] 决策: select | 选笑话编号: 1
    评估模型: deepseek-v3.2
    [deepseek-v3.2] 决策: select | 选笑话编号: 1
    评估模型: kimi-k2.5
    [kimi-k2.5] 决策: create | 选笑话编号: None

  Item完成: 耗时61.3s | 总耗时29.6min
  速率限制器状态: 可用令牌=48.0/48
  已保存中间结果 (31 条)

============================================================
处理 zh_0032... (32/1174)

  质量组: high (4个候选笑话)
    评估模型: qwen3-max
    [qwen3-max] 决策: select | 选笑话编号: 2
    评估模型: deepseek-v3.2
    [deepseek-v3.2] 决策: select | 选笑话编号: 2
    评估模型: kimi-k2.5
    [kimi-k2.5] 决策: select | 选笑话编号: 2

  质量组: medium (4个候选笑话)
    评估模型: qwen3-max
    [qwen3-max] 决策: select | 选笑话编号: 2
    评估模型: deepseek-v3.2
    [deepseek-v3.2] 决策: select | 选笑话编号: 2
    评估模型: kimi-k2.5
    [kimi-k2.5] 决策: create | 选笑话编号: None

  质量组: low (4个候选笑话)
    评估模型: qwen3-max
    [qwen3-max] 决策: select | 选笑话编号: 4
    评估模型: deepseek-v3.2
    [deepseek-v3.2] 决策: select | 选笑话编号: 4
    评估模型: kimi-k2.5
    [kimi-k2.5] 决策: create | 选笑话编号: None

  Item完成: 耗时59.7s | 总耗时30.6min
  速率限制器状态: 可用令牌=48.0/48
  已保存中间结果 (32 条)

============================================================
处理 zh_0033... (33/1174)

  质量组: high (4个候选笑话)
    评估模型: qwen3-max
    [qwen3-max] 决策: select | 选笑话编号: 2
    评估模型: deepseek-v3.2
    [deepseek-v3.2] 决策: select | 选笑话编号: 2
    评估模型: kimi-k2.5
    [kimi-k2.5] 决策: create | 选笑话编号: None

  质量组: medium (4个候选笑话)
    评估模型: qwen3-max
    [qwen3-max] 决策: select | 选笑话编号: 2
    评估模型: deepseek-v3.2
    [deepseek-v3.2] 决策: select | 选笑话编号: 1
    评估模型: kimi-k2.5
    [kimi-k2.5] 决策: create | 选笑话编号: None

  质量组: low (4个候选笑话)
    评估模型: qwen3-max
    [qwen3-max] 决策: create | 选笑话编号: None
    评估模型: deepseek-v3.2
    [deepseek-v3.2] 决策: create | 选笑话编号: None
    评估模型: kimi-k2.5
    [kimi-k2.5] 决策: create | 选笑话编号: None

  Item完成: 耗时58.7s | 总耗时31.6min
  速率限制器状态: 可用令牌=48.0/48
  已保存中间结果 (33 条)

============================================================
处理 zh_0034... (34/1174)

  质量组: high (4个候选笑话)
    评估模型: qwen3-max
    [qwen3-max] 决策: select | 选笑话编号: 2
    评估模型: deepseek-v3.2
    [deepseek-v3.2] 决策: select | 选笑话编号: 2
    评估模型: kimi-k2.5
    [kimi-k2.5] 决策: create | 选笑话编号: None

  质量组: medium (4个候选笑话)
    评估模型: qwen3-max
    [qwen3-max] 决策: select | 选笑话编号: 2
    评估模型: deepseek-v3.2
    [deepseek-v3.2] 决策: select | 选笑话编号: 4
    评估模型: kimi-k2.5
    [kimi-k2.5] 决策: create | 选笑话编号: None

  质量组: low (4个候选笑话)
    评估模型: qwen3-max
    [qwen3-max] 决策: select | 选笑话编号: 2
    评估模型: deepseek-v3.2
    [deepseek-v3.2] 决策: select | 选笑话编号: 2
    评估模型: kimi-k2.5
    [kimi-k2.5] 决策: create | 选笑话编号: None

  Item完成: 耗时49.5s | 总耗时32.4min
  速率限制器状态: 可用令牌=48.0/48
  已保存中间结果 (34 条)

============================================================
处理 zh_0035... (35/1174)

  质量组: high (4个候选笑话)
    评估模型: qwen3-max
    [qwen3-max] 决策: select | 选笑话编号: 2
    评估模型: deepseek-v3.2
    [deepseek-v3.2] 决策: select | 选笑话编号: 2
    评估模型: kimi-k2.5
    [kimi-k2.5] 决策: select | 选笑话编号: 2

  质量组: medium (4个候选笑话)
    评估模型: qwen3-max
    [qwen3-max] 决策: select | 选笑话编号: 2
    评估模型: deepseek-v3.2
    [deepseek-v3.2] 决策: select | 选笑话编号: 2
    评估模型: kimi-k2.5
    [kimi-k2.5] 决策: create | 选笑话编号: None

  质量组: low (4个候选笑话)
    评估模型: qwen3-max
    [qwen3-max] 决策: select | 选笑话编号: 1
    评估模型: deepseek-v3.2
    [deepseek-v3.2] 决策: select | 选笑话编号: 1
    评估模型: kimi-k2.5
    [kimi-k2.5] 决策: create | 选笑话编号: None

  Item完成: 耗时56.4s | 总耗时33.4min
  速率限制器状态: 可用令牌=48.0/48
  已保存中间结果 (35 条)

============================================================
处理 zh_0036... (36/1174)

  质量组: high (4个候选笑话)
    评估模型: qwen3-max
    [qwen3-max] 决策: select | 选笑话编号: 2
    评估模型: deepseek-v3.2
    [deepseek-v3.2] 决策: select | 选笑话编号: 1
    评估模型: kimi-k2.5
    [kimi-k2.5] 决策: create | 选笑话编号: None

  质量组: medium (4个候选笑话)
    评估模型: qwen3-max
    [qwen3-max] 决策: select | 选笑话编号: 1
    评估模型: deepseek-v3.2
    [deepseek-v3.2] 决策: select | 选笑话编号: 1
    评估模型: kimi-k2.5
    [kimi-k2.5] 决策: create | 选笑话编号: None

  质量组: low (4个候选笑话)
    评估模型: qwen3-max
    [qwen3-max] 决策: create | 选笑话编号: None
    评估模型: deepseek-v3.2
    [deepseek-v3.2] 决策: select | 选笑话编号: 2
    评估模型: kimi-k2.5
    [kimi-k2.5] 决策: create | 选笑话编号: None

  Item完成: 耗时63.9s | 总耗时34.4min
  速率限制器状态: 可用令牌=48.0/48
  已保存中间结果 (36 条)

============================================================
处理 zh_0037... (37/1174)

  质量组: high (4个候选笑话)
    评估模型: qwen3-max
    [qwen3-max] 决策: select | 选笑话编号: 2
    评估模型: deepseek-v3.2
    [deepseek-v3.2] 决策: create | 选笑话编号: None
    评估模型: kimi-k2.5
    [kimi-k2.5] 决策: create | 选笑话编号: None

  质量组: medium (4个候选笑话)
    评估模型: qwen3-max
    [qwen3-max] 决策: create | 选笑话编号: None
    评估模型: deepseek-v3.2
    [deepseek-v3.2] 决策: select | 选笑话编号: 4
    评估模型: kimi-k2.5
    [kimi-k2.5] 决策: create | 选笑话编号: None

  质量组: low (4个候选笑话)
    评估模型: qwen3-max
    [qwen3-max] 决策: create | 选笑话编号: None
    评估模型: deepseek-v3.2
    [deepseek-v3.2] 决策: select | 选笑话编号: 2
    评估模型: kimi-k2.5
    [kimi-k2.5] 决策: create | 选笑话编号: None

  Item完成: 耗时52.2s | 总耗时35.3min
  速率限制器状态: 可用令牌=48.0/48
  已保存中间结果 (37 条)

============================================================
处理 zh_0038... (38/1174)

  质量组: high (4个候选笑话)
    评估模型: qwen3-max
    [qwen3-max] 决策: select | 选笑话编号: 3
    评估模型: deepseek-v3.2
    [deepseek-v3.2] 决策: select | 选笑话编号: 3
    评估模型: kimi-k2.5
    [kimi-k2.5] 决策: create | 选笑话编号: None

  质量组: medium (4个候选笑话)
    评估模型: qwen3-max
    [qwen3-max] 决策: create | 选笑话编号: None
    评估模型: deepseek-v3.2
    [deepseek-v3.2] 决策: select | 选笑话编号: 2
    评估模型: kimi-k2.5
    [kimi-k2.5] 决策: create | 选笑话编号: None

  质量组: low (4个候选笑话)
    评估模型: qwen3-max
    [qwen3-max] 决策: select | 选笑话编号: 1
    评估模型: deepseek-v3.2
    [deepseek-v3.2] 决策: create | 选笑话编号: None
    评估模型: kimi-k2.5
    [kimi-k2.5] 决策: create | 选笑话编号: None

  Item完成: 耗时61.5s | 总耗时36.3min
  速率限制器状态: 可用令牌=48.0/48
  已保存中间结果 (38 条)

============================================================
处理 zh_0039... (39/1174)

  质量组: high (4个候选笑话)
    评估模型: qwen3-max
    [qwen3-max] 决策: select | 选笑话编号: 2
    评估模型: deepseek-v3.2
    [deepseek-v3.2] 决策: select | 选笑话编号: 1
    评估模型: kimi-k2.5
    [kimi-k2.5] 决策: select | 选笑话编号: 2

  质量组: medium (4个候选笑话)
    评估模型: qwen3-max
    [qwen3-max] 决策: select | 选笑话编号: 2
    评估模型: deepseek-v3.2
    [deepseek-v3.2] 决策: select | 选笑话编号: 2
    评估模型: kimi-k2.5
    [kimi-k2.5] 决策: select | 选笑话编号: 2

  质量组: low (4个候选笑话)
    评估模型: qwen3-max
    [qwen3-max] 决策: select | 选笑话编号: 4
    评估模型: deepseek-v3.2
    [deepseek-v3.2] 决策: select | 选笑话编号: 1
    评估模型: kimi-k2.5
    [kimi-k2.5] 决策: create | 选笑话编号: None

  Item完成: 耗时57.5s | 总耗时37.3min
  速率限制器状态: 可用令牌=48.0/48
  已保存中间结果 (39 条)

============================================================
处理 zh_0040... (40/1174)

  质量组: high (4个候选笑话)
    评估模型: qwen3-max
    [qwen3-max] 决策: select | 选笑话编号: 1
    评估模型: deepseek-v3.2
    [deepseek-v3.2] 决策: select | 选笑话编号: 1
    评估模型: kimi-k2.5
    [kimi-k2.5] 决策: create | 选笑话编号: None

  质量组: medium (4个候选笑话)
    评估模型: qwen3-max
    [qwen3-max] 决策: select | 选笑话编号: 2
    评估模型: deepseek-v3.2
    [deepseek-v3.2] 决策: select | 选笑话编号: 2
    评估模型: kimi-k2.5
    [kimi-k2.5] 决策: create | 选笑话编号: None

  质量组: low (4个候选笑话)
    评估模型: qwen3-max
    [qwen3-max] 决策: create | 选笑话编号: None
    评估模型: deepseek-v3.2
    [deepseek-v3.2] 决策: select | 选笑话编号: 1
    评估模型: kimi-k2.5
    [kimi-k2.5] 决策: create | 选笑话编号: None

  Item完成: 耗时66.3s | 总耗时38.4min
  速率限制器状态: 可用令牌=48.0/48
  已保存中间结果 (40 条)

============================================================
处理 zh_0041... (41/1174)

  质量组: high (4个候选笑话)
    评估模型: qwen3-max
    [qwen3-max] 决策: select | 选笑话编号: 3
    评估模型: deepseek-v3.2
    [deepseek-v3.2] 决策: select | 选笑话编号: 3
    评估模型: kimi-k2.5
    [API] JSON解析失败: JSON解析失败: Invalid control character at: line 5 column 44 (char 247), model=kimi-k2.5
    [kimi-k2.5] 决策:  | 选笑话编号: ?

  质量组: medium (4个候选笑话)
    评估模型: qwen3-max
    [qwen3-max] 决策: select | 选笑话编号: 4
    评估模型: deepseek-v3.2
    [deepseek-v3.2] 决策: select | 选笑话编号: 4
    评估模型: kimi-k2.5
    [kimi-k2.5] 决策: create | 选笑话编号: None

  质量组: low (4个候选笑话)
    评估模型: qwen3-max
    [qwen3-max] 决策: create | 选笑话编号: None
    评估模型: deepseek-v3.2
    [deepseek-v3.2] 决策: create | 选笑话编号: None
    评估模型: kimi-k2.5
    [kimi-k2.5] 决策: create | 选笑话编号: None

  Item完成: 耗时60.1s | 总耗时39.4min
  速率限制器状态: 可用令牌=48.0/48
  已保存中间结果 (41 条)

============================================================
处理 zh_0042... (42/1174)

  质量组: high (4个候选笑话)
    评估模型: qwen3-max
    [qwen3-max] 决策: select | 选笑话编号: 2
    评估模型: deepseek-v3.2
    [deepseek-v3.2] 决策: select | 选笑话编号: 3
    评估模型: kimi-k2.5
    [kimi-k2.5] 决策: create | 选笑话编号: None

  质量组: medium (4个候选笑话)
    评估模型: qwen3-max
    [qwen3-max] 决策: select | 选笑话编号: 1
    评估模型: deepseek-v3.2
    [deepseek-v3.2] 决策: select | 选笑话编号: 1
    评估模型: kimi-k2.5
    [kimi-k2.5] 决策: create | 选笑话编号: None

  质量组: low (4个候选笑话)
    评估模型: qwen3-max
    [qwen3-max] 决策: select | 选笑话编号: 1
    评估模型: deepseek-v3.2
    [deepseek-v3.2] 决策: select | 选笑话编号: 2
    评估模型: kimi-k2.5
    [kimi-k2.5] 决策: create | 选笑话编号: None

  Item完成: 耗时57.8s | 总耗时40.4min
  速率限制器状态: 可用令牌=48.0/48
  已保存中间结果 (42 条)

============================================================
处理 zh_0043... (43/1174)

  质量组: high (4个候选笑话)
    评估模型: qwen3-max
    [qwen3-max] 决策: select | 选笑话编号: 3
    评估模型: deepseek-v3.2
    [deepseek-v3.2] 决策: create | 选笑话编号: None
    评估模型: kimi-k2.5
    [kimi-k2.5] 决策: create | 选笑话编号: None

  质量组: medium (4个候选笑话)
    评估模型: qwen3-max
    [qwen3-max] 决策: select | 选笑话编号: 2
    评估模型: deepseek-v3.2
    [deepseek-v3.2] 决策: select | 选笑话编号: 2
    评估模型: kimi-k2.5
    [kimi-k2.5] 决策: create | 选笑话编号: None

  质量组: low (4个候选笑话)
    评估模型: qwen3-max
    [qwen3-max] 决策: create | 选笑话编号: None
    评估模型: deepseek-v3.2
    [deepseek-v3.2] 决策: select | 选笑话编号: 1
    评估模型: kimi-k2.5
    [kimi-k2.5] 决策: create | 选笑话编号: None

  Item完成: 耗时49.1s | 总耗时41.2min
  速率限制器状态: 可用令牌=48.0/48
  已保存中间结果 (43 条)

============================================================
处理 zh_0044... (44/1174)

  质量组: high (4个候选笑话)
    评估模型: qwen3-max
    [qwen3-max] 决策: select | 选笑话编号: 2
    评估模型: deepseek-v3.2
    [deepseek-v3.2] 决策: select | 选笑话编号: 2
    评估模型: kimi-k2.5
    [kimi-k2.5] 决策: select | 选笑话编号: 2

  质量组: medium (4个候选笑话)
    评估模型: qwen3-max
    [qwen3-max] 决策: select | 选笑话编号: 2
    评估模型: deepseek-v3.2
    [deepseek-v3.2] 决策: select | 选笑话编号: 4
    评估模型: kimi-k2.5
    [kimi-k2.5] 决策: create | 选笑话编号: None

  质量组: low (4个候选笑话)
    评估模型: qwen3-max
    [qwen3-max] 决策: create | 选笑话编号: None
    评估模型: deepseek-v3.2
    [deepseek-v3.2] 决策: select | 选笑话编号: 1
    评估模型: kimi-k2.5
    [kimi-k2.5] 决策: create | 选笑话编号: None

  Item完成: 耗时56.0s | 总耗时42.1min
  速率限制器状态: 可用令牌=48.0/48
  已保存中间结果 (44 条)

============================================================
处理 zh_0045... (45/1174)

  质量组: high (4个候选笑话)
    评估模型: qwen3-max
    [qwen3-max] 决策: select | 选笑话编号: 1
    评估模型: deepseek-v3.2
    [deepseek-v3.2] 决策: select | 选笑话编号: 4
    评估模型: kimi-k2.5
    [kimi-k2.5] 决策: create | 选笑话编号: None

  质量组: medium (4个候选笑话)
    评估模型: qwen3-max
    [qwen3-max] 决策: select | 选笑话编号: 4
    评估模型: deepseek-v3.2
    [deepseek-v3.2] 决策: select | 选笑话编号: 4
    评估模型: kimi-k2.5
    [kimi-k2.5] 决策: create | 选笑话编号: None

  质量组: low (4个候选笑话)
    评估模型: qwen3-max
    [qwen3-max] 决策: create | 选笑话编号: None
    评估模型: deepseek-v3.2
    [deepseek-v3.2] 决策: select | 选笑话编号: 2
    评估模型: kimi-k2.5
    [kimi-k2.5] 决策: create | 选笑话编号: None

  Item完成: 耗时55.7s | 总耗时43.1min
  速率限制器状态: 可用令牌=48.0/48
  已保存中间结果 (45 条)

============================================================
处理 zh_0046... (46/1174)

  质量组: high (4个候选笑话)
    评估模型: qwen3-max
    [qwen3-max] 决策: select | 选笑话编号: 3
    评估模型: deepseek-v3.2
    [deepseek-v3.2] 决策: select | 选笑话编号: 2
    评估模型: kimi-k2.5
    [kimi-k2.5] 决策: create | 选笑话编号: None

  质量组: medium (4个候选笑话)
    评估模型: qwen3-max
    [qwen3-max] 决策: select | 选笑话编号: 2
    评估模型: deepseek-v3.2
    [deepseek-v3.2] 决策: select | 选笑话编号: 2
    评估模型: kimi-k2.5
    [kimi-k2.5] 决策: select | 选笑话编号: 2

  质量组: low (4个候选笑话)
    评估模型: qwen3-max
    [qwen3-max] 决策: create | 选笑话编号: None
    评估模型: deepseek-v3.2
    [deepseek-v3.2] 决策: select | 选笑话编号: 2
    评估模型: kimi-k2.5
    [kimi-k2.5] 决策: create | 选笑话编号: None

  Item完成: 耗时56.0s | 总耗时44.0min
  速率限制器状态: 可用令牌=48.0/48
  已保存中间结果 (46 条)

============================================================
处理 zh_0047... (47/1174)

  质量组: high (4个候选笑话)
    评估模型: qwen3-max
    [qwen3-max] 决策: select | 选笑话编号: 2
    评估模型: deepseek-v3.2
    [deepseek-v3.2] 决策: select | 选笑话编号: 2
    评估模型: kimi-k2.5
    [kimi-k2.5] 决策: select | 选笑话编号: 2

  质量组: medium (4个候选笑话)
    评估模型: qwen3-max
    [qwen3-max] 决策: select | 选笑话编号: 2
    评估模型: deepseek-v3.2
    [deepseek-v3.2] 决策: select | 选笑话编号: 2
    评估模型: kimi-k2.5
    [kimi-k2.5] 决策: create | 选笑话编号: None

  质量组: low (4个候选笑话)
    评估模型: qwen3-max
    [qwen3-max] 决策: create | 选笑话编号: None
    评估模型: deepseek-v3.2
    [deepseek-v3.2] 决策: select | 选笑话编号: 1
    评估模型: kimi-k2.5
    [kimi-k2.5] 决策: create | 选笑话编号: None

  Item完成: 耗时52.8s | 总耗时44.9min
  速率限制器状态: 可用令牌=48.0/48
  已保存中间结果 (47 条)

============================================================
处理 zh_0048... (48/1174)

  质量组: high (4个候选笑话)
    评估模型: qwen3-max
    [qwen3-max] 决策: select | 选笑话编号: 2
    评估模型: deepseek-v3.2
    [deepseek-v3.2] 决策: select | 选笑话编号: 3
    评估模型: kimi-k2.5
    [kimi-k2.5] 决策: create | 选笑话编号: None

  质量组: medium (4个候选笑话)
    评估模型: qwen3-max
    [qwen3-max] 决策: select | 选笑话编号: 2
    评估模型: deepseek-v3.2
    [deepseek-v3.2] 决策: select | 选笑话编号: 2
    评估模型: kimi-k2.5
    [kimi-k2.5] 决策: create | 选笑话编号: None

  质量组: low (4个候选笑话)
    评估模型: qwen3-max
    [qwen3-max] 决策: create | 选笑话编号: None
    评估模型: deepseek-v3.2
    [deepseek-v3.2] 决策: select | 选笑话编号: 1
    评估模型: kimi-k2.5
    [kimi-k2.5] 决策: create | 选笑话编号: None

  Item完成: 耗时59.2s | 总耗时45.9min
  速率限制器状态: 可用令牌=48.0/48
  已保存中间结果 (48 条)

============================================================
处理 zh_0049... (49/1174)

  质量组: high (4个候选笑话)
    评估模型: qwen3-max
    [qwen3-max] 决策: select | 选笑话编号: 3
    评估模型: deepseek-v3.2
    [deepseek-v3.2] 决策: select | 选笑话编号: 3
    评估模型: kimi-k2.5
    [kimi-k2.5] 决策: select | 选笑话编号: 3

  质量组: medium (4个候选笑话)
    评估模型: qwen3-max
    [qwen3-max] 决策: select | 选笑话编号: 2
    评估模型: deepseek-v3.2
    [deepseek-v3.2] 决策: select | 选笑话编号: 2
    评估模型: kimi-k2.5
    [kimi-k2.5] 决策: create | 选笑话编号: None

  质量组: low (4个候选笑话)
    评估模型: qwen3-max
    [qwen3-max] 决策: create | 选笑话编号: None
    评估模型: deepseek-v3.2
    [deepseek-v3.2] 决策: select | 选笑话编号: 2
    评估模型: kimi-k2.5
    [kimi-k2.5] 决策: create | 选笑话编号: None

  Item完成: 耗时58.6s | 总耗时46.8min
  速率限制器状态: 可用令牌=48.0/48
  已保存中间结果 (49 条)

============================================================
处理 zh_0050... (50/1174)

  质量组: high (4个候选笑话)
    评估模型: qwen3-max
    [qwen3-max] 决策: select | 选笑话编号: 1
    评估模型: deepseek-v3.2
    [deepseek-v3.2] 决策: select | 选笑话编号: 3
    评估模型: kimi-k2.5
    [kimi-k2.5] 决策: create | 选笑话编号: None

  质量组: medium (4个候选笑话)
    评估模型: qwen3-max
    [qwen3-max] 决策: select | 选笑话编号: 2
    评估模型: deepseek-v3.2
    [deepseek-v3.2] 决策: select | 选笑话编号: 2
    评估模型: kimi-k2.5
    [kimi-k2.5] 决策: create | 选笑话编号: None

  质量组: low (4个候选笑话)
    评估模型: qwen3-max
    [qwen3-max] 决策: select | 选笑话编号: 1
    评估模型: deepseek-v3.2
    [deepseek-v3.2] 决策: select | 选笑话编号: 1
    评估模型: kimi-k2.5
    [kimi-k2.5] 决策: create | 选笑话编号: None

  Item完成: 耗时53.3s | 总耗时47.7min
  速率限制器状态: 可用令牌=48.0/48
  已保存中间结果 (50 条)

============================================================
处理 zh_0051... (51/1174)

  质量组: high (4个候选笑话)
    评估模型: qwen3-max
    [qwen3-max] 决策: select | 选笑话编号: 2
    评估模型: deepseek-v3.2
    [deepseek-v3.2] 决策: select | 选笑话编号: 3
    评估模型: kimi-k2.5
    [kimi-k2.5] 决策: create | 选笑话编号: None

  质量组: medium (4个候选笑话)
    评估模型: qwen3-max
    [qwen3-max] 决策: select | 选笑话编号: 2
    评估模型: deepseek-v3.2
    [deepseek-v3.2] 决策: select | 选笑话编号: 2
    评估模型: kimi-k2.5
    [kimi-k2.5] 决策: create | 选笑话编号: None

  质量组: low (4个候选笑话)
    评估模型: qwen3-max
    [qwen3-max] 决策: create | 选笑话编号: None
    评估模型: deepseek-v3.2
    [deepseek-v3.2] 决策: create | 选笑话编号: None
    评估模型: kimi-k2.5
    [kimi-k2.5] 决策: create | 选笑话编号: None

  Item完成: 耗时60.1s | 总耗时48.7min
  速率限制器状态: 可用令牌=48.0/48
  已保存中间结果 (51 条)

============================================================
处理 zh_0052... (52/1174)

  质量组: high (4个候选笑话)
    评估模型: qwen3-max
    [qwen3-max] 决策: select | 选笑话编号: 2
    评估模型: deepseek-v3.2
    [deepseek-v3.2] 决策: select | 选笑话编号: 2
    评估模型: kimi-k2.5
    [kimi-k2.5] 决策: select | 选笑话编号: 2

  质量组: medium (4个候选笑话)
    评估模型: qwen3-max
    [qwen3-max] 决策: select | 选笑话编号: 1
    评估模型: deepseek-v3.2
    [deepseek-v3.2] 决策: select | 选笑话编号: 4
    评估模型: kimi-k2.5
    [kimi-k2.5] 决策: create | 选笑话编号: None

  质量组: low (4个候选笑话)
    评估模型: qwen3-max
    [qwen3-max] 决策: create | 选笑话编号: None
    评估模型: deepseek-v3.2
    [deepseek-v3.2] 决策: select | 选笑话编号: 1
    评估模型: kimi-k2.5
    [kimi-k2.5] 决策: create | 选笑话编号: None

  Item完成: 耗时58.7s | 总耗时49.7min
  速率限制器状态: 可用令牌=48.0/48
  已保存中间结果 (52 条)

============================================================
处理 zh_0053... (53/1174)

  质量组: high (4个候选笑话)
    评估模型: qwen3-max
    [qwen3-max] 决策: select | 选笑话编号: 1
    评估模型: deepseek-v3.2
    [deepseek-v3.2] 决策: select | 选笑话编号: 4
    评估模型: kimi-k2.5
    [kimi-k2.5] 决策: select | 选笑话编号: 4

  质量组: medium (4个候选笑话)
    评估模型: qwen3-max
    [qwen3-max] 决策: select | 选笑话编号: 1
    评估模型: deepseek-v3.2
    [deepseek-v3.2] 决策: select | 选笑话编号: 1
    评估模型: kimi-k2.5
    [kimi-k2.5] 决策: create | 选笑话编号: None

  质量组: low (4个候选笑话)
    评估模型: qwen3-max
    [qwen3-max] 决策: select | 选笑话编号: 2
    评估模型: deepseek-v3.2
    [deepseek-v3.2] 决策: select | 选笑话编号: 2
    评估模型: kimi-k2.5
    [kimi-k2.5] 决策: create | 选笑话编号: None

  Item完成: 耗时56.4s | 总耗时50.7min
  速率限制器状态: 可用令牌=48.0/48
  已保存中间结果 (53 条)

============================================================
处理 zh_0054... (54/1174)

  质量组: high (4个候选笑话)
    评估模型: qwen3-max
    [qwen3-max] 决策: select | 选笑话编号: 2
    评估模型: deepseek-v3.2
    [deepseek-v3.2] 决策: select | 选笑话编号: 2
    评估模型: kimi-k2.5
    [kimi-k2.5] 决策: create | 选笑话编号: None

  质量组: medium (4个候选笑话)
    评估模型: qwen3-max
    [qwen3-max] 决策: select | 选笑话编号: 2
    评估模型: deepseek-v3.2
    [deepseek-v3.2] 决策: select | 选笑话编号: 2
    评估模型: kimi-k2.5
    [kimi-k2.5] 决策: create | 选笑话编号: None

  质量组: low (4个候选笑话)
    评估模型: qwen3-max
    [qwen3-max] 决策: create | 选笑话编号: None
    评估模型: deepseek-v3.2
    [deepseek-v3.2] 决策: create | 选笑话编号: None
    评估模型: kimi-k2.5
    [kimi-k2.5] 决策: create | 选笑话编号: None

  Item完成: 耗时55.2s | 总耗时51.6min
  速率限制器状态: 可用令牌=48.0/48
  已保存中间结果 (54 条)

============================================================
处理 zh_0055... (55/1174)

  质量组: high (4个候选笑话)
    评估模型: qwen3-max
    [qwen3-max] 决策: select | 选笑话编号: 2
    评估模型: deepseek-v3.2
    [deepseek-v3.2] 决策: select | 选笑话编号: 2
    评估模型: kimi-k2.5
    [kimi-k2.5] 决策: create | 选笑话编号: None

  质量组: medium (4个候选笑话)
    评估模型: qwen3-max
    [qwen3-max] 决策: select | 选笑话编号: 1
    评估模型: deepseek-v3.2
    [deepseek-v3.2] 决策: select | 选笑话编号: 4
    评估模型: kimi-k2.5
    [kimi-k2.5] 决策: create | 选笑话编号: None

  质量组: low (4个候选笑话)
    评估模型: qwen3-max
    [qwen3-max] 决策: select | 选笑话编号: 1
    评估模型: deepseek-v3.2
    [deepseek-v3.2] 决策: select | 选笑话编号: 4
    评估模型: kimi-k2.5
    [kimi-k2.5] 决策: create | 选笑话编号: None

  Item完成: 耗时53.0s | 总耗时52.5min
  速率限制器状态: 可用令牌=48.0/48
  已保存中间结果 (55 条)

============================================================
处理 zh_0056... (56/1174)

  质量组: high (4个候选笑话)
    评估模型: qwen3-max
    [qwen3-max] 决策: create | 选笑话编号: None
    评估模型: deepseek-v3.2
    [deepseek-v3.2] 决策: select | 选笑话编号: 4
    评估模型: kimi-k2.5
    [kimi-k2.5] 决策: create | 选笑话编号: None

  质量组: medium (4个候选笑话)
    评估模型: qwen3-max
    [qwen3-max] 决策: select | 选笑话编号: 2
    评估模型: deepseek-v3.2
    [deepseek-v3.2] 决策: select | 选笑话编号: 2
    评估模型: kimi-k2.5
    [kimi-k2.5] 决策: create | 选笑话编号: None

  质量组: low (4个候选笑话)
    评估模型: qwen3-max
    [qwen3-max] 决策: create | 选笑话编号: None
    评估模型: deepseek-v3.2
    [deepseek-v3.2] 决策: select | 选笑话编号: 1
    评估模型: kimi-k2.5
    [kimi-k2.5] 决策: create | 选笑话编号: None

  Item完成: 耗时62.1s | 总耗时53.5min
  速率限制器状态: 可用令牌=48.0/48
  已保存中间结果 (56 条)

============================================================
处理 zh_0057... (57/1174)

  质量组: high (4个候选笑话)
    评估模型: qwen3-max
    [qwen3-max] 决策: select | 选笑话编号: 3
    评估模型: deepseek-v3.2
    [deepseek-v3.2] 决策: select | 选笑话编号: 4
    评估模型: kimi-k2.5
    [kimi-k2.5] 决策: create | 选笑话编号: None

  质量组: medium (4个候选笑话)
    评估模型: qwen3-max
    [qwen3-max] 决策: select | 选笑话编号: 2
    评估模型: deepseek-v3.2
    [deepseek-v3.2] 决策: select | 选笑话编号: 2
    评估模型: kimi-k2.5
    [kimi-k2.5] 决策: create | 选笑话编号: None

  质量组: low (4个候选笑话)
    评估模型: qwen3-max
    [qwen3-max] 决策: create | 选笑话编号: None
    评估模型: deepseek-v3.2
    [deepseek-v3.2] 决策: select | 选笑话编号: 1
    评估模型: kimi-k2.5
    [kimi-k2.5] 决策: create | 选笑话编号: None

  Item完成: 耗时62.0s | 总耗时54.5min
  速率限制器状态: 可用令牌=48.0/48
  已保存中间结果 (57 条)

============================================================
处理 zh_0058... (58/1174)

  质量组: high (4个候选笑话)
    评估模型: qwen3-max
    [qwen3-max] 决策: select | 选笑话编号: 2
    评估模型: deepseek-v3.2
    [deepseek-v3.2] 决策: select | 选笑话编号: 1
    评估模型: kimi-k2.5
    [kimi-k2.5] 决策: select | 选笑话编号: 2

  质量组: medium (4个候选笑话)
    评估模型: qwen3-max
    [qwen3-max] 决策: select | 选笑话编号: 1
    评估模型: deepseek-v3.2
    [deepseek-v3.2] 决策: select | 选笑话编号: 4
    评估模型: kimi-k2.5
    [kimi-k2.5] 决策: create | 选笑话编号: None

  质量组: low (4个候选笑话)
    评估模型: qwen3-max
    [qwen3-max] 决策: select | 选笑话编号: 1
    评估模型: deepseek-v3.2
    [deepseek-v3.2] 决策: select | 选笑话编号: 2
    评估模型: kimi-k2.5
    [kimi-k2.5] 决策: create | 选笑话编号: None

  Item完成: 耗时61.6s | 总耗时55.6min
  速率限制器状态: 可用令牌=48.0/48
  已保存中间结果 (58 条)

============================================================
处理 zh_0059... (59/1174)

  质量组: high (4个候选笑话)
    评估模型: qwen3-max
    [qwen3-max] 决策: select | 选笑话编号: 2
    评估模型: deepseek-v3.2
    [deepseek-v3.2] 决策: select | 选笑话编号: 2
    评估模型: kimi-k2.5
    [kimi-k2.5] 决策: select | 选笑话编号: 2

  质量组: medium (4个候选笑话)
    评估模型: qwen3-max
    [qwen3-max] 决策: create | 选笑话编号: None
    评估模型: deepseek-v3.2
    [deepseek-v3.2] 决策: select | 选笑话编号: 4
    评估模型: kimi-k2.5
    [kimi-k2.5] 决策: create | 选笑话编号: None

  质量组: low (4个候选笑话)
    评估模型: qwen3-max
    [qwen3-max] 决策: select | 选笑话编号: 4
    评估模型: deepseek-v3.2
    [deepseek-v3.2] 决策: select | 选笑话编号: 4
    评估模型: kimi-k2.5
    [kimi-k2.5] 决策: create | 选笑话编号: None

  Item完成: 耗时63.9s | 总耗时56.6min
  速率限制器状态: 可用令牌=48.0/48
  已保存中间结果 (59 条)

============================================================
处理 zh_0060... (60/1174)

  质量组: high (4个候选笑话)
    评估模型: qwen3-max
    [qwen3-max] 决策: select | 选笑话编号: 2
    评估模型: deepseek-v3.2
    [deepseek-v3.2] 决策: select | 选笑话编号: 4
    评估模型: kimi-k2.5
    [kimi-k2.5] 决策: select | 选笑话编号: 4

  质量组: medium (4个候选笑话)
    评估模型: qwen3-max
    [qwen3-max] 决策: select | 选笑话编号: 2
    评估模型: deepseek-v3.2
    [deepseek-v3.2] 决策: select | 选笑话编号: 2
    评估模型: kimi-k2.5
    [kimi-k2.5] 决策: create | 选笑话编号: None

  质量组: low (4个候选笑话)
    评估模型: qwen3-max
    [qwen3-max] 决策: select | 选笑话编号: 1
    评估模型: deepseek-v3.2
    [deepseek-v3.2] 决策: select | 选笑话编号: 1
    评估模型: kimi-k2.5
    [kimi-k2.5] 决策: create | 选笑话编号: None

  Item完成: 耗时63.1s | 总耗时57.7min
  速率限制器状态: 可用令牌=48.0/48
  已保存中间结果 (60 条)

============================================================
处理 zh_0061... (61/1174)

  质量组: high (4个候选笑话)
    评估模型: qwen3-max
    [qwen3-max] 决策: select | 选笑话编号: 1
    评估模型: deepseek-v3.2
    [deepseek-v3.2] 决策: select | 选笑话编号: 1
    评估模型: kimi-k2.5
    [kimi-k2.5] 决策: create | 选笑话编号: None

  质量组: medium (4个候选笑话)
    评估模型: qwen3-max
    [qwen3-max] 决策: select | 选笑话编号: 4
    评估模型: deepseek-v3.2
    [deepseek-v3.2] 决策: select | 选笑话编号: 4
    评估模型: kimi-k2.5
    [kimi-k2.5] 决策: create | 选笑话编号: None

  质量组: low (4个候选笑话)
    评估模型: qwen3-max
    [qwen3-max] 决策: select | 选笑话编号: 1
    评估模型: deepseek-v3.2
    [deepseek-v3.2] 决策: select | 选笑话编号: 1
    评估模型: kimi-k2.5
    [kimi-k2.5] 决策: create | 选笑话编号: None

  Item完成: 耗时59.5s | 总耗时58.7min
  速率限制器状态: 可用令牌=48.0/48
  已保存中间结果 (61 条)

============================================================
处理 zh_0062... (62/1174)

  质量组: high (4个候选笑话)
    评估模型: qwen3-max
    [qwen3-max] 决策: select | 选笑话编号: 2
    评估模型: deepseek-v3.2
    [deepseek-v3.2] 决策: select | 选笑话编号: 1
    评估模型: kimi-k2.5
    [kimi-k2.5] 决策: create | 选笑话编号: None

  质量组: medium (4个候选笑话)
    评估模型: qwen3-max
    [qwen3-max] 决策: create | 选笑话编号: None
    评估模型: deepseek-v3.2
    [deepseek-v3.2] 决策: select | 选笑话编号: 1
    评估模型: kimi-k2.5
    [kimi-k2.5] 决策: create | 选笑话编号: None

  质量组: low (4个候选笑话)
    评估模型: qwen3-max
    [qwen3-max] 决策: select | 选笑话编号: 1
    评估模型: deepseek-v3.2
    [deepseek-v3.2] 决策: select | 选笑话编号: 1
    评估模型: kimi-k2.5
    [kimi-k2.5] 决策: create | 选笑话编号: None

  Item完成: 耗时62.0s | 总耗时59.7min
  速率限制器状态: 可用令牌=48.0/48
  已保存中间结果 (62 条)

============================================================
处理 zh_0063... (63/1174)

  质量组: high (4个候选笑话)
    评估模型: qwen3-max
    [qwen3-max] 决策: select | 选笑话编号: 1
    评估模型: deepseek-v3.2
    [deepseek-v3.2] 决策: select | 选笑话编号: 3
    评估模型: kimi-k2.5
    [kimi-k2.5] 决策: create | 选笑话编号: None

  质量组: medium (4个候选笑话)
    评估模型: qwen3-max
    [qwen3-max] 决策: select | 选笑话编号: 1
    评估模型: deepseek-v3.2
    [deepseek-v3.2] 决策: select | 选笑话编号: 1
    评估模型: kimi-k2.5
    [kimi-k2.5] 决策: create | 选笑话编号: None

  质量组: low (4个候选笑话)
    评估模型: qwen3-max
    [qwen3-max] 决策: select | 选笑话编号: 1
    评估模型: deepseek-v3.2
    [deepseek-v3.2] 决策: select | 选笑话编号: 1
    评估模型: kimi-k2.5
    [kimi-k2.5] 决策: create | 选笑话编号: None

  Item完成: 耗时58.4s | 总耗时60.7min
  速率限制器状态: 可用令牌=48.0/48
  已保存中间结果 (63 条)

============================================================
处理 zh_0064... (64/1174)

  质量组: high (4个候选笑话)
    评估模型: qwen3-max
    [qwen3-max] 决策: select | 选笑话编号: 3
    评估模型: deepseek-v3.2
    [deepseek-v3.2] 决策: select | 选笑话编号: 3
    评估模型: kimi-k2.5
    [API] JSON解析失败: JSON解析失败: Expecting ',' delimiter: line 4 column 32 (char 89), model=kimi-k2.5
    [kimi-k2.5] 决策:  | 选笑话编号: ?

  质量组: medium (4个候选笑话)
    评估模型: qwen3-max
    [qwen3-max] 决策: select | 选笑话编号: 4
    评估模型: deepseek-v3.2
    [deepseek-v3.2] 决策: select | 选笑话编号: 2
    评估模型: kimi-k2.5
    [kimi-k2.5] 决策: create | 选笑话编号: None

  质量组: low (4个候选笑话)
    评估模型: qwen3-max
    [qwen3-max] 决策: select | 选笑话编号: 2
    评估模型: deepseek-v3.2
    [deepseek-v3.2] 决策: select | 选笑话编号: 2
    评估模型: kimi-k2.5
    [kimi-k2.5] 决策: create | 选笑话编号: None

  Item完成: 耗时51.7s | 总耗时61.5min
  速率限制器状态: 可用令牌=48.0/48
  已保存中间结果 (64 条)

============================================================
处理 zh_0065... (65/1174)

  质量组: high (4个候选笑话)
    评估模型: qwen3-max
    [qwen3-max] 决策: select | 选笑话编号: 2
    评估模型: deepseek-v3.2
    [deepseek-v3.2] 决策: select | 选笑话编号: 2
    评估模型: kimi-k2.5
    [kimi-k2.5] 决策: select | 选笑话编号: 1

  质量组: medium (4个候选笑话)
    评估模型: qwen3-max
    [qwen3-max] 决策: select | 选笑话编号: 2
    评估模型: deepseek-v3.2
    [deepseek-v3.2] 决策: select | 选笑话编号: 2
    评估模型: kimi-k2.5
    [API] JSON解析失败: JSON解析失败: Expecting ',' delimiter: line 4 column 52 (char 109), model=kimi-k2.5
    [kimi-k2.5] 决策:  | 选笑话编号: ?

  质量组: low (4个候选笑话)
    评估模型: qwen3-max
    [qwen3-max] 决策: create | 选笑话编号: None
    评估模型: deepseek-v3.2
    [deepseek-v3.2] 决策: create | 选笑话编号: None
    评估模型: kimi-k2.5
    [API] JSON解析失败: JSON解析失败: Expecting ',' delimiter: line 5 column 25 (char 220), model=kimi-k2.5
    [kimi-k2.5] 决策:  | 选笑话编号: ?

  Item完成: 耗时47.4s | 总耗时62.3min
  速率限制器状态: 可用令牌=48.0/48
  已保存中间结果 (65 条)

============================================================
处理 zh_0066... (66/1174)

  质量组: high (4个候选笑话)
    评估模型: qwen3-max
    [qwen3-max] 决策: select | 选笑话编号: 2
    评估模型: deepseek-v3.2
    [deepseek-v3.2] 决策: select | 选笑话编号: 4
    评估模型: kimi-k2.5
    [API] JSON解析失败: JSON解析失败: Expecting ',' delimiter: line 5 column 31 (char 190), model=kimi-k2.5
    [kimi-k2.5] 决策:  | 选笑话编号: ?

  质量组: medium (4个候选笑话)
    评估模型: qwen3-max
    [qwen3-max] 决策: select | 选笑话编号: 2
    评估模型: deepseek-v3.2
    [deepseek-v3.2] 决策: select | 选笑话编号: 2
    评估模型: kimi-k2.5
    [kimi-k2.5] 决策: create | 选笑话编号: None

  质量组: low (4个候选笑话)
    评估模型: qwen3-max
    [API] 速率限制错误 (状态码=400), 等待1.8s后重试 (1/5), model=qwen3-max
    [qwen3-max] 决策: create | 选笑话编号: None
    评估模型: deepseek-v3.2
    [deepseek-v3.2] 决策: select | 选笑话编号: 1
    评估模型: kimi-k2.5
    [kimi-k2.5] 决策: create | 选笑话编号: None

  Item完成: 耗时62.2s | 总耗时63.4min
  速率限制器状态: 可用令牌=48.0/48
  已保存中间结果 (66 条)

============================================================
处理 zh_0067... (67/1174)

  质量组: high (4个候选笑话)
    评估模型: qwen3-max
    [qwen3-max] 决策: select | 选笑话编号: 2
    评估模型: deepseek-v3.2
    [deepseek-v3.2] 决策: select | 选笑话编号: 2
    评估模型: kimi-k2.5
    [API] JSON解析失败: JSON解析失败: Expecting ',' delimiter: line 5 column 61 (char 253), model=kimi-k2.5
    [kimi-k2.5] 决策:  | 选笑话编号: ?

  质量组: medium (4个候选笑话)
    评估模型: qwen3-max
    [qwen3-max] 决策: select | 选笑话编号: 1
    评估模型: deepseek-v3.2
    [deepseek-v3.2] 决策: select | 选笑话编号: 4
    评估模型: kimi-k2.5
    [kimi-k2.5] 决策: create | 选笑话编号: None

  质量组: low (4个候选笑话)
    评估模型: qwen3-max
    [qwen3-max] 决策: create | 选笑话编号: None
    评估模型: deepseek-v3.2
    [deepseek-v3.2] 决策: select | 选笑话编号: 1
    评估模型: kimi-k2.5
    [kimi-k2.5] 决策: create | 选笑话编号: None

  Item完成: 耗时52.8s | 总耗时64.2min
  速率限制器状态: 可用令牌=48.0/48
  已保存中间结果 (67 条)

============================================================
处理 zh_0068... (68/1174)

  质量组: high (4个候选笑话)
    评估模型: qwen3-max
    [qwen3-max] 决策: select | 选笑话编号: 2
    评估模型: deepseek-v3.2
    [deepseek-v3.2] 决策: select | 选笑话编号: 4
    评估模型: kimi-k2.5
    [kimi-k2.5] 决策: create | 选笑话编号: None

  质量组: medium (4个候选笑话)
    评估模型: qwen3-max
    [qwen3-max] 决策: create | 选笑话编号: None
    评估模型: deepseek-v3.2
    [deepseek-v3.2] 决策: select | 选笑话编号: 4
    评估模型: kimi-k2.5
    [kimi-k2.5] 决策: create | 选笑话编号: None

  质量组: low (4个候选笑话)
    评估模型: qwen3-max
    [qwen3-max] 决策: create | 选笑话编号: None
    评估模型: deepseek-v3.2
    [deepseek-v3.2] 决策: select | 选笑话编号: 2
    评估模型: kimi-k2.5
    [API] JSON解析失败: JSON解析失败: Expecting ',' delimiter: line 4 column 52 (char 109), model=kimi-k2.5
    [kimi-k2.5] 决策:  | 选笑话编号: ?

  Item完成: 耗时51.2s | 总耗时65.1min
  速率限制器状态: 可用令牌=48.0/48
  已保存中间结果 (68 条)

============================================================
处理 zh_0069... (69/1174)

  质量组: high (4个候选笑话)
    评估模型: qwen3-max
    [qwen3-max] 决策: select | 选笑话编号: 2
    评估模型: deepseek-v3.2
    [deepseek-v3.2] 决策: select | 选笑话编号: 2
    评估模型: kimi-k2.5
    [kimi-k2.5] 决策: select | 选笑话编号: 2

  质量组: medium (4个候选笑话)
    评估模型: qwen3-max
    [qwen3-max] 决策: select | 选笑话编号: 1
    评估模型: deepseek-v3.2
    [deepseek-v3.2] 决策: select | 选笑话编号: 4
    评估模型: kimi-k2.5
    [kimi-k2.5] 决策: create | 选笑话编号: None

  质量组: low (4个候选笑话)
    评估模型: qwen3-max
    [qwen3-max] 决策: select | 选笑话编号: 2
    评估模型: deepseek-v3.2
    [deepseek-v3.2] 决策: select | 选笑话编号: 4
    评估模型: kimi-k2.5
    [kimi-k2.5] 决策: create | 选笑话编号: None

  Item完成: 耗时49.5s | 总耗时65.9min
  速率限制器状态: 可用令牌=48.0/48
  已保存中间结果 (69 条)

============================================================
处理 zh_0070... (70/1174)

  质量组: high (4个候选笑话)
    评估模型: qwen3-max
    [qwen3-max] 决策: select | 选笑话编号: 2
    评估模型: deepseek-v3.2
    [deepseek-v3.2] 决策: select | 选笑话编号: 2
    评估模型: kimi-k2.5
    [kimi-k2.5] 决策: create | 选笑话编号: None

  质量组: medium (4个候选笑话)
    评估模型: qwen3-max
    [qwen3-max] 决策: select | 选笑话编号: 2
    评估模型: deepseek-v3.2
    [deepseek-v3.2] 决策: select | 选笑话编号: 2
    评估模型: kimi-k2.5
    [API] JSON解析失败: JSON解析失败: Expecting ',' delimiter: line 4 column 41 (char 98), model=kimi-k2.5
    [kimi-k2.5] 决策:  | 选笑话编号: ?

  质量组: low (4个候选笑话)
    评估模型: qwen3-max
    [qwen3-max] 决策: create | 选笑话编号: None
    评估模型: deepseek-v3.2
    [deepseek-v3.2] 决策: select | 选笑话编号: 2
    评估模型: kimi-k2.5
    [API] JSON解析失败: JSON解析失败: Expecting ',' delimiter: line 4 column 91 (char 148), model=kimi-k2.5
    [kimi-k2.5] 决策:  | 选笑话编号: ?

  Item完成: 耗时55.7s | 总耗时66.9min
  速率限制器状态: 可用令牌=48.0/48
  已保存中间结果 (70 条)

============================================================
处理 zh_0071... (71/1174)

  质量组: high (4个候选笑话)
    评估模型: qwen3-max
    [qwen3-max] 决策: select | 选笑话编号: 2
    评估模型: deepseek-v3.2
    [deepseek-v3.2] 决策: select | 选笑话编号: 2
    评估模型: kimi-k2.5
    [kimi-k2.5] 决策: create | 选笑话编号: None

  质量组: medium (4个候选笑话)
    评估模型: qwen3-max
    [qwen3-max] 决策: select | 选笑话编号: 1
    评估模型: deepseek-v3.2
    [deepseek-v3.2] 决策: select | 选笑话编号: 1
    评估模型: kimi-k2.5
    [kimi-k2.5] 决策: create | 选笑话编号: None

  质量组: low (4个候选笑话)
    评估模型: qwen3-max
    [qwen3-max] 决策: create | 选笑话编号: None
    评估模型: deepseek-v3.2
    [deepseek-v3.2] 决策: select | 选笑话编号: 2
    评估模型: kimi-k2.5
    [kimi-k2.5] 决策: create | 选笑话编号: None

  Item完成: 耗时53.3s | 总耗时67.7min
  速率限制器状态: 可用令牌=48.0/48
  已保存中间结果 (71 条)

============================================================
处理 zh_0072... (72/1174)

  质量组: high (4个候选笑话)
    评估模型: qwen3-max
    [qwen3-max] 决策: select | 选笑话编号: 4
    评估模型: deepseek-v3.2
    [deepseek-v3.2] 决策: select | 选笑话编号: 2
    评估模型: kimi-k2.5
    [kimi-k2.5] 决策: create | 选笑话编号: None

  质量组: medium (4个候选笑话)
    评估模型: qwen3-max
    [qwen3-max] 决策: select | 选笑话编号: 4
    评估模型: deepseek-v3.2
    [deepseek-v3.2] 决策: select | 选笑话编号: 2
    评估模型: kimi-k2.5
    [kimi-k2.5] 决策: create | 选笑话编号: None

  质量组: low (4个候选笑话)
    评估模型: qwen3-max
    [qwen3-max] 决策: select | 选笑话编号: 1
    评估模型: deepseek-v3.2
    [deepseek-v3.2] 决策: select | 选笑话编号: 1
    评估模型: kimi-k2.5
    [kimi-k2.5] 决策: create | 选笑话编号: None

  Item完成: 耗时55.6s | 总耗时68.7min
  速率限制器状态: 可用令牌=48.0/48
  已保存中间结果 (72 条)

============================================================
处理 zh_0073... (73/1174)

  质量组: high (4个候选笑话)
    评估模型: qwen3-max
    [qwen3-max] 决策: select | 选笑话编号: 2
    评估模型: deepseek-v3.2
    [deepseek-v3.2] 决策: select | 选笑话编号: 2
    评估模型: kimi-k2.5
    [kimi-k2.5] 决策: create | 选笑话编号: None

  质量组: medium (4个候选笑话)
    评估模型: qwen3-max
    [qwen3-max] 决策: select | 选笑话编号: 2
    评估模型: deepseek-v3.2
    [deepseek-v3.2] 决策: select | 选笑话编号: 1
    评估模型: kimi-k2.5
    [kimi-k2.5] 决策: create | 选笑话编号: None

  质量组: low (4个候选笑话)
    评估模型: qwen3-max
    [qwen3-max] 决策: select | 选笑话编号: 1
    评估模型: deepseek-v3.2
    [deepseek-v3.2] 决策: select | 选笑话编号: 2
    评估模型: kimi-k2.5
    [kimi-k2.5] 决策: create | 选笑话编号: None

  Item完成: 耗时55.2s | 总耗时69.6min
  速率限制器状态: 可用令牌=48.0/48
  已保存中间结果 (73 条)

============================================================
处理 zh_0074... (74/1174)

  质量组: high (4个候选笑话)
    评估模型: qwen3-max
    [qwen3-max] 决策: select | 选笑话编号: 3
    评估模型: deepseek-v3.2
    [deepseek-v3.2] 决策: select | 选笑话编号: 3
    评估模型: kimi-k2.5
    [kimi-k2.5] 决策: create | 选笑话编号: None

  质量组: medium (4个候选笑话)
    评估模型: qwen3-max
    [qwen3-max] 决策: select | 选笑话编号: 2
    评估模型: deepseek-v3.2
    [deepseek-v3.2] 决策: select | 选笑话编号: 2
    评估模型: kimi-k2.5
    [kimi-k2.5] 决策: select | 选笑话编号: 2

  质量组: low (4个候选笑话)
    评估模型: qwen3-max
    [qwen3-max] 决策: select | 选笑话编号: 4
    评估模型: deepseek-v3.2
    [deepseek-v3.2] 决策: select | 选笑话编号: 4
    评估模型: kimi-k2.5
    [API] JSON解析失败: JSON解析失败: Expecting ',' delimiter: line 4 column 95 (char 152), model=kimi-k2.5
    [kimi-k2.5] 决策:  | 选笑话编号: ?

  Item完成: 耗时54.5s | 总耗时70.5min
  速率限制器状态: 可用令牌=48.0/48
  已保存中间结果 (74 条)

============================================================
处理 zh_0075... (75/1174)

  质量组: high (4个候选笑话)
    评估模型: qwen3-max
    [qwen3-max] 决策: select | 选笑话编号: 1
    评估模型: deepseek-v3.2
    [deepseek-v3.2] 决策: select | 选笑话编号: 1
    评估模型: kimi-k2.5
    [kimi-k2.5] 决策: create | 选笑话编号: None

  质量组: medium (4个候选笑话)
    评估模型: qwen3-max
    [qwen3-max] 决策: select | 选笑话编号: 2
    评估模型: deepseek-v3.2
    [deepseek-v3.2] 决策: select | 选笑话编号: 1
    评估模型: kimi-k2.5
    [kimi-k2.5] 决策: create | 选笑话编号: None

  质量组: low (4个候选笑话)
    评估模型: qwen3-max
    [qwen3-max] 决策: select | 选笑话编号: 3
    评估模型: deepseek-v3.2
    [deepseek-v3.2] 决策: create | 选笑话编号: None
    评估模型: kimi-k2.5
    [API] JSON解析失败: JSON解析失败: Expecting ',' delimiter: line 4 column 88 (char 145), model=kimi-k2.5
    [kimi-k2.5] 决策:  | 选笑话编号: ?

  Item完成: 耗时54.7s | 总耗时71.4min
  速率限制器状态: 可用令牌=48.0/48
  已保存中间结果 (75 条)

============================================================
处理 zh_0076... (76/1174)

  质量组: high (4个候选笑话)
    评估模型: qwen3-max
    [qwen3-max] 决策: select | 选笑话编号: 1
    评估模型: deepseek-v3.2
    [deepseek-v3.2] 决策: select | 选笑话编号: 3
    评估模型: kimi-k2.5
    [kimi-k2.5] 决策: create | 选笑话编号: None

  质量组: medium (4个候选笑话)
    评估模型: qwen3-max
    [qwen3-max] 决策: select | 选笑话编号: 1
    评估模型: deepseek-v3.2
    [deepseek-v3.2] 决策: select | 选笑话编号: 4
    评估模型: kimi-k2.5
    [kimi-k2.5] 决策: select | 选笑话编号: 1

  质量组: low (4个候选笑话)
    评估模型: qwen3-max
    [qwen3-max] 决策: create | 选笑话编号: None
    评估模型: deepseek-v3.2
    [deepseek-v3.2] 决策: select | 选笑话编号: 2
    评估模型: kimi-k2.5
    [kimi-k2.5] 决策: create | 选笑话编号: None

  Item完成: 耗时55.8s | 总耗时72.3min
  速率限制器状态: 可用令牌=48.0/48
  已保存中间结果 (76 条)

============================================================
处理 zh_0077... (77/1174)

  质量组: high (4个候选笑话)
    评估模型: qwen3-max
    [qwen3-max] 决策: select | 选笑话编号: 3
    评估模型: deepseek-v3.2
    [deepseek-v3.2] 决策: select | 选笑话编号: 4
    评估模型: kimi-k2.5
    [kimi-k2.5] 决策: select | 选笑话编号: 3

  质量组: medium (4个候选笑话)
    评估模型: qwen3-max
    [qwen3-max] 决策: select | 选笑话编号: 4
    评估模型: deepseek-v3.2
    [deepseek-v3.2] 决策: select | 选笑话编号: 4
    评估模型: kimi-k2.5
    [API] JSON解析失败: JSON解析失败: Expecting ',' delimiter: line 4 column 55 (char 112), model=kimi-k2.5
    [kimi-k2.5] 决策:  | 选笑话编号: ?

  质量组: low (4个候选笑话)
    评估模型: qwen3-max
    [qwen3-max] 决策: select | 选笑话编号: 1
    评估模型: deepseek-v3.2
    [deepseek-v3.2] 决策: select | 选笑话编号: 1
    评估模型: kimi-k2.5
    [kimi-k2.5] 决策: create | 选笑话编号: None

  Item完成: 耗时58.6s | 总耗时73.3min
  速率限制器状态: 可用令牌=48.0/48
  已保存中间结果 (77 条)

============================================================
处理 zh_0078... (78/1174)

  质量组: high (4个候选笑话)
    评估模型: qwen3-max
    [qwen3-max] 决策: select | 选笑话编号: 2
    评估模型: deepseek-v3.2
    [deepseek-v3.2] 决策: select | 选笑话编号: 4
    评估模型: kimi-k2.5
    [kimi-k2.5] 决策: create | 选笑话编号: None

  质量组: medium (4个候选笑话)
    评估模型: qwen3-max
    [qwen3-max] 决策: select | 选笑话编号: 2
    评估模型: deepseek-v3.2
    [deepseek-v3.2] 决策: select | 选笑话编号: 4
    评估模型: kimi-k2.5
    [kimi-k2.5] 决策: select | 选笑话编号: 2

  质量组: low (4个候选笑话)
    评估模型: qwen3-max
    [qwen3-max] 决策: create | 选笑话编号: None
    评估模型: deepseek-v3.2
    [deepseek-v3.2] 决策: select | 选笑话编号: 3
    评估模型: kimi-k2.5
    [kimi-k2.5] 决策: create | 选笑话编号: None

  Item完成: 耗时53.6s | 总耗时74.2min
  速率限制器状态: 可用令牌=48.0/48
  已保存中间结果 (78 条)

============================================================
处理 zh_0079... (79/1174)

  质量组: high (4个候选笑话)
    评估模型: qwen3-max
    [qwen3-max] 决策: select | 选笑话编号: 2
    评估模型: deepseek-v3.2
    [deepseek-v3.2] 决策: select | 选笑话编号: 1
    评估模型: kimi-k2.5
    [API] JSON解析失败: JSON解析失败: Expecting ',' delimiter: line 5 column 48 (char 248), model=kimi-k2.5
    [kimi-k2.5] 决策:  | 选笑话编号: ?

  质量组: medium (4个候选笑话)
    评估模型: qwen3-max
    [qwen3-max] 决策: select | 选笑话编号: 2
    评估模型: deepseek-v3.2
    [deepseek-v3.2] 决策: select | 选笑话编号: 2
    评估模型: kimi-k2.5
    [API] JSON解析失败: JSON解析失败: Expecting ',' delimiter: line 4 column 47 (char 104), model=kimi-k2.5
    [kimi-k2.5] 决策:  | 选笑话编号: ?

  质量组: low (4个候选笑话)
    评估模型: qwen3-max
    [qwen3-max] 决策: select | 选笑话编号: 1
    评估模型: deepseek-v3.2
    [deepseek-v3.2] 决策: select | 选笑话编号: 1
    评估模型: kimi-k2.5
    [kimi-k2.5] 决策: create | 选笑话编号: None

  Item完成: 耗时61.9s | 总耗时75.3min
  速率限制器状态: 可用令牌=48.0/48
  已保存中间结果 (79 条)

============================================================
处理 zh_0080... (80/1174)

  质量组: high (4个候选笑话)
    评估模型: qwen3-max
    [qwen3-max] 决策: select | 选笑话编号: 2
    评估模型: deepseek-v3.2
    [deepseek-v3.2] 决策: select | 选笑话编号: 2
    评估模型: kimi-k2.5
    [kimi-k2.5] 决策: select | 选笑话编号: 2

  质量组: medium (4个候选笑话)
    评估模型: qwen3-max
    [qwen3-max] 决策: select | 选笑话编号: 4
    评估模型: deepseek-v3.2
    [deepseek-v3.2] 决策: select | 选笑话编号: 4
    评估模型: kimi-k2.5
    [kimi-k2.5] 决策: create | 选笑话编号: None

  质量组: low (4个候选笑话)
    评估模型: qwen3-max
    [qwen3-max] 决策: select | 选笑话编号: 1
    评估模型: deepseek-v3.2
    [deepseek-v3.2] 决策: select | 选笑话编号: 2
    评估模型: kimi-k2.5
    [API] JSON解析失败: JSON解析失败: Expecting ',' delimiter: line 5 column 30 (char 215), model=kimi-k2.5
    [kimi-k2.5] 决策:  | 选笑话编号: ?

  Item完成: 耗时53.6s | 总耗时76.1min
  速率限制器状态: 可用令牌=48.0/48
  已保存中间结果 (80 条)

============================================================
处理 zh_0081... (81/1174)

  质量组: high (4个候选笑话)
    评估模型: qwen3-max
    [qwen3-max] 决策: select | 选笑话编号: 2
    评估模型: deepseek-v3.2
    [deepseek-v3.2] 决策: select | 选笑话编号: 2
    评估模型: kimi-k2.5
    [kimi-k2.5] 决策: select | 选笑话编号: 2

  质量组: medium (4个候选笑话)
    评估模型: qwen3-max
    [qwen3-max] 决策: select | 选笑话编号: 2
    评估模型: deepseek-v3.2
    [deepseek-v3.2] 决策: select | 选笑话编号: 2
    评估模型: kimi-k2.5
    [kimi-k2.5] 决策: select | 选笑话编号: 2

  质量组: low (4个候选笑话)
    评估模型: qwen3-max
    [qwen3-max] 决策: create | 选笑话编号: None
    评估模型: deepseek-v3.2
    [deepseek-v3.2] 决策: select | 选笑话编号: 1
    评估模型: kimi-k2.5
    [kimi-k2.5] 决策: create | 选笑话编号: None

  Item完成: 耗时57.3s | 总耗时77.1min
  速率限制器状态: 可用令牌=48.0/48
  已保存中间结果 (81 条)

============================================================
处理 zh_0082... (82/1174)

  质量组: high (4个候选笑话)
    评估模型: qwen3-max
    [qwen3-max] 决策: select | 选笑话编号: 2
    评估模型: deepseek-v3.2
    [deepseek-v3.2] 决策: select | 选笑话编号: 1
    评估模型: kimi-k2.5
    [kimi-k2.5] 决策: create | 选笑话编号: None

  质量组: medium (4个候选笑话)
    评估模型: qwen3-max
    [qwen3-max] 决策: select | 选笑话编号: 2
    评估模型: deepseek-v3.2
    [deepseek-v3.2] 决策: select | 选笑话编号: 2
    评估模型: kimi-k2.5
    [API] JSON解析失败: JSON解析失败: Expecting ',' delimiter: line 4 column 49 (char 103), model=kimi-k2.5
    [kimi-k2.5] 决策:  | 选笑话编号: ?

  质量组: low (4个候选笑话)
    评估模型: qwen3-max
    [qwen3-max] 决策: select | 选笑话编号: 2
    评估模型: deepseek-v3.2
    [deepseek-v3.2] 决策: create | 选笑话编号: None
    评估模型: kimi-k2.5
    [kimi-k2.5] 决策: create | 选笑话编号: None

  Item完成: 耗时62.4s | 总耗时78.1min
  速率限制器状态: 可用令牌=48.0/48
  已保存中间结果 (82 条)

============================================================
处理 zh_0083... (83/1174)

  质量组: high (4个候选笑话)
    评估模型: qwen3-max
    [qwen3-max] 决策: select | 选笑话编号: 2
    评估模型: deepseek-v3.2
    [deepseek-v3.2] 决策: select | 选笑话编号: 3
    评估模型: kimi-k2.5
    [kimi-k2.5] 决策: create | 选笑话编号: None

  质量组: medium (4个候选笑话)
    评估模型: qwen3-max
    [qwen3-max] 决策: select | 选笑话编号: 1
    评估模型: deepseek-v3.2
    [deepseek-v3.2] 决策: select | 选笑话编号: 1
    评估模型: kimi-k2.5
    [API] JSON解析失败: JSON解析失败: Expecting ',' delimiter: line 5 column 26 (char 203), model=kimi-k2.5
    [kimi-k2.5] 决策:  | 选笑话编号: ?

  质量组: low (4个候选笑话)
    评估模型: qwen3-max
    [qwen3-max] 决策: select | 选笑话编号: 4
    评估模型: deepseek-v3.2
    [deepseek-v3.2] 决策: select | 选笑话编号: 4
    评估模型: kimi-k2.5
    [kimi-k2.5] 决策: create | 选笑话编号: None

  Item完成: 耗时50.8s | 总耗时79.0min
  速率限制器状态: 可用令牌=48.0/48
  已保存中间结果 (83 条)

============================================================
处理 zh_0084... (84/1174)

  质量组: high (4个候选笑话)
    评估模型: qwen3-max
    [qwen3-max] 决策: select | 选笑话编号: 2
    评估模型: deepseek-v3.2
    [deepseek-v3.2] 决策: select | 选笑话编号: 2
    评估模型: kimi-k2.5
    [kimi-k2.5] 决策: create | 选笑话编号: None

  质量组: medium (4个候选笑话)
    评估模型: qwen3-max
    [qwen3-max] 决策: select | 选笑话编号: 2
    评估模型: deepseek-v3.2
    [deepseek-v3.2] 决策: select | 选笑话编号: 1
    评估模型: kimi-k2.5
    [API] JSON解析失败: JSON解析失败: Expecting ',' delimiter: line 5 column 26 (char 195), model=kimi-k2.5
    [kimi-k2.5] 决策:  | 选笑话编号: ?

  质量组: low (4个候选笑话)
    评估模型: qwen3-max
    [qwen3-max] 决策: select | 选笑话编号: 4
    评估模型: deepseek-v3.2
    [deepseek-v3.2] 决策: select | 选笑话编号: 4
    评估模型: kimi-k2.5
    [kimi-k2.5] 决策: create | 选笑话编号: None

  Item完成: 耗时48.7s | 总耗时79.8min
  速率限制器状态: 可用令牌=48.0/48
  已保存中间结果 (84 条)

============================================================
处理 zh_0085... (85/1174)

  质量组: high (4个候选笑话)
    评估模型: qwen3-max
    [qwen3-max] 决策: select | 选笑话编号: 1
    评估模型: deepseek-v3.2
    [deepseek-v3.2] 决策: select | 选笑话编号: 1
    评估模型: kimi-k2.5
    [API] JSON解析失败: JSON解析失败: Expecting ',' delimiter: line 4 column 87 (char 144), model=kimi-k2.5
    [kimi-k2.5] 决策:  | 选笑话编号: ?

  质量组: medium (4个候选笑话)
    评估模型: qwen3-max
    [qwen3-max] 决策: select | 选笑话编号: 1
    评估模型: deepseek-v3.2
    [deepseek-v3.2] 决策: select | 选笑话编号: 4
    评估模型: kimi-k2.5
    [kimi-k2.5] 决策: create | 选笑话编号: None

  质量组: low (4个候选笑话)
    评估模型: qwen3-max
    [qwen3-max] 决策: create | 选笑话编号: None
    评估模型: deepseek-v3.2
    [deepseek-v3.2] 决策: create | 选笑话编号: None
    评估模型: kimi-k2.5
    [API] JSON解析失败: JSON解析失败: Expecting ',' delimiter: line 4 column 99 (char 156), model=kimi-k2.5
    [kimi-k2.5] 决策:  | 选笑话编号: ?

  Item完成: 耗时55.2s | 总耗时80.7min
  速率限制器状态: 可用令牌=48.0/48
  已保存中间结果 (85 条)

============================================================
处理 zh_0086... (86/1174)

  质量组: high (4个候选笑话)
    评估模型: qwen3-max
    [qwen3-max] 决策: select | 选笑话编号: 1
    评估模型: deepseek-v3.2
    [deepseek-v3.2] 决策: select | 选笑话编号: 2
    评估模型: kimi-k2.5
    [API] JSON解析失败: JSON解析失败: Expecting ',' delimiter: line 4 column 35 (char 92), model=kimi-k2.5
    [kimi-k2.5] 决策:  | 选笑话编号: ?

  质量组: medium (4个候选笑话)
    评估模型: qwen3-max
    [qwen3-max] 决策: select | 选笑话编号: 4
    评估模型: deepseek-v3.2
    [deepseek-v3.2] 决策: select | 选笑话编号: 4
    评估模型: kimi-k2.5
    [kimi-k2.5] 决策: create | 选笑话编号: None

  质量组: low (4个候选笑话)
    评估模型: qwen3-max
    [qwen3-max] 决策: create | 选笑话编号: None
    评估模型: deepseek-v3.2
    [deepseek-v3.2] 决策: select | 选笑话编号: 4
    评估模型: kimi-k2.5
    [API] JSON解析失败: JSON解析失败: Expecting ',' delimiter: line 4 column 37 (char 94), model=kimi-k2.5
    [kimi-k2.5] 决策:  | 选笑话编号: ?

  Item完成: 耗时53.4s | 总耗时81.6min
  速率限制器状态: 可用令牌=48.0/48
  已保存中间结果 (86 条)

============================================================
处理 zh_0087... (87/1174)

  质量组: high (4个候选笑话)
    评估模型: qwen3-max
    [qwen3-max] 决策: select | 选笑话编号: 4
    评估模型: deepseek-v3.2
    [deepseek-v3.2] 决策: create | 选笑话编号: None
    评估模型: kimi-k2.5
    [kimi-k2.5] 决策: create | 选笑话编号: None

  质量组: medium (4个候选笑话)
    评估模型: qwen3-max
    [qwen3-max] 决策: select | 选笑话编号: 1
    评估模型: deepseek-v3.2
    [deepseek-v3.2] 决策: select | 选笑话编号: 1
    评估模型: kimi-k2.5
    [kimi-k2.5] 决策: create | 选笑话编号: None

  质量组: low (4个候选笑话)
    评估模型: qwen3-max
    [qwen3-max] 决策: create | 选笑话编号: None
    评估模型: deepseek-v3.2
    [deepseek-v3.2] 决策: select | 选笑话编号: 2
    评估模型: kimi-k2.5
    [kimi-k2.5] 决策: create | 选笑话编号: None

  Item完成: 耗时45.2s | 总耗时82.4min
  速率限制器状态: 可用令牌=48.0/48
  已保存中间结果 (87 条)

============================================================
处理 zh_0088... (88/1174)

  质量组: high (4个候选笑话)
    评估模型: qwen3-max
    [qwen3-max] 决策: select | 选笑话编号: 4
    评估模型: deepseek-v3.2
    [deepseek-v3.2] 决策: create | 选笑话编号: None
    评估模型: kimi-k2.5
    [kimi-k2.5] 决策: create | 选笑话编号: None

  质量组: medium (4个候选笑话)
    评估模型: qwen3-max
    [qwen3-max] 决策: create | 选笑话编号: None
    评估模型: deepseek-v3.2
    [deepseek-v3.2] 决策: select | 选笑话编号: 1
    评估模型: kimi-k2.5
    [kimi-k2.5] 决策: create | 选笑话编号: None

  质量组: low (4个候选笑话)
    评估模型: qwen3-max
    [qwen3-max] 决策: create | 选笑话编号: None
    评估模型: deepseek-v3.2
    [deepseek-v3.2] 决策: create | 选笑话编号: None
    评估模型: kimi-k2.5
    [kimi-k2.5] 决策: create | 选笑话编号: None

  Item完成: 耗时50.1s | 总耗时83.2min
  速率限制器状态: 可用令牌=48.0/48
  已保存中间结果 (88 条)

============================================================
处理 zh_0089... (89/1174)

  质量组: high (4个候选笑话)
    评估模型: qwen3-max
    [qwen3-max] 决策: select | 选笑话编号: 2
    评估模型: deepseek-v3.2
    [deepseek-v3.2] 决策: select | 选笑话编号: 2
    评估模型: kimi-k2.5
    [kimi-k2.5] 决策: create | 选笑话编号: None

  质量组: medium (4个候选笑话)
    评估模型: qwen3-max
    [qwen3-max] 决策: select | 选笑话编号: 2
    评估模型: deepseek-v3.2
    [deepseek-v3.2] 决策: select | 选笑话编号: 2
    评估模型: kimi-k2.5
    [kimi-k2.5] 决策: create | 选笑话编号: None

  质量组: low (4个候选笑话)
    评估模型: qwen3-max
    [qwen3-max] 决策: create | 选笑话编号: None
    评估模型: deepseek-v3.2
    [deepseek-v3.2] 决策: select | 选笑话编号: 1
    评估模型: kimi-k2.5
    [kimi-k2.5] 决策: create | 选笑话编号: None

  Item完成: 耗时55.0s | 总耗时84.1min
  速率限制器状态: 可用令牌=48.0/48
  已保存中间结果 (89 条)

============================================================
处理 zh_0090... (90/1174)

  质量组: high (4个候选笑话)
    评估模型: qwen3-max
    [qwen3-max] 决策: select | 选笑话编号: 2
    评估模型: deepseek-v3.2
    [deepseek-v3.2] 决策: select | 选笑话编号: 3
    评估模型: kimi-k2.5
    [kimi-k2.5] 决策: create | 选笑话编号: None

  质量组: medium (4个候选笑话)
    评估模型: qwen3-max
    [qwen3-max] 决策: select | 选笑话编号: 1
    评估模型: deepseek-v3.2
    [deepseek-v3.2] 决策: select | 选笑话编号: 4
    评估模型: kimi-k2.5
    [kimi-k2.5] 决策: create | 选笑话编号: None

  质量组: low (4个候选笑话)
    评估模型: qwen3-max
    [qwen3-max] 决策: select | 选笑话编号: 4
    评估模型: deepseek-v3.2
    [deepseek-v3.2] 决策: select | 选笑话编号: 4
    评估模型: kimi-k2.5
    [kimi-k2.5] 决策: create | 选笑话编号: None

  Item完成: 耗时45.3s | 总耗时84.9min
  速率限制器状态: 可用令牌=48.0/48
  已保存中间结果 (90 条)

============================================================
处理 zh_0091... (91/1174)

  质量组: high (4个候选笑话)
    评估模型: qwen3-max
    [qwen3-max] 决策: select | 选笑话编号: 2
    评估模型: deepseek-v3.2
    [deepseek-v3.2] 决策: select | 选笑话编号: 2
    评估模型: kimi-k2.5
    [kimi-k2.5] 决策: create | 选笑话编号: None

  质量组: medium (4个候选笑话)
    评估模型: qwen3-max
    [qwen3-max] 决策: select | 选笑话编号: 2
    评估模型: deepseek-v3.2
    [API] JSON解析失败: JSON解析失败: Invalid control character at: line 5 column 135 (char 282), model=deepseek-v3.2
    [deepseek-v3.2] 决策:  | 选笑话编号: ?
    评估模型: kimi-k2.5
    [kimi-k2.5] 决策: create | 选笑话编号: None

  质量组: low (4个候选笑话)
    评估模型: qwen3-max
    [qwen3-max] 决策: create | 选笑话编号: None
    评估模型: deepseek-v3.2
    [deepseek-v3.2] 决策: select | 选笑话编号: 1
    评估模型: kimi-k2.5
    [kimi-k2.5] 决策: create | 选笑话编号: None

  Item完成: 耗时64.4s | 总耗时86.0min
  速率限制器状态: 可用令牌=48.0/48
  已保存中间结果 (91 条)

============================================================
处理 zh_0092... (92/1174)

  质量组: high (4个候选笑话)
    评估模型: qwen3-max
    [qwen3-max] 决策: select | 选笑话编号: 4
    评估模型: deepseek-v3.2
    [deepseek-v3.2] 决策: select | 选笑话编号: 3
    评估模型: kimi-k2.5
    [kimi-k2.5] 决策: create | 选笑话编号: None

  质量组: medium (4个候选笑话)
    评估模型: qwen3-max
    [qwen3-max] 决策: select | 选笑话编号: 4
    评估模型: deepseek-v3.2
    [deepseek-v3.2] 决策: select | 选笑话编号: 4
    评估模型: kimi-k2.5
    [API] JSON解析失败: JSON解析失败: Expecting ',' delimiter: line 4 column 41 (char 98), model=kimi-k2.5
    [kimi-k2.5] 决策:  | 选笑话编号: ?

  质量组: low (4个候选笑话)
    评估模型: qwen3-max
    [qwen3-max] 决策: select | 选笑话编号: 1
    评估模型: deepseek-v3.2
    [deepseek-v3.2] 决策: create | 选笑话编号: None
    评估模型: kimi-k2.5
    [kimi-k2.5] 决策: create | 选笑话编号: None

  Item完成: 耗时54.4s | 总耗时86.9min
  速率限制器状态: 可用令牌=48.0/48
  已保存中间结果 (92 条)

============================================================
处理 zh_0093... (93/1174)

  质量组: high (4个候选笑话)
    评估模型: qwen3-max
    [qwen3-max] 决策: select | 选笑话编号: 3
    评估模型: deepseek-v3.2
    [deepseek-v3.2] 决策: select | 选笑话编号: 4
    评估模型: kimi-k2.5
    [kimi-k2.5] 决策: select | 选笑话编号: 3

  质量组: medium (4个候选笑话)
    评估模型: qwen3-max
    [qwen3-max] 决策: select | 选笑话编号: 4
    评估模型: deepseek-v3.2
    [deepseek-v3.2] 决策: select | 选笑话编号: 4
    评估模型: kimi-k2.5
    [kimi-k2.5] 决策: create | 选笑话编号: None

  质量组: low (4个候选笑话)
    评估模型: qwen3-max
    [qwen3-max] 决策: select | 选笑话编号: 1
    评估模型: deepseek-v3.2
    [deepseek-v3.2] 决策: select | 选笑话编号: 3
    评估模型: kimi-k2.5
    [kimi-k2.5] 决策: create | 选笑话编号: None

  Item完成: 耗时53.4s | 总耗时87.8min
  速率限制器状态: 可用令牌=48.0/48
  已保存中间结果 (93 条)

============================================================
处理 zh_0094... (94/1174)

  质量组: high (4个候选笑话)
    评估模型: qwen3-max
    [qwen3-max] 决策: select | 选笑话编号: 3
    评估模型: deepseek-v3.2
    [deepseek-v3.2] 决策: select | 选笑话编号: 4
    评估模型: kimi-k2.5
    [kimi-k2.5] 决策: create | 选笑话编号: None

  质量组: medium (4个候选笑话)
    评估模型: qwen3-max
    [qwen3-max] 决策: select | 选笑话编号: 2
    评估模型: deepseek-v3.2
    [deepseek-v3.2] 决策: select | 选笑话编号: 3
    评估模型: kimi-k2.5
    [kimi-k2.5] 决策: create | 选笑话编号: None

  质量组: low (4个候选笑话)
    评估模型: qwen3-max
    [qwen3-max] 决策: select | 选笑话编号: 1
    评估模型: deepseek-v3.2
    [deepseek-v3.2] 决策: select | 选笑话编号: 1
    评估模型: kimi-k2.5
    [kimi-k2.5] 决策: create | 选笑话编号: None

  Item完成: 耗时56.2s | 总耗时88.7min
  速率限制器状态: 可用令牌=48.0/48
  已保存中间结果 (94 条)

============================================================
处理 zh_0095... (95/1174)

  质量组: high (4个候选笑话)
    评估模型: qwen3-max
    [qwen3-max] 决策: select | 选笑话编号: 3
    评估模型: deepseek-v3.2
    [deepseek-v3.2] 决策: select | 选笑话编号: 3
    评估模型: kimi-k2.5
    [kimi-k2.5] 决策: create | 选笑话编号: None

  质量组: medium (4个候选笑话)
    评估模型: qwen3-max
    [qwen3-max] 决策: select | 选笑话编号: 2
    评估模型: deepseek-v3.2
    [deepseek-v3.2] 决策: select | 选笑话编号: 2
    评估模型: kimi-k2.5
    [kimi-k2.5] 决策: select | 选笑话编号: 2

  质量组: low (4个候选笑话)
    评估模型: qwen3-max
    [qwen3-max] 决策: create | 选笑话编号: None
    评估模型: deepseek-v3.2
    [deepseek-v3.2] 决策: select | 选笑话编号: 4
    评估模型: kimi-k2.5
    [kimi-k2.5] 决策: create | 选笑话编号: None

  Item完成: 耗时55.2s | 总耗时89.6min
  速率限制器状态: 可用令牌=48.0/48
  已保存中间结果 (95 条)

============================================================
处理 zh_0096... (96/1174)

  质量组: high (4个候选笑话)
    评估模型: qwen3-max
    [qwen3-max] 决策: select | 选笑话编号: 1
    评估模型: deepseek-v3.2
    [deepseek-v3.2] 决策: select | 选笑话编号: 1
    评估模型: kimi-k2.5
    [kimi-k2.5] 决策: create | 选笑话编号: None

  质量组: medium (4个候选笑话)
    评估模型: qwen3-max
    [qwen3-max] 决策: select | 选笑话编号: 3
    评估模型: deepseek-v3.2
    [deepseek-v3.2] 决策: select | 选笑话编号: 2
    评估模型: kimi-k2.5
    [kimi-k2.5] 决策: create | 选笑话编号: None

  质量组: low (4个候选笑话)
    评估模型: qwen3-max
    [qwen3-max] 决策: select | 选笑话编号: 1
    评估模型: deepseek-v3.2
    [deepseek-v3.2] 决策: select | 选笑话编号: 1
    评估模型: kimi-k2.5
    [kimi-k2.5] 决策: create | 选笑话编号: None

  Item完成: 耗时61.9s | 总耗时90.6min
  速率限制器状态: 可用令牌=48.0/48
  已保存中间结果 (96 条)

============================================================
处理 zh_0097... (97/1174)

  质量组: high (4个候选笑话)
    评估模型: qwen3-max
    [qwen3-max] 决策: select | 选笑话编号: 4
    评估模型: deepseek-v3.2
    [deepseek-v3.2] 决策: select | 选笑话编号: 4
    评估模型: kimi-k2.5
    [kimi-k2.5] 决策: select | 选笑话编号: 4

  质量组: medium (4个候选笑话)
    评估模型: qwen3-max
    [qwen3-max] 决策: select | 选笑话编号: 2
    评估模型: deepseek-v3.2
    [deepseek-v3.2] 决策: select | 选笑话编号: 2
    评估模型: kimi-k2.5
    [kimi-k2.5] 决策: create | 选笑话编号: None

  质量组: low (4个候选笑话)
    评估模型: qwen3-max
    [qwen3-max] 决策: create | 选笑话编号: None
    评估模型: deepseek-v3.2
    [deepseek-v3.2] 决策: create | 选笑话编号: None
    评估模型: kimi-k2.5
    [kimi-k2.5] 决策: create | 选笑话编号: None

  Item完成: 耗时57.7s | 总耗时91.6min
  速率限制器状态: 可用令牌=48.0/48
  已保存中间结果 (97 条)

============================================================
处理 zh_0098... (98/1174)

  质量组: high (4个候选笑话)
    评估模型: qwen3-max
    [qwen3-max] 决策: select | 选笑话编号: 4
    评估模型: deepseek-v3.2
    [deepseek-v3.2] 决策: select | 选笑话编号: 4
    评估模型: kimi-k2.5
    [kimi-k2.5] 决策: create | 选笑话编号: None

  质量组: medium (4个候选笑话)
    评估模型: qwen3-max
    [qwen3-max] 决策: select | 选笑话编号: 4
    评估模型: deepseek-v3.2
    [deepseek-v3.2] 决策: select | 选笑话编号: 4
    评估模型: kimi-k2.5
    [kimi-k2.5] 决策: create | 选笑话编号: None

  质量组: low (4个候选笑话)
    评估模型: qwen3-max
    [qwen3-max] 决策: select | 选笑话编号: 3
    评估模型: deepseek-v3.2
    [deepseek-v3.2] 决策: select | 选笑话编号: 3
    评估模型: kimi-k2.5
    [kimi-k2.5] 决策: create | 选笑话编号: None

  Item完成: 耗时51.9s | 总耗时92.5min
  速率限制器状态: 可用令牌=48.0/48
  已保存中间结果 (98 条)

============================================================
处理 zh_0099... (99/1174)

  质量组: high (4个候选笑话)
    评估模型: qwen3-max
    [qwen3-max] 决策: select | 选笑话编号: 4
    评估模型: deepseek-v3.2
    [deepseek-v3.2] 决策: select | 选笑话编号: 4
    评估模型: kimi-k2.5
    [kimi-k2.5] 决策: create | 选笑话编号: None

  质量组: medium (4个候选笑话)
    评估模型: qwen3-max
    [qwen3-max] 决策: select | 选笑话编号: 4
    评估模型: deepseek-v3.2
    [deepseek-v3.2] 决策: select | 选笑话编号: 4
    评估模型: kimi-k2.5
    [kimi-k2.5] 决策: select | 选笑话编号: 4

  质量组: low (4个候选笑话)
    评估模型: qwen3-max
    [qwen3-max] 决策: select | 选笑话编号: 4
    评估模型: deepseek-v3.2
    [deepseek-v3.2] 决策: create | 选笑话编号: None
    评估模型: kimi-k2.5
    [kimi-k2.5] 决策: create | 选笑话编号: None

  Item完成: 耗时55.9s | 总耗时93.4min
  速率限制器状态: 可用令牌=48.0/48
  已保存中间结果 (99 条)

============================================================
处理 zh_0100... (100/1174)

  质量组: high (4个候选笑话)
    评估模型: qwen3-max
    [qwen3-max] 决策: select | 选笑话编号: 2
    评估模型: deepseek-v3.2
    [deepseek-v3.2] 决策: select | 选笑话编号: 2
    评估模型: kimi-k2.5
    [kimi-k2.5] 决策: select | 选笑话编号: 2

  质量组: medium (4个候选笑话)
    评估模型: qwen3-max
    [qwen3-max] 决策: select | 选笑话编号: 2
    评估模型: deepseek-v3.2
    [deepseek-v3.2] 决策: select | 选笑话编号: 2
    评估模型: kimi-k2.5
    [kimi-k2.5] 决策: create | 选笑话编号: None

  质量组: low (4个候选笑话)
    评估模型: qwen3-max
    [qwen3-max] 决策: select | 选笑话编号: 1
    评估模型: deepseek-v3.2
    [deepseek-v3.2] 决策: select | 选笑话编号: 4
    评估模型: kimi-k2.5
    [kimi-k2.5] 决策: create | 选笑话编号: None

  Item完成: 耗时56.2s | 总耗时94.3min
  速率限制器状态: 可用令牌=48.0/48
  已保存中间结果 (100 条)

============================================================
处理 zh_0201... (101/1174)

  质量组: high (4个候选笑话)
    评估模型: qwen3-max
    [qwen3-max] 决策: create | 选笑话编号: None
    评估模型: deepseek-v3.2
    [deepseek-v3.2] 决策: select | 选笑话编号: 2
    评估模型: kimi-k2.5
    [kimi-k2.5] 决策: create | 选笑话编号: None

  质量组: medium (4个候选笑话)
    评估模型: qwen3-max
    [qwen3-max] 决策: select | 选笑话编号: 4
    评估模型: deepseek-v3.2
    [deepseek-v3.2] 决策: select | 选笑话编号: 4
    评估模型: kimi-k2.5
    [kimi-k2.5] 决策: create | 选笑话编号: None

  质量组: low (4个候选笑话)
    评估模型: qwen3-max
    [qwen3-max] 决策: create | 选笑话编号: None
    评估模型: deepseek-v3.2
    [deepseek-v3.2] 决策: select | 选笑话编号: 4
    评估模型: kimi-k2.5
    [kimi-k2.5] 决策: create | 选笑话编号: None

  Item完成: 耗时52.5s | 总耗时95.2min
  速率限制器状态: 可用令牌=48.0/48
  已保存中间结果 (101 条)

============================================================
处理 zh_0202... (102/1174)

  质量组: high (4个候选笑话)
    评估模型: qwen3-max
    [qwen3-max] 决策: select | 选笑话编号: 2
    评估模型: deepseek-v3.2
    [deepseek-v3.2] 决策: select | 选笑话编号: 2
    评估模型: kimi-k2.5
    [kimi-k2.5] 决策: select | 选笑话编号: 2

  质量组: medium (4个候选笑话)
    评估模型: qwen3-max
    [qwen3-max] 决策: select | 选笑话编号: 4
    评估模型: deepseek-v3.2
    [deepseek-v3.2] 决策: select | 选笑话编号: 1
    评估模型: kimi-k2.5
    [kimi-k2.5] 决策: create | 选笑话编号: None

  质量组: low (4个候选笑话)
    评估模型: qwen3-max
    [qwen3-max] 决策: create | 选笑话编号: None
    评估模型: deepseek-v3.2
    [deepseek-v3.2] 决策: select | 选笑话编号: 1
    评估模型: kimi-k2.5
    [kimi-k2.5] 决策: create | 选笑话编号: None

  Item完成: 耗时59.3s | 总耗时96.2min
  速率限制器状态: 可用令牌=48.0/48
  已保存中间结果 (102 条)

============================================================
处理 zh_0203... (103/1174)

  质量组: high (4个候选笑话)
    评估模型: qwen3-max
    [qwen3-max] 决策: select | 选笑话编号: 2
    评估模型: deepseek-v3.2
    [deepseek-v3.2] 决策: select | 选笑话编号: 2
    评估模型: kimi-k2.5
    [kimi-k2.5] 决策: create | 选笑话编号: None

  质量组: medium (4个候选笑话)
    评估模型: qwen3-max
    [qwen3-max] 决策: select | 选笑话编号: 1
    评估模型: deepseek-v3.2
    [deepseek-v3.2] 决策: select | 选笑话编号: 1
    评估模型: kimi-k2.5
    [kimi-k2.5] 决策: create | 选笑话编号: None

  质量组: low (4个候选笑话)
    评估模型: qwen3-max
    [qwen3-max] 决策: select | 选笑话编号: 1
    评估模型: deepseek-v3.2
    [deepseek-v3.2] 决策: create | 选笑话编号: None
    评估模型: kimi-k2.5
    [API] JSON解析失败: JSON解析失败: Expecting ',' delimiter: line 4 column 54 (char 111), model=kimi-k2.5
    [kimi-k2.5] 决策:  | 选笑话编号: ?

  Item完成: 耗时54.1s | 总耗时97.1min
  速率限制器状态: 可用令牌=48.0/48
  已保存中间结果 (103 条)

============================================================
处理 zh_0204... (104/1174)

  质量组: high (4个候选笑话)
    评估模型: qwen3-max
    [qwen3-max] 决策: select | 选笑话编号: 4
    评估模型: deepseek-v3.2
    [deepseek-v3.2] 决策: select | 选笑话编号: 4
    评估模型: kimi-k2.5
    [kimi-k2.5] 决策: create | 选笑话编号: None

  质量组: medium (4个候选笑话)
    评估模型: qwen3-max
    [qwen3-max] 决策: select | 选笑话编号: 2
    评估模型: deepseek-v3.2
    [deepseek-v3.2] 决策: select | 选笑话编号: 2
    评估模型: kimi-k2.5
    [kimi-k2.5] 决策: select | 选笑话编号: 2

  质量组: low (4个候选笑话)
    评估模型: qwen3-max
    [qwen3-max] 决策: select | 选笑话编号: 2
    评估模型: deepseek-v3.2
    [deepseek-v3.2] 决策: select | 选笑话编号: 2
    评估模型: kimi-k2.5
    [kimi-k2.5] 决策: create | 选笑话编号: None

  Item完成: 耗时49.7s | 总耗时97.9min
  速率限制器状态: 可用令牌=48.0/48
  已保存中间结果 (104 条)

============================================================
处理 zh_0205... (105/1174)

  质量组: high (4个候选笑话)
    评估模型: qwen3-max
    [qwen3-max] 决策: select | 选笑话编号: 2
    评估模型: deepseek-v3.2
    [deepseek-v3.2] 决策: select | 选笑话编号: 2
    评估模型: kimi-k2.5
    [kimi-k2.5] 决策: create | 选笑话编号: None

  质量组: medium (4个候选笑话)
    评估模型: qwen3-max
    [qwen3-max] 决策: select | 选笑话编号: 1
    评估模型: deepseek-v3.2
    [deepseek-v3.2] 决策: select | 选笑话编号: 2
    评估模型: kimi-k2.5
    [kimi-k2.5] 决策: create | 选笑话编号: None

  质量组: low (4个候选笑话)
    评估模型: qwen3-max
    [qwen3-max] 决策: select | 选笑话编号: 4
    评估模型: deepseek-v3.2
    [deepseek-v3.2] 决策: select | 选笑话编号: 4
    评估模型: kimi-k2.5
    [kimi-k2.5] 决策: create | 选笑话编号: None

  Item完成: 耗时55.4s | 总耗时98.9min
  速率限制器状态: 可用令牌=48.0/48
  已保存中间结果 (105 条)

============================================================
处理 zh_0206... (106/1174)

  质量组: high (4个候选笑话)
    评估模型: qwen3-max
    [qwen3-max] 决策: select | 选笑话编号: 2
    评估模型: deepseek-v3.2
    [deepseek-v3.2] 决策: select | 选笑话编号: 3
    评估模型: kimi-k2.5
    [kimi-k2.5] 决策: create | 选笑话编号: None

  质量组: medium (4个候选笑话)
    评估模型: qwen3-max
    [qwen3-max] 决策: select | 选笑话编号: 1
    评估模型: deepseek-v3.2
    [deepseek-v3.2] 决策: select | 选笑话编号: 1
    评估模型: kimi-k2.5
    [kimi-k2.5] 决策: create | 选笑话编号: None

  质量组: low (4个候选笑话)
    评估模型: qwen3-max
    [qwen3-max] 决策: create | 选笑话编号: None
    评估模型: deepseek-v3.2
    [deepseek-v3.2] 决策: select | 选笑话编号: 2
    评估模型: kimi-k2.5
    [kimi-k2.5] 决策: create | 选笑话编号: None

  Item完成: 耗时66.9s | 总耗时100.0min
  速率限制器状态: 可用令牌=48.0/48
  已保存中间结果 (106 条)

============================================================
处理 zh_0207... (107/1174)

  质量组: high (4个候选笑话)
    评估模型: qwen3-max
    [qwen3-max] 决策: select | 选笑话编号: 2
    评估模型: deepseek-v3.2
    [deepseek-v3.2] 决策: select | 选笑话编号: 2
    评估模型: kimi-k2.5
    [kimi-k2.5] 决策: create | 选笑话编号: None

  质量组: medium (4个候选笑话)
    评估模型: qwen3-max
    [qwen3-max] 决策: select | 选笑话编号: 2
    评估模型: deepseek-v3.2
    [deepseek-v3.2] 决策: select | 选笑话编号: 2
    评估模型: kimi-k2.5
    [API] JSON解析失败: JSON解析失败: Expecting ',' delimiter: line 4 column 105 (char 162), model=kimi-k2.5
    [kimi-k2.5] 决策:  | 选笑话编号: ?

  质量组: low (4个候选笑话)
    评估模型: qwen3-max
    [qwen3-max] 决策: create | 选笑话编号: None
    评估模型: deepseek-v3.2
    [deepseek-v3.2] 决策: select | 选笑话编号: 1
    评估模型: kimi-k2.5
    [kimi-k2.5] 决策: create | 选笑话编号: None

  Item完成: 耗时60.6s | 总耗时101.0min
  速率限制器状态: 可用令牌=48.0/48
  已保存中间结果 (107 条)

============================================================
处理 zh_0208... (108/1174)

  质量组: high (4个候选笑话)
    评估模型: qwen3-max
    [qwen3-max] 决策: select | 选笑话编号: 2
    评估模型: deepseek-v3.2
    [deepseek-v3.2] 决策: select | 选笑话编号: 4
    评估模型: kimi-k2.5
    [kimi-k2.5] 决策: select | 选笑话编号: 4

  质量组: medium (4个候选笑话)
    评估模型: qwen3-max
    [qwen3-max] 决策: select | 选笑话编号: 4
    评估模型: deepseek-v3.2
    [deepseek-v3.2] 决策: select | 选笑话编号: 4
    评估模型: kimi-k2.5
    [kimi-k2.5] 决策: create | 选笑话编号: None

  质量组: low (4个候选笑话)
    评估模型: qwen3-max
    [qwen3-max] 决策: select | 选笑话编号: 1
    评估模型: deepseek-v3.2
    [deepseek-v3.2] 决策: select | 选笑话编号: 1
    评估模型: kimi-k2.5
    [kimi-k2.5] 决策: create | 选笑话编号: None

  Item完成: 耗时62.0s | 总耗时102.0min
  速率限制器状态: 可用令牌=48.0/48
  已保存中间结果 (108 条)

============================================================
处理 zh_0209... (109/1174)

  质量组: high (4个候选笑话)
    评估模型: qwen3-max
    [qwen3-max] 决策: select | 选笑话编号: 2
    评估模型: deepseek-v3.2
    [deepseek-v3.2] 决策: select | 选笑话编号: 2
    评估模型: kimi-k2.5
    [kimi-k2.5] 决策: create | 选笑话编号: None

  质量组: medium (4个候选笑话)
    评估模型: qwen3-max
    [qwen3-max] 决策: select | 选笑话编号: 4
    评估模型: deepseek-v3.2
    [deepseek-v3.2] 决策: select | 选笑话编号: 4
    评估模型: kimi-k2.5
    [kimi-k2.5] 决策: create | 选笑话编号: None

  质量组: low (4个候选笑话)
    评估模型: qwen3-max
    [qwen3-max] 决策: select | 选笑话编号: 1
    评估模型: deepseek-v3.2
    [deepseek-v3.2] 决策: select | 选笑话编号: 1
    评估模型: kimi-k2.5
    [kimi-k2.5] 决策: create | 选笑话编号: None

  Item完成: 耗时49.8s | 总耗时102.9min
  速率限制器状态: 可用令牌=48.0/48
  已保存中间结果 (109 条)

============================================================
处理 zh_0210... (110/1174)

  质量组: high (4个候选笑话)
    评估模型: qwen3-max
    [qwen3-max] 决策: select | 选笑话编号: 2
    评估模型: deepseek-v3.2
    [deepseek-v3.2] 决策: select | 选笑话编号: 2
    评估模型: kimi-k2.5
    [kimi-k2.5] 决策: create | 选笑话编号: None

  质量组: medium (4个候选笑话)
    评估模型: qwen3-max
    [qwen3-max] 决策: select | 选笑话编号: 2
    评估模型: deepseek-v3.2
    [deepseek-v3.2] 决策: select | 选笑话编号: 2
    评估模型: kimi-k2.5
    [kimi-k2.5] 决策: create | 选笑话编号: None

  质量组: low (4个候选笑话)
    评估模型: qwen3-max
    [qwen3-max] 决策: create | 选笑话编号: None
    评估模型: deepseek-v3.2
    [deepseek-v3.2] 决策: create | 选笑话编号: None
    评估模型: kimi-k2.5
    [kimi-k2.5] 决策: create | 选笑话编号: None

  Item完成: 耗时63.0s | 总耗时103.9min
  速率限制器状态: 可用令牌=48.0/48
  已保存中间结果 (110 条)

============================================================
处理 zh_0211... (111/1174)

  质量组: high (4个候选笑话)
    评估模型: qwen3-max
    [qwen3-max] 决策: select | 选笑话编号: 2
    评估模型: deepseek-v3.2
    [deepseek-v3.2] 决策: select | 选笑话编号: 2
    评估模型: kimi-k2.5
    [API] JSON解析失败: JSON解析失败: Expecting ',' delimiter: line 4 column 32 (char 86), model=kimi-k2.5
    [kimi-k2.5] 决策:  | 选笑话编号: ?

  质量组: medium (4个候选笑话)
    评估模型: qwen3-max
    [qwen3-max] 决策: select | 选笑话编号: 1
    评估模型: deepseek-v3.2
    [deepseek-v3.2] 决策: select | 选笑话编号: 1
    评估模型: kimi-k2.5
    [API] JSON解析失败: JSON解析失败: Expecting ',' delimiter: line 5 column 25 (char 198), model=kimi-k2.5
    [kimi-k2.5] 决策:  | 选笑话编号: ?

  质量组: low (4个候选笑话)
    评估模型: qwen3-max
    [qwen3-max] 决策: create | 选笑话编号: None
    评估模型: deepseek-v3.2
    [deepseek-v3.2] 决策: select | 选笑话编号: 2
    评估模型: kimi-k2.5
    [kimi-k2.5] 决策: create | 选笑话编号: None

  Item完成: 耗时51.8s | 总耗时104.8min
  速率限制器状态: 可用令牌=48.0/48
  已保存中间结果 (111 条)

============================================================
处理 zh_0212... (112/1174)

  质量组: high (4个候选笑话)
    评估模型: qwen3-max
    [qwen3-max] 决策: select | 选笑话编号: 2
    评估模型: deepseek-v3.2
    [deepseek-v3.2] 决策: select | 选笑话编号: 2
    评估模型: kimi-k2.5
    [API] JSON解析失败: JSON解析失败: Expecting ',' delimiter: line 4 column 32 (char 89), model=kimi-k2.5
    [kimi-k2.5] 决策:  | 选笑话编号: ?

  质量组: medium (4个候选笑话)
    评估模型: qwen3-max
    [qwen3-max] 决策: select | 选笑话编号: 2
    评估模型: deepseek-v3.2
    [deepseek-v3.2] 决策: select | 选笑话编号: 2
    评估模型: kimi-k2.5
    [kimi-k2.5] 决策: create | 选笑话编号: None

  质量组: low (4个候选笑话)
    评估模型: qwen3-max
    [qwen3-max] 决策: create | 选笑话编号: None
    评估模型: deepseek-v3.2
    [deepseek-v3.2] 决策: create | 选笑话编号: None
    评估模型: kimi-k2.5
    [kimi-k2.5] 决策: create | 选笑话编号: None

  Item完成: 耗时50.3s | 总耗时105.6min
  速率限制器状态: 可用令牌=48.0/48
  已保存中间结果 (112 条)

============================================================
处理 zh_0213... (113/1174)

  质量组: high (4个候选笑话)
    评估模型: qwen3-max
    [qwen3-max] 决策: select | 选笑话编号: 1
    评估模型: deepseek-v3.2
    [deepseek-v3.2] 决策: select | 选笑话编号: 2
    评估模型: kimi-k2.5
    [kimi-k2.5] 决策: select | 选笑话编号: 2

  质量组: medium (4个候选笑话)
    评估模型: qwen3-max
    [qwen3-max] 决策: select | 选笑话编号: 3
    评估模型: deepseek-v3.2
    [deepseek-v3.2] 决策: select | 选笑话编号: 2
    评估模型: kimi-k2.5
    [kimi-k2.5] 决策: create | 选笑话编号: None

  质量组: low (4个候选笑话)
    评估模型: qwen3-max
    [qwen3-max] 决策: create | 选笑话编号: None
    评估模型: deepseek-v3.2
    [deepseek-v3.2] 决策: create | 选笑话编号: None
    评估模型: kimi-k2.5
    [kimi-k2.5] 决策: create | 选笑话编号: None

  Item完成: 耗时60.1s | 总耗时106.6min
  速率限制器状态: 可用令牌=48.0/48
  已保存中间结果 (113 条)

============================================================
处理 zh_0214... (114/1174)

  质量组: high (4个候选笑话)
    评估模型: qwen3-max
    [qwen3-max] 决策: select | 选笑话编号: 2
    评估模型: deepseek-v3.2
    [deepseek-v3.2] 决策: select | 选笑话编号: 2
    评估模型: kimi-k2.5
    [kimi-k2.5] 决策: create | 选笑话编号: None

  质量组: medium (4个候选笑话)
    评估模型: qwen3-max
    [qwen3-max] 决策: select | 选笑话编号: 4
    评估模型: deepseek-v3.2
    [deepseek-v3.2] 决策: select | 选笑话编号: 4
    评估模型: kimi-k2.5
    [kimi-k2.5] 决策: select | 选笑话编号: 4

  质量组: low (4个候选笑话)
    评估模型: qwen3-max
    [qwen3-max] 决策: create | 选笑话编号: None
    评估模型: deepseek-v3.2
    [deepseek-v3.2] 决策: select | 选笑话编号: 1
    评估模型: kimi-k2.5
    [API] JSON解析失败: JSON解析失败: Expecting ',' delimiter: line 4 column 71 (char 128), model=kimi-k2.5
    [kimi-k2.5] 决策:  | 选笑话编号: ?

  Item完成: 耗时51.3s | 总耗时107.5min
  速率限制器状态: 可用令牌=48.0/48
  已保存中间结果 (114 条)

============================================================
处理 zh_0215... (115/1174)

  质量组: high (4个候选笑话)
    评估模型: qwen3-max
    [qwen3-max] 决策: select | 选笑话编号: 2
    评估模型: deepseek-v3.2
    [deepseek-v3.2] 决策: select | 选笑话编号: 2
    评估模型: kimi-k2.5
    [kimi-k2.5] 决策: create | 选笑话编号: None

  质量组: medium (4个候选笑话)
    评估模型: qwen3-max
    [qwen3-max] 决策: select | 选笑话编号: 1
    评估模型: deepseek-v3.2
    [deepseek-v3.2] 决策: select | 选笑话编号: 1
    评估模型: kimi-k2.5
    [kimi-k2.5] 决策: create | 选笑话编号: None

  质量组: low (4个候选笑话)
    评估模型: qwen3-max
    [qwen3-max] 决策: select | 选笑话编号: 1
    评估模型: deepseek-v3.2
    [deepseek-v3.2] 决策: select | 选笑话编号: 1
    评估模型: kimi-k2.5
    [kimi-k2.5] 决策: create | 选笑话编号: None

  Item完成: 耗时54.7s | 总耗时108.4min
  速率限制器状态: 可用令牌=48.0/48
  已保存中间结果 (115 条)

============================================================
处理 zh_0216... (116/1174)

  质量组: high (4个候选笑话)
    评估模型: qwen3-max
    [qwen3-max] 决策: select | 选笑话编号: 2
    评估模型: deepseek-v3.2
    [deepseek-v3.2] 决策: select | 选笑话编号: 2
    评估模型: kimi-k2.5
    [kimi-k2.5] 决策: create | 选笑话编号: None

  质量组: medium (4个候选笑话)
    评估模型: qwen3-max
    [qwen3-max] 决策: select | 选笑话编号: 2
    评估模型: deepseek-v3.2
    [deepseek-v3.2] 决策: select | 选笑话编号: 2
    评估模型: kimi-k2.5
    [kimi-k2.5] 决策: create | 选笑话编号: None

  质量组: low (4个候选笑话)
    评估模型: qwen3-max
    [qwen3-max] 决策: create | 选笑话编号: None
    评估模型: deepseek-v3.2
    [deepseek-v3.2] 决策: select | 选笑话编号: 1
    评估模型: kimi-k2.5
    [kimi-k2.5] 决策: create | 选笑话编号: None

  Item完成: 耗时57.3s | 总耗时109.3min
  速率限制器状态: 可用令牌=48.0/48
  已保存中间结果 (116 条)

============================================================
处理 zh_0217... (117/1174)

  质量组: high (4个候选笑话)
    评估模型: qwen3-max
    [qwen3-max] 决策: select | 选笑话编号: 1
    评估模型: deepseek-v3.2
    [deepseek-v3.2] 决策: select | 选笑话编号: 1
    评估模型: kimi-k2.5
    [API] JSON解析失败: JSON解析失败: Expecting ',' delimiter: line 5 column 25 (char 220), model=kimi-k2.5
    [kimi-k2.5] 决策:  | 选笑话编号: ?

  质量组: medium (4个候选笑话)
    评估模型: qwen3-max
    [qwen3-max] 决策: select | 选笑话编号: 1
    评估模型: deepseek-v3.2
    [deepseek-v3.2] 决策: select | 选笑话编号: 4
    评估模型: kimi-k2.5
    [kimi-k2.5] 决策: create | 选笑话编号: None

  质量组: low (4个候选笑话)
    评估模型: qwen3-max
    [qwen3-max] 决策: select | 选笑话编号: 1
    评估模型: deepseek-v3.2
    [deepseek-v3.2] 决策: select | 选笑话编号: 4
    评估模型: kimi-k2.5
    [API] JSON解析失败: JSON解析失败: Expecting ',' delimiter: line 4 column 101 (char 158), model=kimi-k2.5
    [kimi-k2.5] 决策:  | 选笑话编号: ?

  Item完成: 耗时53.5s | 总耗时110.2min
  速率限制器状态: 可用令牌=48.0/48
  已保存中间结果 (117 条)

============================================================
处理 zh_0218... (118/1174)

  质量组: high (4个候选笑话)
    评估模型: qwen3-max
    [qwen3-max] 决策: select | 选笑话编号: 2
    评估模型: deepseek-v3.2
    [deepseek-v3.2] 决策: select | 选笑话编号: 2
    评估模型: kimi-k2.5
    [kimi-k2.5] 决策: create | 选笑话编号: None

  质量组: medium (4个候选笑话)
    评估模型: qwen3-max
    [qwen3-max] 决策: select | 选笑话编号: 2
    评估模型: deepseek-v3.2
    [deepseek-v3.2] 决策: select | 选笑话编号: 2
    评估模型: kimi-k2.5
    [kimi-k2.5] 决策: select | 选笑话编号: 2

  质量组: low (4个候选笑话)
    评估模型: qwen3-max
    [qwen3-max] 决策: select | 选笑话编号: 4
    评估模型: deepseek-v3.2
    [deepseek-v3.2] 决策: create | 选笑话编号: None
    评估模型: kimi-k2.5
    [kimi-k2.5] 决策: create | 选笑话编号: None

  Item完成: 耗时50.6s | 总耗时111.1min
  速率限制器状态: 可用令牌=48.0/48
  已保存中间结果 (118 条)

============================================================
处理 zh_0219... (119/1174)

  质量组: high (4个候选笑话)
    评估模型: qwen3-max
    [qwen3-max] 决策: select | 选笑话编号: 1
    评估模型: deepseek-v3.2
    [deepseek-v3.2] 决策: select | 选笑话编号: 3
    评估模型: kimi-k2.5
    [kimi-k2.5] 决策: create | 选笑话编号: None

  质量组: medium (4个候选笑话)
    评估模型: qwen3-max
    [qwen3-max] 决策: select | 选笑话编号: 2
    评估模型: deepseek-v3.2
    [deepseek-v3.2] 决策: select | 选笑话编号: 4
    评估模型: kimi-k2.5
    [kimi-k2.5] 决策: create | 选笑话编号: None

  质量组: low (4个候选笑话)
    评估模型: qwen3-max
    [qwen3-max] 决策: select | 选笑话编号: 1
    评估模型: deepseek-v3.2
    [deepseek-v3.2] 决策: select | 选笑话编号: 2
    评估模型: kimi-k2.5
    [kimi-k2.5] 决策: create | 选笑话编号: None

  Item完成: 耗时48.7s | 总耗时111.9min
  速率限制器状态: 可用令牌=48.0/48
  已保存中间结果 (119 条)

============================================================
处理 zh_0220... (120/1174)

  质量组: high (4个候选笑话)
    评估模型: qwen3-max
    [qwen3-max] 决策: select | 选笑话编号: 3
    评估模型: deepseek-v3.2
    [deepseek-v3.2] 决策: select | 选笑话编号: 3
    评估模型: kimi-k2.5
    [kimi-k2.5] 决策: select | 选笑话编号: 3

  质量组: medium (4个候选笑话)
    评估模型: qwen3-max
    [qwen3-max] 决策: select | 选笑话编号: 4
    评估模型: deepseek-v3.2
    [deepseek-v3.2] 决策: select | 选笑话编号: 4
    评估模型: kimi-k2.5
    [kimi-k2.5] 决策: create | 选笑话编号: None

  质量组: low (4个候选笑话)
    评估模型: qwen3-max
    [qwen3-max] 决策: create | 选笑话编号: None
    评估模型: deepseek-v3.2
    [deepseek-v3.2] 决策: create | 选笑话编号: None
    评估模型: kimi-k2.5
    [kimi-k2.5] 决策: create | 选笑话编号: None

  Item完成: 耗时54.9s | 总耗时112.8min
  速率限制器状态: 可用令牌=48.0/48
  已保存中间结果 (120 条)

============================================================
处理 zh_0221... (121/1174)

  质量组: high (4个候选笑话)
    评估模型: qwen3-max
    [qwen3-max] 决策: select | 选笑话编号: 4
    评估模型: deepseek-v3.2
    [deepseek-v3.2] 决策: select | 选笑话编号: 4
    评估模型: kimi-k2.5
    [API] JSON解析失败: JSON解析失败: Expecting ',' delimiter: line 5 column 42 (char 242), model=kimi-k2.5
    [kimi-k2.5] 决策:  | 选笑话编号: ?

  质量组: medium (4个候选笑话)
    评估模型: qwen3-max
    [qwen3-max] 决策: select | 选笑话编号: 1
    评估模型: deepseek-v3.2
    [deepseek-v3.2] 决策: select | 选笑话编号: 1
    评估模型: kimi-k2.5
    [kimi-k2.5] 决策: create | 选笑话编号: None

  质量组: low (4个候选笑话)
    评估模型: qwen3-max
    [qwen3-max] 决策: create | 选笑话编号: None
    评估模型: deepseek-v3.2
    [deepseek-v3.2] 决策: create | 选笑话编号: None
    评估模型: kimi-k2.5
    [kimi-k2.5] 决策: create | 选笑话编号: None

  Item完成: 耗时51.8s | 总耗时113.7min
  速率限制器状态: 可用令牌=48.0/48
  已保存中间结果 (121 条)

============================================================
处理 zh_0222... (122/1174)

  质量组: high (4个候选笑话)
    评估模型: qwen3-max
    [qwen3-max] 决策: select | 选笑话编号: 1
    评估模型: deepseek-v3.2
    [deepseek-v3.2] 决策: select | 选笑话编号: 4
    评估模型: kimi-k2.5
    [kimi-k2.5] 决策: create | 选笑话编号: None

  质量组: medium (4个候选笑话)
    评估模型: qwen3-max
    [qwen3-max] 决策: select | 选笑话编号: 1
    评估模型: deepseek-v3.2
    [deepseek-v3.2] 决策: select | 选笑话编号: 1
    评估模型: kimi-k2.5
    [kimi-k2.5] 决策: create | 选笑话编号: None

  质量组: low (4个候选笑话)
    评估模型: qwen3-max
    [qwen3-max] 决策: create | 选笑话编号: None
    评估模型: deepseek-v3.2
    [deepseek-v3.2] 决策: select | 选笑话编号: 4
    评估模型: kimi-k2.5
    [kimi-k2.5] 决策: create | 选笑话编号: None

  Item完成: 耗时52.5s | 总耗时114.6min
  速率限制器状态: 可用令牌=48.0/48
  已保存中间结果 (122 条)

============================================================
处理 zh_0223... (123/1174)

  质量组: high (4个候选笑话)
    评估模型: qwen3-max
    [qwen3-max] 决策: select | 选笑话编号: 2
    评估模型: deepseek-v3.2
    [deepseek-v3.2] 决策: select | 选笑话编号: 1
    评估模型: kimi-k2.5
    [kimi-k2.5] 决策: create | 选笑话编号: None

  质量组: medium (4个候选笑话)
    评估模型: qwen3-max
    [qwen3-max] 决策: select | 选笑话编号: 1
    评估模型: deepseek-v3.2
    [deepseek-v3.2] 决策: select | 选笑话编号: 1
    评估模型: kimi-k2.5
    [kimi-k2.5] 决策: create | 选笑话编号: None

  质量组: low (4个候选笑话)
    评估模型: qwen3-max
    [qwen3-max] 决策: create | 选笑话编号: None
    评估模型: deepseek-v3.2
    [deepseek-v3.2] 决策: create | 选笑话编号: None
    评估模型: kimi-k2.5
    [kimi-k2.5] 决策: create | 选笑话编号: None

  Item完成: 耗时54.5s | 总耗时115.5min
  速率限制器状态: 可用令牌=48.0/48
  已保存中间结果 (123 条)

============================================================
处理 zh_0224... (124/1174)

  质量组: high (4个候选笑话)
    评估模型: qwen3-max
    [qwen3-max] 决策: select | 选笑话编号: 2
    评估模型: deepseek-v3.2
    [deepseek-v3.2] 决策: select | 选笑话编号: 2
    评估模型: kimi-k2.5
    [kimi-k2.5] 决策: select | 选笑话编号: 2

  质量组: medium (4个候选笑话)
    评估模型: qwen3-max
    [qwen3-max] 决策: select | 选笑话编号: 2
    评估模型: deepseek-v3.2
    [deepseek-v3.2] 决策: select | 选笑话编号: 4
    评估模型: kimi-k2.5
    [kimi-k2.5] 决策: create | 选笑话编号: None

  质量组: low (4个候选笑话)
    评估模型: qwen3-max
    [qwen3-max] 决策: select | 选笑话编号: 1
    评估模型: deepseek-v3.2
    [deepseek-v3.2] 决策: select | 选笑话编号: 2
    评估模型: kimi-k2.5
    [kimi-k2.5] 决策: create | 选笑话编号: None

  Item完成: 耗时62.4s | 总耗时116.5min
  速率限制器状态: 可用令牌=48.0/48
  已保存中间结果 (124 条)

============================================================
处理 zh_0225... (125/1174)

  质量组: high (4个候选笑话)
    评估模型: qwen3-max
    [qwen3-max] 决策: select | 选笑话编号: 2
    评估模型: deepseek-v3.2
    [deepseek-v3.2] 决策: select | 选笑话编号: 2
    评估模型: kimi-k2.5
    [kimi-k2.5] 决策: create | 选笑话编号: None

  质量组: medium (4个候选笑话)
    评估模型: qwen3-max
    [qwen3-max] 决策: select | 选笑话编号: 2
    评估模型: deepseek-v3.2
    [deepseek-v3.2] 决策: select | 选笑话编号: 2
    评估模型: kimi-k2.5
    [kimi-k2.5] 决策: create | 选笑话编号: None

  质量组: low (4个候选笑话)
    评估模型: qwen3-max
    [qwen3-max] 决策: create | 选笑话编号: None
    评估模型: deepseek-v3.2
    [deepseek-v3.2] 决策: select | 选笑话编号: 2
    评估模型: kimi-k2.5
    [kimi-k2.5] 决策: create | 选笑话编号: None

  Item完成: 耗时56.9s | 总耗时117.5min
  速率限制器状态: 可用令牌=48.0/48
  已保存中间结果 (125 条)

============================================================
处理 zh_0226... (126/1174)

  质量组: high (4个候选笑话)
    评估模型: qwen3-max
    [qwen3-max] 决策: select | 选笑话编号: 2
    评估模型: deepseek-v3.2
    [deepseek-v3.2] 决策: select | 选笑话编号: 2
    评估模型: kimi-k2.5
    [kimi-k2.5] 决策: create | 选笑话编号: None

  质量组: medium (4个候选笑话)
    评估模型: qwen3-max
    [qwen3-max] 决策: select | 选笑话编号: 1
    评估模型: deepseek-v3.2
    [deepseek-v3.2] 决策: select | 选笑话编号: 1
    评估模型: kimi-k2.5
    [kimi-k2.5] 决策: create | 选笑话编号: None

  质量组: low (4个候选笑话)
    评估模型: qwen3-max
    [qwen3-max] 决策: create | 选笑话编号: None
    评估模型: deepseek-v3.2
    [deepseek-v3.2] 决策: select | 选笑话编号: 4
    评估模型: kimi-k2.5
    [API] JSON解析失败: JSON解析失败: Expecting ',' delimiter: line 5 column 27 (char 238), model=kimi-k2.5
    [kimi-k2.5] 决策:  | 选笑话编号: ?

  Item完成: 耗时56.7s | 总耗时118.4min
  速率限制器状态: 可用令牌=48.0/48
  已保存中间结果 (126 条)

============================================================
处理 zh_0227... (127/1174)

  质量组: high (4个候选笑话)
    评估模型: qwen3-max
    [qwen3-max] 决策: select | 选笑话编号: 2
    评估模型: deepseek-v3.2
    [deepseek-v3.2] 决策: select | 选笑话编号: 1
    评估模型: kimi-k2.5
    [kimi-k2.5] 决策: create | 选笑话编号: None

  质量组: medium (4个候选笑话)
    评估模型: qwen3-max
    [qwen3-max] 决策: select | 选笑话编号: 1
    评估模型: deepseek-v3.2
    [deepseek-v3.2] 决策: select | 选笑话编号: 1
    评估模型: kimi-k2.5
    [kimi-k2.5] 决策: create | 选笑话编号: None

  质量组: low (4个候选笑话)
    评估模型: qwen3-max
    [qwen3-max] 决策: select | 选笑话编号: 1
    评估模型: deepseek-v3.2
    [deepseek-v3.2] 决策: create | 选笑话编号: None
    评估模型: kimi-k2.5
    [kimi-k2.5] 决策: create | 选笑话编号: None

  Item完成: 耗时57.2s | 总耗时119.4min
  速率限制器状态: 可用令牌=48.0/48
  已保存中间结果 (127 条)

============================================================
处理 zh_0228... (128/1174)

  质量组: high (4个候选笑话)
    评估模型: qwen3-max
    [qwen3-max] 决策: select | 选笑话编号: 1
    评估模型: deepseek-v3.2
    [deepseek-v3.2] 决策: select | 选笑话编号: 1
    评估模型: kimi-k2.5
    [kimi-k2.5] 决策: create | 选笑话编号: None

  质量组: medium (4个候选笑话)
    评估模型: qwen3-max
    [qwen3-max] 决策: select | 选笑话编号: 1
    评估模型: deepseek-v3.2
    [deepseek-v3.2] 决策: select | 选笑话编号: 1
    评估模型: kimi-k2.5
    [kimi-k2.5] 决策: create | 选笑话编号: None

  质量组: low (4个候选笑话)
    评估模型: qwen3-max
    [qwen3-max] 决策: select | 选笑话编号: 1
    评估模型: deepseek-v3.2
    [deepseek-v3.2] 决策: select | 选笑话编号: 1
    评估模型: kimi-k2.5
    [kimi-k2.5] 决策: create | 选笑话编号: None

  Item完成: 耗时56.5s | 总耗时120.3min
  速率限制器状态: 可用令牌=48.0/48
  已保存中间结果 (128 条)

============================================================
处理 zh_0229... (129/1174)

  质量组: high (4个候选笑话)
    评估模型: qwen3-max
    [qwen3-max] 决策: create | 选笑话编号: None
    评估模型: deepseek-v3.2
    [deepseek-v3.2] 决策: create | 选笑话编号: None
    评估模型: kimi-k2.5
    [kimi-k2.5] 决策: create | 选笑话编号: None

  质量组: medium (4个候选笑话)
    评估模型: qwen3-max
    [qwen3-max] 决策: create | 选笑话编号: None
    评估模型: deepseek-v3.2
    [API] JSON解析失败: JSON解析失败: Invalid control character at: line 5 column 97 (char 268), model=deepseek-v3.2
    [deepseek-v3.2] 决策:  | 选笑话编号: ?
    评估模型: kimi-k2.5
    [kimi-k2.5] 决策: create | 选笑话编号: None

  质量组: low (4个候选笑话)
    评估模型: qwen3-max
    [qwen3-max] 决策: create | 选笑话编号: None
    评估模型: deepseek-v3.2
    [deepseek-v3.2] 决策: create | 选笑话编号: None
    评估模型: kimi-k2.5
    [kimi-k2.5] 决策: create | 选笑话编号: None

  Item完成: 耗时50.7s | 总耗时121.1min
  速率限制器状态: 可用令牌=48.0/48
  已保存中间结果 (129 条)

============================================================
处理 zh_0230... (130/1174)

  质量组: high (4个候选笑话)
    评估模型: qwen3-max
    [qwen3-max] 决策: select | 选笑话编号: 2
    评估模型: deepseek-v3.2
    [deepseek-v3.2] 决策: select | 选笑话编号: 3
    评估模型: kimi-k2.5
    [API] JSON解析失败: JSON解析失败: Expecting ',' delimiter: line 5 column 71 (char 228), model=kimi-k2.5
    [kimi-k2.5] 决策:  | 选笑话编号: ?

  质量组: medium (4个候选笑话)
    评估模型: qwen3-max
    [qwen3-max] 决策: select | 选笑话编号: 4
    评估模型: deepseek-v3.2
    [deepseek-v3.2] 决策: select | 选笑话编号: 4
    评估模型: kimi-k2.5
    [kimi-k2.5] 决策: select | 选笑话编号: 4

  质量组: low (4个候选笑话)
    评估模型: qwen3-max
    [qwen3-max] 决策: create | 选笑话编号: None
    评估模型: deepseek-v3.2
    [deepseek-v3.2] 决策: select | 选笑话编号: 2
    评估模型: kimi-k2.5
    [API] JSON解析失败: JSON解析失败: Expecting ',' delimiter: line 4 column 100 (char 157), model=kimi-k2.5
    [kimi-k2.5] 决策:  | 选笑话编号: ?

  Item完成: 耗时50.9s | 总耗时122.0min
  速率限制器状态: 可用令牌=48.0/48
  已保存中间结果 (130 条)

============================================================
处理 zh_0231... (131/1174)

  质量组: high (4个候选笑话)
    评估模型: qwen3-max
    [qwen3-max] 决策: select | 选笑话编号: 2
    评估模型: deepseek-v3.2
    [deepseek-v3.2] 决策: select | 选笑话编号: 1
    评估模型: kimi-k2.5
    [kimi-k2.5] 决策: create | 选笑话编号: None

  质量组: medium (4个候选笑话)
    评估模型: qwen3-max
    [qwen3-max] 决策: select | 选笑话编号: 2
    评估模型: deepseek-v3.2
    [deepseek-v3.2] 决策: select | 选笑话编号: 2
    评估模型: kimi-k2.5
    [kimi-k2.5] 决策: create | 选笑话编号: None

  质量组: low (4个候选笑话)
    评估模型: qwen3-max
    [qwen3-max] 决策: create | 选笑话编号: None
    评估模型: deepseek-v3.2
    [deepseek-v3.2] 决策: create | 选笑话编号: None
    评估模型: kimi-k2.5
    [kimi-k2.5] 决策: create | 选笑话编号: None

  Item完成: 耗时74.2s | 总耗时123.2min
  速率限制器状态: 可用令牌=48.0/48
  已保存中间结果 (131 条)

============================================================
处理 zh_0232... (132/1174)

  质量组: high (4个候选笑话)
    评估模型: qwen3-max
    [qwen3-max] 决策: create | 选笑话编号: None
    评估模型: deepseek-v3.2
    [deepseek-v3.2] 决策: select | 选笑话编号: 4
    评估模型: kimi-k2.5
    [kimi-k2.5] 决策: create | 选笑话编号: None

  质量组: medium (4个候选笑话)
    评估模型: qwen3-max
    [qwen3-max] 决策: select | 选笑话编号: 1
    评估模型: deepseek-v3.2
    [deepseek-v3.2] 决策: select | 选笑话编号: 1
    评估模型: kimi-k2.5
    [kimi-k2.5] 决策: create | 选笑话编号: None

  质量组: low (4个候选笑话)
    评估模型: qwen3-max
    [qwen3-max] 决策: create | 选笑话编号: None
    评估模型: deepseek-v3.2
    [deepseek-v3.2] 决策: create | 选笑话编号: None
    评估模型: kimi-k2.5
    [kimi-k2.5] 决策: create | 选笑话编号: None

  Item完成: 耗时52.6s | 总耗时124.1min
  速率限制器状态: 可用令牌=48.0/48
  已保存中间结果 (132 条)

============================================================
处理 zh_0233... (133/1174)

  质量组: high (4个候选笑话)
    评估模型: qwen3-max
    [qwen3-max] 决策: select | 选笑话编号: 4
    评估模型: deepseek-v3.2
    [deepseek-v3.2] 决策: select | 选笑话编号: 4
    评估模型: kimi-k2.5
    [kimi-k2.5] 决策: create | 选笑话编号: None

  质量组: medium (4个候选笑话)
    评估模型: qwen3-max
    [qwen3-max] 决策: select | 选笑话编号: 1
    评估模型: deepseek-v3.2
    [deepseek-v3.2] 决策: select | 选笑话编号: 1
    评估模型: kimi-k2.5
    [kimi-k2.5] 决策: create | 选笑话编号: None

  质量组: low (4个候选笑话)
    评估模型: qwen3-max
    [qwen3-max] 决策: create | 选笑话编号: None
    评估模型: deepseek-v3.2
    [deepseek-v3.2] 决策: create | 选笑话编号: None
    评估模型: kimi-k2.5
    [kimi-k2.5] 决策: create | 选笑话编号: None

  Item完成: 耗时52.1s | 总耗时125.0min
  速率限制器状态: 可用令牌=48.0/48
  已保存中间结果 (133 条)

============================================================
处理 zh_0234... (134/1174)

  质量组: high (4个候选笑话)
    评估模型: qwen3-max
    [qwen3-max] 决策: select | 选笑话编号: 2
    评估模型: deepseek-v3.2
    [deepseek-v3.2] 决策: select | 选笑话编号: 2
    评估模型: kimi-k2.5
    [kimi-k2.5] 决策: create | 选笑话编号: None

  质量组: medium (4个候选笑话)
    评估模型: qwen3-max
    [qwen3-max] 决策: create | 选笑话编号: None
    评估模型: deepseek-v3.2
    [deepseek-v3.2] 决策: select | 选笑话编号: 1
    评估模型: kimi-k2.5
    [kimi-k2.5] 决策: create | 选笑话编号: None

  质量组: low (4个候选笑话)
    评估模型: qwen3-max
    [qwen3-max] 决策: select | 选笑话编号: 1
    评估模型: deepseek-v3.2
    [deepseek-v3.2] 决策: select | 选笑话编号: 1
    评估模型: kimi-k2.5
    [API] JSON解析失败: JSON解析失败: Expecting ',' delimiter: line 5 column 24 (char 205), model=kimi-k2.5
    [kimi-k2.5] 决策:  | 选笑话编号: ?

  Item完成: 耗时53.3s | 总耗时125.9min
  速率限制器状态: 可用令牌=48.0/48
  已保存中间结果 (134 条)

============================================================
处理 zh_0235... (135/1174)

  质量组: high (4个候选笑话)
    评估模型: qwen3-max
    [qwen3-max] 决策: select | 选笑话编号: 2
    评估模型: deepseek-v3.2
    [deepseek-v3.2] 决策: select | 选笑话编号: 2
    评估模型: kimi-k2.5
    [kimi-k2.5] 决策: select | 选笑话编号: 2

  质量组: medium (4个候选笑话)
    评估模型: qwen3-max
    [qwen3-max] 决策: select | 选笑话编号: 1
    评估模型: deepseek-v3.2
    [deepseek-v3.2] 决策: select | 选笑话编号: 1
    评估模型: kimi-k2.5
    [kimi-k2.5] 决策: select | 选笑话编号: 1

  质量组: low (4个候选笑话)
    评估模型: qwen3-max
    [qwen3-max] 决策: create | 选笑话编号: None
    评估模型: deepseek-v3.2
    [deepseek-v3.2] 决策: select | 选笑话编号: 1
    评估模型: kimi-k2.5
    [API] JSON解析失败: JSON解析失败: Expecting ',' delimiter: line 4 column 101 (char 158), model=kimi-k2.5
    [kimi-k2.5] 决策:  | 选笑话编号: ?

  Item完成: 耗时56.7s | 总耗时126.8min
  速率限制器状态: 可用令牌=48.0/48
  已保存中间结果 (135 条)

============================================================
处理 zh_0236... (136/1174)

  质量组: high (4个候选笑话)
    评估模型: qwen3-max
    [qwen3-max] 决策: create | 选笑话编号: None
    评估模型: deepseek-v3.2
    [deepseek-v3.2] 决策: create | 选笑话编号: None
    评估模型: kimi-k2.5
    [kimi-k2.5] 决策: create | 选笑话编号: None

  质量组: medium (4个候选笑话)
    评估模型: qwen3-max
    [qwen3-max] 决策: create | 选笑话编号: None
    评估模型: deepseek-v3.2
    [deepseek-v3.2] 决策: create | 选笑话编号: None
    评估模型: kimi-k2.5
    [kimi-k2.5] 决策: create | 选笑话编号: None

  质量组: low (4个候选笑话)
    评估模型: qwen3-max
    [qwen3-max] 决策: create | 选笑话编号: None
    评估模型: deepseek-v3.2
    [deepseek-v3.2] 决策: create | 选笑话编号: None
    评估模型: kimi-k2.5
    [kimi-k2.5] 决策: create | 选笑话编号: None

  Item完成: 耗时55.4s | 总耗时127.7min
  速率限制器状态: 可用令牌=48.0/48
  已保存中间结果 (136 条)

============================================================
处理 zh_0237... (137/1174)

  质量组: high (4个候选笑话)
    评估模型: qwen3-max
    [qwen3-max] 决策: select | 选笑话编号: 2
    评估模型: deepseek-v3.2
    [deepseek-v3.2] 决策: select | 选笑话编号: 2
    评估模型: kimi-k2.5
    [kimi-k2.5] 决策: create | 选笑话编号: None

  质量组: medium (4个候选笑话)
    评估模型: qwen3-max
    [qwen3-max] 决策: select | 选笑话编号: 2
    评估模型: deepseek-v3.2
    [deepseek-v3.2] 决策: select | 选笑话编号: 1
    评估模型: kimi-k2.5
    [kimi-k2.5] 决策: create | 选笑话编号: None

  质量组: low (4个候选笑话)
    评估模型: qwen3-max
    [qwen3-max] 决策: create | 选笑话编号: None
    评估模型: deepseek-v3.2
    [deepseek-v3.2] 决策: select | 选笑话编号: 4
    评估模型: kimi-k2.5
    [kimi-k2.5] 决策: create | 选笑话编号: None

  Item完成: 耗时55.0s | 总耗时128.7min
  速率限制器状态: 可用令牌=48.0/48
  已保存中间结果 (137 条)

============================================================
处理 zh_0238... (138/1174)

  质量组: high (4个候选笑话)
    评估模型: qwen3-max
    [qwen3-max] 决策: select | 选笑话编号: 2
    评估模型: deepseek-v3.2
    [deepseek-v3.2] 决策: select | 选笑话编号: 1
    评估模型: kimi-k2.5
    [kimi-k2.5] 决策: create | 选笑话编号: None

  质量组: medium (4个候选笑话)
    评估模型: qwen3-max
    [qwen3-max] 决策: select | 选笑话编号: 2
    评估模型: deepseek-v3.2
    [deepseek-v3.2] 决策: select | 选笑话编号: 2
    评估模型: kimi-k2.5
    [kimi-k2.5] 决策: create | 选笑话编号: None

  质量组: low (4个候选笑话)
    评估模型: qwen3-max
    [qwen3-max] 决策: select | 选笑话编号: 1
    评估模型: deepseek-v3.2
    [deepseek-v3.2] 决策: create | 选笑话编号: None
    评估模型: kimi-k2.5
    [kimi-k2.5] 决策: create | 选笑话编号: None

  Item完成: 耗时65.0s | 总耗时129.7min
  速率限制器状态: 可用令牌=48.0/48
  已保存中间结果 (138 条)

============================================================
处理 zh_0239... (139/1174)

  质量组: high (4个候选笑话)
    评估模型: qwen3-max
    [qwen3-max] 决策: select | 选笑话编号: 2
    评估模型: deepseek-v3.2
    [deepseek-v3.2] 决策: select | 选笑话编号: 2
    评估模型: kimi-k2.5
    [kimi-k2.5] 决策: create | 选笑话编号: None

  质量组: medium (4个候选笑话)
    评估模型: qwen3-max
    [qwen3-max] 决策: select | 选笑话编号: 2
    评估模型: deepseek-v3.2
    [deepseek-v3.2] 决策: select | 选笑话编号: 2
    评估模型: kimi-k2.5
    [kimi-k2.5] 决策: create | 选笑话编号: None

  质量组: low (4个候选笑话)
    评估模型: qwen3-max
    [qwen3-max] 决策: select | 选笑话编号: 1
    评估模型: deepseek-v3.2
    [deepseek-v3.2] 决策: select | 选笑话编号: 1
    评估模型: kimi-k2.5
    [kimi-k2.5] 决策: create | 选笑话编号: None

  Item完成: 耗时56.3s | 总耗时130.7min
  速率限制器状态: 可用令牌=48.0/48
  已保存中间结果 (139 条)

============================================================
处理 zh_0240... (140/1174)

  质量组: high (4个候选笑话)
    评估模型: qwen3-max
    [qwen3-max] 决策: create | 选笑话编号: None
    评估模型: deepseek-v3.2
    [deepseek-v3.2] 决策: select | 选笑话编号: 4
    评估模型: kimi-k2.5
    [kimi-k2.5] 决策: create | 选笑话编号: None

  质量组: medium (4个候选笑话)
    评估模型: qwen3-max
    [qwen3-max] 决策: create | 选笑话编号: None
    评估模型: deepseek-v3.2
    [deepseek-v3.2] 决策: create | 选笑话编号: None
    评估模型: kimi-k2.5
    [kimi-k2.5] 决策: create | 选笑话编号: None

  质量组: low (4个候选笑话)
    评估模型: qwen3-max
    [qwen3-max] 决策: create | 选笑话编号: None
    评估模型: deepseek-v3.2
    [deepseek-v3.2] 决策: create | 选笑话编号: None
    评估模型: kimi-k2.5
    [kimi-k2.5] 决策: create | 选笑话编号: None

  Item完成: 耗时52.1s | 总耗时131.6min
  速率限制器状态: 可用令牌=48.0/48
  已保存中间结果 (140 条)

============================================================
处理 zh_0241... (141/1174)

  质量组: high (4个候选笑话)
    评估模型: qwen3-max
    [qwen3-max] 决策: select | 选笑话编号: 2
    评估模型: deepseek-v3.2
    [deepseek-v3.2] 决策: select | 选笑话编号: 1
    评估模型: kimi-k2.5
    [kimi-k2.5] 决策: select | 选笑话编号: 1

  质量组: medium (4个候选笑话)
    评估模型: qwen3-max
    [qwen3-max] 决策: create | 选笑话编号: None
    评估模型: deepseek-v3.2
    [deepseek-v3.2] 决策: select | 选笑话编号: 4
    评估模型: kimi-k2.5
    [kimi-k2.5] 决策: create | 选笑话编号: None

  质量组: low (4个候选笑话)
    评估模型: qwen3-max
    [qwen3-max] 决策: create | 选笑话编号: None
    评估模型: deepseek-v3.2
    [deepseek-v3.2] 决策: create | 选笑话编号: None
    评估模型: kimi-k2.5
    [kimi-k2.5] 决策: create | 选笑话编号: None

  Item完成: 耗时62.5s | 总耗时132.6min
  速率限制器状态: 可用令牌=48.0/48
  已保存中间结果 (141 条)

============================================================
处理 zh_0242... (142/1174)

  质量组: high (4个候选笑话)
    评估模型: qwen3-max
    [qwen3-max] 决策: select | 选笑话编号: 2
    评估模型: deepseek-v3.2
    [deepseek-v3.2] 决策: select | 选笑话编号: 2
    评估模型: kimi-k2.5
    [kimi-k2.5] 决策: create | 选笑话编号: None

  质量组: medium (4个候选笑话)
    评估模型: qwen3-max
    [qwen3-max] 决策: select | 选笑话编号: 2
    评估模型: deepseek-v3.2
    [deepseek-v3.2] 决策: select | 选笑话编号: 2
    评估模型: kimi-k2.5
    [kimi-k2.5] 决策: create | 选笑话编号: None

  质量组: low (4个候选笑话)
    评估模型: qwen3-max
    [qwen3-max] 决策: create | 选笑话编号: None
    评估模型: deepseek-v3.2
    [deepseek-v3.2] 决策: select | 选笑话编号: 1
    评估模型: kimi-k2.5
    [kimi-k2.5] 决策: create | 选笑话编号: None

  Item完成: 耗时64.1s | 总耗时133.7min
  速率限制器状态: 可用令牌=48.0/48
  已保存中间结果 (142 条)

============================================================
处理 zh_0243... (143/1174)

  质量组: high (4个候选笑话)
    评估模型: qwen3-max
    [qwen3-max] 决策: create | 选笑话编号: None
    评估模型: deepseek-v3.2
    [deepseek-v3.2] 决策: create | 选笑话编号: None
    评估模型: kimi-k2.5
    [kimi-k2.5] 决策: create | 选笑话编号: None

  质量组: medium (4个候选笑话)
    评估模型: qwen3-max
    [qwen3-max] 决策: select | 选笑话编号: 2
    评估模型: deepseek-v3.2
    [deepseek-v3.2] 决策: select | 选笑话编号: 2
    评估模型: kimi-k2.5
    [API] JSON解析失败: JSON解析失败: Expecting ',' delimiter: line 5 column 106 (char 306), model=kimi-k2.5
    [kimi-k2.5] 决策:  | 选笑话编号: ?

  质量组: low (3个候选笑话)
    评估模型: qwen3-max
    [qwen3-max] 决策: create | 选笑话编号: None
    评估模型: deepseek-v3.2
    [deepseek-v3.2] 决策: create | 选笑话编号: None
    评估模型: kimi-k2.5
    [kimi-k2.5] 决策: create | 选笑话编号: None

  Item完成: 耗时65.2s | 总耗时134.8min
  速率限制器状态: 可用令牌=48.0/48
  已保存中间结果 (143 条)

============================================================
处理 zh_0244... (144/1174)

  质量组: high (4个候选笑话)
    评估模型: qwen3-max
    [qwen3-max] 决策: select | 选笑话编号: 2
    评估模型: deepseek-v3.2
    [deepseek-v3.2] 决策: select | 选笑话编号: 4
    评估模型: kimi-k2.5
    [kimi-k2.5] 决策: create | 选笑话编号: None

  质量组: medium (4个候选笑话)
    评估模型: qwen3-max
    [qwen3-max] 决策: select | 选笑话编号: 2
    评估模型: deepseek-v3.2
    [deepseek-v3.2] 决策: select | 选笑话编号: 4
    评估模型: kimi-k2.5
    [kimi-k2.5] 决策: create | 选笑话编号: None

  质量组: low (4个候选笑话)
    评估模型: qwen3-max
    [qwen3-max] 决策: select | 选笑话编号: 1
    评估模型: deepseek-v3.2
    [deepseek-v3.2] 决策: select | 选笑话编号: 4
    评估模型: kimi-k2.5
    [kimi-k2.5] 决策: create | 选笑话编号: None

  Item完成: 耗时55.7s | 总耗时135.7min
  速率限制器状态: 可用令牌=48.0/48
  已保存中间结果 (144 条)

============================================================
处理 zh_0245... (145/1174)

  质量组: high (4个候选笑话)
    评估模型: qwen3-max
    [qwen3-max] 决策: select | 选笑话编号: 2
    评估模型: deepseek-v3.2
    [deepseek-v3.2] 决策: select | 选笑话编号: 1
    评估模型: kimi-k2.5
    [kimi-k2.5] 决策: create | 选笑话编号: None

  质量组: medium (4个候选笑话)
    评估模型: qwen3-max
    [qwen3-max] 决策: select | 选笑话编号: 4
    评估模型: deepseek-v3.2
    [deepseek-v3.2] 决策: select | 选笑话编号: 4
    评估模型: kimi-k2.5
    [kimi-k2.5] 决策: create | 选笑话编号: None

  质量组: low (4个候选笑话)
    评估模型: qwen3-max
    [qwen3-max] 决策: select | 选笑话编号: 4
    评估模型: deepseek-v3.2
    [deepseek-v3.2] 决策: select | 选笑话编号: 4
    评估模型: kimi-k2.5
    [kimi-k2.5] 决策: create | 选笑话编号: None

  Item完成: 耗时51.6s | 总耗时136.6min
  速率限制器状态: 可用令牌=48.0/48
  已保存中间结果 (145 条)

============================================================
处理 zh_0246... (146/1174)

  质量组: high (4个候选笑话)
    评估模型: qwen3-max
    [qwen3-max] 决策: select | 选笑话编号: 2
    评估模型: deepseek-v3.2
    [deepseek-v3.2] 决策: select | 选笑话编号: 2
    评估模型: kimi-k2.5
    [kimi-k2.5] 决策: create | 选笑话编号: None

  质量组: medium (4个候选笑话)
    评估模型: qwen3-max
    [qwen3-max] 决策: select | 选笑话编号: 4
    评估模型: deepseek-v3.2
    [deepseek-v3.2] 决策: select | 选笑话编号: 4
    评估模型: kimi-k2.5
    [kimi-k2.5] 决策: create | 选笑话编号: None

  质量组: low (4个候选笑话)
    评估模型: qwen3-max
    [qwen3-max] 决策: select | 选笑话编号: 1
    评估模型: deepseek-v3.2
    [deepseek-v3.2] 决策: select | 选笑话编号: 4
    评估模型: kimi-k2.5
    [kimi-k2.5] 决策: create | 选笑话编号: None

  Item完成: 耗时75.8s | 总耗时137.8min
  速率限制器状态: 可用令牌=48.0/48
  已保存中间结果 (146 条)

============================================================
处理 zh_0247... (147/1174)

  质量组: high (4个候选笑话)
    评估模型: qwen3-max
    [qwen3-max] 决策: select | 选笑话编号: 2
    评估模型: deepseek-v3.2
    [deepseek-v3.2] 决策: select | 选笑话编号: 3
    评估模型: kimi-k2.5
    [kimi-k2.5] 决策: select | 选笑话编号: 3

  质量组: medium (4个候选笑话)
    评估模型: qwen3-max
    [qwen3-max] 决策: select | 选笑话编号: 1
    评估模型: deepseek-v3.2
    [deepseek-v3.2] 决策: select | 选笑话编号: 4
    评估模型: kimi-k2.5
    [kimi-k2.5] 决策: select | 选笑话编号: 4

  质量组: low (4个候选笑话)
    评估模型: qwen3-max
    [qwen3-max] 决策: create | 选笑话编号: None
    评估模型: deepseek-v3.2
    [deepseek-v3.2] 决策: create | 选笑话编号: None
    评估模型: kimi-k2.5
    [kimi-k2.5] 决策: create | 选笑话编号: None

  Item完成: 耗时59.4s | 总耗时138.8min
  速率限制器状态: 可用令牌=48.0/48
  已保存中间结果 (147 条)

============================================================
处理 zh_0248... (148/1174)

  质量组: high (4个候选笑话)
    评估模型: qwen3-max
    [qwen3-max] 决策: select | 选笑话编号: 3
    评估模型: deepseek-v3.2
    [deepseek-v3.2] 决策: select | 选笑话编号: 3
    评估模型: kimi-k2.5
    [kimi-k2.5] 决策: create | 选笑话编号: None

  质量组: medium (4个候选笑话)
    评估模型: qwen3-max
    [qwen3-max] 决策: select | 选笑话编号: 1
    评估模型: deepseek-v3.2
    [deepseek-v3.2] 决策: select | 选笑话编号: 1
    评估模型: kimi-k2.5
    [kimi-k2.5] 决策: create | 选笑话编号: None

  质量组: low (4个候选笑话)
    评估模型: qwen3-max
    [qwen3-max] 决策: select | 选笑话编号: 1
    评估模型: deepseek-v3.2
    [deepseek-v3.2] 决策: select | 选笑话编号: 1
    评估模型: kimi-k2.5
    [kimi-k2.5] 决策: create | 选笑话编号: None

  Item完成: 耗时58.8s | 总耗时139.8min
  速率限制器状态: 可用令牌=48.0/48
  已保存中间结果 (148 条)

============================================================
处理 zh_0249... (149/1174)

  质量组: high (4个候选笑话)
    评估模型: qwen3-max
    [qwen3-max] 决策: select | 选笑话编号: 3
    评估模型: deepseek-v3.2
    [deepseek-v3.2] 决策: select | 选笑话编号: 4
    评估模型: kimi-k2.5
    [kimi-k2.5] 决策: create | 选笑话编号: None

  质量组: medium (4个候选笑话)
    评估模型: qwen3-max
    [qwen3-max] 决策: select | 选笑话编号: 2
    评估模型: deepseek-v3.2
    [deepseek-v3.2] 决策: select | 选笑话编号: 2
    评估模型: kimi-k2.5
    [API] JSON解析失败: JSON解析失败: Expecting ',' delimiter: line 4 column 58 (char 115), model=kimi-k2.5
    [kimi-k2.5] 决策:  | 选笑话编号: ?

  质量组: low (4个候选笑话)
    评估模型: qwen3-max
    [qwen3-max] 决策: create | 选笑话编号: None
    评估模型: deepseek-v3.2
    [deepseek-v3.2] 决策: select | 选笑话编号: 2
    评估模型: kimi-k2.5
    [kimi-k2.5] 决策: create | 选笑话编号: None

  Item完成: 耗时66.8s | 总耗时140.9min
  速率限制器状态: 可用令牌=48.0/48
  已保存中间结果 (149 条)

============================================================
处理 zh_0250... (150/1174)

  质量组: high (4个候选笑话)
    评估模型: qwen3-max
    [qwen3-max] 决策: select | 选笑话编号: 2
    评估模型: deepseek-v3.2
    [deepseek-v3.2] 决策: select | 选笑话编号: 2
    评估模型: kimi-k2.5
    [kimi-k2.5] 决策: select | 选笑话编号: 2

  质量组: medium (4个候选笑话)
    评估模型: qwen3-max
    [qwen3-max] 决策: create | 选笑话编号: None
    评估模型: deepseek-v3.2
    [deepseek-v3.2] 决策: select | 选笑话编号: 4
    评估模型: kimi-k2.5
    [kimi-k2.5] 决策: create | 选笑话编号: None

  质量组: low (4个候选笑话)
    评估模型: qwen3-max
    [qwen3-max] 决策: select | 选笑话编号: 1
    评估模型: deepseek-v3.2
    [deepseek-v3.2] 决策: create | 选笑话编号: None
    评估模型: kimi-k2.5
    [kimi-k2.5] 决策: create | 选笑话编号: None

  Item完成: 耗时58.4s | 总耗时141.9min
  速率限制器状态: 可用令牌=48.0/48
  已保存中间结果 (150 条)

============================================================
处理 zh_0251... (151/1174)

  质量组: high (4个候选笑话)
    评估模型: qwen3-max
    [qwen3-max] 决策: select | 选笑话编号: 2
    评估模型: deepseek-v3.2
    [deepseek-v3.2] 决策: select | 选笑话编号: 2
    评估模型: kimi-k2.5
    [kimi-k2.5] 决策: select | 选笑话编号: 2

  质量组: medium (4个候选笑话)
    评估模型: qwen3-max
    [qwen3-max] 决策: select | 选笑话编号: 1
    评估模型: deepseek-v3.2
    [deepseek-v3.2] 决策: select | 选笑话编号: 1
    评估模型: kimi-k2.5
    [kimi-k2.5] 决策: create | 选笑话编号: None

  质量组: low (4个候选笑话)
    评估模型: qwen3-max
    [qwen3-max] 决策: select | 选笑话编号: 1
    评估模型: deepseek-v3.2
    [deepseek-v3.2] 决策: select | 选笑话编号: 1
    评估模型: kimi-k2.5
    [kimi-k2.5] 决策: create | 选笑话编号: None

  Item完成: 耗时62.0s | 总耗时142.9min
  速率限制器状态: 可用令牌=48.0/48
  已保存中间结果 (151 条)

============================================================
处理 zh_0252... (152/1174)

  质量组: high (4个候选笑话)
    评估模型: qwen3-max
    [qwen3-max] 决策: select | 选笑话编号: 2
    评估模型: deepseek-v3.2
    [deepseek-v3.2] 决策: select | 选笑话编号: 1
    评估模型: kimi-k2.5
    [kimi-k2.5] 决策: create | 选笑话编号: None

  质量组: medium (4个候选笑话)
    评估模型: qwen3-max
    [qwen3-max] 决策: select | 选笑话编号: 1
    评估模型: deepseek-v3.2
    [deepseek-v3.2] 决策: select | 选笑话编号: 1
    评估模型: kimi-k2.5
    [kimi-k2.5] 决策: create | 选笑话编号: None

  质量组: low (4个候选笑话)
    评估模型: qwen3-max
    [qwen3-max] 决策: create | 选笑话编号: None
    评估模型: deepseek-v3.2
    [deepseek-v3.2] 决策: create | 选笑话编号: None
    评估模型: kimi-k2.5
    [kimi-k2.5] 决策: create | 选笑话编号: None

  Item完成: 耗时57.7s | 总耗时143.9min
  速率限制器状态: 可用令牌=48.0/48
  已保存中间结果 (152 条)

============================================================
处理 zh_0253... (153/1174)

  质量组: high (4个候选笑话)
    评估模型: qwen3-max
    [qwen3-max] 决策: select | 选笑话编号: 2
    评估模型: deepseek-v3.2
    [deepseek-v3.2] 决策: select | 选笑话编号: 4
    评估模型: kimi-k2.5
    [kimi-k2.5] 决策: create | 选笑话编号: None

  质量组: medium (4个候选笑话)
    评估模型: qwen3-max
    [qwen3-max] 决策: select | 选笑话编号: 1
    评估模型: deepseek-v3.2
    [deepseek-v3.2] 决策: select | 选笑话编号: 4
    评估模型: kimi-k2.5
    [kimi-k2.5] 决策: create | 选笑话编号: None

  质量组: low (4个候选笑话)
    评估模型: qwen3-max
    [qwen3-max] 决策: select | 选笑话编号: 1
    评估模型: deepseek-v3.2
    [deepseek-v3.2] 决策: select | 选笑话编号: 1
    评估模型: kimi-k2.5
    [kimi-k2.5] 决策: create | 选笑话编号: None

  Item完成: 耗时50.9s | 总耗时144.7min
  速率限制器状态: 可用令牌=48.0/48
  已保存中间结果 (153 条)

============================================================
处理 zh_0254... (154/1174)

  质量组: high (4个候选笑话)
    评估模型: qwen3-max
    [qwen3-max] 决策: select | 选笑话编号: 2
    评估模型: deepseek-v3.2
    [deepseek-v3.2] 决策: select | 选笑话编号: 2
    评估模型: kimi-k2.5
    [kimi-k2.5] 决策: select | 选笑话编号: 2

  质量组: medium (4个候选笑话)
    评估模型: qwen3-max
    [qwen3-max] 决策: select | 选笑话编号: 2
    评估模型: deepseek-v3.2
    [deepseek-v3.2] 决策: select | 选笑话编号: 2
    评估模型: kimi-k2.5
    [kimi-k2.5] 决策: select | 选笑话编号: 2

  质量组: low (4个候选笑话)
    评估模型: qwen3-max
    [qwen3-max] 决策: select | 选笑话编号: 1
    评估模型: deepseek-v3.2
    [deepseek-v3.2] 决策: select | 选笑话编号: 1
    评估模型: kimi-k2.5
    [kimi-k2.5] 决策: create | 选笑话编号: None

  Item完成: 耗时63.6s | 总耗时145.8min
  速率限制器状态: 可用令牌=48.0/48
  已保存中间结果 (154 条)

============================================================
处理 zh_0255... (155/1174)

  质量组: high (4个候选笑话)
    评估模型: qwen3-max
    [qwen3-max] 决策: select | 选笑话编号: 3
    评估模型: deepseek-v3.2
    [deepseek-v3.2] 决策: select | 选笑话编号: 1
    评估模型: kimi-k2.5
    [API] JSON解析失败: JSON解析失败: Expecting ',' delimiter: line 4 column 88 (char 145), model=kimi-k2.5
    [kimi-k2.5] 决策:  | 选笑话编号: ?

  质量组: medium (4个候选笑话)
    评估模型: qwen3-max
    [qwen3-max] 决策: select | 选笑话编号: 1
    评估模型: deepseek-v3.2
    [deepseek-v3.2] 决策: select | 选笑话编号: 1
    评估模型: kimi-k2.5
    [kimi-k2.5] 决策: create | 选笑话编号: None

  质量组: low (4个候选笑话)
    评估模型: qwen3-max
    [qwen3-max] 决策: create | 选笑话编号: None
    评估模型: deepseek-v3.2
    [deepseek-v3.2] 决策: create | 选笑话编号: None
    评估模型: kimi-k2.5
    [kimi-k2.5] 决策: create | 选笑话编号: None

  Item完成: 耗时53.8s | 总耗时146.7min
  速率限制器状态: 可用令牌=48.0/48
  已保存中间结果 (155 条)

============================================================
处理 zh_0256... (156/1174)

  质量组: high (4个候选笑话)
    评估模型: qwen3-max
    [qwen3-max] 决策: select | 选笑话编号: 2
    评估模型: deepseek-v3.2
    [deepseek-v3.2] 决策: select | 选笑话编号: 2
    评估模型: kimi-k2.5
    [API] JSON解析失败: JSON解析失败: Expecting ',' delimiter: line 4 column 31 (char 88), model=kimi-k2.5
    [kimi-k2.5] 决策:  | 选笑话编号: ?

  质量组: medium (4个候选笑话)
    评估模型: qwen3-max
    [qwen3-max] 决策: select | 选笑话编号: 1
    评估模型: deepseek-v3.2
    [deepseek-v3.2] 决策: select | 选笑话编号: 1
    评估模型: kimi-k2.5
    [kimi-k2.5] 决策: create | 选笑话编号: None

  质量组: low (4个候选笑话)
    评估模型: qwen3-max
    [qwen3-max] 决策: create | 选笑话编号: None
    评估模型: deepseek-v3.2
    [deepseek-v3.2] 决策: create | 选笑话编号: None
    评估模型: kimi-k2.5
    [kimi-k2.5] 决策: create | 选笑话编号: None

  Item完成: 耗时58.9s | 总耗时147.7min
  速率限制器状态: 可用令牌=48.0/48
  已保存中间结果 (156 条)

============================================================
处理 zh_0257... (157/1174)

  质量组: high (4个候选笑话)
    评估模型: qwen3-max
    [qwen3-max] 决策: select | 选笑话编号: 2
    评估模型: deepseek-v3.2
    [deepseek-v3.2] 决策: select | 选笑话编号: 2
    评估模型: kimi-k2.5
    [API] JSON解析失败: JSON解析失败: Expecting ',' delimiter: line 4 column 55 (char 112), model=kimi-k2.5
    [kimi-k2.5] 决策:  | 选笑话编号: ?

  质量组: medium (4个候选笑话)
    评估模型: qwen3-max
    [qwen3-max] 决策: create | 选笑话编号: None
    评估模型: deepseek-v3.2
    [deepseek-v3.2] 决策: select | 选笑话编号: 2
    评估模型: kimi-k2.5
    [kimi-k2.5] 决策: create | 选笑话编号: None

  质量组: low (4个候选笑话)
    评估模型: qwen3-max
    [qwen3-max] 决策: create | 选笑话编号: None
    评估模型: deepseek-v3.2
    [deepseek-v3.2] 决策: select | 选笑话编号: 1
    评估模型: kimi-k2.5
    [API] JSON解析失败: JSON解析失败: Expecting ',' delimiter: line 4 column 84 (char 141), model=kimi-k2.5
    [kimi-k2.5] 决策:  | 选笑话编号: ?

  Item完成: 耗时55.8s | 总耗时148.6min
  速率限制器状态: 可用令牌=48.0/48
  已保存中间结果 (157 条)

============================================================
处理 zh_0258... (158/1174)

  质量组: high (4个候选笑话)
    评估模型: qwen3-max
    [qwen3-max] 决策: select | 选笑话编号: 1
    评估模型: deepseek-v3.2
    [deepseek-v3.2] 决策: select | 选笑话编号: 1
    评估模型: kimi-k2.5
    [API] JSON解析失败: JSON解析失败: Expecting ',' delimiter: line 5 column 60 (char 282), model=kimi-k2.5
    [kimi-k2.5] 决策:  | 选笑话编号: ?

  质量组: medium (4个候选笑话)
    评估模型: qwen3-max
    [qwen3-max] 决策: select | 选笑话编号: 2
    评估模型: deepseek-v3.2
    [deepseek-v3.2] 决策: select | 选笑话编号: 4
    评估模型: kimi-k2.5
    [kimi-k2.5] 决策: create | 选笑话编号: None

  质量组: low (4个候选笑话)
    评估模型: qwen3-max
    [qwen3-max] 决策: create | 选笑话编号: None
    评估模型: deepseek-v3.2
    [deepseek-v3.2] 决策: create | 选笑话编号: None
    评估模型: kimi-k2.5
    [kimi-k2.5] 决策: create | 选笑话编号: None

  Item完成: 耗时51.7s | 总耗时149.5min
  速率限制器状态: 可用令牌=48.0/48
  已保存中间结果 (158 条)

============================================================
处理 zh_0259... (159/1174)

  质量组: high (4个候选笑话)
    评估模型: qwen3-max
    [qwen3-max] 决策: select | 选笑话编号: 2
    评估模型: deepseek-v3.2
    [deepseek-v3.2] 决策: select | 选笑话编号: 2
    评估模型: kimi-k2.5
    [kimi-k2.5] 决策: select | 选笑话编号: 2

  质量组: medium (4个候选笑话)
    评估模型: qwen3-max
    [qwen3-max] 决策: select | 选笑话编号: 3
    评估模型: deepseek-v3.2
    [deepseek-v3.2] 决策: select | 选笑话编号: 4
    评估模型: kimi-k2.5
    [kimi-k2.5] 决策: create | 选笑话编号: None

  质量组: low (4个候选笑话)
    评估模型: qwen3-max
    [qwen3-max] 决策: create | 选笑话编号: None
    评估模型: deepseek-v3.2
    [deepseek-v3.2] 决策: select | 选笑话编号: 1
    评估模型: kimi-k2.5
    [kimi-k2.5] 决策: create | 选笑话编号: None

  Item完成: 耗时53.1s | 总耗时150.4min
  速率限制器状态: 可用令牌=48.0/48
  已保存中间结果 (159 条)

============================================================
处理 zh_0260... (160/1174)

  质量组: high (4个候选笑话)
    评估模型: qwen3-max
    [qwen3-max] 决策: select | 选笑话编号: 3
    评估模型: deepseek-v3.2
    [deepseek-v3.2] 决策: select | 选笑话编号: 1
    评估模型: kimi-k2.5
    [kimi-k2.5] 决策: create | 选笑话编号: None

  质量组: medium (4个候选笑话)
    评估模型: qwen3-max
    [qwen3-max] 决策: select | 选笑话编号: 2
    评估模型: deepseek-v3.2
    [deepseek-v3.2] 决策: select | 选笑话编号: 2
    评估模型: kimi-k2.5
    [kimi-k2.5] 决策: create | 选笑话编号: None

  质量组: low (4个候选笑话)
    评估模型: qwen3-max
    [qwen3-max] 决策: create | 选笑话编号: None
    评估模型: deepseek-v3.2
    [deepseek-v3.2] 决策: create | 选笑话编号: None
    评估模型: kimi-k2.5
    [kimi-k2.5] 决策: create | 选笑话编号: None

  Item完成: 耗时49.0s | 总耗时151.2min
  速率限制器状态: 可用令牌=48.0/48
  已保存中间结果 (160 条)

============================================================
处理 zh_0261... (161/1174)

  质量组: high (4个候选笑话)
    评估模型: qwen3-max
    [qwen3-max] 决策: select | 选笑话编号: 2
    评估模型: deepseek-v3.2
    [deepseek-v3.2] 决策: select | 选笑话编号: 1
    评估模型: kimi-k2.5
    [API] JSON解析失败: JSON解析失败: Expecting ',' delimiter: line 4 column 35 (char 92), model=kimi-k2.5
    [kimi-k2.5] 决策:  | 选笑话编号: ?

  质量组: medium (4个候选笑话)
    评估模型: qwen3-max
    [qwen3-max] 决策: select | 选笑话编号: 1
    评估模型: deepseek-v3.2
    [deepseek-v3.2] 决策: select | 选笑话编号: 1
    评估模型: kimi-k2.5
    [kimi-k2.5] 决策: create | 选笑话编号: None

  质量组: low (4个候选笑话)
    评估模型: qwen3-max
    [qwen3-max] 决策: create | 选笑话编号: None
    评估模型: deepseek-v3.2
    [deepseek-v3.2] 决策: select | 选笑话编号: 2
    评估模型: kimi-k2.5
    [kimi-k2.5] 决策: create | 选笑话编号: None

  Item完成: 耗时54.0s | 总耗时152.1min
  速率限制器状态: 可用令牌=48.0/48
  已保存中间结果 (161 条)

============================================================
处理 zh_0262... (162/1174)

  质量组: high (4个候选笑话)
    评估模型: qwen3-max
    [qwen3-max] 决策: select | 选笑话编号: 3
    评估模型: deepseek-v3.2
    [deepseek-v3.2] 决策: create | 选笑话编号: None
    评估模型: kimi-k2.5
    [kimi-k2.5] 决策: create | 选笑话编号: None

  质量组: medium (4个候选笑话)
    评估模型: qwen3-max
    [qwen3-max] 决策: select | 选笑话编号: 4
    评估模型: deepseek-v3.2
    [deepseek-v3.2] 决策: select | 选笑话编号: 4
    评估模型: kimi-k2.5
    [kimi-k2.5] 决策: create | 选笑话编号: None

  质量组: low (4个候选笑话)
    评估模型: qwen3-max
    [qwen3-max] 决策: create | 选笑话编号: None
    评估模型: deepseek-v3.2
    [deepseek-v3.2] 决策: select | 选笑话编号: 4
    评估模型: kimi-k2.5
    [kimi-k2.5] 决策: create | 选笑话编号: None

  Item完成: 耗时49.7s | 总耗时152.9min
  速率限制器状态: 可用令牌=48.0/48
  已保存中间结果 (162 条)

============================================================
处理 zh_0263... (163/1174)

  质量组: high (4个候选笑话)
    评估模型: qwen3-max
    [qwen3-max] 决策: select | 选笑话编号: 2
    评估模型: deepseek-v3.2
    [deepseek-v3.2] 决策: select | 选笑话编号: 4
    评估模型: kimi-k2.5
    [kimi-k2.5] 决策: select | 选笑话编号: 4

  质量组: medium (4个候选笑话)
    评估模型: qwen3-max
    [qwen3-max] 决策: select | 选笑话编号: 2
    评估模型: deepseek-v3.2
    [deepseek-v3.2] 决策: select | 选笑话编号: 2
    评估模型: kimi-k2.5
    [kimi-k2.5] 决策: create | 选笑话编号: None

  质量组: low (4个候选笑话)
    评估模型: qwen3-max
    [qwen3-max] 决策: select | 选笑话编号: 1
    评估模型: deepseek-v3.2
    [deepseek-v3.2] 决策: create | 选笑话编号: None
    评估模型: kimi-k2.5
    [API] JSON解析失败: JSON解析失败: Expecting ',' delimiter: line 4 column 39 (char 96), model=kimi-k2.5
    [kimi-k2.5] 决策:  | 选笑话编号: ?

  Item完成: 耗时56.3s | 总耗时153.8min
  速率限制器状态: 可用令牌=48.0/48
  已保存中间结果 (163 条)

============================================================
处理 zh_0264... (164/1174)

  质量组: high (4个候选笑话)
    评估模型: qwen3-max
    [qwen3-max] 决策: select | 选笑话编号: 2
    评估模型: deepseek-v3.2
    [deepseek-v3.2] 决策: select | 选笑话编号: 4
    评估模型: kimi-k2.5
    [kimi-k2.5] 决策: create | 选笑话编号: None

  质量组: medium (4个候选笑话)
    评估模型: qwen3-max
    [qwen3-max] 决策: select | 选笑话编号: 2
    评估模型: deepseek-v3.2
    [deepseek-v3.2] 决策: select | 选笑话编号: 4
    评估模型: kimi-k2.5
    [API] JSON解析失败: JSON解析失败: Expecting ',' delimiter: line 4 column 47 (char 104), model=kimi-k2.5
    [kimi-k2.5] 决策:  | 选笑话编号: ?

  质量组: low (4个候选笑话)
    评估模型: qwen3-max
    [qwen3-max] 决策: select | 选笑话编号: 1
    评估模型: deepseek-v3.2
    [deepseek-v3.2] 决策: create | 选笑话编号: None
    评估模型: kimi-k2.5
    [API] JSON解析失败: JSON解析失败: Expecting ',' delimiter: line 4 column 97 (char 154), model=kimi-k2.5
    [kimi-k2.5] 决策:  | 选笑话编号: ?

  Item完成: 耗时50.1s | 总耗时154.7min
  速率限制器状态: 可用令牌=48.0/48
  已保存中间结果 (164 条)

============================================================
处理 zh_0265... (165/1174)

  质量组: high (4个候选笑话)
    评估模型: qwen3-max
    [qwen3-max] 决策: select | 选笑话编号: 2
    评估模型: deepseek-v3.2
    [deepseek-v3.2] 决策: select | 选笑话编号: 4
    评估模型: kimi-k2.5
    [API] JSON解析失败: JSON解析失败: Expecting ',' delimiter: line 4 column 29 (char 83), model=kimi-k2.5
    [kimi-k2.5] 决策:  | 选笑话编号: ?

  质量组: medium (4个候选笑话)
    评估模型: qwen3-max
    [qwen3-max] 决策: create | 选笑话编号: None
    评估模型: deepseek-v3.2
    [deepseek-v3.2] 决策: select | 选笑话编号: 1
    评估模型: kimi-k2.5
    [kimi-k2.5] 决策: create | 选笑话编号: None

  质量组: low (4个候选笑话)
    评估模型: qwen3-max
    [qwen3-max] 决策: create | 选笑话编号: None
    评估模型: deepseek-v3.2
    [deepseek-v3.2] 决策: create | 选笑话编号: None
    评估模型: kimi-k2.5
    [kimi-k2.5] 决策: create | 选笑话编号: None

  Item完成: 耗时48.2s | 总耗时155.5min
  速率限制器状态: 可用令牌=48.0/48
  已保存中间结果 (165 条)

============================================================
处理 zh_0266... (166/1174)

  质量组: high (4个候选笑话)
    评估模型: qwen3-max
    [qwen3-max] 决策: select | 选笑话编号: 2
    评估模型: deepseek-v3.2
    [deepseek-v3.2] 决策: select | 选笑话编号: 2
    评估模型: kimi-k2.5
    [kimi-k2.5] 决策: select | 选笑话编号: 2

  质量组: medium (4个候选笑话)
    评估模型: qwen3-max
    [qwen3-max] 决策: select | 选笑话编号: 1
    评估模型: deepseek-v3.2
    [deepseek-v3.2] 决策: select | 选笑话编号: 1
    评估模型: kimi-k2.5
    [kimi-k2.5] 决策: create | 选笑话编号: None

  质量组: low (4个候选笑话)
    评估模型: qwen3-max
    [qwen3-max] 决策: select | 选笑话编号: 1
    评估模型: deepseek-v3.2
    [deepseek-v3.2] 决策: select | 选笑话编号: 1
    评估模型: kimi-k2.5
    [kimi-k2.5] 决策: create | 选笑话编号: None

  Item完成: 耗时50.4s | 总耗时156.3min
  速率限制器状态: 可用令牌=48.0/48
  已保存中间结果 (166 条)

============================================================
处理 zh_0267... (167/1174)

  质量组: high (4个候选笑话)
    评估模型: qwen3-max
    [qwen3-max] 决策: select | 选笑话编号: 2
    评估模型: deepseek-v3.2
    [deepseek-v3.2] 决策: select | 选笑话编号: 2
    评估模型: kimi-k2.5
    [API] JSON解析失败: JSON解析失败: Expecting ',' delimiter: line 5 column 35 (char 191), model=kimi-k2.5
    [kimi-k2.5] 决策:  | 选笑话编号: ?

  质量组: medium (4个候选笑话)
    评估模型: qwen3-max
    [qwen3-max] 决策: select | 选笑话编号: 2
    评估模型: deepseek-v3.2
    [deepseek-v3.2] 决策: select | 选笑话编号: 2
    评估模型: kimi-k2.5
    [API] JSON解析失败: JSON解析失败: Expecting ',' delimiter: line 4 column 58 (char 115), model=kimi-k2.5
    [kimi-k2.5] 决策:  | 选笑话编号: ?

  质量组: low (4个候选笑话)
    评估模型: qwen3-max
    [qwen3-max] 决策: select | 选笑话编号: 2
    评估模型: deepseek-v3.2
    [deepseek-v3.2] 决策: select | 选笑话编号: 4
    评估模型: kimi-k2.5
    [kimi-k2.5] 决策: create | 选笑话编号: None

  Item完成: 耗时50.1s | 总耗时157.2min
  速率限制器状态: 可用令牌=48.0/48
  已保存中间结果 (167 条)

============================================================
处理 zh_0268... (168/1174)

  质量组: high (4个候选笑话)
    评估模型: qwen3-max
    [qwen3-max] 决策: create | 选笑话编号: None
    评估模型: deepseek-v3.2
    [deepseek-v3.2] 决策: select | 选笑话编号: 1
    评估模型: kimi-k2.5
    [kimi-k2.5] 决策: create | 选笑话编号: None

  质量组: medium (4个候选笑话)
    评估模型: qwen3-max
    [qwen3-max] 决策: create | 选笑话编号: None
    评估模型: deepseek-v3.2
    [deepseek-v3.2] 决策: select | 选笑话编号: 2
    评估模型: kimi-k2.5
    [kimi-k2.5] 决策: create | 选笑话编号: None

  质量组: low (4个候选笑话)
    评估模型: qwen3-max
    [qwen3-max] 决策: create | 选笑话编号: None
    评估模型: deepseek-v3.2
    [deepseek-v3.2] 决策: select | 选笑话编号: 1
    评估模型: kimi-k2.5
    [kimi-k2.5] 决策: create | 选笑话编号: None

  Item完成: 耗时61.7s | 总耗时158.2min
  速率限制器状态: 可用令牌=48.0/48
  已保存中间结果 (168 条)

============================================================
处理 zh_0269... (169/1174)

  质量组: high (4个候选笑话)
    评估模型: qwen3-max
    [qwen3-max] 决策: select | 选笑话编号: 2
    评估模型: deepseek-v3.2
    [deepseek-v3.2] 决策: select | 选笑话编号: 2
    评估模型: kimi-k2.5
    [API] JSON解析失败: JSON解析失败: Expecting ',' delimiter: line 5 column 22 (char 200), model=kimi-k2.5
    [kimi-k2.5] 决策:  | 选笑话编号: ?

  质量组: medium (4个候选笑话)
    评估模型: qwen3-max
    [qwen3-max] 决策: select | 选笑话编号: 1
    评估模型: deepseek-v3.2
    [deepseek-v3.2] 决策: select | 选笑话编号: 1
    评估模型: kimi-k2.5
    [API] JSON解析失败: JSON解析失败: Expecting ',' delimiter: line 5 column 23 (char 191), model=kimi-k2.5
    [kimi-k2.5] 决策:  | 选笑话编号: ?

  质量组: low (4个候选笑话)
    评估模型: qwen3-max
    [qwen3-max] 决策: create | 选笑话编号: None
    评估模型: deepseek-v3.2
    [deepseek-v3.2] 决策: select | 选笑话编号: 2
    评估模型: kimi-k2.5
    [kimi-k2.5] 决策: create | 选笑话编号: None

  Item完成: 耗时65.2s | 总耗时159.3min
  速率限制器状态: 可用令牌=48.0/48
  已保存中间结果 (169 条)

============================================================
处理 zh_0270... (170/1174)

  质量组: high (4个候选笑话)
    评估模型: qwen3-max
    [qwen3-max] 决策: select | 选笑话编号: 2
    评估模型: deepseek-v3.2
    [deepseek-v3.2] 决策: select | 选笑话编号: 1
    评估模型: kimi-k2.5
    [kimi-k2.5] 决策: create | 选笑话编号: None

  质量组: medium (4个候选笑话)
    评估模型: qwen3-max
    [qwen3-max] 决策: select | 选笑话编号: 2
    评估模型: deepseek-v3.2
    [deepseek-v3.2] 决策: select | 选笑话编号: 4
    评估模型: kimi-k2.5
    [kimi-k2.5] 决策: create | 选笑话编号: None

  质量组: low (4个候选笑话)
    评估模型: qwen3-max
    [qwen3-max] 决策: create | 选笑话编号: None
    评估模型: deepseek-v3.2
    [deepseek-v3.2] 决策: select | 选笑话编号: 4
    评估模型: kimi-k2.5
    [kimi-k2.5] 决策: create | 选笑话编号: None

  Item完成: 耗时55.1s | 总耗时160.2min
  速率限制器状态: 可用令牌=48.0/48
  已保存中间结果 (170 条)

============================================================
处理 zh_0271... (171/1174)

  质量组: high (4个候选笑话)
    评估模型: qwen3-max
    [qwen3-max] 决策: select | 选笑话编号: 2
    评估模型: deepseek-v3.2
    [deepseek-v3.2] 决策: select | 选笑话编号: 2
    评估模型: kimi-k2.5
    [kimi-k2.5] 决策: create | 选笑话编号: None

  质量组: medium (4个候选笑话)
    评估模型: qwen3-max
    [qwen3-max] 决策: create | 选笑话编号: None
    评估模型: deepseek-v3.2
    [deepseek-v3.2] 决策: select | 选笑话编号: 2
    评估模型: kimi-k2.5
    [kimi-k2.5] 决策: create | 选笑话编号: None

  质量组: low (4个候选笑话)
    评估模型: qwen3-max
    [qwen3-max] 决策: create | 选笑话编号: None
    评估模型: deepseek-v3.2
    [deepseek-v3.2] 决策: create | 选笑话编号: None
    评估模型: kimi-k2.5
    [kimi-k2.5] 决策: create | 选笑话编号: None

  Item完成: 耗时51.4s | 总耗时161.1min
  速率限制器状态: 可用令牌=48.0/48
  已保存中间结果 (171 条)

============================================================
处理 zh_0272... (172/1174)

  质量组: high (4个候选笑话)
    评估模型: qwen3-max
    [qwen3-max] 决策: select | 选笑话编号: 1
    评估模型: deepseek-v3.2
    [deepseek-v3.2] 决策: select | 选笑话编号: 1
    评估模型: kimi-k2.5
    [kimi-k2.5] 决策: create | 选笑话编号: None

  质量组: medium (4个候选笑话)
    评估模型: qwen3-max
    [qwen3-max] 决策: select | 选笑话编号: 2
    评估模型: deepseek-v3.2
    [deepseek-v3.2] 决策: select | 选笑话编号: 1
    评估模型: kimi-k2.5
    [kimi-k2.5] 决策: create | 选笑话编号: None

  质量组: low (4个候选笑话)
    评估模型: qwen3-max
    [qwen3-max] 决策: create | 选笑话编号: None
    评估模型: deepseek-v3.2
    [deepseek-v3.2] 决策: select | 选笑话编号: 1
    评估模型: kimi-k2.5
    [kimi-k2.5] 决策: create | 选笑话编号: None

  Item完成: 耗时57.8s | 总耗时162.0min
  速率限制器状态: 可用令牌=48.0/48
  已保存中间结果 (172 条)

============================================================
处理 zh_0273... (173/1174)

  质量组: high (4个候选笑话)
    评估模型: qwen3-max
    [qwen3-max] 决策: select | 选笑话编号: 2
    评估模型: deepseek-v3.2
    [deepseek-v3.2] 决策: select | 选笑话编号: 4
    评估模型: kimi-k2.5
    [kimi-k2.5] 决策: select | 选笑话编号: 2

  质量组: medium (4个候选笑话)
    评估模型: qwen3-max
    [qwen3-max] 决策: select | 选笑话编号: 2
    评估模型: deepseek-v3.2
    [deepseek-v3.2] 决策: select | 选笑话编号: 2
    评估模型: kimi-k2.5
    [kimi-k2.5] 决策: create | 选笑话编号: None

  质量组: low (4个候选笑话)
    评估模型: qwen3-max
    [qwen3-max] 决策: create | 选笑话编号: None
    评估模型: deepseek-v3.2
    [deepseek-v3.2] 决策: create | 选笑话编号: None
    评估模型: kimi-k2.5
    [kimi-k2.5] 决策: create | 选笑话编号: None

  Item完成: 耗时54.1s | 总耗时162.9min
  速率限制器状态: 可用令牌=48.0/48
  已保存中间结果 (173 条)

============================================================
处理 zh_0274... (174/1174)

  质量组: high (4个候选笑话)
    评估模型: qwen3-max
    [qwen3-max] 决策: select | 选笑话编号: 3
    评估模型: deepseek-v3.2
    [deepseek-v3.2] 决策: select | 选笑话编号: 3
    评估模型: kimi-k2.5
    [kimi-k2.5] 决策: create | 选笑话编号: None

  质量组: medium (4个候选笑话)
    评估模型: qwen3-max
    [qwen3-max] 决策: select | 选笑话编号: 4
    评估模型: deepseek-v3.2
    [deepseek-v3.2] 决策: select | 选笑话编号: 2
    评估模型: kimi-k2.5
    [kimi-k2.5] 决策: create | 选笑话编号: None

  质量组: low (4个候选笑话)
    评估模型: qwen3-max
    [qwen3-max] 决策: select | 选笑话编号: 1
    评估模型: deepseek-v3.2
    [deepseek-v3.2] 决策: select | 选笑话编号: 1
    评估模型: kimi-k2.5
    [kimi-k2.5] 决策: create | 选笑话编号: None

  Item完成: 耗时49.7s | 总耗时163.8min
  速率限制器状态: 可用令牌=48.0/48
  已保存中间结果 (174 条)

============================================================
处理 zh_0275... (175/1174)

  质量组: high (4个候选笑话)
    评估模型: qwen3-max
    [qwen3-max] 决策: select | 选笑话编号: 2
    评估模型: deepseek-v3.2
    [deepseek-v3.2] 决策: select | 选笑话编号: 2
    评估模型: kimi-k2.5
    [API] JSON解析失败: JSON解析失败: Expecting ',' delimiter: line 4 column 39 (char 96), model=kimi-k2.5
    [kimi-k2.5] 决策:  | 选笑话编号: ?

  质量组: medium (4个候选笑话)
    评估模型: qwen3-max
    [qwen3-max] 决策: select | 选笑话编号: 4
    评估模型: deepseek-v3.2
    [deepseek-v3.2] 决策: select | 选笑话编号: 4
    评估模型: kimi-k2.5
    [kimi-k2.5] 决策: create | 选笑话编号: None

  质量组: low (4个候选笑话)
    评估模型: qwen3-max
    [qwen3-max] 决策: create | 选笑话编号: None
    评估模型: deepseek-v3.2
    [deepseek-v3.2] 决策: select | 选笑话编号: 2
    评估模型: kimi-k2.5
    [API] JSON解析失败: JSON解析失败: Expecting ',' delimiter: line 4 column 39 (char 96), model=kimi-k2.5
    [kimi-k2.5] 决策:  | 选笑话编号: ?

  Item完成: 耗时54.2s | 总耗时164.7min
  速率限制器状态: 可用令牌=48.0/48
  已保存中间结果 (175 条)

============================================================
处理 zh_0276... (176/1174)

  质量组: high (4个候选笑话)
    评估模型: qwen3-max
    [qwen3-max] 决策: select | 选笑话编号: 2
    评估模型: deepseek-v3.2
    [deepseek-v3.2] 决策: select | 选笑话编号: 4
    评估模型: kimi-k2.5
    [kimi-k2.5] 决策: select | 选笑话编号: 2

  质量组: medium (4个候选笑话)
    评估模型: qwen3-max
    [qwen3-max] 决策: select | 选笑话编号: 1
    评估模型: deepseek-v3.2
    [deepseek-v3.2] 决策: select | 选笑话编号: 4
    评估模型: kimi-k2.5
    [kimi-k2.5] 决策: create | 选笑话编号: None

  质量组: low (4个候选笑话)
    评估模型: qwen3-max
    [qwen3-max] 决策: select | 选笑话编号: 1
    评估模型: deepseek-v3.2
    [deepseek-v3.2] 决策: select | 选笑话编号: 1
    评估模型: kimi-k2.5
    [kimi-k2.5] 决策: create | 选笑话编号: None

  Item完成: 耗时49.1s | 总耗时165.5min
  速率限制器状态: 可用令牌=48.0/48
  已保存中间结果 (176 条)

============================================================
处理 zh_0277... (177/1174)

  质量组: high (4个候选笑话)
    评估模型: qwen3-max
    [qwen3-max] 决策: select | 选笑话编号: 2
    评估模型: deepseek-v3.2
    [deepseek-v3.2] 决策: select | 选笑话编号: 2
    评估模型: kimi-k2.5
    [kimi-k2.5] 决策: create | 选笑话编号: None

  质量组: medium (4个候选笑话)
    评估模型: qwen3-max
    [qwen3-max] 决策: create | 选笑话编号: None
    评估模型: deepseek-v3.2
    [deepseek-v3.2] 决策: create | 选笑话编号: None
    评估模型: kimi-k2.5
    [kimi-k2.5] 决策: create | 选笑话编号: None

  质量组: low (4个候选笑话)
    评估模型: qwen3-max
    [qwen3-max] 决策: create | 选笑话编号: None
    评估模型: deepseek-v3.2
    [deepseek-v3.2] 决策: create | 选笑话编号: None
    评估模型: kimi-k2.5
    [kimi-k2.5] 决策: create | 选笑话编号: None

  Item完成: 耗时52.6s | 总耗时166.4min
  速率限制器状态: 可用令牌=48.0/48
  已保存中间结果 (177 条)

============================================================
处理 zh_0278... (178/1174)

  质量组: high (4个候选笑话)
    评估模型: qwen3-max
    [qwen3-max] 决策: select | 选笑话编号: 2
    评估模型: deepseek-v3.2
    [deepseek-v3.2] 决策: select | 选笑话编号: 2
    评估模型: kimi-k2.5
    [kimi-k2.5] 决策: create | 选笑话编号: None

  质量组: medium (4个候选笑话)
    评估模型: qwen3-max
    [qwen3-max] 决策: select | 选笑话编号: 1
    评估模型: deepseek-v3.2
    [deepseek-v3.2] 决策: select | 选笑话编号: 1
    评估模型: kimi-k2.5
    [kimi-k2.5] 决策: create | 选笑话编号: None

  质量组: low (4个候选笑话)
    评估模型: qwen3-max
    [qwen3-max] 决策: create | 选笑话编号: None
    评估模型: deepseek-v3.2
    [deepseek-v3.2] 决策: select | 选笑话编号: 2
    评估模型: kimi-k2.5
    [API] JSON解析失败: JSON解析失败: Expecting ',' delimiter: line 4 column 39 (char 96), model=kimi-k2.5
    [kimi-k2.5] 决策:  | 选笑话编号: ?

  Item完成: 耗时56.8s | 总耗时167.3min
  速率限制器状态: 可用令牌=48.0/48
  已保存中间结果 (178 条)

============================================================
处理 zh_0279... (179/1174)

  质量组: high (4个候选笑话)
    评估模型: qwen3-max
    [qwen3-max] 决策: select | 选笑话编号: 2
    评估模型: deepseek-v3.2
    [deepseek-v3.2] 决策: select | 选笑话编号: 2
    评估模型: kimi-k2.5
    [kimi-k2.5] 决策: create | 选笑话编号: None

  质量组: medium (4个候选笑话)
    评估模型: qwen3-max
    [qwen3-max] 决策: select | 选笑话编号: 1
    评估模型: deepseek-v3.2
    [deepseek-v3.2] 决策: select | 选笑话编号: 1
    评估模型: kimi-k2.5
    [kimi-k2.5] 决策: create | 选笑话编号: None

  质量组: low (4个候选笑话)
    评估模型: qwen3-max
    [qwen3-max] 决策: select | 选笑话编号: 1
    评估模型: deepseek-v3.2
    [deepseek-v3.2] 决策: create | 选笑话编号: None
    评估模型: kimi-k2.5
    [kimi-k2.5] 决策: create | 选笑话编号: None

  Item完成: 耗时52.5s | 总耗时168.2min
  速率限制器状态: 可用令牌=48.0/48
  已保存中间结果 (179 条)

============================================================
处理 zh_0280... (180/1174)

  质量组: high (4个候选笑话)
    评估模型: qwen3-max
    [qwen3-max] 决策: select | 选笑话编号: 2
    评估模型: deepseek-v3.2
    [deepseek-v3.2] 决策: select | 选笑话编号: 2
    评估模型: kimi-k2.5
    [kimi-k2.5] 决策: create | 选笑话编号: None

  质量组: medium (4个候选笑话)
    评估模型: qwen3-max
    [qwen3-max] 决策: select | 选笑话编号: 2
    评估模型: deepseek-v3.2
    [deepseek-v3.2] 决策: select | 选笑话编号: 1
    评估模型: kimi-k2.5
    [kimi-k2.5] 决策: create | 选笑话编号: None

  质量组: low (4个候选笑话)
    评估模型: qwen3-max
    [qwen3-max] 决策: select | 选笑话编号: 4
    评估模型: deepseek-v3.2
    [deepseek-v3.2] 决策: create | 选笑话编号: None
    评估模型: kimi-k2.5
    [kimi-k2.5] 决策: create | 选笑话编号: None

  Item完成: 耗时51.7s | 总耗时169.1min
  速率限制器状态: 可用令牌=48.0/48
  已保存中间结果 (180 条)

============================================================
处理 zh_0281... (181/1174)

  质量组: high (4个候选笑话)
    评估模型: qwen3-max
    [qwen3-max] 决策: create | 选笑话编号: None
    评估模型: deepseek-v3.2
    [deepseek-v3.2] 决策: create | 选笑话编号: None
    评估模型: kimi-k2.5
    [kimi-k2.5] 决策: create | 选笑话编号: None

  质量组: medium (4个候选笑话)
    评估模型: qwen3-max
    [qwen3-max] 决策: select | 选笑话编号: 1
    评估模型: deepseek-v3.2
    [deepseek-v3.2] 决策: select | 选笑话编号: 1
    评估模型: kimi-k2.5
    [kimi-k2.5] 决策: create | 选笑话编号: None

  质量组: low (4个候选笑话)
    评估模型: qwen3-max
    [qwen3-max] 决策: create | 选笑话编号: None
    评估模型: deepseek-v3.2
    [deepseek-v3.2] 决策: select | 选笑话编号: 1
    评估模型: kimi-k2.5
    [kimi-k2.5] 决策: create | 选笑话编号: None

  Item完成: 耗时55.0s | 总耗时170.0min
  速率限制器状态: 可用令牌=48.0/48
  已保存中间结果 (181 条)

============================================================
处理 zh_0282... (182/1174)

  质量组: high (4个候选笑话)
    评估模型: qwen3-max
    [qwen3-max] 决策: select | 选笑话编号: 1
    评估模型: deepseek-v3.2
    [deepseek-v3.2] 决策: select | 选笑话编号: 2
    评估模型: kimi-k2.5
    [API] JSON解析失败: JSON解析失败: Expecting ',' delimiter: line 4 column 53 (char 110), model=kimi-k2.5
    [kimi-k2.5] 决策:  | 选笑话编号: ?

  质量组: medium (4个候选笑话)
    评估模型: qwen3-max
    [qwen3-max] 决策: select | 选笑话编号: 2
    评估模型: deepseek-v3.2
    [deepseek-v3.2] 决策: select | 选笑话编号: 3
    评估模型: kimi-k2.5
    [kimi-k2.5] 决策: create | 选笑话编号: None

  质量组: low (4个候选笑话)
    评估模型: qwen3-max
    [qwen3-max] 决策: select | 选笑话编号: 1
    评估模型: deepseek-v3.2
    [deepseek-v3.2] 决策: create | 选笑话编号: None
    评估模型: kimi-k2.5
    [kimi-k2.5] 决策: create | 选笑话编号: None

  Item完成: 耗时57.9s | 总耗时170.9min
  速率限制器状态: 可用令牌=48.0/48
  已保存中间结果 (182 条)

============================================================
处理 zh_0283... (183/1174)

  质量组: high (4个候选笑话)
    评估模型: qwen3-max
    [qwen3-max] 决策: select | 选笑话编号: 2
    评估模型: deepseek-v3.2
    [deepseek-v3.2] 决策: select | 选笑话编号: 2
    评估模型: kimi-k2.5
    [kimi-k2.5] 决策: create | 选笑话编号: None

  质量组: medium (4个候选笑话)
    评估模型: qwen3-max
    [qwen3-max] 决策: select | 选笑话编号: 1
    评估模型: deepseek-v3.2
    [deepseek-v3.2] 决策: create | 选笑话编号: None
    评估模型: kimi-k2.5
    [kimi-k2.5] 决策: create | 选笑话编号: None

  质量组: low (4个候选笑话)
    评估模型: qwen3-max
    [qwen3-max] 决策: create | 选笑话编号: None
    评估模型: deepseek-v3.2
    [deepseek-v3.2] 决策: select | 选笑话编号: 4
    评估模型: kimi-k2.5
    [kimi-k2.5] 决策: create | 选笑话编号: None

  Item完成: 耗时54.2s | 总耗时171.8min
  速率限制器状态: 可用令牌=48.0/48
  已保存中间结果 (183 条)

============================================================
处理 zh_0284... (184/1174)

  质量组: high (4个候选笑话)
    评估模型: qwen3-max
    [qwen3-max] 决策: select | 选笑话编号: 2
    评估模型: deepseek-v3.2
    [deepseek-v3.2] 决策: select | 选笑话编号: 2
    评估模型: kimi-k2.5
    [kimi-k2.5] 决策: create | 选笑话编号: None

  质量组: medium (4个候选笑话)
    评估模型: qwen3-max
    [qwen3-max] 决策: select | 选笑话编号: 2
    评估模型: deepseek-v3.2
    [deepseek-v3.2] 决策: select | 选笑话编号: 2
    评估模型: kimi-k2.5
    [kimi-k2.5] 决策: create | 选笑话编号: None

  质量组: low (4个候选笑话)
    评估模型: qwen3-max
    [qwen3-max] 决策: create | 选笑话编号: None
    评估模型: deepseek-v3.2
    [deepseek-v3.2] 决策: create | 选笑话编号: None
    评估模型: kimi-k2.5
    [kimi-k2.5] 决策: create | 选笑话编号: None

  Item完成: 耗时61.5s | 总耗时172.9min
  速率限制器状态: 可用令牌=48.0/48
  已保存中间结果 (184 条)

============================================================
处理 zh_0285... (185/1174)

  质量组: high (4个候选笑话)
    评估模型: qwen3-max
    [qwen3-max] 决策: select | 选笑话编号: 2
    评估模型: deepseek-v3.2
    [deepseek-v3.2] 决策: select | 选笑话编号: 2
    评估模型: kimi-k2.5
    [kimi-k2.5] 决策: create | 选笑话编号: None

  质量组: medium (4个候选笑话)
    评估模型: qwen3-max
    [qwen3-max] 决策: select | 选笑话编号: 1
    评估模型: deepseek-v3.2
    [deepseek-v3.2] 决策: select | 选笑话编号: 1
    评估模型: kimi-k2.5
    [kimi-k2.5] 决策: create | 选笑话编号: None

  质量组: low (4个候选笑话)
    评估模型: qwen3-max
    [qwen3-max] 决策: create | 选笑话编号: None
    评估模型: deepseek-v3.2
    [deepseek-v3.2] 决策: create | 选笑话编号: None
    评估模型: kimi-k2.5
    [kimi-k2.5] 决策: create | 选笑话编号: None

  Item完成: 耗时62.6s | 总耗时173.9min
  速率限制器状态: 可用令牌=48.0/48
  已保存中间结果 (185 条)

============================================================
处理 zh_0286... (186/1174)

  质量组: high (4个候选笑话)
    评估模型: qwen3-max
    [qwen3-max] 决策: select | 选笑话编号: 2
    评估模型: deepseek-v3.2
    [deepseek-v3.2] 决策: select | 选笑话编号: 2
    评估模型: kimi-k2.5
    [kimi-k2.5] 决策: select | 选笑话编号: 1

  质量组: medium (4个候选笑话)
    评估模型: qwen3-max
    [qwen3-max] 决策: select | 选笑话编号: 1
    评估模型: deepseek-v3.2
    [deepseek-v3.2] 决策: select | 选笑话编号: 1
    评估模型: kimi-k2.5
    [kimi-k2.5] 决策: create | 选笑话编号: None

  质量组: low (4个候选笑话)
    评估模型: qwen3-max
    [qwen3-max] 决策: create | 选笑话编号: None
    评估模型: deepseek-v3.2
    [deepseek-v3.2] 决策: create | 选笑话编号: None
    评估模型: kimi-k2.5
    [kimi-k2.5] 决策: create | 选笑话编号: None

  Item完成: 耗时62.0s | 总耗时175.0min
  速率限制器状态: 可用令牌=48.0/48
  已保存中间结果 (186 条)

============================================================
处理 zh_0287... (187/1174)

  质量组: high (4个候选笑话)
    评估模型: qwen3-max
    [qwen3-max] 决策: select | 选笑话编号: 2
    评估模型: deepseek-v3.2
    [deepseek-v3.2] 决策: select | 选笑话编号: 2
    评估模型: kimi-k2.5
    [kimi-k2.5] 决策: create | 选笑话编号: None

  质量组: medium (4个候选笑话)
    评估模型: qwen3-max
    [qwen3-max] 决策: select | 选笑话编号: 1
    评估模型: deepseek-v3.2
    [deepseek-v3.2] 决策: select | 选笑话编号: 2
    评估模型: kimi-k2.5
    [kimi-k2.5] 决策: create | 选笑话编号: None

  质量组: low (4个候选笑话)
    评估模型: qwen3-max
    [qwen3-max] 决策: create | 选笑话编号: None
    评估模型: deepseek-v3.2
    [deepseek-v3.2] 决策: select | 选笑话编号: 4
    评估模型: kimi-k2.5
    [kimi-k2.5] 决策: create | 选笑话编号: None

  Item完成: 耗时56.2s | 总耗时175.9min
  速率限制器状态: 可用令牌=48.0/48
  已保存中间结果 (187 条)

============================================================
处理 zh_0288... (188/1174)

  质量组: high (4个候选笑话)
    评估模型: qwen3-max
    [qwen3-max] 决策: select | 选笑话编号: 4
    评估模型: deepseek-v3.2
    [deepseek-v3.2] 决策: select | 选笑话编号: 4
    评估模型: kimi-k2.5
    [kimi-k2.5] 决策: create | 选笑话编号: None

  质量组: medium (4个候选笑话)
    评估模型: qwen3-max
    [qwen3-max] 决策: select | 选笑话编号: 1
    评估模型: deepseek-v3.2
    [deepseek-v3.2] 决策: select | 选笑话编号: 4
    评估模型: kimi-k2.5
    [kimi-k2.5] 决策: create | 选笑话编号: None

  质量组: low (4个候选笑话)
    评估模型: qwen3-max
    [qwen3-max] 决策: create | 选笑话编号: None
    评估模型: deepseek-v3.2
    [deepseek-v3.2] 决策: create | 选笑话编号: None
    评估模型: kimi-k2.5
    [kimi-k2.5] 决策: create | 选笑话编号: None

  Item完成: 耗时52.8s | 总耗时176.8min
  速率限制器状态: 可用令牌=48.0/48
  已保存中间结果 (188 条)

============================================================
处理 zh_0289... (189/1174)

  质量组: high (4个候选笑话)
    评估模型: qwen3-max
    [qwen3-max] 决策: select | 选笑话编号: 2
    评估模型: deepseek-v3.2
    [deepseek-v3.2] 决策: select | 选笑话编号: 2
    评估模型: kimi-k2.5
    [kimi-k2.5] 决策: select | 选笑话编号: 2

  质量组: medium (4个候选笑话)
    评估模型: qwen3-max
    [qwen3-max] 决策: select | 选笑话编号: 1
    评估模型: deepseek-v3.2
    [deepseek-v3.2] 决策: select | 选笑话编号: 1
    评估模型: kimi-k2.5
    [kimi-k2.5] 决策: create | 选笑话编号: None

  质量组: low (4个候选笑话)
    评估模型: qwen3-max
    [qwen3-max] 决策: create | 选笑话编号: None
    评估模型: deepseek-v3.2
    [deepseek-v3.2] 决策: create | 选笑话编号: None
    评估模型: kimi-k2.5
    [kimi-k2.5] 决策: create | 选笑话编号: None

  Item完成: 耗时56.3s | 总耗时177.7min
  速率限制器状态: 可用令牌=48.0/48
  已保存中间结果 (189 条)

============================================================
处理 zh_0290... (190/1174)

  质量组: high (4个候选笑话)
    评估模型: qwen3-max
    [qwen3-max] 决策: select | 选笑话编号: 2
    评估模型: deepseek-v3.2
    [deepseek-v3.2] 决策: select | 选笑话编号: 4
    评估模型: kimi-k2.5
    [kimi-k2.5] 决策: create | 选笑话编号: None

  质量组: medium (4个候选笑话)
    评估模型: qwen3-max
    [qwen3-max] 决策: select | 选笑话编号: 4
    评估模型: deepseek-v3.2
    [deepseek-v3.2] 决策: select | 选笑话编号: 1
    评估模型: kimi-k2.5
    [kimi-k2.5] 决策: create | 选笑话编号: None

  质量组: low (4个候选笑话)
    评估模型: qwen3-max
    [qwen3-max] 决策: select | 选笑话编号: 1
    评估模型: deepseek-v3.2
    [deepseek-v3.2] 决策: create | 选笑话编号: None
    评估模型: kimi-k2.5
    [kimi-k2.5] 决策: create | 选笑话编号: None

  Item完成: 耗时52.1s | 总耗时178.6min
  速率限制器状态: 可用令牌=48.0/48
  已保存中间结果 (190 条)

============================================================
处理 zh_0291... (191/1174)

  质量组: high (4个候选笑话)
    评估模型: qwen3-max
    [qwen3-max] 决策: select | 选笑话编号: 2
    评估模型: deepseek-v3.2
    [deepseek-v3.2] 决策: select | 选笑话编号: 4
    评估模型: kimi-k2.5
    [kimi-k2.5] 决策: create | 选笑话编号: None

  质量组: medium (4个候选笑话)
    评估模型: qwen3-max
    [qwen3-max] 决策: select | 选笑话编号: 1
    评估模型: deepseek-v3.2
    [deepseek-v3.2] 决策: select | 选笑话编号: 1
    评估模型: kimi-k2.5
    [API] JSON解析失败: JSON解析失败: Expecting ',' delimiter: line 5 column 68 (char 208), model=kimi-k2.5
    [kimi-k2.5] 决策:  | 选笑话编号: ?

  质量组: low (4个候选笑话)
    评估模型: qwen3-max
    [qwen3-max] 决策: create | 选笑话编号: None
    评估模型: deepseek-v3.2
    [deepseek-v3.2] 决策: select | 选笑话编号: 3
    评估模型: kimi-k2.5
    [kimi-k2.5] 决策: create | 选笑话编号: None

  Item完成: 耗时51.2s | 总耗时179.4min
  速率限制器状态: 可用令牌=48.0/48
  已保存中间结果 (191 条)

============================================================
处理 zh_0292... (192/1174)

  质量组: high (4个候选笑话)
    评估模型: qwen3-max
    [qwen3-max] 决策: select | 选笑话编号: 2
    评估模型: deepseek-v3.2
    [deepseek-v3.2] 决策: select | 选笑话编号: 2
    评估模型: kimi-k2.5
    [kimi-k2.5] 决策: create | 选笑话编号: None

  质量组: medium (4个候选笑话)
    评估模型: qwen3-max
    [qwen3-max] 决策: select | 选笑话编号: 2
    评估模型: deepseek-v3.2
    [deepseek-v3.2] 决策: select | 选笑话编号: 2
    评估模型: kimi-k2.5
    [kimi-k2.5] 决策: create | 选笑话编号: None

  质量组: low (4个候选笑话)
    评估模型: qwen3-max
    [qwen3-max] 决策: create | 选笑话编号: None
    评估模型: deepseek-v3.2
    [deepseek-v3.2] 决策: create | 选笑话编号: None
    评估模型: kimi-k2.5
    [kimi-k2.5] 决策: create | 选笑话编号: None

  Item完成: 耗时60.9s | 总耗时180.4min
  速率限制器状态: 可用令牌=48.0/48
  已保存中间结果 (192 条)

============================================================
处理 zh_0293... (193/1174)

  质量组: high (4个候选笑话)
    评估模型: qwen3-max
    [qwen3-max] 决策: select | 选笑话编号: 1
    评估模型: deepseek-v3.2
    [deepseek-v3.2] 决策: select | 选笑话编号: 4
    评估模型: kimi-k2.5
    [kimi-k2.5] 决策: create | 选笑话编号: None

  质量组: medium (4个候选笑话)
    评估模型: qwen3-max
    [qwen3-max] 决策: select | 选笑话编号: 1
    评估模型: deepseek-v3.2
    [deepseek-v3.2] 决策: select | 选笑话编号: 1
    评估模型: kimi-k2.5
    [kimi-k2.5] 决策: create | 选笑话编号: None

  质量组: low (4个候选笑话)
    评估模型: qwen3-max
    [qwen3-max] 决策: create | 选笑话编号: None
    评估模型: deepseek-v3.2
    [deepseek-v3.2] 决策: create | 选笑话编号: None
    评估模型: kimi-k2.5
    [API] JSON解析失败: JSON解析失败: Expecting ',' delimiter: line 4 column 39 (char 96), model=kimi-k2.5
    [kimi-k2.5] 决策:  | 选笑话编号: ?

  Item完成: 耗时45.4s | 总耗时181.2min
  速率限制器状态: 可用令牌=48.0/48
  已保存中间结果 (193 条)

============================================================
处理 zh_0294... (194/1174)

  质量组: high (4个候选笑话)
    评估模型: qwen3-max
    [qwen3-max] 决策: select | 选笑话编号: 1
    评估模型: deepseek-v3.2
    [deepseek-v3.2] 决策: select | 选笑话编号: 2
    评估模型: kimi-k2.5
    [kimi-k2.5] 决策: create | 选笑话编号: None

  质量组: medium (4个候选笑话)
    评估模型: qwen3-max
    [qwen3-max] 决策: select | 选笑话编号: 2
    评估模型: deepseek-v3.2
    [deepseek-v3.2] 决策: select | 选笑话编号: 2
    评估模型: kimi-k2.5
    [kimi-k2.5] 决策: create | 选笑话编号: None

  质量组: low (4个候选笑话)
    评估模型: qwen3-max
    [qwen3-max] 决策: select | 选笑话编号: 1
    评估模型: deepseek-v3.2
    [deepseek-v3.2] 决策: select | 选笑话编号: 2
    评估模型: kimi-k2.5
    [kimi-k2.5] 决策: create | 选笑话编号: None

  Item完成: 耗时70.0s | 总耗时182.4min
  速率限制器状态: 可用令牌=48.0/48
  已保存中间结果 (194 条)

============================================================
处理 zh_0295... (195/1174)

  质量组: high (4个候选笑话)
    评估模型: qwen3-max
    [qwen3-max] 决策: select | 选笑话编号: 3
    评估模型: deepseek-v3.2
    [deepseek-v3.2] 决策: select | 选笑话编号: 4
    评估模型: kimi-k2.5
    [kimi-k2.5] 决策: create | 选笑话编号: None

  质量组: medium (4个候选笑话)
    评估模型: qwen3-max
    [qwen3-max] 决策: select | 选笑话编号: 2
    评估模型: deepseek-v3.2
    [deepseek-v3.2] 决策: select | 选笑话编号: 2
    评估模型: kimi-k2.5
    [kimi-k2.5] 决策: select | 选笑话编号: 2

  质量组: low (4个候选笑话)
    评估模型: qwen3-max
    [qwen3-max] 决策: select | 选笑话编号: 1
    评估模型: deepseek-v3.2
    [deepseek-v3.2] 决策: select | 选笑话编号: 1
    评估模型: kimi-k2.5
    [kimi-k2.5] 决策: create | 选笑话编号: None

  Item完成: 耗时49.8s | 总耗时183.2min
  速率限制器状态: 可用令牌=48.0/48
  已保存中间结果 (195 条)

============================================================
处理 zh_0296... (196/1174)

  质量组: high (4个候选笑话)
    评估模型: qwen3-max
    [qwen3-max] 决策: select | 选笑话编号: 2
    评估模型: deepseek-v3.2
    [deepseek-v3.2] 决策: select | 选笑话编号: 2
    评估模型: kimi-k2.5
    [kimi-k2.5] 决策: select | 选笑话编号: 2

  质量组: medium (4个候选笑话)
    评估模型: qwen3-max
    [qwen3-max] 决策: select | 选笑话编号: 4
    评估模型: deepseek-v3.2
    [deepseek-v3.2] 决策: select | 选笑话编号: 4
    评估模型: kimi-k2.5
    [API] JSON解析失败: JSON解析失败: Expecting ',' delimiter: line 4 column 54 (char 111), model=kimi-k2.5
    [kimi-k2.5] 决策:  | 选笑话编号: ?

  质量组: low (4个候选笑话)
    评估模型: qwen3-max
    [qwen3-max] 决策: select | 选笑话编号: 4
    评估模型: deepseek-v3.2
    [deepseek-v3.2] 决策: select | 选笑话编号: 2
    评估模型: kimi-k2.5
    [kimi-k2.5] 决策: create | 选笑话编号: None

  Item完成: 耗时52.7s | 总耗时184.1min
  速率限制器状态: 可用令牌=48.0/48
  已保存中间结果 (196 条)

============================================================
处理 zh_0297... (197/1174)

  质量组: high (4个候选笑话)
    评估模型: qwen3-max
    [qwen3-max] 决策: select | 选笑话编号: 2
    评估模型: deepseek-v3.2
    [deepseek-v3.2] 决策: select | 选笑话编号: 2
    评估模型: kimi-k2.5
    [kimi-k2.5] 决策: create | 选笑话编号: None

  质量组: medium (4个候选笑话)
    评估模型: qwen3-max
    [qwen3-max] 决策: select | 选笑话编号: 2
    评估模型: deepseek-v3.2
    [deepseek-v3.2] 决策: select | 选笑话编号: 4
    评估模型: kimi-k2.5
    [kimi-k2.5] 决策: create | 选笑话编号: None

  质量组: low (4个候选笑话)
    评估模型: qwen3-max
    [qwen3-max] 决策: create | 选笑话编号: None
    评估模型: deepseek-v3.2
    [deepseek-v3.2] 决策: create | 选笑话编号: None
    评估模型: kimi-k2.5
    [kimi-k2.5] 决策: create | 选笑话编号: None

  Item完成: 耗时60.4s | 总耗时185.1min
  速率限制器状态: 可用令牌=48.0/48
  已保存中间结果 (197 条)

============================================================
处理 zh_0298... (198/1174)

  质量组: high (4个候选笑话)
    评估模型: qwen3-max
    [qwen3-max] 决策: select | 选笑话编号: 3
    评估模型: deepseek-v3.2
    [deepseek-v3.2] 决策: select | 选笑话编号: 4
    评估模型: kimi-k2.5
    [kimi-k2.5] 决策: create | 选笑话编号: None

  质量组: medium (4个候选笑话)
    评估模型: qwen3-max
    [qwen3-max] 决策: select | 选笑话编号: 1
    评估模型: deepseek-v3.2
    [deepseek-v3.2] 决策: select | 选笑话编号: 1
    评估模型: kimi-k2.5
    [kimi-k2.5] 决策: create | 选笑话编号: None

  质量组: low (4个候选笑话)
    评估模型: qwen3-max
    [qwen3-max] 决策: select | 选笑话编号: 1
    评估模型: deepseek-v3.2
    [deepseek-v3.2] 决策: select | 选笑话编号: 1
    评估模型: kimi-k2.5
    [kimi-k2.5] 决策: create | 选笑话编号: None

  Item完成: 耗时55.3s | 总耗时186.0min
  速率限制器状态: 可用令牌=48.0/48
  已保存中间结果 (198 条)

============================================================
处理 zh_0299... (199/1174)

  质量组: high (4个候选笑话)
    评估模型: qwen3-max
    [qwen3-max] 决策: select | 选笑话编号: 3
    评估模型: deepseek-v3.2
    [deepseek-v3.2] 决策: select | 选笑话编号: 3
    评估模型: kimi-k2.5
    [kimi-k2.5] 决策: create | 选笑话编号: None

  质量组: medium (4个候选笑话)
    评估模型: qwen3-max
    [qwen3-max] 决策: select | 选笑话编号: 1
    评估模型: deepseek-v3.2
    [deepseek-v3.2] 决策: select | 选笑话编号: 1
    评估模型: kimi-k2.5
    [kimi-k2.5] 决策: create | 选笑话编号: None

  质量组: low (4个候选笑话)
    评估模型: qwen3-max
    [qwen3-max] 决策: create | 选笑话编号: None
    评估模型: deepseek-v3.2
    [deepseek-v3.2] 决策: select | 选笑话编号: 4
    评估模型: kimi-k2.5
    [kimi-k2.5] 决策: create | 选笑话编号: None

  Item完成: 耗时52.3s | 总耗时186.9min
  速率限制器状态: 可用令牌=48.0/48
  已保存中间结果 (199 条)

============================================================
处理 zh_0300... (200/1174)

  质量组: high (4个候选笑话)
    评估模型: qwen3-max
    [qwen3-max] 决策: select | 选笑话编号: 2
    评估模型: deepseek-v3.2
    [deepseek-v3.2] 决策: select | 选笑话编号: 2
    评估模型: kimi-k2.5
    [kimi-k2.5] 决策: create | 选笑话编号: None

  质量组: medium (4个候选笑话)
    评估模型: qwen3-max
    [qwen3-max] 决策: select | 选笑话编号: 1
    评估模型: deepseek-v3.2
    [deepseek-v3.2] 决策: select | 选笑话编号: 4
    评估模型: kimi-k2.5
    [kimi-k2.5] 决策: create | 选笑话编号: None

  质量组: low (4个候选笑话)
    评估模型: qwen3-max
    [qwen3-max] 决策: select | 选笑话编号: 1
    评估模型: deepseek-v3.2
    [deepseek-v3.2] 决策: select | 选笑话编号: 1
    评估模型: kimi-k2.5
    [kimi-k2.5] 决策: create | 选笑话编号: None

  Item完成: 耗时54.4s | 总耗时187.8min
  速率限制器状态: 可用令牌=48.0/48
  已保存中间结果 (200 条)

============================================================
处理 zh_0301... (201/1174)

  质量组: high (4个候选笑话)
    评估模型: qwen3-max
    [qwen3-max] 决策: select | 选笑话编号: 1
    评估模型: deepseek-v3.2
    [deepseek-v3.2] 决策: select | 选笑话编号: 1
    评估模型: kimi-k2.5
    [kimi-k2.5] 决策: create | 选笑话编号: None

  质量组: medium (4个候选笑话)
    评估模型: qwen3-max
    [qwen3-max] 决策: select | 选笑话编号: 1
    评估模型: deepseek-v3.2
    [deepseek-v3.2] 决策: select | 选笑话编号: 4
    评估模型: kimi-k2.5
    [kimi-k2.5] 决策: create | 选笑话编号: None

  质量组: low (4个候选笑话)
    评估模型: qwen3-max
    [qwen3-max] 决策: create | 选笑话编号: None
    评估模型: deepseek-v3.2
    [deepseek-v3.2] 决策: select | 选笑话编号: 1
    评估模型: kimi-k2.5
    [kimi-k2.5] 决策: create | 选笑话编号: None

  Item完成: 耗时63.1s | 总耗时188.9min
  速率限制器状态: 可用令牌=48.0/48
  已保存中间结果 (201 条)

============================================================
处理 zh_0302... (202/1174)

  质量组: high (4个候选笑话)
    评估模型: qwen3-max
    [qwen3-max] 决策: select | 选笑话编号: 2
    评估模型: deepseek-v3.2
    [deepseek-v3.2] 决策: create | 选笑话编号: None
    评估模型: kimi-k2.5
    [kimi-k2.5] 决策: create | 选笑话编号: None

  质量组: medium (4个候选笑话)
    评估模型: qwen3-max
    [qwen3-max] 决策: select | 选笑话编号: 1
    评估模型: deepseek-v3.2
    [deepseek-v3.2] 决策: select | 选笑话编号: 1
    评估模型: kimi-k2.5
    [kimi-k2.5] 决策: create | 选笑话编号: None

  质量组: low (4个候选笑话)
    评估模型: qwen3-max
    [qwen3-max] 决策: create | 选笑话编号: None
    评估模型: deepseek-v3.2
    [deepseek-v3.2] 决策: create | 选笑话编号: None
    评估模型: kimi-k2.5
    [kimi-k2.5] 决策: create | 选笑话编号: None

  Item完成: 耗时58.8s | 总耗时189.8min
  速率限制器状态: 可用令牌=48.0/48
  已保存中间结果 (202 条)

============================================================
处理 zh_0303... (203/1174)

  质量组: high (4个候选笑话)
    评估模型: qwen3-max
    [qwen3-max] 决策: select | 选笑话编号: 2
    评估模型: deepseek-v3.2
    [deepseek-v3.2] 决策: select | 选笑话编号: 4
    评估模型: kimi-k2.5
    [API] JSON解析失败: JSON解析失败: Expecting ',' delimiter: line 4 column 22 (char 79), model=kimi-k2.5
    [kimi-k2.5] 决策:  | 选笑话编号: ?

  质量组: medium (4个候选笑话)
    评估模型: qwen3-max
    [qwen3-max] 决策: select | 选笑话编号: 2
    评估模型: deepseek-v3.2
    [deepseek-v3.2] 决策: select | 选笑话编号: 2
    评估模型: kimi-k2.5
    [kimi-k2.5] 决策: create | 选笑话编号: None

  质量组: low (4个候选笑话)
    评估模型: qwen3-max
    [qwen3-max] 决策: select | 选笑话编号: 1
    评估模型: deepseek-v3.2
    [deepseek-v3.2] 决策: select | 选笑话编号: 1
    评估模型: kimi-k2.5
    [API] JSON解析失败: JSON解析失败: Expecting ',' delimiter: line 5 column 54 (char 246), model=kimi-k2.5
    [kimi-k2.5] 决策:  | 选笑话编号: ?

  Item完成: 耗时66.3s | 总耗时190.9min
  速率限制器状态: 可用令牌=48.0/48
  已保存中间结果 (203 条)

============================================================
处理 zh_0304... (204/1174)

  质量组: high (4个候选笑话)
    评估模型: qwen3-max
    [qwen3-max] 决策: select | 选笑话编号: 2
    评估模型: deepseek-v3.2
    [deepseek-v3.2] 决策: select | 选笑话编号: 3
    评估模型: kimi-k2.5
    [kimi-k2.5] 决策: create | 选笑话编号: None

  质量组: medium (4个候选笑话)
    评估模型: qwen3-max
    [qwen3-max] 决策: select | 选笑话编号: 2
    评估模型: deepseek-v3.2
    [deepseek-v3.2] 决策: select | 选笑话编号: 2
    评估模型: kimi-k2.5
    [kimi-k2.5] 决策: create | 选笑话编号: None

  质量组: low (4个候选笑话)
    评估模型: qwen3-max
    [qwen3-max] 决策: select | 选笑话编号: 2
    评估模型: deepseek-v3.2
    [deepseek-v3.2] 决策: select | 选笑话编号: 2
    评估模型: kimi-k2.5
    [kimi-k2.5] 决策: create | 选笑话编号: None

  Item完成: 耗时53.3s | 总耗时191.8min
  速率限制器状态: 可用令牌=48.0/48
  已保存中间结果 (204 条)

============================================================
处理 zh_0305... (205/1174)

  质量组: high (4个候选笑话)
    评估模型: qwen3-max
    [qwen3-max] 决策: select | 选笑话编号: 2
    评估模型: deepseek-v3.2
    [deepseek-v3.2] 决策: select | 选笑话编号: 4
    评估模型: kimi-k2.5
    [kimi-k2.5] 决策: create | 选笑话编号: None

  质量组: medium (4个候选笑话)
    评估模型: qwen3-max
    [qwen3-max] 决策: select | 选笑话编号: 4
    评估模型: deepseek-v3.2
    [deepseek-v3.2] 决策: select | 选笑话编号: 4
    评估模型: kimi-k2.5
    [kimi-k2.5] 决策: create | 选笑话编号: None

  质量组: low (4个候选笑话)
    评估模型: qwen3-max
    [qwen3-max] 决策: select | 选笑话编号: 1
    评估模型: deepseek-v3.2
    [deepseek-v3.2] 决策: select | 选笑话编号: 1
    评估模型: kimi-k2.5
    [kimi-k2.5] 决策: create | 选笑话编号: None

  Item完成: 耗时57.0s | 总耗时192.8min
  速率限制器状态: 可用令牌=48.0/48
  已保存中间结果 (205 条)

============================================================
处理 zh_0306... (206/1174)

  质量组: high (4个候选笑话)
    评估模型: qwen3-max
    [qwen3-max] 决策: create | 选笑话编号: None
    评估模型: deepseek-v3.2
    [deepseek-v3.2] 决策: create | 选笑话编号: None
    评估模型: kimi-k2.5
    [API] JSON解析失败: JSON解析失败: Expecting ',' delimiter: line 5 column 26 (char 197), model=kimi-k2.5
    [kimi-k2.5] 决策:  | 选笑话编号: ?

  质量组: medium (4个候选笑话)
    评估模型: qwen3-max
    [qwen3-max] 决策: create | 选笑话编号: None
    评估模型: deepseek-v3.2
    [deepseek-v3.2] 决策: select | 选笑话编号: 4
    评估模型: kimi-k2.5
    [kimi-k2.5] 决策: create | 选笑话编号: None

  质量组: low (4个候选笑话)
    评估模型: qwen3-max
    [qwen3-max] 决策: create | 选笑话编号: None
    评估模型: deepseek-v3.2
    [deepseek-v3.2] 决策: select | 选笑话编号: 4
    评估模型: kimi-k2.5
    [kimi-k2.5] 决策: create | 选笑话编号: None

  Item完成: 耗时49.1s | 总耗时193.6min
  速率限制器状态: 可用令牌=48.0/48
  已保存中间结果 (206 条)

============================================================
处理 zh_0307... (207/1174)

  质量组: high (4个候选笑话)
    评估模型: qwen3-max
    [qwen3-max] 决策: create | 选笑话编号: None
    评估模型: deepseek-v3.2
    [deepseek-v3.2] 决策: select | 选笑话编号: 4
    评估模型: kimi-k2.5
    [kimi-k2.5] 决策: create | 选笑话编号: None

  质量组: medium (4个候选笑话)
    评估模型: qwen3-max
    [qwen3-max] 决策: select | 选笑话编号: 4
    评估模型: deepseek-v3.2
    [deepseek-v3.2] 决策: select | 选笑话编号: 4
    评估模型: kimi-k2.5
    [kimi-k2.5] 决策: select | 选笑话编号: 4

  质量组: low (4个候选笑话)
    评估模型: qwen3-max
    [qwen3-max] 决策: create | 选笑话编号: None
    评估模型: deepseek-v3.2
    [deepseek-v3.2] 决策: select | 选笑话编号: 2
    评估模型: kimi-k2.5
    [kimi-k2.5] 决策: create | 选笑话编号: None

  Item完成: 耗时50.7s | 总耗时194.5min
  速率限制器状态: 可用令牌=48.0/48
  已保存中间结果 (207 条)

============================================================
处理 zh_0308... (208/1174)

  质量组: high (4个候选笑话)
    评估模型: qwen3-max
    [qwen3-max] 决策: select | 选笑话编号: 2
    评估模型: deepseek-v3.2
    [deepseek-v3.2] 决策: select | 选笑话编号: 2
    评估模型: kimi-k2.5
    [kimi-k2.5] 决策: select | 选笑话编号: 2

  质量组: medium (4个候选笑话)
    评估模型: qwen3-max
    [qwen3-max] 决策: select | 选笑话编号: 2
    评估模型: deepseek-v3.2
    [deepseek-v3.2] 决策: select | 选笑话编号: 2
    评估模型: kimi-k2.5
    [kimi-k2.5] 决策: create | 选笑话编号: None

  质量组: low (4个候选笑话)
    评估模型: qwen3-max
    [qwen3-max] 决策: create | 选笑话编号: None
    评估模型: deepseek-v3.2
    [deepseek-v3.2] 决策: select | 选笑话编号: 1
    评估模型: kimi-k2.5
    [kimi-k2.5] 决策: create | 选笑话编号: None

  Item完成: 耗时72.0s | 总耗时195.7min
  速率限制器状态: 可用令牌=48.0/48
  已保存中间结果 (208 条)

============================================================
处理 zh_0309... (209/1174)

  质量组: high (4个候选笑话)
    评估模型: qwen3-max
    [qwen3-max] 决策: create | 选笑话编号: None
    评估模型: deepseek-v3.2
    [deepseek-v3.2] 决策: create | 选笑话编号: None
    评估模型: kimi-k2.5
    [kimi-k2.5] 决策: create | 选笑话编号: None

  质量组: medium (4个候选笑话)
    评估模型: qwen3-max
    [qwen3-max] 决策: create | 选笑话编号: None
    评估模型: deepseek-v3.2
    [deepseek-v3.2] 决策: select | 选笑话编号: 4
    评估模型: kimi-k2.5
    [kimi-k2.5] 决策: create | 选笑话编号: None

  质量组: low (4个候选笑话)
    评估模型: qwen3-max
    [qwen3-max] 决策: create | 选笑话编号: None
    评估模型: deepseek-v3.2
    [deepseek-v3.2] 决策: create | 选笑话编号: None
    评估模型: kimi-k2.5
    [kimi-k2.5] 决策: create | 选笑话编号: None

  Item完成: 耗时47.4s | 总耗时196.4min
  速率限制器状态: 可用令牌=48.0/48
  已保存中间结果 (209 条)

============================================================
处理 zh_0310... (210/1174)

  质量组: high (4个候选笑话)
    评估模型: qwen3-max
    [qwen3-max] 决策: select | 选笑话编号: 4
    评估模型: deepseek-v3.2
    [deepseek-v3.2] 决策: select | 选笑话编号: 2
    评估模型: kimi-k2.5
    [kimi-k2.5] 决策: select | 选笑话编号: 2

  质量组: medium (4个候选笑话)
    评估模型: qwen3-max
    [qwen3-max] 决策: select | 选笑话编号: 2
    评估模型: deepseek-v3.2
    [deepseek-v3.2] 决策: select | 选笑话编号: 2
    评估模型: kimi-k2.5
    [kimi-k2.5] 决策: create | 选笑话编号: None

  质量组: low (4个候选笑话)
    评估模型: qwen3-max
    [qwen3-max] 决策: create | 选笑话编号: None
    评估模型: deepseek-v3.2
    [deepseek-v3.2] 决策: create | 选笑话编号: None
    评估模型: kimi-k2.5
    [kimi-k2.5] 决策: create | 选笑话编号: None

  Item完成: 耗时62.3s | 总耗时197.5min
  速率限制器状态: 可用令牌=48.0/48
  已保存中间结果 (210 条)

============================================================
处理 zh_0311... (211/1174)

  质量组: high (4个候选笑话)
    评估模型: qwen3-max
    [qwen3-max] 决策: select | 选笑话编号: 3
    评估模型: deepseek-v3.2
    [deepseek-v3.2] 决策: select | 选笑话编号: 4
    评估模型: kimi-k2.5
    [kimi-k2.5] 决策: create | 选笑话编号: None

  质量组: medium (4个候选笑话)
    评估模型: qwen3-max
    [qwen3-max] 决策: select | 选笑话编号: 1
    评估模型: deepseek-v3.2
    [deepseek-v3.2] 决策: select | 选笑话编号: 2
    评估模型: kimi-k2.5
    [kimi-k2.5] 决策: create | 选笑话编号: None

  质量组: low (4个候选笑话)
    评估模型: qwen3-max
    [qwen3-max] 决策: create | 选笑话编号: None
    评估模型: deepseek-v3.2
    [deepseek-v3.2] 决策: create | 选笑话编号: None
    评估模型: kimi-k2.5
    [kimi-k2.5] 决策: create | 选笑话编号: None

  Item完成: 耗时73.7s | 总耗时198.7min
  速率限制器状态: 可用令牌=48.0/48
  已保存中间结果 (211 条)

============================================================
处理 zh_0312... (212/1174)

  质量组: high (4个候选笑话)
    评估模型: qwen3-max
    [qwen3-max] 决策: select | 选笑话编号: 2
    评估模型: deepseek-v3.2
    [deepseek-v3.2] 决策: select | 选笑话编号: 1
    评估模型: kimi-k2.5
    [kimi-k2.5] 决策: select | 选笑话编号: 2

  质量组: medium (4个候选笑话)
    评估模型: qwen3-max
    [qwen3-max] 决策: select | 选笑话编号: 4
    评估模型: deepseek-v3.2
    [deepseek-v3.2] 决策: select | 选笑话编号: 4
    评估模型: kimi-k2.5
    [kimi-k2.5] 决策: create | 选笑话编号: None

  质量组: low (4个候选笑话)
    评估模型: qwen3-max
    [qwen3-max] 决策: select | 选笑话编号: 1
    评估模型: deepseek-v3.2
    [deepseek-v3.2] 决策: select | 选笑话编号: 1
    评估模型: kimi-k2.5
    [kimi-k2.5] 决策: create | 选笑话编号: None

  Item完成: 耗时60.6s | 总耗时199.7min
  速率限制器状态: 可用令牌=48.0/48
  已保存中间结果 (212 条)

============================================================
处理 zh_0313... (213/1174)

  质量组: high (4个候选笑话)
    评估模型: qwen3-max
    [qwen3-max] 决策: select | 选笑话编号: 3
    评估模型: deepseek-v3.2
    [deepseek-v3.2] 决策: select | 选笑话编号: 1
    评估模型: kimi-k2.5
    [kimi-k2.5] 决策: create | 选笑话编号: None

  质量组: medium (4个候选笑话)
    评估模型: qwen3-max
    [qwen3-max] 决策: select | 选笑话编号: 1
    评估模型: deepseek-v3.2
    [deepseek-v3.2] 决策: select | 选笑话编号: 2
    评估模型: kimi-k2.5
    [kimi-k2.5] 决策: create | 选笑话编号: None

  质量组: low (4个候选笑话)
    评估模型: qwen3-max
    [qwen3-max] 决策: select | 选笑话编号: 1
    评估模型: deepseek-v3.2
    [deepseek-v3.2] 决策: select | 选笑话编号: 1
    评估模型: kimi-k2.5
    [kimi-k2.5] 决策: create | 选笑话编号: None

  Item完成: 耗时52.8s | 总耗时200.6min
  速率限制器状态: 可用令牌=48.0/48
  已保存中间结果 (213 条)

============================================================
处理 zh_0314... (214/1174)

  质量组: high (4个候选笑话)
    评估模型: qwen3-max
    [qwen3-max] 决策: select | 选笑话编号: 2
    评估模型: deepseek-v3.2
    [deepseek-v3.2] 决策: select | 选笑话编号: 3
    评估模型: kimi-k2.5
    [kimi-k2.5] 决策: create | 选笑话编号: None

  质量组: medium (4个候选笑话)
    评估模型: qwen3-max
    [qwen3-max] 决策: select | 选笑话编号: 1
    评估模型: deepseek-v3.2
    [deepseek-v3.2] 决策: select | 选笑话编号: 1
    评估模型: kimi-k2.5
    [kimi-k2.5] 决策: create | 选笑话编号: None

  质量组: low (4个候选笑话)
    评估模型: qwen3-max
    [qwen3-max] 决策: select | 选笑话编号: 1
    评估模型: deepseek-v3.2
    [deepseek-v3.2] 决策: select | 选笑话编号: 3
    评估模型: kimi-k2.5
    [kimi-k2.5] 决策: create | 选笑话编号: None

  Item完成: 耗时61.8s | 总耗时201.6min
  速率限制器状态: 可用令牌=48.0/48
  已保存中间结果 (214 条)

============================================================
处理 zh_0315... (215/1174)

  质量组: high (4个候选笑话)
    评估模型: qwen3-max
    [qwen3-max] 决策: select | 选笑话编号: 3
    评估模型: deepseek-v3.2
    [deepseek-v3.2] 决策: select | 选笑话编号: 4
    评估模型: kimi-k2.5
    [kimi-k2.5] 决策: create | 选笑话编号: None

  质量组: medium (4个候选笑话)
    评估模型: qwen3-max
    [qwen3-max] 决策: select | 选笑话编号: 1
    评估模型: deepseek-v3.2
    [deepseek-v3.2] 决策: select | 选笑话编号: 1
    评估模型: kimi-k2.5
    [kimi-k2.5] 决策: create | 选笑话编号: None

  质量组: low (4个候选笑话)
    评估模型: qwen3-max
    [qwen3-max] 决策: create | 选笑话编号: None
    评估模型: deepseek-v3.2
    [deepseek-v3.2] 决策: create | 选笑话编号: None
    评估模型: kimi-k2.5
    [kimi-k2.5] 决策: create | 选笑话编号: None

  Item完成: 耗时58.5s | 总耗时202.6min
  速率限制器状态: 可用令牌=48.0/48
  已保存中间结果 (215 条)

============================================================
处理 zh_0316... (216/1174)

  质量组: high (4个候选笑话)
    评估模型: qwen3-max
    [qwen3-max] 决策: select | 选笑话编号: 1
    评估模型: deepseek-v3.2
    [deepseek-v3.2] 决策: select | 选笑话编号: 4
    评估模型: kimi-k2.5
    [kimi-k2.5] 决策: create | 选笑话编号: None

  质量组: medium (4个候选笑话)
    评估模型: qwen3-max
    [qwen3-max] 决策: create | 选笑话编号: None
    评估模型: deepseek-v3.2
    [deepseek-v3.2] 决策: select | 选笑话编号: 1
    评估模型: kimi-k2.5
    [kimi-k2.5] 决策: create | 选笑话编号: None

  质量组: low (4个候选笑话)
    评估模型: qwen3-max
    [qwen3-max] 决策: create | 选笑话编号: None
    评估模型: deepseek-v3.2
    [deepseek-v3.2] 决策: select | 选笑话编号: 1
    评估模型: kimi-k2.5
    [kimi-k2.5] 决策: create | 选笑话编号: None

  Item完成: 耗时63.1s | 总耗时203.7min
  速率限制器状态: 可用令牌=48.0/48
  已保存中间结果 (216 条)

============================================================
处理 zh_0317... (217/1174)

  质量组: high (4个候选笑话)
    评估模型: qwen3-max
    [qwen3-max] 决策: select | 选笑话编号: 4
    评估模型: deepseek-v3.2
    [deepseek-v3.2] 决策: select | 选笑话编号: 4
    评估模型: kimi-k2.5
    [kimi-k2.5] 决策: create | 选笑话编号: None

  质量组: medium (4个候选笑话)
    评估模型: qwen3-max
    [qwen3-max] 决策: select | 选笑话编号: 4
    评估模型: deepseek-v3.2
    [deepseek-v3.2] 决策: select | 选笑话编号: 2
    评估模型: kimi-k2.5
    [kimi-k2.5] 决策: create | 选笑话编号: None

  质量组: low (4个候选笑话)
    评估模型: qwen3-max
    [qwen3-max] 决策: select | 选笑话编号: 1
    评估模型: deepseek-v3.2
    [deepseek-v3.2] 决策: select | 选笑话编号: 4
    评估模型: kimi-k2.5
    [kimi-k2.5] 决策: create | 选笑话编号: None

  Item完成: 耗时58.5s | 总耗时204.7min
  速率限制器状态: 可用令牌=48.0/48
  已保存中间结果 (217 条)

============================================================
处理 zh_0318... (218/1174)

  质量组: high (4个候选笑话)
    评估模型: qwen3-max
    [qwen3-max] 决策: select | 选笑话编号: 2
    评估模型: deepseek-v3.2
    [deepseek-v3.2] 决策: select | 选笑话编号: 4
    评估模型: kimi-k2.5
    [kimi-k2.5] 决策: create | 选笑话编号: None

  质量组: medium (4个候选笑话)
    评估模型: qwen3-max
    [qwen3-max] 决策: select | 选笑话编号: 4
    评估模型: deepseek-v3.2
    [deepseek-v3.2] 决策: select | 选笑话编号: 4
    评估模型: kimi-k2.5
    [kimi-k2.5] 决策: create | 选笑话编号: None

  质量组: low (4个候选笑话)
    评估模型: qwen3-max
    [qwen3-max] 决策: create | 选笑话编号: None
    评估模型: deepseek-v3.2
    [deepseek-v3.2] 决策: select | 选笑话编号: 4
    评估模型: kimi-k2.5
    [kimi-k2.5] 决策: create | 选笑话编号: None

  Item完成: 耗时48.6s | 总耗时205.5min
  速率限制器状态: 可用令牌=48.0/48
  已保存中间结果 (218 条)

============================================================
处理 zh_0319... (219/1174)

  质量组: high (4个候选笑话)
    评估模型: qwen3-max
    [qwen3-max] 决策: select | 选笑话编号: 4
    评估模型: deepseek-v3.2
    [deepseek-v3.2] 决策: select | 选笑话编号: 3
    评估模型: kimi-k2.5
    [kimi-k2.5] 决策: create | 选笑话编号: None

  质量组: medium (4个候选笑话)
    评估模型: qwen3-max
    [qwen3-max] 决策: select | 选笑话编号: 4
    评估模型: deepseek-v3.2
    [deepseek-v3.2] 决策: select | 选笑话编号: 2
    评估模型: kimi-k2.5
    [kimi-k2.5] 决策: create | 选笑话编号: None

  质量组: low (4个候选笑话)
    评估模型: qwen3-max
    [qwen3-max] 决策: create | 选笑话编号: None
    评估模型: deepseek-v3.2
    [deepseek-v3.2] 决策: select | 选笑话编号: 1
    评估模型: kimi-k2.5
    [kimi-k2.5] 决策: create | 选笑话编号: None

  Item完成: 耗时60.7s | 总耗时206.5min
  速率限制器状态: 可用令牌=48.0/48
  已保存中间结果 (219 条)

============================================================
处理 zh_0320... (220/1174)

  质量组: high (4个候选笑话)
    评估模型: qwen3-max
    [qwen3-max] 决策: select | 选笑话编号: 2
    评估模型: deepseek-v3.2
    [deepseek-v3.2] 决策: select | 选笑话编号: 2
    评估模型: kimi-k2.5
    [kimi-k2.5] 决策: create | 选笑话编号: None

  质量组: medium (4个候选笑话)
    评估模型: qwen3-max
    [qwen3-max] 决策: select | 选笑话编号: 2
    评估模型: deepseek-v3.2
    [deepseek-v3.2] 决策: select | 选笑话编号: 2
    评估模型: kimi-k2.5
    [kimi-k2.5] 决策: create | 选笑话编号: None

  质量组: low (4个候选笑话)
    评估模型: qwen3-max
    [qwen3-max] 决策: select | 选笑话编号: 1
    评估模型: deepseek-v3.2
    [deepseek-v3.2] 决策: select | 选笑话编号: 1
    评估模型: kimi-k2.5
    [kimi-k2.5] 决策: create | 选笑话编号: None

  Item完成: 耗时58.4s | 总耗时207.5min
  速率限制器状态: 可用令牌=48.0/48
  已保存中间结果 (220 条)

============================================================
处理 zh_0321... (221/1174)

  质量组: high (4个候选笑话)
    评估模型: qwen3-max
    [qwen3-max] 决策: select | 选笑话编号: 3
    评估模型: deepseek-v3.2
    [deepseek-v3.2] 决策: select | 选笑话编号: 3
    评估模型: kimi-k2.5
    [kimi-k2.5] 决策: create | 选笑话编号: None

  质量组: medium (4个候选笑话)
    评估模型: qwen3-max
    [qwen3-max] 决策: select | 选笑话编号: 4
    评估模型: deepseek-v3.2
    [deepseek-v3.2] 决策: select | 选笑话编号: 4
    评估模型: kimi-k2.5
    [kimi-k2.5] 决策: create | 选笑话编号: None

  质量组: low (4个候选笑话)
    评估模型: qwen3-max
    [qwen3-max] 决策: create | 选笑话编号: None
    评估模型: deepseek-v3.2
    [deepseek-v3.2] 决策: select | 选笑话编号: 4
    评估模型: kimi-k2.5
    [kimi-k2.5] 决策: create | 选笑话编号: None

  Item完成: 耗时48.9s | 总耗时208.3min
  速率限制器状态: 可用令牌=48.0/48
  已保存中间结果 (221 条)

============================================================
处理 zh_0322... (222/1174)

  质量组: high (4个候选笑话)
    评估模型: qwen3-max
    [qwen3-max] 决策: select | 选笑话编号: 1
    评估模型: deepseek-v3.2
    [deepseek-v3.2] 决策: select | 选笑话编号: 1
    评估模型: kimi-k2.5
    [kimi-k2.5] 决策: create | 选笑话编号: None

  质量组: medium (4个候选笑话)
    评估模型: qwen3-max
    [qwen3-max] 决策: select | 选笑话编号: 1
    评估模型: deepseek-v3.2
    [deepseek-v3.2] 决策: select | 选笑话编号: 1
    评估模型: kimi-k2.5
    [kimi-k2.5] 决策: create | 选笑话编号: None

  质量组: low (4个候选笑话)
    评估模型: qwen3-max
    [qwen3-max] 决策: select | 选笑话编号: 4
    评估模型: deepseek-v3.2
    [deepseek-v3.2] 决策: select | 选笑话编号: 4
    评估模型: kimi-k2.5
    [kimi-k2.5] 决策: create | 选笑话编号: None

  Item完成: 耗时56.7s | 总耗时209.2min
  速率限制器状态: 可用令牌=48.0/48
  已保存中间结果 (222 条)

============================================================
处理 zh_0323... (223/1174)

  质量组: high (4个候选笑话)
    评估模型: qwen3-max
    [qwen3-max] 决策: select | 选笑话编号: 2
    评估模型: deepseek-v3.2
    [deepseek-v3.2] 决策: select | 选笑话编号: 2
    评估模型: kimi-k2.5
    [kimi-k2.5] 决策: create | 选笑话编号: None

  质量组: medium (4个候选笑话)
    评估模型: qwen3-max
    [qwen3-max] 决策: select | 选笑话编号: 4
    评估模型: deepseek-v3.2
    [deepseek-v3.2] 决策: select | 选笑话编号: 1
    评估模型: kimi-k2.5
    [kimi-k2.5] 决策: select | 选笑话编号: 1

  质量组: low (4个候选笑话)
    评估模型: qwen3-max
    [qwen3-max] 决策: create | 选笑话编号: None
    评估模型: deepseek-v3.2
    [deepseek-v3.2] 决策: create | 选笑话编号: None
    评估模型: kimi-k2.5
    [kimi-k2.5] 决策: create | 选笑话编号: None

  Item完成: 耗时55.3s | 总耗时210.1min
  速率限制器状态: 可用令牌=48.0/48
  已保存中间结果 (223 条)

============================================================
处理 zh_0324... (224/1174)

  质量组: high (4个候选笑话)
    评估模型: qwen3-max
    [qwen3-max] 决策: select | 选笑话编号: 4
    评估模型: deepseek-v3.2
    [deepseek-v3.2] 决策: select | 选笑话编号: 2
    评估模型: kimi-k2.5
    [kimi-k2.5] 决策: create | 选笑话编号: None

  质量组: medium (4个候选笑话)
    评估模型: qwen3-max
    [qwen3-max] 决策: select | 选笑话编号: 2
    评估模型: deepseek-v3.2
    [deepseek-v3.2] 决策: select | 选笑话编号: 4
    评估模型: kimi-k2.5
    [kimi-k2.5] 决策: create | 选笑话编号: None

  质量组: low (4个候选笑话)
    评估模型: qwen3-max
    [qwen3-max] 决策: select | 选笑话编号: 1
    评估模型: deepseek-v3.2
    [deepseek-v3.2] 决策: select | 选笑话编号: 2
    评估模型: kimi-k2.5
    [kimi-k2.5] 决策: create | 选笑话编号: None

  Item完成: 耗时53.9s | 总耗时211.0min
  速率限制器状态: 可用令牌=48.0/48
  已保存中间结果 (224 条)

============================================================
处理 zh_0325... (225/1174)

  质量组: high (4个候选笑话)
    评估模型: qwen3-max
    [qwen3-max] 决策: select | 选笑话编号: 2
    评估模型: deepseek-v3.2
    [deepseek-v3.2] 决策: select | 选笑话编号: 2
    评估模型: kimi-k2.5
    [kimi-k2.5] 决策: create | 选笑话编号: None

  质量组: medium (4个候选笑话)
    评估模型: qwen3-max
    [qwen3-max] 决策: select | 选笑话编号: 1
    评估模型: deepseek-v3.2
    [deepseek-v3.2] 决策: select | 选笑话编号: 1
    评估模型: kimi-k2.5
    [kimi-k2.5] 决策: create | 选笑话编号: None

  质量组: low (4个候选笑话)
    评估模型: qwen3-max
    [qwen3-max] 决策: select | 选笑话编号: 2
    评估模型: deepseek-v3.2
    [deepseek-v3.2] 决策: select | 选笑话编号: 3
    评估模型: kimi-k2.5
    [kimi-k2.5] 决策: create | 选笑话编号: None

  Item完成: 耗时65.9s | 总耗时212.1min
  速率限制器状态: 可用令牌=48.0/48
  已保存中间结果 (225 条)

============================================================
处理 zh_0326... (226/1174)

  质量组: high (4个候选笑话)
    评估模型: qwen3-max
    [qwen3-max] 决策: select | 选笑话编号: 4
    评估模型: deepseek-v3.2
    [deepseek-v3.2] 决策: select | 选笑话编号: 4
    评估模型: kimi-k2.5
    [kimi-k2.5] 决策: create | 选笑话编号: None

  质量组: medium (4个候选笑话)
    评估模型: qwen3-max
    [qwen3-max] 决策: select | 选笑话编号: 1
    评估模型: deepseek-v3.2
    [deepseek-v3.2] 决策: select | 选笑话编号: 1
    评估模型: kimi-k2.5
    [kimi-k2.5] 决策: create | 选笑话编号: None

  质量组: low (4个候选笑话)
    评估模型: qwen3-max
    [qwen3-max] 决策: select | 选笑话编号: 1
    评估模型: deepseek-v3.2
    [deepseek-v3.2] 决策: select | 选笑话编号: 2
    评估模型: kimi-k2.5
    [kimi-k2.5] 决策: create | 选笑话编号: None

  Item完成: 耗时58.6s | 总耗时213.1min
  速率限制器状态: 可用令牌=48.0/48
  已保存中间结果 (226 条)

============================================================
处理 zh_0327... (227/1174)

  质量组: high (4个候选笑话)
    评估模型: qwen3-max
    [qwen3-max] 决策: select | 选笑话编号: 2
    评估模型: deepseek-v3.2
    [deepseek-v3.2] 决策: select | 选笑话编号: 2
    评估模型: kimi-k2.5
    [kimi-k2.5] 决策: create | 选笑话编号: None

  质量组: medium (4个候选笑话)
    评估模型: qwen3-max
    [qwen3-max] 决策: select | 选笑话编号: 2
    评估模型: deepseek-v3.2
    [deepseek-v3.2] 决策: select | 选笑话编号: 2
    评估模型: kimi-k2.5
    [API] JSON解析失败: JSON解析失败: Expecting ',' delimiter: line 4 column 25 (char 79), model=kimi-k2.5
    [kimi-k2.5] 决策:  | 选笑话编号: ?

  质量组: low (4个候选笑话)
    评估模型: qwen3-max
    [qwen3-max] 决策: select | 选笑话编号: 1
    评估模型: deepseek-v3.2
    [deepseek-v3.2] 决策: create | 选笑话编号: None
    评估模型: kimi-k2.5
    [kimi-k2.5] 决策: create | 选笑话编号: None

  Item完成: 耗时49.9s | 总耗时214.0min
  速率限制器状态: 可用令牌=48.0/48
  已保存中间结果 (227 条)

============================================================
处理 zh_0328... (228/1174)

  质量组: high (4个候选笑话)
    评估模型: qwen3-max
    [qwen3-max] 决策: select | 选笑话编号: 2
    评估模型: deepseek-v3.2
    [deepseek-v3.2] 决策: select | 选笑话编号: 2
    评估模型: kimi-k2.5
    [kimi-k2.5] 决策: create | 选笑话编号: None

  质量组: medium (4个候选笑话)
    评估模型: qwen3-max
    [qwen3-max] 决策: select | 选笑话编号: 1
    评估模型: deepseek-v3.2
    [deepseek-v3.2] 决策: select | 选笑话编号: 1
    评估模型: kimi-k2.5
    [kimi-k2.5] 决策: create | 选笑话编号: None

  质量组: low (4个候选笑话)
    评估模型: qwen3-max
    [qwen3-max] 决策: create | 选笑话编号: None
    评估模型: deepseek-v3.2
    [deepseek-v3.2] 决策: select | 选笑话编号: 1
    评估模型: kimi-k2.5
    [kimi-k2.5] 决策: create | 选笑话编号: None

  Item完成: 耗时59.4s | 总耗时214.9min
  速率限制器状态: 可用令牌=48.0/48
  已保存中间结果 (228 条)

============================================================
处理 zh_0329... (229/1174)

  质量组: high (4个候选笑话)
    评估模型: qwen3-max
    [qwen3-max] 决策: select | 选笑话编号: 2
    评估模型: deepseek-v3.2
    [deepseek-v3.2] 决策: select | 选笑话编号: 2
    评估模型: kimi-k2.5
    [kimi-k2.5] 决策: create | 选笑话编号: None

  质量组: medium (4个候选笑话)
    评估模型: qwen3-max
    [qwen3-max] 决策: select | 选笑话编号: 3
    评估模型: deepseek-v3.2
    [deepseek-v3.2] 决策: select | 选笑话编号: 1
    评估模型: kimi-k2.5
    [API] JSON解析失败: JSON解析失败: Expecting ',' delimiter: line 4 column 40 (char 97), model=kimi-k2.5
    [kimi-k2.5] 决策:  | 选笑话编号: ?

  质量组: low (4个候选笑话)
    评估模型: qwen3-max
    [qwen3-max] 决策: select | 选笑话编号: 2
    评估模型: deepseek-v3.2
    [deepseek-v3.2] 决策: select | 选笑话编号: 4
    评估模型: kimi-k2.5
    [kimi-k2.5] 决策: create | 选笑话编号: None

  Item完成: 耗时51.1s | 总耗时215.8min
  速率限制器状态: 可用令牌=48.0/48
  已保存中间结果 (229 条)

============================================================
处理 zh_0330... (230/1174)

  质量组: high (4个候选笑话)
    评估模型: qwen3-max
    [qwen3-max] 决策: select | 选笑话编号: 2
    评估模型: deepseek-v3.2
    [deepseek-v3.2] 决策: select | 选笑话编号: 1
    评估模型: kimi-k2.5
    [kimi-k2.5] 决策: create | 选笑话编号: None

  质量组: medium (4个候选笑话)
    评估模型: qwen3-max
    [qwen3-max] 决策: select | 选笑话编号: 1
    评估模型: deepseek-v3.2
    [deepseek-v3.2] 决策: select | 选笑话编号: 1
    评估模型: kimi-k2.5
    [kimi-k2.5] 决策: create | 选笑话编号: None

  质量组: low (4个候选笑话)
    评估模型: qwen3-max
    [qwen3-max] 决策: create | 选笑话编号: None
    评估模型: deepseek-v3.2
    [deepseek-v3.2] 决策: select | 选笑话编号: 1
    评估模型: kimi-k2.5
    [kimi-k2.5] 决策: create | 选笑话编号: None

  Item完成: 耗时58.7s | 总耗时216.8min
  速率限制器状态: 可用令牌=48.0/48
  已保存中间结果 (230 条)

============================================================
处理 zh_0331... (231/1174)

  质量组: high (4个候选笑话)
    评估模型: qwen3-max
    [qwen3-max] 决策: select | 选笑话编号: 4
    评估模型: deepseek-v3.2
    [deepseek-v3.2] 决策: select | 选笑话编号: 2
    评估模型: kimi-k2.5
    [kimi-k2.5] 决策: create | 选笑话编号: None

  质量组: medium (4个候选笑话)
    评估模型: qwen3-max
    [qwen3-max] 决策: select | 选笑话编号: 4
    评估模型: deepseek-v3.2
    [deepseek-v3.2] 决策: select | 选笑话编号: 4
    评估模型: kimi-k2.5
    [kimi-k2.5] 决策: create | 选笑话编号: None

  质量组: low (4个候选笑话)
    评估模型: qwen3-max
    [qwen3-max] 决策: create | 选笑话编号: None
    评估模型: deepseek-v3.2
    [deepseek-v3.2] 决策: create | 选笑话编号: None
    评估模型: kimi-k2.5
    [kimi-k2.5] 决策: create | 选笑话编号: None

  Item完成: 耗时59.1s | 总耗时217.8min
  速率限制器状态: 可用令牌=48.0/48
  已保存中间结果 (231 条)

============================================================
处理 zh_0332... (232/1174)

  质量组: high (4个候选笑话)
    评估模型: qwen3-max
    [qwen3-max] 决策: select | 选笑话编号: 3
    评估模型: deepseek-v3.2
    [deepseek-v3.2] 决策: select | 选笑话编号: 4
    评估模型: kimi-k2.5
    [kimi-k2.5] 决策: create | 选笑话编号: None

  质量组: medium (4个候选笑话)
    评估模型: qwen3-max
    [qwen3-max] 决策: select | 选笑话编号: 2
    评估模型: deepseek-v3.2
    [deepseek-v3.2] 决策: select | 选笑话编号: 2
    评估模型: kimi-k2.5
    [kimi-k2.5] 决策: select | 选笑话编号: 2

  质量组: low (4个候选笑话)
    评估模型: qwen3-max
    [qwen3-max] 决策: create | 选笑话编号: None
    评估模型: deepseek-v3.2
    [deepseek-v3.2] 决策: select | 选笑话编号: 2
    评估模型: kimi-k2.5
    [kimi-k2.5] 决策: create | 选笑话编号: None

  Item完成: 耗时51.1s | 总耗时218.6min
  速率限制器状态: 可用令牌=48.0/48
  已保存中间结果 (232 条)

============================================================
处理 zh_0333... (233/1174)

  质量组: high (4个候选笑话)
    评估模型: qwen3-max
    [qwen3-max] 决策: select | 选笑话编号: 1
    评估模型: deepseek-v3.2
    [deepseek-v3.2] 决策: select | 选笑话编号: 4
    评估模型: kimi-k2.5
    [kimi-k2.5] 决策: create | 选笑话编号: None

  质量组: medium (4个候选笑话)
    评估模型: qwen3-max
    [qwen3-max] 决策: select | 选笑话编号: 4
    评估模型: deepseek-v3.2
    [deepseek-v3.2] 决策: select | 选笑话编号: 4
    评估模型: kimi-k2.5
    [kimi-k2.5] 决策: create | 选笑话编号: None

  质量组: low (4个候选笑话)
    评估模型: qwen3-max
    [qwen3-max] 决策: create | 选笑话编号: None
    评估模型: deepseek-v3.2
    [deepseek-v3.2] 决策: select | 选笑话编号: 3
    评估模型: kimi-k2.5
    [kimi-k2.5] 决策: create | 选笑话编号: None

  Item完成: 耗时58.4s | 总耗时219.6min
  速率限制器状态: 可用令牌=48.0/48
  已保存中间结果 (233 条)

============================================================
处理 zh_0334... (234/1174)

  质量组: high (4个候选笑话)
    评估模型: qwen3-max
    [qwen3-max] 决策: select | 选笑话编号: 1
    评估模型: deepseek-v3.2
    [deepseek-v3.2] 决策: select | 选笑话编号: 4
    评估模型: kimi-k2.5
    [kimi-k2.5] 决策: create | 选笑话编号: None

  质量组: medium (4个候选笑话)
    评估模型: qwen3-max
    [qwen3-max] 决策: select | 选笑话编号: 3
    评估模型: deepseek-v3.2
    [deepseek-v3.2] 决策: select | 选笑话编号: 3
    评估模型: kimi-k2.5
    [kimi-k2.5] 决策: create | 选笑话编号: None

  质量组: low (4个候选笑话)
    评估模型: qwen3-max
    [qwen3-max] 决策: create | 选笑话编号: None
    评估模型: deepseek-v3.2
    [deepseek-v3.2] 决策: select | 选笑话编号: 4
    评估模型: kimi-k2.5
    [kimi-k2.5] 决策: create | 选笑话编号: None

  Item完成: 耗时60.0s | 总耗时220.6min
  速率限制器状态: 可用令牌=48.0/48
  已保存中间结果 (234 条)

============================================================
处理 zh_0335... (235/1174)

  质量组: high (4个候选笑话)
    评估模型: qwen3-max
    [qwen3-max] 决策: select | 选笑话编号: 2
    评估模型: deepseek-v3.2
    [deepseek-v3.2] 决策: select | 选笑话编号: 2
    评估模型: kimi-k2.5
    [API] JSON解析失败: JSON解析失败: Expecting ',' delimiter: line 4 column 35 (char 92), model=kimi-k2.5
    [kimi-k2.5] 决策:  | 选笑话编号: ?

  质量组: medium (4个候选笑话)
    评估模型: qwen3-max
    [qwen3-max] 决策: select | 选笑话编号: 4
    评估模型: deepseek-v3.2
    [deepseek-v3.2] 决策: select | 选笑话编号: 4
    评估模型: kimi-k2.5
    [kimi-k2.5] 决策: create | 选笑话编号: None

  质量组: low (4个候选笑话)
    评估模型: qwen3-max
    [qwen3-max] 决策: select | 选笑话编号: 1
    评估模型: deepseek-v3.2
    [deepseek-v3.2] 决策: select | 选笑话编号: 3
    评估模型: kimi-k2.5
    [kimi-k2.5] 决策: create | 选笑话编号: None

  Item完成: 耗时54.1s | 总耗时221.5min
  速率限制器状态: 可用令牌=48.0/48
  已保存中间结果 (235 条)

============================================================
处理 zh_0336... (236/1174)

  质量组: high (4个候选笑话)
    评估模型: qwen3-max
    [qwen3-max] 决策: select | 选笑话编号: 2
    评估模型: deepseek-v3.2
    [deepseek-v3.2] 决策: select | 选笑话编号: 4
    评估模型: kimi-k2.5
    [kimi-k2.5] 决策: select | 选笑话编号: 2

  质量组: medium (4个候选笑话)
    评估模型: qwen3-max
    [qwen3-max] 决策: select | 选笑话编号: 1
    评估模型: deepseek-v3.2
    [deepseek-v3.2] 决策: select | 选笑话编号: 1
    评估模型: kimi-k2.5
    [kimi-k2.5] 决策: create | 选笑话编号: None

  质量组: low (4个候选笑话)
    评估模型: qwen3-max
    [qwen3-max] 决策: create | 选笑话编号: None
    评估模型: deepseek-v3.2
    [deepseek-v3.2] 决策: select | 选笑话编号: 1
    评估模型: kimi-k2.5
    [kimi-k2.5] 决策: create | 选笑话编号: None

  Item完成: 耗时65.7s | 总耗时222.6min
  速率限制器状态: 可用令牌=48.0/48
  已保存中间结果 (236 条)

============================================================
处理 zh_0337... (237/1174)

  质量组: high (4个候选笑话)
    评估模型: qwen3-max
    [qwen3-max] 决策: select | 选笑话编号: 2
    评估模型: deepseek-v3.2
    [deepseek-v3.2] 决策: select | 选笑话编号: 3
    评估模型: kimi-k2.5
    [kimi-k2.5] 决策: select | 选笑话编号: 2

  质量组: medium (4个候选笑话)
    评估模型: qwen3-max
    [qwen3-max] 决策: select | 选笑话编号: 1
    评估模型: deepseek-v3.2
    [deepseek-v3.2] 决策: select | 选笑话编号: 4
    评估模型: kimi-k2.5
    [kimi-k2.5] 决策: create | 选笑话编号: None

  质量组: low (4个候选笑话)
    评估模型: qwen3-max
    [qwen3-max] 决策: select | 选笑话编号: 2
    评估模型: deepseek-v3.2
    [deepseek-v3.2] 决策: select | 选笑话编号: 2
    评估模型: kimi-k2.5
    [kimi-k2.5] 决策: create | 选笑话编号: None

  Item完成: 耗时59.1s | 总耗时223.6min
  速率限制器状态: 可用令牌=48.0/48
  已保存中间结果 (237 条)

============================================================
处理 zh_0338... (238/1174)

  质量组: high (4个候选笑话)
    评估模型: qwen3-max
    [qwen3-max] 决策: select | 选笑话编号: 4
    评估模型: deepseek-v3.2
    [deepseek-v3.2] 决策: select | 选笑话编号: 4
    评估模型: kimi-k2.5
    [kimi-k2.5] 决策: create | 选笑话编号: None

  质量组: medium (4个候选笑话)
    评估模型: qwen3-max
    [qwen3-max] 决策: select | 选笑话编号: 1
    评估模型: deepseek-v3.2
    [deepseek-v3.2] 决策: select | 选笑话编号: 2
    评估模型: kimi-k2.5
    [kimi-k2.5] 决策: create | 选笑话编号: None

  质量组: low (4个候选笑话)
    评估模型: qwen3-max
    [qwen3-max] 决策: create | 选笑话编号: None
    评估模型: deepseek-v3.2
    [deepseek-v3.2] 决策: select | 选笑话编号: 2
    评估模型: kimi-k2.5
    [kimi-k2.5] 决策: create | 选笑话编号: None

  Item完成: 耗时50.5s | 总耗时224.4min
  速率限制器状态: 可用令牌=48.0/48
  已保存中间结果 (238 条)

============================================================
处理 zh_0339... (239/1174)

  质量组: high (4个候选笑话)
    评估模型: qwen3-max
    [qwen3-max] 决策: select | 选笑话编号: 2
    评估模型: deepseek-v3.2
    [deepseek-v3.2] 决策: select | 选笑话编号: 2
    评估模型: kimi-k2.5
    [kimi-k2.5] 决策: create | 选笑话编号: None

  质量组: medium (4个候选笑话)
    评估模型: qwen3-max
    [qwen3-max] 决策: create | 选笑话编号: None
    评估模型: deepseek-v3.2
    [deepseek-v3.2] 决策: create | 选笑话编号: None
    评估模型: kimi-k2.5
    [kimi-k2.5] 决策: create | 选笑话编号: None

  质量组: low (4个候选笑话)
    评估模型: qwen3-max
    [qwen3-max] 决策: create | 选笑话编号: None
    评估模型: deepseek-v3.2
    [deepseek-v3.2] 决策: select | 选笑话编号: 1
    评估模型: kimi-k2.5
    [kimi-k2.5] 决策: create | 选笑话编号: None

  Item完成: 耗时60.2s | 总耗时225.4min
  速率限制器状态: 可用令牌=48.0/48
  已保存中间结果 (239 条)

============================================================
处理 zh_0340... (240/1174)

  质量组: high (4个候选笑话)
    评估模型: qwen3-max
    [qwen3-max] 决策: select | 选笑话编号: 3
    评估模型: deepseek-v3.2
    [deepseek-v3.2] 决策: select | 选笑话编号: 3
    评估模型: kimi-k2.5
    [kimi-k2.5] 决策: create | 选笑话编号: None

  质量组: medium (4个候选笑话)
    评估模型: qwen3-max
    [qwen3-max] 决策: create | 选笑话编号: None
    评估模型: deepseek-v3.2
    [deepseek-v3.2] 决策: select | 选笑话编号: 1
    评估模型: kimi-k2.5
    [kimi-k2.5] 决策: create | 选笑话编号: None

  质量组: low (4个候选笑话)
    评估模型: qwen3-max
    [qwen3-max] 决策: create | 选笑话编号: None
    评估模型: deepseek-v3.2
    [deepseek-v3.2] 决策: select | 选笑话编号: 2
    评估模型: kimi-k2.5
    [kimi-k2.5] 决策: create | 选笑话编号: None

  Item完成: 耗时54.7s | 总耗时226.3min
  速率限制器状态: 可用令牌=48.0/48
  已保存中间结果 (240 条)

============================================================
处理 zh_0341... (241/1174)

  质量组: high (4个候选笑话)
    评估模型: qwen3-max
    [qwen3-max] 决策: select | 选笑话编号: 2
    评估模型: deepseek-v3.2
    [deepseek-v3.2] 决策: select | 选笑话编号: 3
    评估模型: kimi-k2.5
    [kimi-k2.5] 决策: create | 选笑话编号: None

  质量组: medium (4个候选笑话)
    评估模型: qwen3-max
    [qwen3-max] 决策: select | 选笑话编号: 1
    评估模型: deepseek-v3.2
    [deepseek-v3.2] 决策: select | 选笑话编号: 1
    评估模型: kimi-k2.5
    [kimi-k2.5] 决策: create | 选笑话编号: None

  质量组: low (4个候选笑话)
    评估模型: qwen3-max
    [qwen3-max] 决策: select | 选笑话编号: 1
    评估模型: deepseek-v3.2
    [deepseek-v3.2] 决策: select | 选笑话编号: 4
    评估模型: kimi-k2.5
    [kimi-k2.5] 决策: create | 选笑话编号: None

  Item完成: 耗时62.5s | 总耗时227.4min
  速率限制器状态: 可用令牌=48.0/48
  已保存中间结果 (241 条)

============================================================
处理 zh_0342... (242/1174)

  质量组: high (4个候选笑话)
    评估模型: qwen3-max
    [qwen3-max] 决策: select | 选笑话编号: 2
    评估模型: deepseek-v3.2
    [deepseek-v3.2] 决策: select | 选笑话编号: 2
    评估模型: kimi-k2.5
    [kimi-k2.5] 决策: create | 选笑话编号: None

  质量组: medium (4个候选笑话)
    评估模型: qwen3-max
    [qwen3-max] 决策: select | 选笑话编号: 2
    评估模型: deepseek-v3.2
    [deepseek-v3.2] 决策: select | 选笑话编号: 2
    评估模型: kimi-k2.5
    [kimi-k2.5] 决策: select | 选笑话编号: 2

  质量组: low (4个候选笑话)
    评估模型: qwen3-max
    [qwen3-max] 决策: create | 选笑话编号: None
    评估模型: deepseek-v3.2
    [deepseek-v3.2] 决策: create | 选笑话编号: None
    评估模型: kimi-k2.5
    [kimi-k2.5] 决策: create | 选笑话编号: None

  Item完成: 耗时63.0s | 总耗时228.4min
  速率限制器状态: 可用令牌=48.0/48
  已保存中间结果 (242 条)

============================================================
处理 zh_0343... (243/1174)

  质量组: high (4个候选笑话)
    评估模型: qwen3-max
    [qwen3-max] 决策: select | 选笑话编号: 2
    评估模型: deepseek-v3.2
    [deepseek-v3.2] 决策: select | 选笑话编号: 1
    评估模型: kimi-k2.5
    [kimi-k2.5] 决策: create | 选笑话编号: None

  质量组: medium (4个候选笑话)
    评估模型: qwen3-max
    [qwen3-max] 决策: select | 选笑话编号: 3
    评估模型: deepseek-v3.2
    [deepseek-v3.2] 决策: select | 选笑话编号: 4
    评估模型: kimi-k2.5
    [kimi-k2.5] 决策: create | 选笑话编号: None

  质量组: low (4个候选笑话)
    评估模型: qwen3-max
    [qwen3-max] 决策: create | 选笑话编号: None
    评估模型: deepseek-v3.2
    [deepseek-v3.2] 决策: select | 选笑话编号: 4
    评估模型: kimi-k2.5
    [kimi-k2.5] 决策: create | 选笑话编号: None

  Item完成: 耗时55.8s | 总耗时229.4min
  速率限制器状态: 可用令牌=48.0/48
  已保存中间结果 (243 条)

============================================================
处理 zh_0344... (244/1174)

  质量组: high (4个候选笑话)
    评估模型: qwen3-max
    [qwen3-max] 决策: select | 选笑话编号: 2
    评估模型: deepseek-v3.2
    [deepseek-v3.2] 决策: select | 选笑话编号: 2
    评估模型: kimi-k2.5
    [kimi-k2.5] 决策: create | 选笑话编号: None

  质量组: medium (4个候选笑话)
    评估模型: qwen3-max
    [qwen3-max] 决策: create | 选笑话编号: None
    评估模型: deepseek-v3.2
    [deepseek-v3.2] 决策: select | 选笑话编号: 1
    评估模型: kimi-k2.5
    [kimi-k2.5] 决策: create | 选笑话编号: None

  质量组: low (4个候选笑话)
    评估模型: qwen3-max
    [qwen3-max] 决策: select | 选笑话编号: 4
    评估模型: deepseek-v3.2
    [deepseek-v3.2] 决策: select | 选笑话编号: 4
    评估模型: kimi-k2.5
    [kimi-k2.5] 决策: create | 选笑话编号: None

  Item完成: 耗时55.9s | 总耗时230.3min
  速率限制器状态: 可用令牌=48.0/48
  已保存中间结果 (244 条)

============================================================
处理 zh_0345... (245/1174)

  质量组: high (4个候选笑话)
    评估模型: qwen3-max
    [qwen3-max] 决策: select | 选笑话编号: 2
    评估模型: deepseek-v3.2
    [deepseek-v3.2] 决策: select | 选笑话编号: 2
    评估模型: kimi-k2.5
    [kimi-k2.5] 决策: create | 选笑话编号: None

  质量组: medium (4个候选笑话)
    评估模型: qwen3-max
    [qwen3-max] 决策: select | 选笑话编号: 2
    评估模型: deepseek-v3.2
    [deepseek-v3.2] 决策: select | 选笑话编号: 2
    评估模型: kimi-k2.5
    [kimi-k2.5] 决策: create | 选笑话编号: None

  质量组: low (4个候选笑话)
    评估模型: qwen3-max
    [qwen3-max] 决策: create | 选笑话编号: None
    评估模型: deepseek-v3.2
    [deepseek-v3.2] 决策: select | 选笑话编号: 1
    评估模型: kimi-k2.5
    [kimi-k2.5] 决策: create | 选笑话编号: None

  Item完成: 耗时63.4s | 总耗时231.4min
  速率限制器状态: 可用令牌=48.0/48
  已保存中间结果 (245 条)

============================================================
处理 zh_0346... (246/1174)

  质量组: high (4个候选笑话)
    评估模型: qwen3-max
    [qwen3-max] 决策: select | 选笑话编号: 3
    评估模型: deepseek-v3.2
    [deepseek-v3.2] 决策: select | 选笑话编号: 3
    评估模型: kimi-k2.5
    [kimi-k2.5] 决策: select | 选笑话编号: 3

  质量组: medium (4个候选笑话)
    评估模型: qwen3-max
    [qwen3-max] 决策: select | 选笑话编号: 1
    评估模型: deepseek-v3.2
    [deepseek-v3.2] 决策: select | 选笑话编号: 2
    评估模型: kimi-k2.5
    [kimi-k2.5] 决策: create | 选笑话编号: None

  质量组: low (4个候选笑话)
    评估模型: qwen3-max
    [qwen3-max] 决策: create | 选笑话编号: None
    评估模型: deepseek-v3.2
    [deepseek-v3.2] 决策: select | 选笑话编号: 1
    评估模型: kimi-k2.5
    [kimi-k2.5] 决策: create | 选笑话编号: None

  Item完成: 耗时64.0s | 总耗时232.4min
  速率限制器状态: 可用令牌=48.0/48
  已保存中间结果 (246 条)

============================================================
处理 zh_0347... (247/1174)

  质量组: high (4个候选笑话)
    评估模型: qwen3-max
    [qwen3-max] 决策: select | 选笑话编号: 2
    评估模型: deepseek-v3.2
    [deepseek-v3.2] 决策: select | 选笑话编号: 1
    评估模型: kimi-k2.5
    [kimi-k2.5] 决策: create | 选笑话编号: None

  质量组: medium (4个候选笑话)
    评估模型: qwen3-max
    [qwen3-max] 决策: select | 选笑话编号: 1
    评估模型: deepseek-v3.2
    [deepseek-v3.2] 决策: select | 选笑话编号: 4
    评估模型: kimi-k2.5
    [kimi-k2.5] 决策: create | 选笑话编号: None

  质量组: low (4个候选笑话)
    评估模型: qwen3-max
    [qwen3-max] 决策: select | 选笑话编号: 1
    评估模型: deepseek-v3.2
    [deepseek-v3.2] 决策: create | 选笑话编号: None
    评估模型: kimi-k2.5
    [kimi-k2.5] 决策: create | 选笑话编号: None

  Item完成: 耗时58.2s | 总耗时233.4min
  速率限制器状态: 可用令牌=48.0/48
  已保存中间结果 (247 条)

============================================================
处理 zh_0348... (248/1174)

  质量组: high (4个候选笑话)
    评估模型: qwen3-max
    [qwen3-max] 决策: select | 选笑话编号: 2
    评估模型: deepseek-v3.2
    [deepseek-v3.2] 决策: select | 选笑话编号: 1
    评估模型: kimi-k2.5
    [kimi-k2.5] 决策: create | 选笑话编号: None

  质量组: medium (4个候选笑话)
    评估模型: qwen3-max
    [qwen3-max] 决策: select | 选笑话编号: 1
    评估模型: deepseek-v3.2
    [deepseek-v3.2] 决策: select | 选笑话编号: 4
    评估模型: kimi-k2.5
    [kimi-k2.5] 决策: create | 选笑话编号: None

  质量组: low (4个候选笑话)
    评估模型: qwen3-max
    [qwen3-max] 决策: select | 选笑话编号: 4
    评估模型: deepseek-v3.2
    [deepseek-v3.2] 决策: select | 选笑话编号: 4
    评估模型: kimi-k2.5
    [kimi-k2.5] 决策: create | 选笑话编号: None

  Item完成: 耗时66.1s | 总耗时234.5min
  速率限制器状态: 可用令牌=48.0/48
  已保存中间结果 (248 条)

============================================================
处理 zh_0349... (249/1174)

  质量组: high (4个候选笑话)
    评估模型: qwen3-max
    [qwen3-max] 决策: select | 选笑话编号: 1
    评估模型: deepseek-v3.2
    [deepseek-v3.2] 决策: select | 选笑话编号: 1
    评估模型: kimi-k2.5
    [kimi-k2.5] 决策: create | 选笑话编号: None

  质量组: medium (4个候选笑话)
    评估模型: qwen3-max
    [qwen3-max] 决策: select | 选笑话编号: 2
    评估模型: deepseek-v3.2
    [deepseek-v3.2] 决策: select | 选笑话编号: 2
    评估模型: kimi-k2.5
    [kimi-k2.5] 决策: create | 选笑话编号: None

  质量组: low (4个候选笑话)
    评估模型: qwen3-max
    [qwen3-max] 决策: select | 选笑话编号: 1
    评估模型: deepseek-v3.2
    [deepseek-v3.2] 决策: select | 选笑话编号: 1
    评估模型: kimi-k2.5
    [kimi-k2.5] 决策: create | 选笑话编号: None

  Item完成: 耗时62.7s | 总耗时235.6min
  速率限制器状态: 可用令牌=48.0/48
  已保存中间结果 (249 条)

============================================================
处理 zh_0350... (250/1174)

  质量组: high (4个候选笑话)
    评估模型: qwen3-max
    [qwen3-max] 决策: select | 选笑话编号: 4
    评估模型: deepseek-v3.2
    [deepseek-v3.2] 决策: select | 选笑话编号: 2
    评估模型: kimi-k2.5
    [API] JSON解析失败: JSON解析失败: Expecting ',' delimiter: line 4 column 57 (char 114), model=kimi-k2.5
    [kimi-k2.5] 决策:  | 选笑话编号: ?

  质量组: medium (4个候选笑话)
    评估模型: qwen3-max
    [qwen3-max] 决策: select | 选笑话编号: 4
    评估模型: deepseek-v3.2
    [deepseek-v3.2] 决策: select | 选笑话编号: 1
    评估模型: kimi-k2.5
    [kimi-k2.5] 决策: create | 选笑话编号: None

  质量组: low (4个候选笑话)
    评估模型: qwen3-max
    [qwen3-max] 决策: select | 选笑话编号: 2
    评估模型: deepseek-v3.2
    [deepseek-v3.2] 决策: select | 选笑话编号: 2
    评估模型: kimi-k2.5
    [API] JSON解析失败: JSON解析失败: Expecting ',' delimiter: line 5 column 27 (char 204), model=kimi-k2.5
    [kimi-k2.5] 决策:  | 选笑话编号: ?

  Item完成: 耗时52.7s | 总耗时236.4min
  速率限制器状态: 可用令牌=48.0/48
  已保存中间结果 (250 条)

============================================================
处理 zh_0351... (251/1174)

  质量组: high (4个候选笑话)
    评估模型: qwen3-max
    [qwen3-max] 决策: select | 选笑话编号: 4
    评估模型: deepseek-v3.2
    [deepseek-v3.2] 决策: select | 选笑话编号: 3
    评估模型: kimi-k2.5
    [kimi-k2.5] 决策: create | 选笑话编号: None

  质量组: medium (4个候选笑话)
    评估模型: qwen3-max
    [qwen3-max] 决策: select | 选笑话编号: 2
    评估模型: deepseek-v3.2
    [deepseek-v3.2] 决策: select | 选笑话编号: 2
    评估模型: kimi-k2.5
    [kimi-k2.5] 决策: create | 选笑话编号: None

  质量组: low (4个候选笑话)
    评估模型: qwen3-max
    [API] 速率限制错误 (状态码=400), 等待1.8s后重试 (1/5), model=qwen3-max
    [qwen3-max] 决策: create | 选笑话编号: None
    评估模型: deepseek-v3.2
    [deepseek-v3.2] 决策: select | 选笑话编号: 1
    评估模型: kimi-k2.5
    [kimi-k2.5] 决策: create | 选笑话编号: None

  Item完成: 耗时71.3s | 总耗时237.6min
  速率限制器状态: 可用令牌=48.0/48
  已保存中间结果 (251 条)

============================================================
处理 zh_0352... (252/1174)

  质量组: high (4个候选笑话)
    评估模型: qwen3-max
    [qwen3-max] 决策: select | 选笑话编号: 2
    评估模型: deepseek-v3.2
    [deepseek-v3.2] 决策: select | 选笑话编号: 2
    评估模型: kimi-k2.5
    [kimi-k2.5] 决策: create | 选笑话编号: None

  质量组: medium (4个候选笑话)
    评估模型: qwen3-max
    [qwen3-max] 决策: select | 选笑话编号: 2
    评估模型: deepseek-v3.2
    [deepseek-v3.2] 决策: select | 选笑话编号: 3
    评估模型: kimi-k2.5
    [kimi-k2.5] 决策: create | 选笑话编号: None

  质量组: low (4个候选笑话)
    评估模型: qwen3-max
    [qwen3-max] 决策: select | 选笑话编号: 1
    评估模型: deepseek-v3.2
    [deepseek-v3.2] 决策: select | 选笑话编号: 4
    评估模型: kimi-k2.5
    [kimi-k2.5] 决策: create | 选笑话编号: None

  Item完成: 耗时58.6s | 总耗时238.6min
  速率限制器状态: 可用令牌=48.0/48
  已保存中间结果 (252 条)

============================================================
处理 zh_0353... (253/1174)

  质量组: high (4个候选笑话)
    评估模型: qwen3-max
    [qwen3-max] 决策: select | 选笑话编号: 2
    评估模型: deepseek-v3.2
    [deepseek-v3.2] 决策: select | 选笑话编号: 2
    评估模型: kimi-k2.5
    [kimi-k2.5] 决策: create | 选笑话编号: None

  质量组: medium (4个候选笑话)
    评估模型: qwen3-max
    [qwen3-max] 决策: select | 选笑话编号: 1
    评估模型: deepseek-v3.2
    [deepseek-v3.2] 决策: select | 选笑话编号: 1
    评估模型: kimi-k2.5
    [kimi-k2.5] 决策: create | 选笑话编号: None

  质量组: low (4个候选笑话)
    评估模型: qwen3-max
    [qwen3-max] 决策: select | 选笑话编号: 4
    评估模型: deepseek-v3.2
    [deepseek-v3.2] 决策: select | 选笑话编号: 4
    评估模型: kimi-k2.5
    [kimi-k2.5] 决策: create | 选笑话编号: None

  Item完成: 耗时60.0s | 总耗时239.6min
  速率限制器状态: 可用令牌=48.0/48
  已保存中间结果 (253 条)

============================================================
处理 zh_0354... (254/1174)

  质量组: high (4个候选笑话)
    评估模型: qwen3-max
    [qwen3-max] 决策: select | 选笑话编号: 1
    评估模型: deepseek-v3.2
    [deepseek-v3.2] 决策: select | 选笑话编号: 2
    评估模型: kimi-k2.5
    [API] JSON解析失败: JSON解析失败: Expecting ',' delimiter: line 5 column 23 (char 174), model=kimi-k2.5
    [kimi-k2.5] 决策:  | 选笑话编号: ?

  质量组: medium (4个候选笑话)
    评估模型: qwen3-max
    [qwen3-max] 决策: select | 选笑话编号: 4
    评估模型: deepseek-v3.2
    [deepseek-v3.2] 决策: select | 选笑话编号: 4
    评估模型: kimi-k2.5
    [kimi-k2.5] 决策: create | 选笑话编号: None

  质量组: low (4个候选笑话)
    评估模型: qwen3-max
    [qwen3-max] 决策: select | 选笑话编号: 4
    评估模型: deepseek-v3.2
    [deepseek-v3.2] 决策: select | 选笑话编号: 1
    评估模型: kimi-k2.5
    [API] JSON解析失败: JSON解析失败: Expecting ',' delimiter: line 4 column 39 (char 96), model=kimi-k2.5
    [kimi-k2.5] 决策:  | 选笑话编号: ?

  Item完成: 耗时51.8s | 总耗时240.5min
  速率限制器状态: 可用令牌=48.0/48
  已保存中间结果 (254 条)

============================================================
处理 zh_0355... (255/1174)

  质量组: high (4个候选笑话)
    评估模型: qwen3-max
    [qwen3-max] 决策: select | 选笑话编号: 2
    评估模型: deepseek-v3.2
    [deepseek-v3.2] 决策: select | 选笑话编号: 2
    评估模型: kimi-k2.5
    [kimi-k2.5] 决策: select | 选笑话编号: 2

  质量组: medium (4个候选笑话)
    评估模型: qwen3-max
    [qwen3-max] 决策: select | 选笑话编号: 4
    评估模型: deepseek-v3.2
    [deepseek-v3.2] 决策: select | 选笑话编号: 4
    评估模型: kimi-k2.5
    [kimi-k2.5] 决策: create | 选笑话编号: None

  质量组: low (4个候选笑话)
    评估模型: qwen3-max
    [qwen3-max] 决策: select | 选笑话编号: 4
    评估模型: deepseek-v3.2
    [deepseek-v3.2] 决策: select | 选笑话编号: 4
    评估模型: kimi-k2.5
    [kimi-k2.5] 决策: create | 选笑话编号: None

  Item完成: 耗时65.8s | 总耗时241.6min
  速率限制器状态: 可用令牌=48.0/48
  已保存中间结果 (255 条)

============================================================
处理 zh_0356... (256/1174)

  质量组: high (4个候选笑话)
    评估模型: qwen3-max
    [qwen3-max] 决策: select | 选笑话编号: 2
    评估模型: deepseek-v3.2
    [deepseek-v3.2] 决策: select | 选笑话编号: 4
    评估模型: kimi-k2.5
    [kimi-k2.5] 决策: create | 选笑话编号: None

  质量组: medium (4个候选笑话)
    评估模型: qwen3-max
    [qwen3-max] 决策: select | 选笑话编号: 1
    评估模型: deepseek-v3.2
    [deepseek-v3.2] 决策: select | 选笑话编号: 1
    评估模型: kimi-k2.5
    [API] JSON解析失败: JSON解析失败: Expecting ',' delimiter: line 4 column 83 (char 140), model=kimi-k2.5
    [kimi-k2.5] 决策:  | 选笑话编号: ?

  质量组: low (4个候选笑话)
    评估模型: qwen3-max
    [qwen3-max] 决策: create | 选笑话编号: None
    评估模型: deepseek-v3.2
    [deepseek-v3.2] 决策: select | 选笑话编号: 1
    评估模型: kimi-k2.5
    [kimi-k2.5] 决策: create | 选笑话编号: None

  Item完成: 耗时61.7s | 总耗时242.6min
  速率限制器状态: 可用令牌=48.0/48
  已保存中间结果 (256 条)

============================================================
处理 zh_0357... (257/1174)

  质量组: high (4个候选笑话)
    评估模型: qwen3-max
    [qwen3-max] 决策: select | 选笑话编号: 2
    评估模型: deepseek-v3.2
    [deepseek-v3.2] 决策: select | 选笑话编号: 2
    评估模型: kimi-k2.5
    [kimi-k2.5] 决策: create | 选笑话编号: None

  质量组: medium (4个候选笑话)
    评估模型: qwen3-max
    [qwen3-max] 决策: create | 选笑话编号: None
    评估模型: deepseek-v3.2
    [deepseek-v3.2] 决策: select | 选笑话编号: 4
    评估模型: kimi-k2.5
    [kimi-k2.5] 决策: create | 选笑话编号: None

  质量组: low (4个候选笑话)
    评估模型: qwen3-max
    [qwen3-max] 决策: create | 选笑话编号: None
    评估模型: deepseek-v3.2
    [deepseek-v3.2] 决策: select | 选笑话编号: 4
    评估模型: kimi-k2.5
    [kimi-k2.5] 决策: create | 选笑话编号: None

  Item完成: 耗时52.3s | 总耗时243.5min
  速率限制器状态: 可用令牌=48.0/48
  已保存中间结果 (257 条)

============================================================
处理 zh_0358... (258/1174)

  质量组: high (4个候选笑话)
    评估模型: qwen3-max
    [qwen3-max] 决策: select | 选笑话编号: 2
    评估模型: deepseek-v3.2
    [deepseek-v3.2] 决策: select | 选笑话编号: 2
    评估模型: kimi-k2.5
    [kimi-k2.5] 决策: select | 选笑话编号: 2

  质量组: medium (4个候选笑话)
    评估模型: qwen3-max
    [qwen3-max] 决策: select | 选笑话编号: 1
    评估模型: deepseek-v3.2
    [deepseek-v3.2] 决策: select | 选笑话编号: 1
    评估模型: kimi-k2.5
    [kimi-k2.5] 决策: create | 选笑话编号: None

  质量组: low (4个候选笑话)
    评估模型: qwen3-max
    [qwen3-max] 决策: create | 选笑话编号: None
    评估模型: deepseek-v3.2
    [deepseek-v3.2] 决策: select | 选笑话编号: 4
    评估模型: kimi-k2.5
    [kimi-k2.5] 决策: create | 选笑话编号: None

  Item完成: 耗时61.4s | 总耗时244.5min
  速率限制器状态: 可用令牌=48.0/48
  已保存中间结果 (258 条)

============================================================
处理 zh_0359... (259/1174)

  质量组: high (4个候选笑话)
    评估模型: qwen3-max
    [qwen3-max] 决策: select | 选笑话编号: 2
    评估模型: deepseek-v3.2
    [deepseek-v3.2] 决策: select | 选笑话编号: 2
    评估模型: kimi-k2.5
    [kimi-k2.5] 决策: create | 选笑话编号: None

  质量组: medium (4个候选笑话)
    评估模型: qwen3-max
    [qwen3-max] 决策: select | 选笑话编号: 2
    评估模型: deepseek-v3.2
    [deepseek-v3.2] 决策: select | 选笑话编号: 2
    评估模型: kimi-k2.5
    [API] JSON解析失败: JSON解析失败: Expecting ',' delimiter: line 4 column 55 (char 112), model=kimi-k2.5
    [kimi-k2.5] 决策:  | 选笑话编号: ?

  质量组: low (4个候选笑话)
    评估模型: qwen3-max
    [qwen3-max] 决策: select | 选笑话编号: 4
    评估模型: deepseek-v3.2
    [deepseek-v3.2] 决策: create | 选笑话编号: None
    评估模型: kimi-k2.5
    [kimi-k2.5] 决策: create | 选笑话编号: None

  Item完成: 耗时50.8s | 总耗时245.4min
  速率限制器状态: 可用令牌=48.0/48
  已保存中间结果 (259 条)

============================================================
处理 zh_0360... (260/1174)

  质量组: high (4个候选笑话)
    评估模型: qwen3-max
    [qwen3-max] 决策: select | 选笑话编号: 4
    评估模型: deepseek-v3.2
    [deepseek-v3.2] 决策: select | 选笑话编号: 4
    评估模型: kimi-k2.5
    [API] JSON解析失败: JSON解析失败: Expecting ',' delimiter: line 5 column 68 (char 239), model=kimi-k2.5
    [kimi-k2.5] 决策:  | 选笑话编号: ?

  质量组: medium (4个候选笑话)
    评估模型: qwen3-max
    [qwen3-max] 决策: select | 选笑话编号: 2
    评估模型: deepseek-v3.2
    [deepseek-v3.2] 决策: select | 选笑话编号: 4
    评估模型: kimi-k2.5
    [kimi-k2.5] 决策: create | 选笑话编号: None

  质量组: low (4个候选笑话)
    评估模型: qwen3-max
    [qwen3-max] 决策: create | 选笑话编号: None
    评估模型: deepseek-v3.2
    [deepseek-v3.2] 决策: create | 选笑话编号: None
    评估模型: kimi-k2.5
    [kimi-k2.5] 决策: create | 选笑话编号: None

  Item完成: 耗时52.6s | 总耗时246.2min
  速率限制器状态: 可用令牌=48.0/48
  已保存中间结果 (260 条)

============================================================
处理 zh_0361... (261/1174)

  质量组: high (4个候选笑话)
    评估模型: qwen3-max
    [qwen3-max] 决策: select | 选笑话编号: 2
    评估模型: deepseek-v3.2
    [deepseek-v3.2] 决策: select | 选笑话编号: 2
    评估模型: kimi-k2.5
    [kimi-k2.5] 决策: create | 选笑话编号: None

  质量组: medium (4个候选笑话)
    评估模型: qwen3-max
    [qwen3-max] 决策: select | 选笑话编号: 4
    评估模型: deepseek-v3.2
    [deepseek-v3.2] 决策: select | 选笑话编号: 4
    评估模型: kimi-k2.5
    [kimi-k2.5] 决策: create | 选笑话编号: None

  质量组: low (4个候选笑话)
    评估模型: qwen3-max
    [qwen3-max] 决策: create | 选笑话编号: None
    评估模型: deepseek-v3.2
    [deepseek-v3.2] 决策: select | 选笑话编号: 1
    评估模型: kimi-k2.5
    [kimi-k2.5] 决策: create | 选笑话编号: None

  Item完成: 耗时55.6s | 总耗时247.2min
  速率限制器状态: 可用令牌=48.0/48
  已保存中间结果 (261 条)

============================================================
处理 zh_0362... (262/1174)

  质量组: high (4个候选笑话)
    评估模型: qwen3-max
    [qwen3-max] 决策: select | 选笑话编号: 2
    评估模型: deepseek-v3.2
    [deepseek-v3.2] 决策: select | 选笑话编号: 4
    评估模型: kimi-k2.5
    [kimi-k2.5] 决策: create | 选笑话编号: None

  质量组: medium (4个候选笑话)
    评估模型: qwen3-max
    [qwen3-max] 决策: create | 选笑话编号: None
    评估模型: deepseek-v3.2
    [deepseek-v3.2] 决策: select | 选笑话编号: 1
    评估模型: kimi-k2.5
    [kimi-k2.5] 决策: create | 选笑话编号: None

  质量组: low (4个候选笑话)
    评估模型: qwen3-max
    [API] 速率限制错误 (状态码=400), 等待1.6s后重试 (1/5), model=qwen3-max
    [qwen3-max] 决策: create | 选笑话编号: None
    评估模型: deepseek-v3.2
    [deepseek-v3.2] 决策: select | 选笑话编号: 2
    评估模型: kimi-k2.5
    [kimi-k2.5] 决策: create | 选笑话编号: None

  Item完成: 耗时71.8s | 总耗时248.4min
  速率限制器状态: 可用令牌=48.0/48
  已保存中间结果 (262 条)

============================================================
处理 zh_0363... (263/1174)

  质量组: high (4个候选笑话)
    评估模型: qwen3-max
    [qwen3-max] 决策: select | 选笑话编号: 2
    评估模型: deepseek-v3.2
    [deepseek-v3.2] 决策: select | 选笑话编号: 4
    评估模型: kimi-k2.5
    [kimi-k2.5] 决策: select | 选笑话编号: 2

  质量组: medium (4个候选笑话)
    评估模型: qwen3-max
    [qwen3-max] 决策: create | 选笑话编号: None
    评估模型: deepseek-v3.2
    [deepseek-v3.2] 决策: select | 选笑话编号: 2
    评估模型: kimi-k2.5
    [kimi-k2.5] 决策: create | 选笑话编号: None

  质量组: low (4个候选笑话)
    评估模型: qwen3-max
    [qwen3-max] 决策: create | 选笑话编号: None
    评估模型: deepseek-v3.2
    [deepseek-v3.2] 决策: select | 选笑话编号: 1
    评估模型: kimi-k2.5
    [kimi-k2.5] 决策: create | 选笑话编号: None

  Item完成: 耗时61.8s | 总耗时249.4min
  速率限制器状态: 可用令牌=48.0/48
  已保存中间结果 (263 条)

============================================================
处理 zh_0364... (264/1174)

  质量组: high (4个候选笑话)
    评估模型: qwen3-max
    [qwen3-max] 决策: select | 选笑话编号: 2
    评估模型: deepseek-v3.2
    [deepseek-v3.2] 决策: select | 选笑话编号: 4
    评估模型: kimi-k2.5
    [kimi-k2.5] 决策: create | 选笑话编号: None

  质量组: medium (4个候选笑话)
    评估模型: qwen3-max
    [qwen3-max] 决策: select | 选笑话编号: 1
    评估模型: deepseek-v3.2
    [deepseek-v3.2] 决策: select | 选笑话编号: 4
    评估模型: kimi-k2.5
    [kimi-k2.5] 决策: create | 选笑话编号: None

  质量组: low (4个候选笑话)
    评估模型: qwen3-max
    [qwen3-max] 决策: select | 选笑话编号: 4
    评估模型: deepseek-v3.2
    [deepseek-v3.2] 决策: select | 选笑话编号: 3
    评估模型: kimi-k2.5
    [kimi-k2.5] 决策: create | 选笑话编号: None

  Item完成: 耗时54.9s | 总耗时250.3min
  速率限制器状态: 可用令牌=48.0/48
  已保存中间结果 (264 条)

============================================================
处理 zh_0365... (265/1174)

  质量组: high (4个候选笑话)
    评估模型: qwen3-max
    [qwen3-max] 决策: select | 选笑话编号: 2
    评估模型: deepseek-v3.2
    [deepseek-v3.2] 决策: select | 选笑话编号: 2
    评估模型: kimi-k2.5
    [kimi-k2.5] 决策: create | 选笑话编号: None

  质量组: medium (4个候选笑话)
    评估模型: qwen3-max
    [qwen3-max] 决策: select | 选笑话编号: 2
    评估模型: deepseek-v3.2
    [deepseek-v3.2] 决策: select | 选笑话编号: 2
    评估模型: kimi-k2.5
    [kimi-k2.5] 决策: create | 选笑话编号: None

  质量组: low (4个候选笑话)
    评估模型: qwen3-max
    [qwen3-max] 决策: create | 选笑话编号: None
    评估模型: deepseek-v3.2
    [deepseek-v3.2] 决策: select | 选笑话编号: 2
    评估模型: kimi-k2.5
    [kimi-k2.5] 决策: create | 选笑话编号: None

  Item完成: 耗时55.3s | 总耗时251.2min
  速率限制器状态: 可用令牌=48.0/48
  已保存中间结果 (265 条)

============================================================
处理 zh_0366... (266/1174)

  质量组: high (4个候选笑话)
    评估模型: qwen3-max
    [qwen3-max] 决策: select | 选笑话编号: 4
    评估模型: deepseek-v3.2
    [deepseek-v3.2] 决策: select | 选笑话编号: 1
    评估模型: kimi-k2.5
    [kimi-k2.5] 决策: create | 选笑话编号: None

  质量组: medium (4个候选笑话)
    评估模型: qwen3-max
    [qwen3-max] 决策: select | 选笑话编号: 1
    评估模型: deepseek-v3.2
    [deepseek-v3.2] 决策: select | 选笑话编号: 4
    评估模型: kimi-k2.5
    [API] JSON解析失败: JSON解析失败: Expecting ',' delimiter: line 4 column 77 (char 134), model=kimi-k2.5
    [kimi-k2.5] 决策:  | 选笑话编号: ?

  质量组: low (4个候选笑话)
    评估模型: qwen3-max
    [qwen3-max] 决策: create | 选笑话编号: None
    评估模型: deepseek-v3.2
    [deepseek-v3.2] 决策: create | 选笑话编号: None
    评估模型: kimi-k2.5
    [kimi-k2.5] 决策: create | 选笑话编号: None

  Item完成: 耗时50.2s | 总耗时252.1min
  速率限制器状态: 可用令牌=48.0/48
  已保存中间结果 (266 条)

============================================================
处理 zh_0367... (267/1174)

  质量组: high (4个候选笑话)
    评估模型: qwen3-max
    [qwen3-max] 决策: create | 选笑话编号: None
    评估模型: deepseek-v3.2
    [deepseek-v3.2] 决策: select | 选笑话编号: 3
    评估模型: kimi-k2.5
    [kimi-k2.5] 决策: create | 选笑话编号: None

  质量组: medium (4个候选笑话)
    评估模型: qwen3-max
    [qwen3-max] 决策: select | 选笑话编号: 2
    评估模型: deepseek-v3.2
    [deepseek-v3.2] 决策: select | 选笑话编号: 2
    评估模型: kimi-k2.5
    [kimi-k2.5] 决策: create | 选笑话编号: None

  质量组: low (4个候选笑话)
    评估模型: qwen3-max
    [qwen3-max] 决策: create | 选笑话编号: None
    评估模型: deepseek-v3.2
    [deepseek-v3.2] 决策: select | 选笑话编号: 4
    评估模型: kimi-k2.5
    [kimi-k2.5] 决策: create | 选笑话编号: None

  Item完成: 耗时61.5s | 总耗时253.1min
  速率限制器状态: 可用令牌=48.0/48
  已保存中间结果 (267 条)

============================================================
处理 zh_0368... (268/1174)

  质量组: high (4个候选笑话)
    评估模型: qwen3-max
    [qwen3-max] 决策: select | 选笑话编号: 2
    评估模型: deepseek-v3.2
    [deepseek-v3.2] 决策: select | 选笑话编号: 4
    评估模型: kimi-k2.5
    [kimi-k2.5] 决策: select | 选笑话编号: 2

  质量组: medium (4个候选笑话)
    评估模型: qwen3-max
    [qwen3-max] 决策: select | 选笑话编号: 1
    评估模型: deepseek-v3.2
    [deepseek-v3.2] 决策: select | 选笑话编号: 1
    评估模型: kimi-k2.5
    [kimi-k2.5] 决策: create | 选笑话编号: None

  质量组: low (4个候选笑话)
    评估模型: qwen3-max
    [qwen3-max] 决策: create | 选笑话编号: None
    评估模型: deepseek-v3.2
    [deepseek-v3.2] 决策: select | 选笑话编号: 2
    评估模型: kimi-k2.5
    [kimi-k2.5] 决策: create | 选笑话编号: None

  Item完成: 耗时55.2s | 总耗时254.0min
  速率限制器状态: 可用令牌=48.0/48
  已保存中间结果 (268 条)

============================================================
处理 zh_0369... (269/1174)

  质量组: high (4个候选笑话)
    评估模型: qwen3-max
    [qwen3-max] 决策: select | 选笑话编号: 1
    评估模型: deepseek-v3.2
    [deepseek-v3.2] 决策: select | 选笑话编号: 4
    评估模型: kimi-k2.5
    [kimi-k2.5] 决策: create | 选笑话编号: None

  质量组: medium (4个候选笑话)
    评估模型: qwen3-max
    [qwen3-max] 决策: select | 选笑话编号: 1
    评估模型: deepseek-v3.2
    [deepseek-v3.2] 决策: select | 选笑话编号: 2
    评估模型: kimi-k2.5
    [kimi-k2.5] 决策: create | 选笑话编号: None

  质量组: low (4个候选笑话)
    评估模型: qwen3-max
    [qwen3-max] 决策: select | 选笑话编号: 3
    评估模型: deepseek-v3.2
    [deepseek-v3.2] 决策: select | 选笑话编号: 3
    评估模型: kimi-k2.5
    [kimi-k2.5] 决策: create | 选笑话编号: None

  Item完成: 耗时61.1s | 总耗时255.0min
  速率限制器状态: 可用令牌=48.0/48
  已保存中间结果 (269 条)

============================================================
处理 zh_0370... (270/1174)

  质量组: high (4个候选笑话)
    评估模型: qwen3-max
    [qwen3-max] 决策: select | 选笑话编号: 2
    评估模型: deepseek-v3.2
    [deepseek-v3.2] 决策: select | 选笑话编号: 2
    评估模型: kimi-k2.5
    [kimi-k2.5] 决策: select | 选笑话编号: 2

  质量组: medium (4个候选笑话)
    评估模型: qwen3-max
    [qwen3-max] 决策: select | 选笑话编号: 4
    评估模型: deepseek-v3.2
    [deepseek-v3.2] 决策: select | 选笑话编号: 1
    评估模型: kimi-k2.5
    [kimi-k2.5] 决策: select | 选笑话编号: 1

  质量组: low (4个候选笑话)
    评估模型: qwen3-max
    [qwen3-max] 决策: select | 选笑话编号: 4
    评估模型: deepseek-v3.2
    [deepseek-v3.2] 决策: select | 选笑话编号: 4
    评估模型: kimi-k2.5
    [kimi-k2.5] 决策: create | 选笑话编号: None

  Item完成: 耗时57.5s | 总耗时256.0min
  速率限制器状态: 可用令牌=48.0/48
  已保存中间结果 (270 条)

============================================================
处理 zh_0371... (271/1174)

  质量组: high (4个候选笑话)
    评估模型: qwen3-max
    [qwen3-max] 决策: select | 选笑话编号: 2
    评估模型: deepseek-v3.2
    [deepseek-v3.2] 决策: select | 选笑话编号: 2
    评估模型: kimi-k2.5
    [kimi-k2.5] 决策: create | 选笑话编号: None

  质量组: medium (4个候选笑话)
    评估模型: qwen3-max
    [qwen3-max] 决策: select | 选笑话编号: 2
    评估模型: deepseek-v3.2
    [deepseek-v3.2] 决策: select | 选笑话编号: 1
    评估模型: kimi-k2.5
    [kimi-k2.5] 决策: create | 选笑话编号: None

  质量组: low (4个候选笑话)
    评估模型: qwen3-max
    [qwen3-max] 决策: select | 选笑话编号: 1
    评估模型: deepseek-v3.2
    [deepseek-v3.2] 决策: select | 选笑话编号: 1
    评估模型: kimi-k2.5
    [kimi-k2.5] 决策: create | 选笑话编号: None

  Item完成: 耗时58.3s | 总耗时257.0min
  速率限制器状态: 可用令牌=48.0/48
  已保存中间结果 (271 条)

============================================================
处理 zh_0372... (272/1174)

  质量组: high (4个候选笑话)
    评估模型: qwen3-max
    [qwen3-max] 决策: select | 选笑话编号: 2
    评估模型: deepseek-v3.2
    [deepseek-v3.2] 决策: select | 选笑话编号: 4
    评估模型: kimi-k2.5
    [kimi-k2.5] 决策: create | 选笑话编号: None

  质量组: medium (4个候选笑话)
    评估模型: qwen3-max
    [qwen3-max] 决策: select | 选笑话编号: 3
    评估模型: deepseek-v3.2
    [deepseek-v3.2] 决策: select | 选笑话编号: 1
    评估模型: kimi-k2.5
    [kimi-k2.5] 决策: create | 选笑话编号: None

  质量组: low (4个候选笑话)
    评估模型: qwen3-max
    [qwen3-max] 决策: select | 选笑话编号: 4
    评估模型: deepseek-v3.2
    [deepseek-v3.2] 决策: create | 选笑话编号: None
    评估模型: kimi-k2.5
    [API] JSON解析失败: JSON解析失败: Expecting ',' delimiter: line 4 column 90 (char 147), model=kimi-k2.5
    [kimi-k2.5] 决策:  | 选笑话编号: ?

  Item完成: 耗时50.2s | 总耗时257.8min
  速率限制器状态: 可用令牌=48.0/48
  已保存中间结果 (272 条)

============================================================
处理 zh_0373... (273/1174)

  质量组: high (4个候选笑话)
    评估模型: qwen3-max
    [qwen3-max] 决策: select | 选笑话编号: 2
    评估模型: deepseek-v3.2
    [deepseek-v3.2] 决策: select | 选笑话编号: 4
    评估模型: kimi-k2.5
    [kimi-k2.5] 决策: create | 选笑话编号: None

  质量组: medium (4个候选笑话)
    评估模型: qwen3-max
    [qwen3-max] 决策: select | 选笑话编号: 4
    评估模型: deepseek-v3.2
    [deepseek-v3.2] 决策: select | 选笑话编号: 2
    评估模型: kimi-k2.5
    [kimi-k2.5] 决策: create | 选笑话编号: None

  质量组: low (4个候选笑话)
    评估模型: qwen3-max
    [qwen3-max] 决策: create | 选笑话编号: None
    评估模型: deepseek-v3.2
    [deepseek-v3.2] 决策: select | 选笑话编号: 2
    评估模型: kimi-k2.5
    [kimi-k2.5] 决策: create | 选笑话编号: None

  Item完成: 耗时54.3s | 总耗时258.7min
  速率限制器状态: 可用令牌=48.0/48
  已保存中间结果 (273 条)

============================================================
处理 zh_0374... (274/1174)

  质量组: high (4个候选笑话)
    评估模型: qwen3-max
    [qwen3-max] 决策: select | 选笑话编号: 3
    评估模型: deepseek-v3.2
    [deepseek-v3.2] 决策: select | 选笑话编号: 3
    评估模型: kimi-k2.5
    [kimi-k2.5] 决策: create | 选笑话编号: None

  质量组: medium (4个候选笑话)
    评估模型: qwen3-max
    [qwen3-max] 决策: select | 选笑话编号: 1
    评估模型: deepseek-v3.2
    [deepseek-v3.2] 决策: select | 选笑话编号: 1
    评估模型: kimi-k2.5
    [kimi-k2.5] 决策: select | 选笑话编号: 1

  质量组: low (4个候选笑话)
    评估模型: qwen3-max
    [qwen3-max] 决策: create | 选笑话编号: None
    评估模型: deepseek-v3.2
    [deepseek-v3.2] 决策: select | 选笑话编号: 4
    评估模型: kimi-k2.5
    [kimi-k2.5] 决策: create | 选笑话编号: None

  Item完成: 耗时53.6s | 总耗时259.6min
  速率限制器状态: 可用令牌=48.0/48
  已保存中间结果 (274 条)

============================================================
处理 zh_0375... (275/1174)

  质量组: high (4个候选笑话)
    评估模型: qwen3-max
    [qwen3-max] 决策: select | 选笑话编号: 2
    评估模型: deepseek-v3.2
    [deepseek-v3.2] 决策: select | 选笑话编号: 2
    评估模型: kimi-k2.5
    [kimi-k2.5] 决策: create | 选笑话编号: None

  质量组: medium (4个候选笑话)
    评估模型: qwen3-max
    [qwen3-max] 决策: select | 选笑话编号: 2
    评估模型: deepseek-v3.2
    [deepseek-v3.2] 决策: select | 选笑话编号: 4
    评估模型: kimi-k2.5
    [kimi-k2.5] 决策: select | 选笑话编号: 2

  质量组: low (4个候选笑话)
    评估模型: qwen3-max
    [qwen3-max] 决策: select | 选笑话编号: 2
    评估模型: deepseek-v3.2
    [deepseek-v3.2] 决策: select | 选笑话编号: 2
    评估模型: kimi-k2.5
    [kimi-k2.5] 决策: create | 选笑话编号: None

  Item完成: 耗时59.7s | 总耗时260.6min
  速率限制器状态: 可用令牌=48.0/48
  已保存中间结果 (275 条)

============================================================
处理 zh_0376... (276/1174)

  质量组: high (4个候选笑话)
    评估模型: qwen3-max
    [qwen3-max] 决策: select | 选笑话编号: 2
    评估模型: deepseek-v3.2
    [deepseek-v3.2] 决策: select | 选笑话编号: 2
    评估模型: kimi-k2.5
    [kimi-k2.5] 决策: create | 选笑话编号: None

  质量组: medium (4个候选笑话)
    评估模型: qwen3-max
    [qwen3-max] 决策: select | 选笑话编号: 2
    评估模型: deepseek-v3.2
    [deepseek-v3.2] 决策: select | 选笑话编号: 2
    评估模型: kimi-k2.5
    [kimi-k2.5] 决策: create | 选笑话编号: None

  质量组: low (4个候选笑话)
    评估模型: qwen3-max
    [qwen3-max] 决策: select | 选笑话编号: 3
    评估模型: deepseek-v3.2
    [deepseek-v3.2] 决策: select | 选笑话编号: 3
    评估模型: kimi-k2.5
    [kimi-k2.5] 决策: create | 选笑话编号: None

  Item完成: 耗时61.8s | 总耗时261.6min
  速率限制器状态: 可用令牌=48.0/48
  已保存中间结果 (276 条)

============================================================
处理 zh_0377... (277/1174)

  质量组: high (4个候选笑话)
    评估模型: qwen3-max
    [qwen3-max] 决策: select | 选笑话编号: 2
    评估模型: deepseek-v3.2
    [deepseek-v3.2] 决策: select | 选笑话编号: 2
    评估模型: kimi-k2.5
    [kimi-k2.5] 决策: create | 选笑话编号: None

  质量组: medium (4个候选笑话)
    评估模型: qwen3-max
    [qwen3-max] 决策: create | 选笑话编号: None
    评估模型: deepseek-v3.2
    [deepseek-v3.2] 决策: select | 选笑话编号: 4
    评估模型: kimi-k2.5
    [kimi-k2.5] 决策: create | 选笑话编号: None

  质量组: low (4个候选笑话)
    评估模型: qwen3-max
    [qwen3-max] 决策: select | 选笑话编号: 3
    评估模型: deepseek-v3.2
    [deepseek-v3.2] 决策: select | 选笑话编号: 3
    评估模型: kimi-k2.5
    [API] JSON解析失败: JSON解析失败: Expecting ',' delimiter: line 4 column 83 (char 140), model=kimi-k2.5
    [kimi-k2.5] 决策:  | 选笑话编号: ?

  Item完成: 耗时59.1s | 总耗时262.6min
  速率限制器状态: 可用令牌=48.0/48
  已保存中间结果 (277 条)

============================================================
处理 zh_0378... (278/1174)

  质量组: high (4个候选笑话)
    评估模型: qwen3-max
    [qwen3-max] 决策: select | 选笑话编号: 2
    评估模型: deepseek-v3.2
    [deepseek-v3.2] 决策: select | 选笑话编号: 4
    评估模型: kimi-k2.5
    [API] JSON解析失败: JSON解析失败: Expecting ',' delimiter: line 4 column 54 (char 111), model=kimi-k2.5
    [kimi-k2.5] 决策:  | 选笑话编号: ?

  质量组: medium (4个候选笑话)
    评估模型: qwen3-max
    [qwen3-max] 决策: select | 选笑话编号: 3
    评估模型: deepseek-v3.2
    [deepseek-v3.2] 决策: select | 选笑话编号: 4
    评估模型: kimi-k2.5
    [kimi-k2.5] 决策: create | 选笑话编号: None

  质量组: low (4个候选笑话)
    评估模型: qwen3-max
    [qwen3-max] 决策: create | 选笑话编号: None
    评估模型: deepseek-v3.2
    [deepseek-v3.2] 决策: select | 选笑话编号: 4
    评估模型: kimi-k2.5
    [kimi-k2.5] 决策: create | 选笑话编号: None

  Item完成: 耗时49.4s | 总耗时263.5min
  速率限制器状态: 可用令牌=48.0/48
  已保存中间结果 (278 条)

============================================================
处理 zh_0379... (279/1174)

  质量组: high (4个候选笑话)
    评估模型: qwen3-max
    [qwen3-max] 决策: select | 选笑话编号: 1
    评估模型: deepseek-v3.2
    [deepseek-v3.2] 决策: select | 选笑话编号: 1
    评估模型: kimi-k2.5
    [API] JSON解析失败: JSON解析失败: Expecting ',' delimiter: line 5 column 49 (char 247), model=kimi-k2.5
    [kimi-k2.5] 决策:  | 选笑话编号: ?

  质量组: medium (4个候选笑话)
    评估模型: qwen3-max
    [qwen3-max] 决策: select | 选笑话编号: 2
    评估模型: deepseek-v3.2
    [deepseek-v3.2] 决策: select | 选笑话编号: 2
    评估模型: kimi-k2.5
    [kimi-k2.5] 决策: create | 选笑话编号: None

  质量组: low (4个候选笑话)
    评估模型: qwen3-max
    [qwen3-max] 决策: create | 选笑话编号: None
    评估模型: deepseek-v3.2
    [deepseek-v3.2] 决策: create | 选笑话编号: None
    评估模型: kimi-k2.5
    [kimi-k2.5] 决策: create | 选笑话编号: None

  Item完成: 耗时51.1s | 总耗时264.3min
  速率限制器状态: 可用令牌=48.0/48
  已保存中间结果 (279 条)

============================================================
处理 zh_0380... (280/1174)

  质量组: high (4个候选笑话)
    评估模型: qwen3-max
    [qwen3-max] 决策: select | 选笑话编号: 2
    评估模型: deepseek-v3.2
    [deepseek-v3.2] 决策: select | 选笑话编号: 2
    评估模型: kimi-k2.5
    [kimi-k2.5] 决策: create | 选笑话编号: None

  质量组: medium (4个候选笑话)
    评估模型: qwen3-max
    [qwen3-max] 决策: select | 选笑话编号: 1
    评估模型: deepseek-v3.2
    [deepseek-v3.2] 决策: select | 选笑话编号: 1
    评估模型: kimi-k2.5
    [kimi-k2.5] 决策: create | 选笑话编号: None

  质量组: low (4个候选笑话)
    评估模型: qwen3-max
    [qwen3-max] 决策: create | 选笑话编号: None
    评估模型: deepseek-v3.2
    [deepseek-v3.2] 决策: select | 选笑话编号: 1
    评估模型: kimi-k2.5
    [kimi-k2.5] 决策: create | 选笑话编号: None

  Item完成: 耗时61.0s | 总耗时265.3min
  速率限制器状态: 可用令牌=48.0/48
  已保存中间结果 (280 条)

============================================================
处理 zh_0381... (281/1174)

  质量组: high (4个候选笑话)
    评估模型: qwen3-max
    [qwen3-max] 决策: select | 选笑话编号: 1
    评估模型: deepseek-v3.2
    [deepseek-v3.2] 决策: select | 选笑话编号: 1
    评估模型: kimi-k2.5
    [API] JSON解析失败: JSON解析失败: Expecting ',' delimiter: line 5 column 38 (char 201), model=kimi-k2.5
    [kimi-k2.5] 决策:  | 选笑话编号: ?

  质量组: medium (4个候选笑话)
    评估模型: qwen3-max
    [qwen3-max] 决策: select | 选笑话编号: 1
    评估模型: deepseek-v3.2
    [deepseek-v3.2] 决策: select | 选笑话编号: 1
    评估模型: kimi-k2.5
    [kimi-k2.5] 决策: create | 选笑话编号: None

  质量组: low (4个候选笑话)
    评估模型: qwen3-max
    [qwen3-max] 决策: create | 选笑话编号: None
    评估模型: deepseek-v3.2
    [deepseek-v3.2] 决策: create | 选笑话编号: None
    评估模型: kimi-k2.5
    [kimi-k2.5] 决策: create | 选笑话编号: None

  Item完成: 耗时54.0s | 总耗时266.2min
  速率限制器状态: 可用令牌=48.0/48
  已保存中间结果 (281 条)

============================================================
处理 zh_0382... (282/1174)

  质量组: high (4个候选笑话)
    评估模型: qwen3-max
    [qwen3-max] 决策: select | 选笑话编号: 2
    评估模型: deepseek-v3.2
    [deepseek-v3.2] 决策: select | 选笑话编号: 4
    评估模型: kimi-k2.5
    [kimi-k2.5] 决策: create | 选笑话编号: None

  质量组: medium (4个候选笑话)
    评估模型: qwen3-max
    [qwen3-max] 决策: select | 选笑话编号: 1
    评估模型: deepseek-v3.2
    [deepseek-v3.2] 决策: select | 选笑话编号: 3
    评估模型: kimi-k2.5
    [kimi-k2.5] 决策: create | 选笑话编号: None

  质量组: low (4个候选笑话)
    评估模型: qwen3-max
    [qwen3-max] 决策: select | 选笑话编号: 2
    评估模型: deepseek-v3.2
    [deepseek-v3.2] 决策: create | 选笑话编号: None
    评估模型: kimi-k2.5
    [kimi-k2.5] 决策: create | 选笑话编号: None

  Item完成: 耗时59.7s | 总耗时267.2min
  速率限制器状态: 可用令牌=48.0/48
  已保存中间结果 (282 条)

============================================================
处理 zh_0383... (283/1174)

  质量组: high (4个候选笑话)
    评估模型: qwen3-max
    [qwen3-max] 决策: create | 选笑话编号: None
    评估模型: deepseek-v3.2
    [deepseek-v3.2] 决策: select | 选笑话编号: 1
    评估模型: kimi-k2.5
    [kimi-k2.5] 决策: create | 选笑话编号: None

  质量组: medium (4个候选笑话)
    评估模型: qwen3-max
    [qwen3-max] 决策: select | 选笑话编号: 1
    评估模型: deepseek-v3.2
    [deepseek-v3.2] 决策: select | 选笑话编号: 1
    评估模型: kimi-k2.5
    [kimi-k2.5] 决策: create | 选笑话编号: None

  质量组: low (4个候选笑话)
    评估模型: qwen3-max
    [qwen3-max] 决策: create | 选笑话编号: None
    评估模型: deepseek-v3.2
    [deepseek-v3.2] 决策: create | 选笑话编号: None
    评估模型: kimi-k2.5
    [kimi-k2.5] 决策: create | 选笑话编号: None

  Item完成: 耗时58.4s | 总耗时268.2min
  速率限制器状态: 可用令牌=48.0/48
  已保存中间结果 (283 条)

============================================================
处理 zh_0384... (284/1174)

  质量组: high (4个候选笑话)
    评估模型: qwen3-max
    [qwen3-max] 决策: select | 选笑话编号: 2
    评估模型: deepseek-v3.2
    [deepseek-v3.2] 决策: select | 选笑话编号: 1
    评估模型: kimi-k2.5
    [kimi-k2.5] 决策: create | 选笑话编号: None

  质量组: medium (4个候选笑话)
    评估模型: qwen3-max
    [qwen3-max] 决策: select | 选笑话编号: 4
    评估模型: deepseek-v3.2
    [deepseek-v3.2] 决策: select | 选笑话编号: 4
    评估模型: kimi-k2.5
    [kimi-k2.5] 决策: create | 选笑话编号: None

  质量组: low (4个候选笑话)
    评估模型: qwen3-max
    [qwen3-max] 决策: select | 选笑话编号: 4
    评估模型: deepseek-v3.2
    [deepseek-v3.2] 决策: select | 选笑话编号: 3
    评估模型: kimi-k2.5
    [kimi-k2.5] 决策: create | 选笑话编号: None

  Item完成: 耗时67.3s | 总耗时269.3min
  速率限制器状态: 可用令牌=48.0/48
  已保存中间结果 (284 条)

============================================================
处理 zh_0385... (285/1174)

  质量组: high (4个候选笑话)
    评估模型: qwen3-max
    [qwen3-max] 决策: select | 选笑话编号: 4
    评估模型: deepseek-v3.2
    [deepseek-v3.2] 决策: select | 选笑话编号: 4
    评估模型: kimi-k2.5
    [kimi-k2.5] 决策: create | 选笑话编号: None

  质量组: medium (4个候选笑话)
    评估模型: qwen3-max
    [qwen3-max] 决策: select | 选笑话编号: 3
    评估模型: deepseek-v3.2
    [deepseek-v3.2] 决策: select | 选笑话编号: 1
    评估模型: kimi-k2.5
    [kimi-k2.5] 决策: create | 选笑话编号: None

  质量组: low (4个候选笑话)
    评估模型: qwen3-max
    [qwen3-max] 决策: select | 选笑话编号: 4
    评估模型: deepseek-v3.2
    [deepseek-v3.2] 决策: select | 选笑话编号: 4
    评估模型: kimi-k2.5
    [kimi-k2.5] 决策: create | 选笑话编号: None

  Item完成: 耗时52.3s | 总耗时270.2min
  速率限制器状态: 可用令牌=48.0/48
  已保存中间结果 (285 条)

============================================================
处理 zh_0386... (286/1174)

  质量组: high (4个候选笑话)
    评估模型: qwen3-max
    [qwen3-max] 决策: select | 选笑话编号: 1
    评估模型: deepseek-v3.2
    [deepseek-v3.2] 决策: select | 选笑话编号: 1
    评估模型: kimi-k2.5
    [kimi-k2.5] 决策: create | 选笑话编号: None

  质量组: medium (4个候选笑话)
    评估模型: qwen3-max
    [qwen3-max] 决策: select | 选笑话编号: 1
    评估模型: deepseek-v3.2
    [deepseek-v3.2] 决策: select | 选笑话编号: 4
    评估模型: kimi-k2.5
    [kimi-k2.5] 决策: create | 选笑话编号: None

  质量组: low (4个候选笑话)
    评估模型: qwen3-max
    [qwen3-max] 决策: create | 选笑话编号: None
    评估模型: deepseek-v3.2
    [deepseek-v3.2] 决策: create | 选笑话编号: None
    评估模型: kimi-k2.5
    [kimi-k2.5] 决策: create | 选笑话编号: None

  Item完成: 耗时57.0s | 总耗时271.2min
  速率限制器状态: 可用令牌=48.0/48
  已保存中间结果 (286 条)

============================================================
处理 zh_0387... (287/1174)

  质量组: high (4个候选笑话)
    评估模型: qwen3-max
    [qwen3-max] 决策: select | 选笑话编号: 4
    评估模型: deepseek-v3.2
    [deepseek-v3.2] 决策: select | 选笑话编号: 2
    评估模型: kimi-k2.5
    [API] JSON解析失败: JSON解析失败: Expecting ',' delimiter: line 5 column 61 (char 230), model=kimi-k2.5
    [kimi-k2.5] 决策:  | 选笑话编号: ?

  质量组: medium (4个候选笑话)
    评估模型: qwen3-max
    [qwen3-max] 决策: select | 选笑话编号: 1
    评估模型: deepseek-v3.2
    [deepseek-v3.2] 决策: select | 选笑话编号: 4
    评估模型: kimi-k2.5
    [kimi-k2.5] 决策: create | 选笑话编号: None

  质量组: low (4个候选笑话)
    评估模型: qwen3-max
    [qwen3-max] 决策: select | 选笑话编号: 2
    评估模型: deepseek-v3.2
    [deepseek-v3.2] 决策: select | 选笑话编号: 2
    评估模型: kimi-k2.5
    [API] JSON解析失败: JSON解析失败: Expecting ',' delimiter: line 5 column 45 (char 233), model=kimi-k2.5
    [kimi-k2.5] 决策:  | 选笑话编号: ?

  Item完成: 耗时54.0s | 总耗时272.1min
  速率限制器状态: 可用令牌=48.0/48
  已保存中间结果 (287 条)

============================================================
处理 zh_0388... (288/1174)

  质量组: high (4个候选笑话)
    评估模型: qwen3-max
    [qwen3-max] 决策: select | 选笑话编号: 2
    评估模型: deepseek-v3.2
    [deepseek-v3.2] 决策: select | 选笑话编号: 4
    评估模型: kimi-k2.5
    [API] JSON解析失败: JSON解析失败: Expecting ',' delimiter: line 4 column 45 (char 102), model=kimi-k2.5
    [kimi-k2.5] 决策:  | 选笑话编号: ?

  质量组: medium (4个候选笑话)
    评估模型: qwen3-max
    [qwen3-max] 决策: create | 选笑话编号: None
    评估模型: deepseek-v3.2
    [deepseek-v3.2] 决策: create | 选笑话编号: None
    评估模型: kimi-k2.5
    [API] JSON解析失败: JSON解析失败: Expecting ',' delimiter: line 5 column 42 (char 229), model=kimi-k2.5
    [kimi-k2.5] 决策:  | 选笑话编号: ?

  质量组: low (4个候选笑话)
    评估模型: qwen3-max
    [qwen3-max] 决策: create | 选笑话编号: None
    评估模型: deepseek-v3.2
    [deepseek-v3.2] 决策: create | 选笑话编号: None
    评估模型: kimi-k2.5
    [kimi-k2.5] 决策: create | 选笑话编号: None

  Item完成: 耗时57.2s | 总耗时273.0min
  速率限制器状态: 可用令牌=48.0/48
  已保存中间结果 (288 条)

============================================================
处理 zh_0389... (289/1174)

  质量组: high (4个候选笑话)
    评估模型: qwen3-max
    [qwen3-max] 决策: select | 选笑话编号: 2
    评估模型: deepseek-v3.2
    [deepseek-v3.2] 决策: select | 选笑话编号: 3
    评估模型: kimi-k2.5
    [kimi-k2.5] 决策: create | 选笑话编号: None

  质量组: medium (4个候选笑话)
    评估模型: qwen3-max
    [qwen3-max] 决策: select | 选笑话编号: 1
    评估模型: deepseek-v3.2
    [deepseek-v3.2] 决策: select | 选笑话编号: 1
    评估模型: kimi-k2.5
    [kimi-k2.5] 决策: create | 选笑话编号: None

  质量组: low (4个候选笑话)
    评估模型: qwen3-max
    [qwen3-max] 决策: create | 选笑话编号: None
    评估模型: deepseek-v3.2
    [deepseek-v3.2] 决策: select | 选笑话编号: 2
    评估模型: kimi-k2.5
    [kimi-k2.5] 决策: create | 选笑话编号: None

  Item完成: 耗时54.2s | 总耗时273.9min
  速率限制器状态: 可用令牌=48.0/48
  已保存中间结果 (289 条)

============================================================
处理 zh_0390... (290/1174)

  质量组: high (4个候选笑话)
    评估模型: qwen3-max
    [qwen3-max] 决策: select | 选笑话编号: 3
    评估模型: deepseek-v3.2
    [deepseek-v3.2] 决策: select | 选笑话编号: 1
    评估模型: kimi-k2.5
    [kimi-k2.5] 决策: create | 选笑话编号: None

  质量组: medium (4个候选笑话)
    评估模型: qwen3-max
    [qwen3-max] 决策: select | 选笑话编号: 1
    评估模型: deepseek-v3.2
    [deepseek-v3.2] 决策: select | 选笑话编号: 1
    评估模型: kimi-k2.5
    [kimi-k2.5] 决策: create | 选笑话编号: None

  质量组: low (4个候选笑话)
    评估模型: qwen3-max
    [qwen3-max] 决策: create | 选笑话编号: None
    评估模型: deepseek-v3.2
    [deepseek-v3.2] 决策: select | 选笑话编号: 1
    评估模型: kimi-k2.5
    [kimi-k2.5] 决策: create | 选笑话编号: None

  Item完成: 耗时53.9s | 总耗时274.8min
  速率限制器状态: 可用令牌=48.0/48
  已保存中间结果 (290 条)

============================================================
处理 zh_0391... (291/1174)

  质量组: high (4个候选笑话)
    评估模型: qwen3-max
    [qwen3-max] 决策: select | 选笑话编号: 2
    评估模型: deepseek-v3.2
    [deepseek-v3.2] 决策: select | 选笑话编号: 2
    评估模型: kimi-k2.5
    [kimi-k2.5] 决策: create | 选笑话编号: None

  质量组: medium (4个候选笑话)
    评估模型: qwen3-max
    [qwen3-max] 决策: select | 选笑话编号: 4
    评估模型: deepseek-v3.2
    [deepseek-v3.2] 决策: select | 选笑话编号: 1
    评估模型: kimi-k2.5
    [kimi-k2.5] 决策: create | 选笑话编号: None

  质量组: low (4个候选笑话)
    评估模型: qwen3-max
    [qwen3-max] 决策: create | 选笑话编号: None
    评估模型: deepseek-v3.2
    [deepseek-v3.2] 决策: create | 选笑话编号: None
    评估模型: kimi-k2.5
    [kimi-k2.5] 决策: create | 选笑话编号: None

  Item完成: 耗时58.7s | 总耗时275.8min
  速率限制器状态: 可用令牌=48.0/48
  已保存中间结果 (291 条)

============================================================
处理 zh_0392... (292/1174)

  质量组: high (4个候选笑话)
    评估模型: qwen3-max
    [qwen3-max] 决策: select | 选笑话编号: 2
    评估模型: deepseek-v3.2
    [deepseek-v3.2] 决策: select | 选笑话编号: 2
    评估模型: kimi-k2.5
    [kimi-k2.5] 决策: create | 选笑话编号: None

  质量组: medium (4个候选笑话)
    评估模型: qwen3-max
    [qwen3-max] 决策: select | 选笑话编号: 2
    评估模型: deepseek-v3.2
    [deepseek-v3.2] 决策: select | 选笑话编号: 4
    评估模型: kimi-k2.5
    [kimi-k2.5] 决策: create | 选笑话编号: None

  质量组: low (4个候选笑话)
    评估模型: qwen3-max
    [qwen3-max] 决策: create | 选笑话编号: None
    评估模型: deepseek-v3.2
    [deepseek-v3.2] 决策: create | 选笑话编号: None
    评估模型: kimi-k2.5
    [kimi-k2.5] 决策: create | 选笑话编号: None

  Item完成: 耗时52.9s | 总耗时276.7min
  速率限制器状态: 可用令牌=48.0/48
  已保存中间结果 (292 条)

============================================================
处理 zh_0393... (293/1174)

  质量组: high (4个候选笑话)
    评估模型: qwen3-max
    [qwen3-max] 决策: select | 选笑话编号: 3
    评估模型: deepseek-v3.2
    [deepseek-v3.2] 决策: select | 选笑话编号: 3
    评估模型: kimi-k2.5
    [kimi-k2.5] 决策: create | 选笑话编号: None

  质量组: medium (4个候选笑话)
    评估模型: qwen3-max
    [qwen3-max] 决策: select | 选笑话编号: 3
    评估模型: deepseek-v3.2
    [deepseek-v3.2] 决策: select | 选笑话编号: 3
    评估模型: kimi-k2.5
    [kimi-k2.5] 决策: create | 选笑话编号: None

  质量组: low (4个候选笑话)
    评估模型: qwen3-max
    [qwen3-max] 决策: create | 选笑话编号: None
    评估模型: deepseek-v3.2
    [deepseek-v3.2] 决策: select | 选笑话编号: 3
    评估模型: kimi-k2.5
    [kimi-k2.5] 决策: create | 选笑话编号: None

  Item完成: 耗时53.3s | 总耗时277.6min
  速率限制器状态: 可用令牌=48.0/48
  已保存中间结果 (293 条)

============================================================
处理 zh_0394... (294/1174)

  质量组: high (4个候选笑话)
    评估模型: qwen3-max
    [qwen3-max] 决策: select | 选笑话编号: 2
    评估模型: deepseek-v3.2
    [deepseek-v3.2] 决策: select | 选笑话编号: 2
    评估模型: kimi-k2.5
    [kimi-k2.5] 决策: create | 选笑话编号: None

  质量组: medium (4个候选笑话)
    评估模型: qwen3-max
    [qwen3-max] 决策: select | 选笑话编号: 4
    评估模型: deepseek-v3.2
    [deepseek-v3.2] 决策: select | 选笑话编号: 4
    评估模型: kimi-k2.5
    [kimi-k2.5] 决策: create | 选笑话编号: None

  质量组: low (4个候选笑话)
    评估模型: qwen3-max
    [qwen3-max] 决策: create | 选笑话编号: None
    评估模型: deepseek-v3.2
    [deepseek-v3.2] 决策: select | 选笑话编号: 1
    评估模型: kimi-k2.5
    [kimi-k2.5] 决策: create | 选笑话编号: None

  Item完成: 耗时59.5s | 总耗时278.6min
  速率限制器状态: 可用令牌=48.0/48
  已保存中间结果 (294 条)

============================================================
处理 zh_0395... (295/1174)

  质量组: high (4个候选笑话)
    评估模型: qwen3-max
    [qwen3-max] 决策: select | 选笑话编号: 2
    评估模型: deepseek-v3.2
    [deepseek-v3.2] 决策: select | 选笑话编号: 4
    评估模型: kimi-k2.5
    [kimi-k2.5] 决策: create | 选笑话编号: None

  质量组: medium (4个候选笑话)
    评估模型: qwen3-max
    [qwen3-max] 决策: select | 选笑话编号: 2
    评估模型: deepseek-v3.2
    [deepseek-v3.2] 决策: select | 选笑话编号: 1
    评估模型: kimi-k2.5
    [kimi-k2.5] 决策: create | 选笑话编号: None

  质量组: low (4个候选笑话)
    评估模型: qwen3-max
    [qwen3-max] 决策: create | 选笑话编号: None
    评估模型: deepseek-v3.2
    [deepseek-v3.2] 决策: select | 选笑话编号: 1
    评估模型: kimi-k2.5
    [kimi-k2.5] 决策: create | 选笑话编号: None

  Item完成: 耗时63.1s | 总耗时279.6min
  速率限制器状态: 可用令牌=48.0/48
  已保存中间结果 (295 条)

============================================================
处理 zh_0396... (296/1174)

  质量组: high (4个候选笑话)
    评估模型: qwen3-max
    [qwen3-max] 决策: select | 选笑话编号: 2
    评估模型: deepseek-v3.2
    [deepseek-v3.2] 决策: select | 选笑话编号: 2
    评估模型: kimi-k2.5
    [kimi-k2.5] 决策: select | 选笑话编号: 2

  质量组: medium (4个候选笑话)
    评估模型: qwen3-max
    [qwen3-max] 决策: select | 选笑话编号: 2
    评估模型: deepseek-v3.2
    [deepseek-v3.2] 决策: select | 选笑话编号: 4
    评估模型: kimi-k2.5
    [kimi-k2.5] 决策: create | 选笑话编号: None

  质量组: low (4个候选笑话)
    评估模型: qwen3-max
    [qwen3-max] 决策: create | 选笑话编号: None
    评估模型: deepseek-v3.2
    [deepseek-v3.2] 决策: select | 选笑话编号: 4
    评估模型: kimi-k2.5
    [API] JSON解析失败: JSON解析失败: Expecting ',' delimiter: line 4 column 100 (char 157), model=kimi-k2.5
    [kimi-k2.5] 决策:  | 选笑话编号: ?

  Item完成: 耗时52.1s | 总耗时280.5min
  速率限制器状态: 可用令牌=48.0/48
  已保存中间结果 (296 条)

============================================================
处理 zh_0397... (297/1174)

  质量组: high (4个候选笑话)
    评估模型: qwen3-max
    [qwen3-max] 决策: select | 选笑话编号: 2
    评估模型: deepseek-v3.2
    [deepseek-v3.2] 决策: select | 选笑话编号: 2
    评估模型: kimi-k2.5
    [kimi-k2.5] 决策: create | 选笑话编号: None

  质量组: medium (4个候选笑话)
    评估模型: qwen3-max
    [qwen3-max] 决策: select | 选笑话编号: 4
    评估模型: deepseek-v3.2
    [deepseek-v3.2] 决策: select | 选笑话编号: 1
    评估模型: kimi-k2.5
    [kimi-k2.5] 决策: create | 选笑话编号: None

  质量组: low (4个候选笑话)
    评估模型: qwen3-max
    [qwen3-max] 决策: create | 选笑话编号: None
    评估模型: deepseek-v3.2
    [deepseek-v3.2] 决策: select | 选笑话编号: 1
    评估模型: kimi-k2.5
    [kimi-k2.5] 决策: create | 选笑话编号: None

  Item完成: 耗时57.6s | 总耗时281.5min
  速率限制器状态: 可用令牌=48.0/48
  已保存中间结果 (297 条)

============================================================
处理 zh_0398... (298/1174)

  质量组: high (4个候选笑话)
    评估模型: qwen3-max
    [qwen3-max] 决策: select | 选笑话编号: 3
    评估模型: deepseek-v3.2
    [deepseek-v3.2] 决策: select | 选笑话编号: 2
    评估模型: kimi-k2.5
    [kimi-k2.5] 决策: select | 选笑话编号: 2

  质量组: medium (4个候选笑话)
    评估模型: qwen3-max
    [qwen3-max] 决策: select | 选笑话编号: 2
    评估模型: deepseek-v3.2
    [deepseek-v3.2] 决策: select | 选笑话编号: 1
    评估模型: kimi-k2.5
    [kimi-k2.5] 决策: create | 选笑话编号: None

  质量组: low (4个候选笑话)
    评估模型: qwen3-max
    [qwen3-max] 决策: select | 选笑话编号: 4
    评估模型: deepseek-v3.2
    [deepseek-v3.2] 决策: select | 选笑话编号: 2
    评估模型: kimi-k2.5
    [kimi-k2.5] 决策: select | 选笑话编号: 4

  Item完成: 耗时58.5s | 总耗时282.4min
  速率限制器状态: 可用令牌=48.0/48
  已保存中间结果 (298 条)

============================================================
处理 zh_0399... (299/1174)

  质量组: high (4个候选笑话)
    评估模型: qwen3-max
    [qwen3-max] 决策: select | 选笑话编号: 2
    评估模型: deepseek-v3.2
    [deepseek-v3.2] 决策: select | 选笑话编号: 2
    评估模型: kimi-k2.5
    [API] JSON解析失败: JSON解析失败: Expecting ',' delimiter: line 4 column 36 (char 93), model=kimi-k2.5
    [kimi-k2.5] 决策:  | 选笑话编号: ?

  质量组: medium (4个候选笑话)
    评估模型: qwen3-max
    [qwen3-max] 决策: select | 选笑话编号: 2
    评估模型: deepseek-v3.2
    [deepseek-v3.2] 决策: select | 选笑话编号: 2
    评估模型: kimi-k2.5
    [kimi-k2.5] 决策: create | 选笑话编号: None

  质量组: low (4个候选笑话)
    评估模型: qwen3-max
    [qwen3-max] 决策: create | 选笑话编号: None
    评估模型: deepseek-v3.2
    [deepseek-v3.2] 决策: select | 选笑话编号: 2
    评估模型: kimi-k2.5
    [kimi-k2.5] 决策: create | 选笑话编号: None

  Item完成: 耗时53.0s | 总耗时283.3min
  速率限制器状态: 可用令牌=48.0/48
  已保存中间结果 (299 条)

============================================================
处理 zh_0400... (300/1174)

  质量组: high (4个候选笑话)
    评估模型: qwen3-max
    [qwen3-max] 决策: select | 选笑话编号: 2
    评估模型: deepseek-v3.2
    [deepseek-v3.2] 决策: select | 选笑话编号: 1
    评估模型: kimi-k2.5
    [kimi-k2.5] 决策: create | 选笑话编号: None

  质量组: medium (4个候选笑话)
    评估模型: qwen3-max
    [qwen3-max] 决策: select | 选笑话编号: 1
    评估模型: deepseek-v3.2
    [deepseek-v3.2] 决策: select | 选笑话编号: 1
    评估模型: kimi-k2.5
    [kimi-k2.5] 决策: create | 选笑话编号: None

  质量组: low (4个候选笑话)
    评估模型: qwen3-max
    [qwen3-max] 决策: create | 选笑话编号: None
    评估模型: deepseek-v3.2
    [deepseek-v3.2] 决策: create | 选笑话编号: None
    评估模型: kimi-k2.5
    [kimi-k2.5] 决策: create | 选笑话编号: None

  Item完成: 耗时59.7s | 总耗时284.3min
  速率限制器状态: 可用令牌=48.0/48
  已保存中间结果 (300 条)

============================================================
处理 zh_0401... (301/1174)

  质量组: high (4个候选笑话)
    评估模型: qwen3-max
    [qwen3-max] 决策: select | 选笑话编号: 1
    评估模型: deepseek-v3.2
    [deepseek-v3.2] 决策: select | 选笑话编号: 1
    评估模型: kimi-k2.5
    [kimi-k2.5] 决策: create | 选笑话编号: None

  质量组: medium (4个候选笑话)
    评估模型: qwen3-max
    [qwen3-max] 决策: select | 选笑话编号: 1
    评估模型: deepseek-v3.2
    [deepseek-v3.2] 决策: select | 选笑话编号: 1
    评估模型: kimi-k2.5
    [API] JSON解析失败: JSON解析失败: Expecting ',' delimiter: line 5 column 30 (char 211), model=kimi-k2.5
    [kimi-k2.5] 决策:  | 选笑话编号: ?

  质量组: low (4个候选笑话)
    评估模型: qwen3-max
    [qwen3-max] 决策: create | 选笑话编号: None
    评估模型: deepseek-v3.2
    [deepseek-v3.2] 决策: create | 选笑话编号: None
    评估模型: kimi-k2.5
    [kimi-k2.5] 决策: create | 选笑话编号: None

  Item完成: 耗时53.2s | 总耗时285.2min
  速率限制器状态: 可用令牌=48.0/48
  已保存中间结果 (301 条)

============================================================
处理 zh_0402... (302/1174)

  质量组: high (4个候选笑话)
    评估模型: qwen3-max
    [qwen3-max] 决策: select | 选笑话编号: 2
    评估模型: deepseek-v3.2
    [deepseek-v3.2] 决策: select | 选笑话编号: 2
    评估模型: kimi-k2.5
    [kimi-k2.5] 决策: create | 选笑话编号: None

  质量组: medium (4个候选笑话)
    评估模型: qwen3-max
    [qwen3-max] 决策: select | 选笑话编号: 1
    评估模型: deepseek-v3.2
    [deepseek-v3.2] 决策: select | 选笑话编号: 4
    评估模型: kimi-k2.5
    [kimi-k2.5] 决策: create | 选笑话编号: None

  质量组: low (4个候选笑话)
    评估模型: qwen3-max
    [qwen3-max] 决策: create | 选笑话编号: None
    评估模型: deepseek-v3.2
    [deepseek-v3.2] 决策: select | 选笑话编号: 1
    评估模型: kimi-k2.5
    [kimi-k2.5] 决策: create | 选笑话编号: None

  Item完成: 耗时59.4s | 总耗时286.2min
  速率限制器状态: 可用令牌=48.0/48
  已保存中间结果 (302 条)

============================================================
处理 zh_0403... (303/1174)

  质量组: high (4个候选笑话)
    评估模型: qwen3-max
    [qwen3-max] 决策: select | 选笑话编号: 2
    评估模型: deepseek-v3.2
    [deepseek-v3.2] 决策: select | 选笑话编号: 2
    评估模型: kimi-k2.5
    [API] JSON解析失败: JSON解析失败: Expecting ',' delimiter: line 4 column 45 (char 102), model=kimi-k2.5
    [kimi-k2.5] 决策:  | 选笑话编号: ?

  质量组: medium (4个候选笑话)
    评估模型: qwen3-max
    [qwen3-max] 决策: select | 选笑话编号: 4
    评估模型: deepseek-v3.2
    [deepseek-v3.2] 决策: select | 选笑话编号: 4
    评估模型: kimi-k2.5
    [kimi-k2.5] 决策: create | 选笑话编号: None

  质量组: low (4个候选笑话)
    评估模型: qwen3-max
    [qwen3-max] 决策: select | 选笑话编号: 4
    评估模型: deepseek-v3.2
    [deepseek-v3.2] 决策: select | 选笑话编号: 4
    评估模型: kimi-k2.5
    [kimi-k2.5] 决策: create | 选笑话编号: None

  Item完成: 耗时58.1s | 总耗时287.2min
  速率限制器状态: 可用令牌=48.0/48
  已保存中间结果 (303 条)

============================================================
处理 zh_0404... (304/1174)

  质量组: high (4个候选笑话)
    评估模型: qwen3-max
    [qwen3-max] 决策: select | 选笑话编号: 2
    评估模型: deepseek-v3.2
    [deepseek-v3.2] 决策: select | 选笑话编号: 1
    评估模型: kimi-k2.5
    [kimi-k2.5] 决策: create | 选笑话编号: None

  质量组: medium (4个候选笑话)
    评估模型: qwen3-max
    [qwen3-max] 决策: select | 选笑话编号: 4
    评估模型: deepseek-v3.2
    [deepseek-v3.2] 决策: select | 选笑话编号: 4
    评估模型: kimi-k2.5
    [kimi-k2.5] 决策: create | 选笑话编号: None

  质量组: low (4个候选笑话)
    评估模型: qwen3-max
    [qwen3-max] 决策: select | 选笑话编号: 1
    评估模型: deepseek-v3.2
    [deepseek-v3.2] 决策: create | 选笑话编号: None
    评估模型: kimi-k2.5
    [kimi-k2.5] 决策: create | 选笑话编号: None

  Item完成: 耗时62.5s | 总耗时288.2min
  速率限制器状态: 可用令牌=48.0/48
  已保存中间结果 (304 条)

============================================================
处理 zh_0405... (305/1174)

  质量组: high (4个候选笑话)
    评估模型: qwen3-max
    [qwen3-max] 决策: create | 选笑话编号: None
    评估模型: deepseek-v3.2
    [deepseek-v3.2] 决策: select | 选笑话编号: 2
    评估模型: kimi-k2.5
    [kimi-k2.5] 决策: create | 选笑话编号: None

  质量组: medium (4个候选笑话)
    评估模型: qwen3-max
    [qwen3-max] 决策: create | 选笑话编号: None
    评估模型: deepseek-v3.2
    [deepseek-v3.2] 决策: select | 选笑话编号: 4
    评估模型: kimi-k2.5
    [kimi-k2.5] 决策: create | 选笑话编号: None

  质量组: low (4个候选笑话)
    评估模型: qwen3-max
    [qwen3-max] 决策: create | 选笑话编号: None
    评估模型: deepseek-v3.2
    [deepseek-v3.2] 决策: create | 选笑话编号: None
    评估模型: kimi-k2.5
    [kimi-k2.5] 决策: create | 选笑话编号: None

  Item完成: 耗时56.9s | 总耗时289.2min
  速率限制器状态: 可用令牌=48.0/48
  已保存中间结果 (305 条)

============================================================
处理 zh_0406... (306/1174)

  质量组: high (4个候选笑话)
    评估模型: qwen3-max
    [qwen3-max] 决策: select | 选笑话编号: 2
    评估模型: deepseek-v3.2
    [deepseek-v3.2] 决策: select | 选笑话编号: 2
    评估模型: kimi-k2.5
    [kimi-k2.5] 决策: select | 选笑话编号: 2

  质量组: medium (4个候选笑话)
    评估模型: qwen3-max
    [qwen3-max] 决策: select | 选笑话编号: 2
    评估模型: deepseek-v3.2
    [deepseek-v3.2] 决策: select | 选笑话编号: 1
    评估模型: kimi-k2.5
    [kimi-k2.5] 决策: create | 选笑话编号: None

  质量组: low (4个候选笑话)
    评估模型: qwen3-max
    [qwen3-max] 决策: select | 选笑话编号: 1
    评估模型: deepseek-v3.2
    [deepseek-v3.2] 决策: select | 选笑话编号: 1
    评估模型: kimi-k2.5
    [kimi-k2.5] 决策: create | 选笑话编号: None

  Item完成: 耗时62.9s | 总耗时290.2min
  速率限制器状态: 可用令牌=48.0/48
  已保存中间结果 (306 条)

============================================================
处理 zh_0407... (307/1174)

  质量组: high (4个候选笑话)
    评估模型: qwen3-max
    [qwen3-max] 决策: select | 选笑话编号: 2
    评估模型: deepseek-v3.2
    [deepseek-v3.2] 决策: select | 选笑话编号: 4
    评估模型: kimi-k2.5
    [kimi-k2.5] 决策: create | 选笑话编号: None

  质量组: medium (4个候选笑话)
    评估模型: qwen3-max
    [qwen3-max] 决策: select | 选笑话编号: 4
    评估模型: deepseek-v3.2
    [deepseek-v3.2] 决策: select | 选笑话编号: 4
    评估模型: kimi-k2.5
    [API] JSON解析失败: JSON解析失败: Expecting ',' delimiter: line 4 column 37 (char 94), model=kimi-k2.5
    [kimi-k2.5] 决策:  | 选笑话编号: ?

  质量组: low (4个候选笑话)
    评估模型: qwen3-max
    [qwen3-max] 决策: create | 选笑话编号: None
    评估模型: deepseek-v3.2
    [deepseek-v3.2] 决策: select | 选笑话编号: 1
    评估模型: kimi-k2.5
    [kimi-k2.5] 决策: create | 选笑话编号: None

  Item完成: 耗时54.6s | 总耗时291.1min
  速率限制器状态: 可用令牌=48.0/48
  已保存中间结果 (307 条)

============================================================
处理 zh_0408... (308/1174)

  质量组: high (4个候选笑话)
    评估模型: qwen3-max
    [qwen3-max] 决策: create | 选笑话编号: None
    评估模型: deepseek-v3.2
    [deepseek-v3.2] 决策: select | 选笑话编号: 2
    评估模型: kimi-k2.5
    [kimi-k2.5] 决策: create | 选笑话编号: None

  质量组: medium (4个候选笑话)
    评估模型: qwen3-max
    [qwen3-max] 决策: create | 选笑话编号: None
    评估模型: deepseek-v3.2
    [deepseek-v3.2] 决策: select | 选笑话编号: 2
    评估模型: kimi-k2.5
    [kimi-k2.5] 决策: create | 选笑话编号: None

  质量组: low (4个候选笑话)
    评估模型: qwen3-max
    [qwen3-max] 决策: create | 选笑话编号: None
    评估模型: deepseek-v3.2
    [deepseek-v3.2] 决策: select | 选笑话编号: 4
    评估模型: kimi-k2.5
    [kimi-k2.5] 决策: create | 选笑话编号: None

  Item完成: 耗时62.1s | 总耗时292.2min
  速率限制器状态: 可用令牌=48.0/48
  已保存中间结果 (308 条)

============================================================
处理 zh_0409... (309/1174)

  质量组: high (4个候选笑话)
    评估模型: qwen3-max
    [qwen3-max] 决策: select | 选笑话编号: 2
    评估模型: deepseek-v3.2
    [deepseek-v3.2] 决策: create | 选笑话编号: None
    评估模型: kimi-k2.5
    [API] 可重试错误 (状态码=500), 等待1.8s后重试 (1/5), model=kimi-k2.5
    [kimi-k2.5] 决策: create | 选笑话编号: None

  质量组: medium (4个候选笑话)
    评估模型: qwen3-max
    [qwen3-max] 决策: select | 选笑话编号: 1
    评估模型: deepseek-v3.2
    [deepseek-v3.2] 决策: select | 选笑话编号: 4
    评估模型: kimi-k2.5
    [kimi-k2.5] 决策: create | 选笑话编号: None

  质量组: low (4个候选笑话)
    评估模型: qwen3-max
    [qwen3-max] 决策: create | 选笑话编号: None
    评估模型: deepseek-v3.2
    [deepseek-v3.2] 决策: create | 选笑话编号: None
    评估模型: kimi-k2.5
    [kimi-k2.5] 决策: create | 选笑话编号: None

  Item完成: 耗时56.8s | 总耗时293.1min
  速率限制器状态: 可用令牌=48.0/48
  已保存中间结果 (309 条)

============================================================
处理 zh_0410... (310/1174)

  质量组: high (4个候选笑话)
    评估模型: qwen3-max
    [qwen3-max] 决策: select | 选笑话编号: 2
    评估模型: deepseek-v3.2
    [deepseek-v3.2] 决策: select | 选笑话编号: 2
    评估模型: kimi-k2.5
    [kimi-k2.5] 决策: create | 选笑话编号: None

  质量组: medium (4个候选笑话)
    评估模型: qwen3-max
    [qwen3-max] 决策: create | 选笑话编号: None
    评估模型: deepseek-v3.2
    [deepseek-v3.2] 决策: select | 选笑话编号: 4
    评估模型: kimi-k2.5
    [kimi-k2.5] 决策: create | 选笑话编号: None

  质量组: low (4个候选笑话)
    评估模型: qwen3-max
    [qwen3-max] 决策: create | 选笑话编号: None
    评估模型: deepseek-v3.2
    [deepseek-v3.2] 决策: create | 选笑话编号: None
    评估模型: kimi-k2.5
    [kimi-k2.5] 决策: create | 选笑话编号: None

  Item完成: 耗时69.9s | 总耗时294.3min
  速率限制器状态: 可用令牌=48.0/48
  已保存中间结果 (310 条)

============================================================
处理 zh_0411... (311/1174)

  质量组: high (4个候选笑话)
    评估模型: qwen3-max
    [qwen3-max] 决策: select | 选笑话编号: 1
    评估模型: deepseek-v3.2
    [deepseek-v3.2] 决策: select | 选笑话编号: 1
    评估模型: kimi-k2.5
    [kimi-k2.5] 决策: create | 选笑话编号: None

  质量组: medium (4个候选笑话)
    评估模型: qwen3-max
    [qwen3-max] 决策: select | 选笑话编号: 1
    评估模型: deepseek-v3.2
    [deepseek-v3.2] 决策: select | 选笑话编号: 4
    评估模型: kimi-k2.5
    [kimi-k2.5] 决策: create | 选笑话编号: None

  质量组: low (4个候选笑话)
    评估模型: qwen3-max
    [qwen3-max] 决策: create | 选笑话编号: None
    评估模型: deepseek-v3.2
    [deepseek-v3.2] 决策: select | 选笑话编号: 1
    评估模型: kimi-k2.5
    [kimi-k2.5] 决策: create | 选笑话编号: None

  Item完成: 耗时61.2s | 总耗时295.3min
  速率限制器状态: 可用令牌=48.0/48
  已保存中间结果 (311 条)

============================================================
处理 zh_0412... (312/1174)

  质量组: high (4个候选笑话)
    评估模型: qwen3-max
    [qwen3-max] 决策: select | 选笑话编号: 2
    评估模型: deepseek-v3.2
    [deepseek-v3.2] 决策: select | 选笑话编号: 2
    评估模型: kimi-k2.5
    [API] JSON解析失败: JSON解析失败: Expecting ',' delimiter: line 5 column 28 (char 203), model=kimi-k2.5
    [kimi-k2.5] 决策:  | 选笑话编号: ?

  质量组: medium (4个候选笑话)
    评估模型: qwen3-max
    [qwen3-max] 决策: select | 选笑话编号: 4
    评估模型: deepseek-v3.2
    [deepseek-v3.2] 决策: select | 选笑话编号: 4
    评估模型: kimi-k2.5
    [kimi-k2.5] 决策: create | 选笑话编号: None

  质量组: low (4个候选笑话)
    评估模型: qwen3-max
    [qwen3-max] 决策: select | 选笑话编号: 1
    评估模型: deepseek-v3.2
    [deepseek-v3.2] 决策: select | 选笑话编号: 4
    评估模型: kimi-k2.5
    [kimi-k2.5] 决策: create | 选笑话编号: None

  Item完成: 耗时53.6s | 总耗时296.2min
  速率限制器状态: 可用令牌=48.0/48
  已保存中间结果 (312 条)

============================================================
处理 zh_0413... (313/1174)

  质量组: high (4个候选笑话)
    评估模型: qwen3-max
    [qwen3-max] 决策: select | 选笑话编号: 2
    评估模型: deepseek-v3.2
    [deepseek-v3.2] 决策: select | 选笑话编号: 4
    评估模型: kimi-k2.5
    [kimi-k2.5] 决策: create | 选笑话编号: None

  质量组: medium (4个候选笑话)
    评估模型: qwen3-max
    [qwen3-max] 决策: select | 选笑话编号: 1
    评估模型: deepseek-v3.2
    [deepseek-v3.2] 决策: select | 选笑话编号: 1
    评估模型: kimi-k2.5
    [kimi-k2.5] 决策: create | 选笑话编号: None

  质量组: low (4个候选笑话)
    评估模型: qwen3-max
    [qwen3-max] 决策: select | 选笑话编号: 1
    评估模型: deepseek-v3.2
    [deepseek-v3.2] 决策: select | 选笑话编号: 1
    评估模型: kimi-k2.5
    [kimi-k2.5] 决策: create | 选笑话编号: None

  Item完成: 耗时67.3s | 总耗时297.3min
  速率限制器状态: 可用令牌=48.0/48
  已保存中间结果 (313 条)

============================================================
处理 zh_0414... (314/1174)

  质量组: high (4个候选笑话)
    评估模型: qwen3-max
    [qwen3-max] 决策: select | 选笑话编号: 2
    评估模型: deepseek-v3.2
    [deepseek-v3.2] 决策: select | 选笑话编号: 3
    评估模型: kimi-k2.5
    [kimi-k2.5] 决策: create | 选笑话编号: None

  质量组: medium (4个候选笑话)
    评估模型: qwen3-max
    [qwen3-max] 决策: create | 选笑话编号: None
    评估模型: deepseek-v3.2
    [deepseek-v3.2] 决策: select | 选笑话编号: 1
    评估模型: kimi-k2.5
    [kimi-k2.5] 决策: create | 选笑话编号: None

  质量组: low (4个候选笑话)
    评估模型: qwen3-max
    [qwen3-max] 决策: create | 选笑话编号: None
    评估模型: deepseek-v3.2
    [deepseek-v3.2] 决策: select | 选笑话编号: 1
    评估模型: kimi-k2.5
    [kimi-k2.5] 决策: create | 选笑话编号: None

  Item完成: 耗时59.2s | 总耗时298.3min
  速率限制器状态: 可用令牌=48.0/48
  已保存中间结果 (314 条)

============================================================
处理 zh_0415... (315/1174)

  质量组: high (4个候选笑话)
    评估模型: qwen3-max
    [qwen3-max] 决策: select | 选笑话编号: 2
    评估模型: deepseek-v3.2
    [deepseek-v3.2] 决策: select | 选笑话编号: 2
    评估模型: kimi-k2.5
    [kimi-k2.5] 决策: create | 选笑话编号: None

  质量组: medium (4个候选笑话)
    评估模型: qwen3-max
    [qwen3-max] 决策: select | 选笑话编号: 4
    评估模型: deepseek-v3.2
    [deepseek-v3.2] 决策: select | 选笑话编号: 4
    评估模型: kimi-k2.5
    [API] JSON解析失败: JSON解析失败: Expecting ',' delimiter: line 4 column 32 (char 89), model=kimi-k2.5
    [kimi-k2.5] 决策:  | 选笑话编号: ?

  质量组: low (4个候选笑话)
    评估模型: qwen3-max
    [qwen3-max] 决策: select | 选笑话编号: 4
    评估模型: deepseek-v3.2
    [deepseek-v3.2] 决策: select | 选笑话编号: 4
    评估模型: kimi-k2.5
    [kimi-k2.5] 决策: create | 选笑话编号: None

  Item完成: 耗时49.8s | 总耗时299.1min
  速率限制器状态: 可用令牌=48.0/48
  已保存中间结果 (315 条)

============================================================
处理 zh_0416... (316/1174)

  质量组: high (4个候选笑话)
    评估模型: qwen3-max
    [qwen3-max] 决策: select | 选笑话编号: 2
    评估模型: deepseek-v3.2
    [deepseek-v3.2] 决策: select | 选笑话编号: 3
    评估模型: kimi-k2.5
    [kimi-k2.5] 决策: select | 选笑话编号: 3

  质量组: medium (4个候选笑话)
    评估模型: qwen3-max
    [qwen3-max] 决策: select | 选笑话编号: 2
    评估模型: deepseek-v3.2
    [deepseek-v3.2] 决策: select | 选笑话编号: 2
    评估模型: kimi-k2.5
    [kimi-k2.5] 决策: create | 选笑话编号: None

  质量组: low (4个候选笑话)
    评估模型: qwen3-max
    [qwen3-max] 决策: create | 选笑话编号: None
    评估模型: deepseek-v3.2
    [deepseek-v3.2] 决策: create | 选笑话编号: None
    评估模型: kimi-k2.5
    [kimi-k2.5] 决策: create | 选笑话编号: None

  Item完成: 耗时62.7s | 总耗时300.2min
  速率限制器状态: 可用令牌=48.0/48
  已保存中间结果 (316 条)

============================================================
处理 zh_0417... (317/1174)

  质量组: high (4个候选笑话)
    评估模型: qwen3-max
    [qwen3-max] 决策: select | 选笑话编号: 3
    评估模型: deepseek-v3.2
    [deepseek-v3.2] 决策: select | 选笑话编号: 3
    评估模型: kimi-k2.5
    [API] JSON解析失败: JSON解析失败: Expecting ',' delimiter: line 4 column 36 (char 93), model=kimi-k2.5
    [kimi-k2.5] 决策:  | 选笑话编号: ?

  质量组: medium (4个候选笑话)
    评估模型: qwen3-max
    [qwen3-max] 决策: select | 选笑话编号: 2
    评估模型: deepseek-v3.2
    [deepseek-v3.2] 决策: select | 选笑话编号: 1
    评估模型: kimi-k2.5
    [kimi-k2.5] 决策: create | 选笑话编号: None

  质量组: low (4个候选笑话)
    评估模型: qwen3-max
    [qwen3-max] 决策: create | 选笑话编号: None
    评估模型: deepseek-v3.2
    [deepseek-v3.2] 决策: select | 选笑话编号: 1
    评估模型: kimi-k2.5
    [kimi-k2.5] 决策: create | 选笑话编号: None

  Item完成: 耗时60.8s | 总耗时301.2min
  速率限制器状态: 可用令牌=48.0/48
  已保存中间结果 (317 条)

============================================================
处理 zh_0418... (318/1174)

  质量组: high (4个候选笑话)
    评估模型: qwen3-max
    [qwen3-max] 决策: select | 选笑话编号: 2
    评估模型: deepseek-v3.2
    [deepseek-v3.2] 决策: select | 选笑话编号: 1
    评估模型: kimi-k2.5
    [kimi-k2.5] 决策: select | 选笑话编号: 2

  质量组: medium (4个候选笑话)
    评估模型: qwen3-max
    [qwen3-max] 决策: select | 选笑话编号: 2
    评估模型: deepseek-v3.2
    [deepseek-v3.2] 决策: select | 选笑话编号: 2
    评估模型: kimi-k2.5
    [kimi-k2.5] 决策: create | 选笑话编号: None

  质量组: low (4个候选笑话)
    评估模型: qwen3-max
    [qwen3-max] 决策: select | 选笑话编号: 1
    评估模型: deepseek-v3.2
    [deepseek-v3.2] 决策: create | 选笑话编号: None
    评估模型: kimi-k2.5
    [kimi-k2.5] 决策: create | 选笑话编号: None

  Item完成: 耗时60.1s | 总耗时302.2min
  速率限制器状态: 可用令牌=48.0/48
  已保存中间结果 (318 条)

============================================================
处理 zh_0419... (319/1174)

  质量组: high (4个候选笑话)
    评估模型: qwen3-max
    [qwen3-max] 决策: select | 选笑话编号: 2
    评估模型: deepseek-v3.2
    [deepseek-v3.2] 决策: select | 选笑话编号: 4
    评估模型: kimi-k2.5
    [kimi-k2.5] 决策: create | 选笑话编号: None

  质量组: medium (4个候选笑话)
    评估模型: qwen3-max
    [qwen3-max] 决策: select | 选笑话编号: 4
    评估模型: deepseek-v3.2
    [deepseek-v3.2] 决策: select | 选笑话编号: 1
    评估模型: kimi-k2.5
    [kimi-k2.5] 决策: create | 选笑话编号: None

  质量组: low (4个候选笑话)
    评估模型: qwen3-max
    [qwen3-max] 决策: create | 选笑话编号: None
    评估模型: deepseek-v3.2
    [deepseek-v3.2] 决策: select | 选笑话编号: 4
    评估模型: kimi-k2.5
    [API] JSON解析失败: JSON解析失败: Expecting ',' delimiter: line 4 column 100 (char 157), model=kimi-k2.5
    [kimi-k2.5] 决策:  | 选笑话编号: ?

  Item完成: 耗时53.8s | 总耗时303.1min
  速率限制器状态: 可用令牌=48.0/48
  已保存中间结果 (319 条)

============================================================
处理 zh_0420... (320/1174)

  质量组: high (4个候选笑话)
    评估模型: qwen3-max
    [qwen3-max] 决策: select | 选笑话编号: 2
    评估模型: deepseek-v3.2
    [deepseek-v3.2] 决策: select | 选笑话编号: 2
    评估模型: kimi-k2.5
    [kimi-k2.5] 决策: create | 选笑话编号: None

  质量组: medium (4个候选笑话)
    评估模型: qwen3-max
    [qwen3-max] 决策: select | 选笑话编号: 1
    评估模型: deepseek-v3.2
    [API] JSON解析失败: JSON解析失败: Invalid control character at: line 5 column 176 (char 331), model=deepseek-v3.2
    [deepseek-v3.2] 决策:  | 选笑话编号: ?
    评估模型: kimi-k2.5
    [kimi-k2.5] 决策: create | 选笑话编号: None

  质量组: low (4个候选笑话)
    评估模型: qwen3-max
    [qwen3-max] 决策: create | 选笑话编号: None
    评估模型: deepseek-v3.2
    [deepseek-v3.2] 决策: select | 选笑话编号: 2
    评估模型: kimi-k2.5
    [kimi-k2.5] 决策: create | 选笑话编号: None

  Item完成: 耗时65.9s | 总耗时304.2min
  速率限制器状态: 可用令牌=48.0/48
  已保存中间结果 (320 条)

============================================================
处理 zh_0421... (321/1174)

  质量组: high (4个候选笑话)
    评估模型: qwen3-max
    [qwen3-max] 决策: select | 选笑话编号: 2
    评估模型: deepseek-v3.2
    [deepseek-v3.2] 决策: select | 选笑话编号: 1
    评估模型: kimi-k2.5
    [kimi-k2.5] 决策: select | 选笑话编号: 2

  质量组: medium (4个候选笑话)
    评估模型: qwen3-max
    [qwen3-max] 决策: select | 选笑话编号: 1
    评估模型: deepseek-v3.2
    [deepseek-v3.2] 决策: select | 选笑话编号: 1
    评估模型: kimi-k2.5
    [kimi-k2.5] 决策: select | 选笑话编号: 1

  质量组: low (4个候选笑话)
    评估模型: qwen3-max
    [qwen3-max] 决策: select | 选笑话编号: 1
    评估模型: deepseek-v3.2
    [deepseek-v3.2] 决策: select | 选笑话编号: 2
    评估模型: kimi-k2.5
    [kimi-k2.5] 决策: create | 选笑话编号: None

  Item完成: 耗时65.3s | 总耗时305.3min
  速率限制器状态: 可用令牌=48.0/48
  已保存中间结果 (321 条)

============================================================
处理 zh_0422... (322/1174)

  质量组: high (4个候选笑话)
    评估模型: qwen3-max
    [qwen3-max] 决策: select | 选笑话编号: 2
    评估模型: deepseek-v3.2
    [deepseek-v3.2] 决策: select | 选笑话编号: 2
    评估模型: kimi-k2.5
    [kimi-k2.5] 决策: select | 选笑话编号: 3

  质量组: medium (4个候选笑话)
    评估模型: qwen3-max
    [qwen3-max] 决策: select | 选笑话编号: 4
    评估模型: deepseek-v3.2
    [deepseek-v3.2] 决策: select | 选笑话编号: 4
    评估模型: kimi-k2.5
    [kimi-k2.5] 决策: create | 选笑话编号: None

  质量组: low (4个候选笑话)
    评估模型: qwen3-max
    [qwen3-max] 决策: create | 选笑话编号: None
    评估模型: deepseek-v3.2
    [deepseek-v3.2] 决策: select | 选笑话编号: 1
    评估模型: kimi-k2.5
    [kimi-k2.5] 决策: create | 选笑话编号: None

  Item完成: 耗时75.0s | 总耗时306.5min
  速率限制器状态: 可用令牌=48.0/48
  已保存中间结果 (322 条)

============================================================
处理 zh_0423... (323/1174)

  质量组: high (4个候选笑话)
    评估模型: qwen3-max
    [qwen3-max] 决策: select | 选笑话编号: 2
    评估模型: deepseek-v3.2
    [deepseek-v3.2] 决策: select | 选笑话编号: 4
    评估模型: kimi-k2.5
    [kimi-k2.5] 决策: create | 选笑话编号: None

  质量组: medium (4个候选笑话)
    评估模型: qwen3-max
    [qwen3-max] 决策: select | 选笑话编号: 2
    评估模型: deepseek-v3.2
    [deepseek-v3.2] 决策: select | 选笑话编号: 2
    评估模型: kimi-k2.5
    [kimi-k2.5] 决策: create | 选笑话编号: None

  质量组: low (4个候选笑话)
    评估模型: qwen3-max
    [qwen3-max] 决策: create | 选笑话编号: None
    评估模型: deepseek-v3.2
    [deepseek-v3.2] 决策: create | 选笑话编号: None
    评估模型: kimi-k2.5
    [kimi-k2.5] 决策: create | 选笑话编号: None

  Item完成: 耗时67.0s | 总耗时307.7min
  速率限制器状态: 可用令牌=48.0/48
  已保存中间结果 (323 条)

============================================================
处理 zh_0424... (324/1174)

  质量组: high (4个候选笑话)
    评估模型: qwen3-max
    [qwen3-max] 决策: select | 选笑话编号: 2
    评估模型: deepseek-v3.2
    [deepseek-v3.2] 决策: select | 选笑话编号: 2
    评估模型: kimi-k2.5
    [API] JSON解析失败: JSON解析失败: Expecting ',' delimiter: line 4 column 31 (char 88), model=kimi-k2.5
    [kimi-k2.5] 决策:  | 选笑话编号: ?

  质量组: medium (4个候选笑话)
    评估模型: qwen3-max
    [qwen3-max] 决策: select | 选笑话编号: 1
    评估模型: deepseek-v3.2
    [deepseek-v3.2] 决策: select | 选笑话编号: 4
    评估模型: kimi-k2.5
    [API] JSON解析失败: JSON解析失败: Expecting ',' delimiter: line 4 column 102 (char 159), model=kimi-k2.5
    [kimi-k2.5] 决策:  | 选笑话编号: ?

  质量组: low (4个候选笑话)
    评估模型: qwen3-max
    [qwen3-max] 决策: create | 选笑话编号: None
    评估模型: deepseek-v3.2
    [deepseek-v3.2] 决策: select | 选笑话编号: 1
    评估模型: kimi-k2.5
    [kimi-k2.5] 决策: create | 选笑话编号: None

  Item完成: 耗时49.7s | 总耗时308.5min
  速率限制器状态: 可用令牌=48.0/48
  已保存中间结果 (324 条)

============================================================
处理 zh_0425... (325/1174)

  质量组: high (4个候选笑话)
    评估模型: qwen3-max
    [qwen3-max] 决策: select | 选笑话编号: 1
    评估模型: deepseek-v3.2
    [deepseek-v3.2] 决策: create | 选笑话编号: None
    评估模型: kimi-k2.5
    [kimi-k2.5] 决策: create | 选笑话编号: None

  质量组: medium (4个候选笑话)
    评估模型: qwen3-max
    [qwen3-max] 决策: select | 选笑话编号: 2
    评估模型: deepseek-v3.2
    [deepseek-v3.2] 决策: select | 选笑话编号: 1
    评估模型: kimi-k2.5
    [kimi-k2.5] 决策: create | 选笑话编号: None

  质量组: low (4个候选笑话)
    评估模型: qwen3-max
    [qwen3-max] 决策: create | 选笑话编号: None
    评估模型: deepseek-v3.2
    [deepseek-v3.2] 决策: select | 选笑话编号: 1
    评估模型: kimi-k2.5
    [kimi-k2.5] 决策: create | 选笑话编号: None

  Item完成: 耗时55.7s | 总耗时309.4min
  速率限制器状态: 可用令牌=48.0/48
  已保存中间结果 (325 条)

============================================================
处理 zh_0426... (326/1174)

  质量组: high (4个候选笑话)
    评估模型: qwen3-max
    [qwen3-max] 决策: create | 选笑话编号: None
    评估模型: deepseek-v3.2
    [deepseek-v3.2] 决策: select | 选笑话编号: 2
    评估模型: kimi-k2.5
    [kimi-k2.5] 决策: create | 选笑话编号: None

  质量组: medium (4个候选笑话)
    评估模型: qwen3-max
    [qwen3-max] 决策: create | 选笑话编号: None
    评估模型: deepseek-v3.2
    [deepseek-v3.2] 决策: select | 选笑话编号: 2
    评估模型: kimi-k2.5
    [kimi-k2.5] 决策: create | 选笑话编号: None

  质量组: low (4个候选笑话)
    评估模型: qwen3-max
    [qwen3-max] 决策: create | 选笑话编号: None
    评估模型: deepseek-v3.2
    [deepseek-v3.2] 决策: create | 选笑话编号: None
    评估模型: kimi-k2.5
    [kimi-k2.5] 决策: create | 选笑话编号: None

  Item完成: 耗时59.1s | 总耗时310.4min
  速率限制器状态: 可用令牌=48.0/48
  已保存中间结果 (326 条)

============================================================
处理 zh_0427... (327/1174)

  质量组: high (4个候选笑话)
    评估模型: qwen3-max
    [qwen3-max] 决策: select | 选笑话编号: 2
    评估模型: deepseek-v3.2
    [deepseek-v3.2] 决策: select | 选笑话编号: 4
    评估模型: kimi-k2.5
    [kimi-k2.5] 决策: create | 选笑话编号: None

  质量组: medium (4个候选笑话)
    评估模型: qwen3-max
    [qwen3-max] 决策: select | 选笑话编号: 1
    评估模型: deepseek-v3.2
    [deepseek-v3.2] 决策: select | 选笑话编号: 1
    评估模型: kimi-k2.5
    [kimi-k2.5] 决策: create | 选笑话编号: None

  质量组: low (4个候选笑话)
    评估模型: qwen3-max
    [qwen3-max] 决策: create | 选笑话编号: None
    评估模型: deepseek-v3.2
    [deepseek-v3.2] 决策: create | 选笑话编号: None
    评估模型: kimi-k2.5
    [kimi-k2.5] 决策: create | 选笑话编号: None

  Item完成: 耗时60.8s | 总耗时311.4min
  速率限制器状态: 可用令牌=48.0/48
  已保存中间结果 (327 条)

============================================================
处理 zh_0428... (328/1174)

  质量组: high (4个候选笑话)
    评估模型: qwen3-max
    [qwen3-max] 决策: select | 选笑话编号: 2
    评估模型: deepseek-v3.2
    [deepseek-v3.2] 决策: select | 选笑话编号: 2
    评估模型: kimi-k2.5
    [kimi-k2.5] 决策: create | 选笑话编号: None

  质量组: medium (4个候选笑话)
    评估模型: qwen3-max
    [qwen3-max] 决策: select | 选笑话编号: 2
    评估模型: deepseek-v3.2
    [deepseek-v3.2] 决策: select | 选笑话编号: 2
    评估模型: kimi-k2.5
    [kimi-k2.5] 决策: create | 选笑话编号: None

  质量组: low (4个候选笑话)
    评估模型: qwen3-max
    [qwen3-max] 决策: select | 选笑话编号: 1
    评估模型: deepseek-v3.2
    [deepseek-v3.2] 决策: create | 选笑话编号: None
    评估模型: kimi-k2.5
    [kimi-k2.5] 决策: create | 选笑话编号: None

  Item完成: 耗时59.8s | 总耗时312.4min
  速率限制器状态: 可用令牌=48.0/48
  已保存中间结果 (328 条)

============================================================
处理 zh_0429... (329/1174)

  质量组: high (4个候选笑话)
    评估模型: qwen3-max
    [qwen3-max] 决策: select | 选笑话编号: 2
    评估模型: deepseek-v3.2
    [deepseek-v3.2] 决策: select | 选笑话编号: 4
    评估模型: kimi-k2.5
    [kimi-k2.5] 决策: select | 选笑话编号: 4

  质量组: medium (4个候选笑话)
    评估模型: qwen3-max
    [qwen3-max] 决策: select | 选笑话编号: 3
    评估模型: deepseek-v3.2
    [deepseek-v3.2] 决策: select | 选笑话编号: 1
    评估模型: kimi-k2.5
    [kimi-k2.5] 决策: create | 选笑话编号: None

  质量组: low (4个候选笑话)
    评估模型: qwen3-max
    [qwen3-max] 决策: select | 选笑话编号: 4
    评估模型: deepseek-v3.2
    [deepseek-v3.2] 决策: create | 选笑话编号: None
    评估模型: kimi-k2.5
    [kimi-k2.5] 决策: create | 选笑话编号: None

  Item完成: 耗时52.0s | 总耗时313.3min
  速率限制器状态: 可用令牌=48.0/48
  已保存中间结果 (329 条)

============================================================
处理 zh_0430... (330/1174)

  质量组: high (4个候选笑话)
    评估模型: qwen3-max
    [qwen3-max] 决策: select | 选笑话编号: 2
    评估模型: deepseek-v3.2
    [API] JSON解析失败: JSON解析失败: Invalid control character at: line 5 column 95 (char 243), model=deepseek-v3.2
    [deepseek-v3.2] 决策:  | 选笑话编号: ?
    评估模型: kimi-k2.5
    [kimi-k2.5] 决策: select | 选笑话编号: 2

  质量组: medium (4个候选笑话)
    评估模型: qwen3-max
    [qwen3-max] 决策: select | 选笑话编号: 1
    评估模型: deepseek-v3.2
    [deepseek-v3.2] 决策: select | 选笑话编号: 2
    评估模型: kimi-k2.5
    [kimi-k2.5] 决策: create | 选笑话编号: None

  质量组: low (4个候选笑话)
    评估模型: qwen3-max
    [qwen3-max] 决策: create | 选笑话编号: None
    评估模型: deepseek-v3.2
    [deepseek-v3.2] 决策: create | 选笑话编号: None
    评估模型: kimi-k2.5
    [kimi-k2.5] 决策: create | 选笑话编号: None

  Item完成: 耗时68.8s | 总耗时314.5min
  速率限制器状态: 可用令牌=48.0/48
  已保存中间结果 (330 条)

============================================================
处理 zh_0431... (331/1174)

  质量组: high (4个候选笑话)
    评估模型: qwen3-max
    [qwen3-max] 决策: select | 选笑话编号: 2
    评估模型: deepseek-v3.2
    [deepseek-v3.2] 决策: select | 选笑话编号: 4
    评估模型: kimi-k2.5
    [kimi-k2.5] 决策: create | 选笑话编号: None

  质量组: medium (4个候选笑话)
    评估模型: qwen3-max
    [qwen3-max] 决策: select | 选笑话编号: 1
    评估模型: deepseek-v3.2
    [deepseek-v3.2] 决策: select | 选笑话编号: 1
    评估模型: kimi-k2.5
    [API] JSON解析失败: JSON解析失败: Expecting ',' delimiter: line 4 column 50 (char 107), model=kimi-k2.5
    [kimi-k2.5] 决策:  | 选笑话编号: ?

  质量组: low (4个候选笑话)
    评估模型: qwen3-max
    [qwen3-max] 决策: create | 选笑话编号: None
    评估模型: deepseek-v3.2
    [deepseek-v3.2] 决策: create | 选笑话编号: None
    评估模型: kimi-k2.5
    [kimi-k2.5] 决策: create | 选笑话编号: None

  Item完成: 耗时59.2s | 总耗时315.4min
  速率限制器状态: 可用令牌=48.0/48
  已保存中间结果 (331 条)

============================================================
处理 zh_0432... (332/1174)

  质量组: high (4个候选笑话)
    评估模型: qwen3-max
    [qwen3-max] 决策: select | 选笑话编号: 2
    评估模型: deepseek-v3.2
    [deepseek-v3.2] 决策: select | 选笑话编号: 1
    评估模型: kimi-k2.5
    [kimi-k2.5] 决策: create | 选笑话编号: None

  质量组: medium (4个候选笑话)
    评估模型: qwen3-max
    [qwen3-max] 决策: select | 选笑话编号: 1
    评估模型: deepseek-v3.2
    [deepseek-v3.2] 决策: select | 选笑话编号: 1
    评估模型: kimi-k2.5
    [kimi-k2.5] 决策: create | 选笑话编号: None

  质量组: low (4个候选笑话)
    评估模型: qwen3-max
    [qwen3-max] 决策: create | 选笑话编号: None
    评估模型: deepseek-v3.2
    [deepseek-v3.2] 决策: create | 选笑话编号: None
    评估模型: kimi-k2.5
    [kimi-k2.5] 决策: create | 选笑话编号: None

  Item完成: 耗时62.7s | 总耗时316.5min
  速率限制器状态: 可用令牌=48.0/48
  已保存中间结果 (332 条)

============================================================
处理 zh_0433... (333/1174)

  质量组: high (4个候选笑话)
    评估模型: qwen3-max
    [qwen3-max] 决策: select | 选笑话编号: 2
    评估模型: deepseek-v3.2
    [deepseek-v3.2] 决策: select | 选笑话编号: 2
    评估模型: kimi-k2.5
    [kimi-k2.5] 决策: create | 选笑话编号: None

  质量组: medium (4个候选笑话)
    评估模型: qwen3-max
    [qwen3-max] 决策: select | 选笑话编号: 3
    评估模型: deepseek-v3.2
    [deepseek-v3.2] 决策: select | 选笑话编号: 4
    评估模型: kimi-k2.5
    [kimi-k2.5] 决策: create | 选笑话编号: None

  质量组: low (4个候选笑话)
    评估模型: qwen3-max
    [qwen3-max] 决策: select | 选笑话编号: 1
    评估模型: deepseek-v3.2
    [deepseek-v3.2] 决策: select | 选笑话编号: 1
    评估模型: kimi-k2.5
    [kimi-k2.5] 决策: create | 选笑话编号: None

  Item完成: 耗时62.2s | 总耗时317.5min
  速率限制器状态: 可用令牌=48.0/48
  已保存中间结果 (333 条)

============================================================
处理 zh_0434... (334/1174)

  质量组: high (4个候选笑话)
    评估模型: qwen3-max
    [qwen3-max] 决策: select | 选笑话编号: 2
    评估模型: deepseek-v3.2
    [deepseek-v3.2] 决策: select | 选笑话编号: 2
    评估模型: kimi-k2.5
    [kimi-k2.5] 决策: select | 选笑话编号: 2

  质量组: medium (4个候选笑话)
    评估模型: qwen3-max
    [qwen3-max] 决策: select | 选笑话编号: 3
    评估模型: deepseek-v3.2
    [deepseek-v3.2] 决策: select | 选笑话编号: 4
    评估模型: kimi-k2.5
    [kimi-k2.5] 决策: create | 选笑话编号: None

  质量组: low (4个候选笑话)
    评估模型: qwen3-max
    [qwen3-max] 决策: select | 选笑话编号: 4
    评估模型: deepseek-v3.2
    [deepseek-v3.2] 决策: create | 选笑话编号: None
    评估模型: kimi-k2.5
    [kimi-k2.5] 决策: create | 选笑话编号: None

  Item完成: 耗时54.5s | 总耗时318.4min
  速率限制器状态: 可用令牌=48.0/48
  已保存中间结果 (334 条)

============================================================
处理 zh_0435... (335/1174)

  质量组: high (4个候选笑话)
    评估模型: qwen3-max
    [qwen3-max] 决策: select | 选笑话编号: 2
    评估模型: deepseek-v3.2
    [deepseek-v3.2] 决策: select | 选笑话编号: 2
    评估模型: kimi-k2.5
    [kimi-k2.5] 决策: create | 选笑话编号: None

  质量组: medium (4个候选笑话)
    评估模型: qwen3-max
    [qwen3-max] 决策: select | 选笑话编号: 2
    评估模型: deepseek-v3.2
    [deepseek-v3.2] 决策: select | 选笑话编号: 2
    评估模型: kimi-k2.5
    [kimi-k2.5] 决策: create | 选笑话编号: None

  质量组: low (4个候选笑话)
    评估模型: qwen3-max
    [qwen3-max] 决策: create | 选笑话编号: None
    评估模型: deepseek-v3.2
    [deepseek-v3.2] 决策: create | 选笑话编号: None
    评估模型: kimi-k2.5
    [kimi-k2.5] 决策: create | 选笑话编号: None

  Item完成: 耗时53.5s | 总耗时319.3min
  速率限制器状态: 可用令牌=48.0/48
  已保存中间结果 (335 条)

============================================================
处理 zh_0436... (336/1174)

  质量组: high (4个候选笑话)
    评估模型: qwen3-max
    [qwen3-max] 决策: select | 选笑话编号: 2
    评估模型: deepseek-v3.2
    [deepseek-v3.2] 决策: select | 选笑话编号: 3
    评估模型: kimi-k2.5
    [kimi-k2.5] 决策: select | 选笑话编号: 2

  质量组: medium (4个候选笑话)
    评估模型: qwen3-max
    [qwen3-max] 决策: select | 选笑话编号: 1
    评估模型: deepseek-v3.2
    [deepseek-v3.2] 决策: select | 选笑话编号: 4
    评估模型: kimi-k2.5
    [kimi-k2.5] 决策: create | 选笑话编号: None

  质量组: low (4个候选笑话)
    评估模型: qwen3-max
    [qwen3-max] 决策: select | 选笑话编号: 1
    评估模型: deepseek-v3.2
    [deepseek-v3.2] 决策: select | 选笑话编号: 1
    评估模型: kimi-k2.5
    [kimi-k2.5] 决策: create | 选笑话编号: None

  Item完成: 耗时57.8s | 总耗时320.3min
  速率限制器状态: 可用令牌=48.0/48
  已保存中间结果 (336 条)

============================================================
处理 zh_0437... (337/1174)

  质量组: high (4个候选笑话)
    评估模型: qwen3-max
    [qwen3-max] 决策: select | 选笑话编号: 3
    评估模型: deepseek-v3.2
    [deepseek-v3.2] 决策: select | 选笑话编号: 2
    评估模型: kimi-k2.5
    [kimi-k2.5] 决策: create | 选笑话编号: None

  质量组: medium (4个候选笑话)
    评估模型: qwen3-max
    [qwen3-max] 决策: select | 选笑话编号: 1
    评估模型: deepseek-v3.2
    [deepseek-v3.2] 决策: select | 选笑话编号: 1
    评估模型: kimi-k2.5
    [API] JSON解析失败: JSON解析失败: Expecting ',' delimiter: line 4 column 39 (char 96), model=kimi-k2.5
    [kimi-k2.5] 决策:  | 选笑话编号: ?

  质量组: low (4个候选笑话)
    评估模型: qwen3-max
    [qwen3-max] 决策: select | 选笑话编号: 1
    评估模型: deepseek-v3.2
    [deepseek-v3.2] 决策: select | 选笑话编号: 1
    评估模型: kimi-k2.5
    [kimi-k2.5] 决策: create | 选笑话编号: None

  Item完成: 耗时60.5s | 总耗时321.3min
  速率限制器状态: 可用令牌=48.0/48
  已保存中间结果 (337 条)

============================================================
处理 zh_0438... (338/1174)

  质量组: high (4个候选笑话)
    评估模型: qwen3-max
    [qwen3-max] 决策: select | 选笑话编号: 2
    评估模型: deepseek-v3.2
    [deepseek-v3.2] 决策: select | 选笑话编号: 2
    评估模型: kimi-k2.5
    [kimi-k2.5] 决策: create | 选笑话编号: None

  质量组: medium (4个候选笑话)
    评估模型: qwen3-max
    [qwen3-max] 决策: select | 选笑话编号: 4
    评估模型: deepseek-v3.2
    [deepseek-v3.2] 决策: create | 选笑话编号: None
    评估模型: kimi-k2.5
    [kimi-k2.5] 决策: create | 选笑话编号: None

  质量组: low (4个候选笑话)
    评估模型: qwen3-max
    [qwen3-max] 决策: select | 选笑话编号: 1
    评估模型: deepseek-v3.2
    [deepseek-v3.2] 决策: select | 选笑话编号: 1
    评估模型: kimi-k2.5
    [kimi-k2.5] 决策: create | 选笑话编号: None

  Item完成: 耗时63.5s | 总耗时322.4min
  速率限制器状态: 可用令牌=48.0/48
  已保存中间结果 (338 条)

============================================================
处理 zh_0439... (339/1174)

  质量组: high (4个候选笑话)
    评估模型: qwen3-max
    [qwen3-max] 决策: select | 选笑话编号: 2
    评估模型: deepseek-v3.2
    [deepseek-v3.2] 决策: select | 选笑话编号: 2
    评估模型: kimi-k2.5
    [kimi-k2.5] 决策: create | 选笑话编号: None

  质量组: medium (4个候选笑话)
    评估模型: qwen3-max
    [qwen3-max] 决策: select | 选笑话编号: 1
    评估模型: deepseek-v3.2
    [deepseek-v3.2] 决策: select | 选笑话编号: 2
    评估模型: kimi-k2.5
    [API] JSON解析失败: JSON解析失败: Expecting ',' delimiter: line 5 column 33 (char 195), model=kimi-k2.5
    [kimi-k2.5] 决策:  | 选笑话编号: ?

  质量组: low (4个候选笑话)
    评估模型: qwen3-max
    [qwen3-max] 决策: create | 选笑话编号: None
    评估模型: deepseek-v3.2
    [deepseek-v3.2] 决策: select | 选笑话编号: 4
    评估模型: kimi-k2.5
    [API] JSON解析失败: JSON解析失败: Expecting ',' delimiter: line 4 column 76 (char 133), model=kimi-k2.5
    [kimi-k2.5] 决策:  | 选笑话编号: ?

  Item完成: 耗时58.2s | 总耗时323.3min
  速率限制器状态: 可用令牌=48.0/48
  已保存中间结果 (339 条)

============================================================
处理 zh_0440... (340/1174)

  质量组: high (4个候选笑话)
    评估模型: qwen3-max
    [qwen3-max] 决策: select | 选笑话编号: 3
    评估模型: deepseek-v3.2
    [deepseek-v3.2] 决策: select | 选笑话编号: 3
    评估模型: kimi-k2.5
    [kimi-k2.5] 决策: select | 选笑话编号: 3

  质量组: medium (4个候选笑话)
    评估模型: qwen3-max
    [qwen3-max] 决策: select | 选笑话编号: 1
    评估模型: deepseek-v3.2
    [deepseek-v3.2] 决策: select | 选笑话编号: 4
    评估模型: kimi-k2.5
    [kimi-k2.5] 决策: create | 选笑话编号: None

  质量组: low (4个候选笑话)
    评估模型: qwen3-max
    [qwen3-max] 决策: select | 选笑话编号: 4
    评估模型: deepseek-v3.2
    [deepseek-v3.2] 决策: select | 选笑话编号: 4
    评估模型: kimi-k2.5
    [kimi-k2.5] 决策: create | 选笑话编号: None

  Item完成: 耗时58.3s | 总耗时324.3min
  速率限制器状态: 可用令牌=48.0/48
  已保存中间结果 (340 条)

============================================================
处理 zh_0441... (341/1174)

  质量组: high (4个候选笑话)
    评估模型: qwen3-max
    [qwen3-max] 决策: select | 选笑话编号: 3
    评估模型: deepseek-v3.2
    [deepseek-v3.2] 决策: select | 选笑话编号: 2
    评估模型: kimi-k2.5
    [API] JSON解析失败: JSON解析失败: Expecting ',' delimiter: line 4 column 56 (char 113), model=kimi-k2.5
    [kimi-k2.5] 决策:  | 选笑话编号: ?

  质量组: medium (4个候选笑话)
    评估模型: qwen3-max
    [qwen3-max] 决策: select | 选笑话编号: 2
    评估模型: deepseek-v3.2
    [deepseek-v3.2] 决策: select | 选笑话编号: 2
    评估模型: kimi-k2.5
    [kimi-k2.5] 决策: create | 选笑话编号: None

  质量组: low (4个候选笑话)
    评估模型: qwen3-max
    [qwen3-max] 决策: create | 选笑话编号: None
    评估模型: deepseek-v3.2
    [deepseek-v3.2] 决策: create | 选笑话编号: None
    评估模型: kimi-k2.5
    [kimi-k2.5] 决策: create | 选笑话编号: None

  Item完成: 耗时60.1s | 总耗时325.3min
  速率限制器状态: 可用令牌=48.0/48
  已保存中间结果 (341 条)

============================================================
处理 zh_0442... (342/1174)

  质量组: high (4个候选笑话)
    评估模型: qwen3-max
    [qwen3-max] 决策: select | 选笑话编号: 2
    评估模型: deepseek-v3.2
    [deepseek-v3.2] 决策: select | 选笑话编号: 2
    评估模型: kimi-k2.5
    [kimi-k2.5] 决策: create | 选笑话编号: None

  质量组: medium (4个候选笑话)
    评估模型: qwen3-max
    [qwen3-max] 决策: select | 选笑话编号: 1
    评估模型: deepseek-v3.2
    [deepseek-v3.2] 决策: select | 选笑话编号: 1
    评估模型: kimi-k2.5
    [API] JSON解析失败: JSON解析失败: Expecting ',' delimiter: line 4 column 53 (char 110), model=kimi-k2.5
    [kimi-k2.5] 决策:  | 选笑话编号: ?

  质量组: low (4个候选笑话)
    评估模型: qwen3-max
    [qwen3-max] 决策: create | 选笑话编号: None
    评估模型: deepseek-v3.2
    [deepseek-v3.2] 决策: create | 选笑话编号: None
    评估模型: kimi-k2.5
    [kimi-k2.5] 决策: create | 选笑话编号: None

  Item完成: 耗时53.6s | 总耗时326.2min
  速率限制器状态: 可用令牌=48.0/48
  已保存中间结果 (342 条)

============================================================
处理 zh_0443... (343/1174)

  质量组: high (4个候选笑话)
    评估模型: qwen3-max
    [qwen3-max] 决策: select | 选笑话编号: 2
    评估模型: deepseek-v3.2
    [deepseek-v3.2] 决策: select | 选笑话编号: 2
    评估模型: kimi-k2.5
    [API] JSON解析失败: JSON解析失败: Expecting ',' delimiter: line 4 column 25 (char 79), model=kimi-k2.5
    [kimi-k2.5] 决策:  | 选笑话编号: ?

  质量组: medium (4个候选笑话)
    评估模型: qwen3-max
    [qwen3-max] 决策: select | 选笑话编号: 4
    评估模型: deepseek-v3.2
    [deepseek-v3.2] 决策: select | 选笑话编号: 4
    评估模型: kimi-k2.5
    [kimi-k2.5] 决策: select | 选笑话编号: 4

  质量组: low (4个候选笑话)
    评估模型: qwen3-max
    [qwen3-max] 决策: select | 选笑话编号: 1
    评估模型: deepseek-v3.2
    [deepseek-v3.2] 决策: select | 选笑话编号: 4
    评估模型: kimi-k2.5
    [API] JSON解析失败: JSON解析失败: Expecting ',' delimiter: line 5 column 29 (char 191), model=kimi-k2.5
    [kimi-k2.5] 决策:  | 选笑话编号: ?

  Item完成: 耗时50.9s | 总耗时327.1min
  速率限制器状态: 可用令牌=48.0/48
  已保存中间结果 (343 条)

============================================================
处理 zh_0444... (344/1174)

  质量组: high (4个候选笑话)
    评估模型: qwen3-max
    [qwen3-max] 决策: select | 选笑话编号: 2
    评估模型: deepseek-v3.2
    [deepseek-v3.2] 决策: select | 选笑话编号: 2
    评估模型: kimi-k2.5
    [kimi-k2.5] 决策: create | 选笑话编号: None

  质量组: medium (4个候选笑话)
    评估模型: qwen3-max
    [qwen3-max] 决策: select | 选笑话编号: 2
    评估模型: deepseek-v3.2
    [deepseek-v3.2] 决策: select | 选笑话编号: 2
    评估模型: kimi-k2.5
    [kimi-k2.5] 决策: create | 选笑话编号: None

  质量组: low (4个候选笑话)
    评估模型: qwen3-max
    [qwen3-max] 决策: select | 选笑话编号: 4
    评估模型: deepseek-v3.2
    [deepseek-v3.2] 决策: select | 选笑话编号: 2
    评估模型: kimi-k2.5
    [kimi-k2.5] 决策: create | 选笑话编号: None

  Item完成: 耗时54.2s | 总耗时328.0min
  速率限制器状态: 可用令牌=48.0/48
  已保存中间结果 (344 条)

============================================================
处理 zh_0445... (345/1174)

  质量组: high (4个候选笑话)
    评估模型: qwen3-max
    [qwen3-max] 决策: select | 选笑话编号: 2
    评估模型: deepseek-v3.2
    [deepseek-v3.2] 决策: select | 选笑话编号: 2
    评估模型: kimi-k2.5
    [kimi-k2.5] 决策: select | 选笑话编号: 2

  质量组: medium (4个候选笑话)
    评估模型: qwen3-max
    [qwen3-max] 决策: create | 选笑话编号: None
    评估模型: deepseek-v3.2
    [deepseek-v3.2] 决策: select | 选笑话编号: 1
    评估模型: kimi-k2.5
    [API] JSON解析失败: JSON解析失败: Expecting ',' delimiter: line 4 column 54 (char 111), model=kimi-k2.5
    [kimi-k2.5] 决策:  | 选笑话编号: ?

  质量组: low (4个候选笑话)
    评估模型: qwen3-max
    [qwen3-max] 决策: create | 选笑话编号: None
    评估模型: deepseek-v3.2
    [deepseek-v3.2] 决策: select | 选笑话编号: 4
    评估模型: kimi-k2.5
    [kimi-k2.5] 决策: create | 选笑话编号: None

  Item完成: 耗时52.9s | 总耗时328.9min
  速率限制器状态: 可用令牌=48.0/48
  已保存中间结果 (345 条)

============================================================
处理 zh_0446... (346/1174)

  质量组: high (4个候选笑话)
    评估模型: qwen3-max
    [qwen3-max] 决策: select | 选笑话编号: 1
    评估模型: deepseek-v3.2
    [deepseek-v3.2] 决策: select | 选笑话编号: 2
    评估模型: kimi-k2.5
    [kimi-k2.5] 决策: create | 选笑话编号: None

  质量组: medium (4个候选笑话)
    评估模型: qwen3-max
    [qwen3-max] 决策: select | 选笑话编号: 2
    评估模型: deepseek-v3.2
    [deepseek-v3.2] 决策: select | 选笑话编号: 2
    评估模型: kimi-k2.5
    [kimi-k2.5] 决策: create | 选笑话编号: None

  质量组: low (4个候选笑话)
    评估模型: qwen3-max
    [qwen3-max] 决策: create | 选笑话编号: None
    评估模型: deepseek-v3.2
    [deepseek-v3.2] 决策: create | 选笑话编号: None
    评估模型: kimi-k2.5
    [kimi-k2.5] 决策: create | 选笑话编号: None

  Item完成: 耗时56.2s | 总耗时329.8min
  速率限制器状态: 可用令牌=48.0/48
  已保存中间结果 (346 条)

============================================================
处理 zh_0447... (347/1174)

  质量组: high (4个候选笑话)
    评估模型: qwen3-max
    [qwen3-max] 决策: select | 选笑话编号: 1
    评估模型: deepseek-v3.2
    [deepseek-v3.2] 决策: select | 选笑话编号: 3
    评估模型: kimi-k2.5
    [kimi-k2.5] 决策: create | 选笑话编号: None

  质量组: medium (4个候选笑话)
    评估模型: qwen3-max
    [qwen3-max] 决策: select | 选笑话编号: 1
    评估模型: deepseek-v3.2
    [deepseek-v3.2] 决策: select | 选笑话编号: 1
    评估模型: kimi-k2.5
    [kimi-k2.5] 决策: create | 选笑话编号: None

  质量组: low (4个候选笑话)
    评估模型: qwen3-max
    [qwen3-max] 决策: create | 选笑话编号: None
    评估模型: deepseek-v3.2
    [deepseek-v3.2] 决策: select | 选笑话编号: 1
    评估模型: kimi-k2.5
    [kimi-k2.5] 决策: create | 选笑话编号: None

  Item完成: 耗时54.7s | 总耗时330.7min
  速率限制器状态: 可用令牌=48.0/48
  已保存中间结果 (347 条)

============================================================
处理 zh_0448... (348/1174)

  质量组: high (4个候选笑话)
    评估模型: qwen3-max
    [qwen3-max] 决策: select | 选笑话编号: 4
    评估模型: deepseek-v3.2
    [deepseek-v3.2] 决策: select | 选笑话编号: 2
    评估模型: kimi-k2.5
    [kimi-k2.5] 决策: select | 选笑话编号: 2

  质量组: medium (4个候选笑话)
    评估模型: qwen3-max
    [qwen3-max] 决策: select | 选笑话编号: 4
    评估模型: deepseek-v3.2
    [deepseek-v3.2] 决策: select | 选笑话编号: 4
    评估模型: kimi-k2.5
    [kimi-k2.5] 决策: create | 选笑话编号: None

  质量组: low (4个候选笑话)
    评估模型: qwen3-max
    [qwen3-max] 决策: select | 选笑话编号: 4
    评估模型: deepseek-v3.2
    [deepseek-v3.2] 决策: select | 选笑话编号: 1
    评估模型: kimi-k2.5
    [kimi-k2.5] 决策: create | 选笑话编号: None

  Item完成: 耗时62.7s | 总耗时331.8min
  速率限制器状态: 可用令牌=48.0/48
  已保存中间结果 (348 条)

============================================================
处理 zh_0449... (349/1174)

  质量组: high (4个候选笑话)
    评估模型: qwen3-max
    [qwen3-max] 决策: select | 选笑话编号: 2
    评估模型: deepseek-v3.2
    [deepseek-v3.2] 决策: select | 选笑话编号: 2
    评估模型: kimi-k2.5
    [API] JSON解析失败: JSON解析失败: Expecting ',' delimiter: line 5 column 25 (char 175), model=kimi-k2.5
    [kimi-k2.5] 决策:  | 选笑话编号: ?

  质量组: medium (4个候选笑话)
    评估模型: qwen3-max
    [qwen3-max] 决策: select | 选笑话编号: 4
    评估模型: deepseek-v3.2
    [deepseek-v3.2] 决策: select | 选笑话编号: 4
    评估模型: kimi-k2.5
    [kimi-k2.5] 决策: create | 选笑话编号: None

  质量组: low (4个候选笑话)
    评估模型: qwen3-max
    [qwen3-max] 决策: select | 选笑话编号: 4
    评估模型: deepseek-v3.2
    [deepseek-v3.2] 决策: create | 选笑话编号: None
    评估模型: kimi-k2.5
    [API] JSON解析失败: JSON解析失败: Expecting ',' delimiter: line 5 column 34 (char 187), model=kimi-k2.5
    [kimi-k2.5] 决策:  | 选笑话编号: ?

  Item完成: 耗时45.9s | 总耗时332.5min
  速率限制器状态: 可用令牌=48.0/48
  已保存中间结果 (349 条)

============================================================
处理 zh_0450... (350/1174)

  质量组: high (4个候选笑话)
    评估模型: qwen3-max
    [qwen3-max] 决策: select | 选笑话编号: 2
    评估模型: deepseek-v3.2
    [deepseek-v3.2] 决策: select | 选笑话编号: 3
    评估模型: kimi-k2.5
    [kimi-k2.5] 决策: create | 选笑话编号: None

  质量组: medium (4个候选笑话)
    评估模型: qwen3-max
    [qwen3-max] 决策: select | 选笑话编号: 2
    评估模型: deepseek-v3.2
    [deepseek-v3.2] 决策: select | 选笑话编号: 4
    评估模型: kimi-k2.5
    [kimi-k2.5] 决策: create | 选笑话编号: None

  质量组: low (4个候选笑话)
    评估模型: qwen3-max
    [qwen3-max] 决策: create | 选笑话编号: None
    评估模型: deepseek-v3.2
    [deepseek-v3.2] 决策: select | 选笑话编号: 1
    评估模型: kimi-k2.5
    [kimi-k2.5] 决策: create | 选笑话编号: None

  Item完成: 耗时59.3s | 总耗时333.5min
  速率限制器状态: 可用令牌=48.0/48
  已保存中间结果 (350 条)

============================================================
处理 zh_0451... (351/1174)

  质量组: high (4个候选笑话)
    评估模型: qwen3-max
    [qwen3-max] 决策: select | 选笑话编号: 2
    评估模型: deepseek-v3.2
    [deepseek-v3.2] 决策: select | 选笑话编号: 1
    评估模型: kimi-k2.5
    [kimi-k2.5] 决策: create | 选笑话编号: None

  质量组: medium (4个候选笑话)
    评估模型: qwen3-max
    [qwen3-max] 决策: select | 选笑话编号: 4
    评估模型: deepseek-v3.2
    [deepseek-v3.2] 决策: select | 选笑话编号: 4
    评估模型: kimi-k2.5
    [kimi-k2.5] 决策: create | 选笑话编号: None

  质量组: low (4个候选笑话)
    评估模型: qwen3-max
    [qwen3-max] 决策: create | 选笑话编号: None
    评估模型: deepseek-v3.2
    [deepseek-v3.2] 决策: create | 选笑话编号: None
    评估模型: kimi-k2.5
    [kimi-k2.5] 决策: create | 选笑话编号: None

  Item完成: 耗时50.7s | 总耗时334.4min
  速率限制器状态: 可用令牌=48.0/48
  已保存中间结果 (351 条)

============================================================
处理 zh_0452... (352/1174)

  质量组: high (4个候选笑话)
    评估模型: qwen3-max
    [qwen3-max] 决策: select | 选笑话编号: 2
    评估模型: deepseek-v3.2
    [deepseek-v3.2] 决策: select | 选笑话编号: 2
    评估模型: kimi-k2.5
    [kimi-k2.5] 决策: select | 选笑话编号: 2

  质量组: medium (4个候选笑话)
    评估模型: qwen3-max
    [qwen3-max] 决策: select | 选笑话编号: 2
    评估模型: deepseek-v3.2
    [deepseek-v3.2] 决策: select | 选笑话编号: 2
    评估模型: kimi-k2.5
    [kimi-k2.5] 决策: select | 选笑话编号: 2

  质量组: low (4个候选笑话)
    评估模型: qwen3-max
    [qwen3-max] 决策: select | 选笑话编号: 1
    评估模型: deepseek-v3.2
    [deepseek-v3.2] 决策: select | 选笑话编号: 1
    评估模型: kimi-k2.5
    [kimi-k2.5] 决策: create | 选笑话编号: None

  Item完成: 耗时60.9s | 总耗时335.4min
  速率限制器状态: 可用令牌=48.0/48
  已保存中间结果 (352 条)

============================================================
处理 zh_0453... (353/1174)

  质量组: high (4个候选笑话)
    评估模型: qwen3-max
    [qwen3-max] 决策: select | 选笑话编号: 2
    评估模型: deepseek-v3.2
    [deepseek-v3.2] 决策: select | 选笑话编号: 2
    评估模型: kimi-k2.5
    [kimi-k2.5] 决策: select | 选笑话编号: 2

  质量组: medium (4个候选笑话)
    评估模型: qwen3-max
    [qwen3-max] 决策: select | 选笑话编号: 4
    评估模型: deepseek-v3.2
    [deepseek-v3.2] 决策: select | 选笑话编号: 1
    评估模型: kimi-k2.5
    [kimi-k2.5] 决策: create | 选笑话编号: None

  质量组: low (4个候选笑话)
    评估模型: qwen3-max
    [qwen3-max] 决策: create | 选笑话编号: None
    评估模型: deepseek-v3.2
    [deepseek-v3.2] 决策: create | 选笑话编号: None
    评估模型: kimi-k2.5
    [kimi-k2.5] 决策: create | 选笑话编号: None

  Item完成: 耗时67.4s | 总耗时336.5min
  速率限制器状态: 可用令牌=48.0/48
  已保存中间结果 (353 条)

============================================================
处理 zh_0454... (354/1174)

  质量组: high (4个候选笑话)
    评估模型: qwen3-max
    [qwen3-max] 决策: select | 选笑话编号: 2
    评估模型: deepseek-v3.2
    [deepseek-v3.2] 决策: select | 选笑话编号: 2
    评估模型: kimi-k2.5
    [kimi-k2.5] 决策: create | 选笑话编号: None

  质量组: medium (4个候选笑话)
    评估模型: qwen3-max
    [qwen3-max] 决策: select | 选笑话编号: 1
    评估模型: deepseek-v3.2
    [deepseek-v3.2] 决策: select | 选笑话编号: 1
    评估模型: kimi-k2.5
    [kimi-k2.5] 决策: create | 选笑话编号: None

  质量组: low (4个候选笑话)
    评估模型: qwen3-max
    [qwen3-max] 决策: select | 选笑话编号: 1
    评估模型: deepseek-v3.2
    [deepseek-v3.2] 决策: select | 选笑话编号: 1
    评估模型: kimi-k2.5
    [kimi-k2.5] 决策: create | 选笑话编号: None

  Item完成: 耗时58.9s | 总耗时337.5min
  速率限制器状态: 可用令牌=48.0/48
  已保存中间结果 (354 条)

============================================================
处理 zh_0455... (355/1174)

  质量组: high (4个候选笑话)
    评估模型: qwen3-max
    [qwen3-max] 决策: select | 选笑话编号: 2
    评估模型: deepseek-v3.2
    [deepseek-v3.2] 决策: select | 选笑话编号: 2
    评估模型: kimi-k2.5
    [kimi-k2.5] 决策: create | 选笑话编号: None

  质量组: medium (4个候选笑话)
    评估模型: qwen3-max
    [qwen3-max] 决策: create | 选笑话编号: None
    评估模型: deepseek-v3.2
    [deepseek-v3.2] 决策: select | 选笑话编号: 1
    评估模型: kimi-k2.5
    [kimi-k2.5] 决策: create | 选笑话编号: None

  质量组: low (4个候选笑话)
    评估模型: qwen3-max
    [qwen3-max] 决策: select | 选笑话编号: 1
    评估模型: deepseek-v3.2
    [deepseek-v3.2] 决策: select | 选笑话编号: 1
    评估模型: kimi-k2.5
    [API] JSON解析失败: JSON解析失败: Expecting ',' delimiter: line 5 column 21 (char 186), model=kimi-k2.5
    [kimi-k2.5] 决策:  | 选笑话编号: ?

  Item完成: 耗时58.4s | 总耗时338.5min
  速率限制器状态: 可用令牌=48.0/48
  已保存中间结果 (355 条)

============================================================
处理 zh_0456... (356/1174)

  质量组: high (4个候选笑话)
    评估模型: qwen3-max
    [qwen3-max] 决策: select | 选笑话编号: 1
    评估模型: deepseek-v3.2
    [deepseek-v3.2] 决策: select | 选笑话编号: 1
    评估模型: kimi-k2.5
    [kimi-k2.5] 决策: create | 选笑话编号: None

  质量组: medium (4个候选笑话)
    评估模型: qwen3-max
    [qwen3-max] 决策: select | 选笑话编号: 1
    评估模型: deepseek-v3.2
    [deepseek-v3.2] 决策: select | 选笑话编号: 1
    评估模型: kimi-k2.5
    [kimi-k2.5] 决策: create | 选笑话编号: None

  质量组: low (4个候选笑话)
    评估模型: qwen3-max
    [qwen3-max] 决策: create | 选笑话编号: None
    评估模型: deepseek-v3.2
    [deepseek-v3.2] 决策: create | 选笑话编号: None
    评估模型: kimi-k2.5
    [kimi-k2.5] 决策: create | 选笑话编号: None

  Item完成: 耗时53.8s | 总耗时339.4min
  速率限制器状态: 可用令牌=48.0/48
  已保存中间结果 (356 条)

============================================================
处理 zh_0457... (357/1174)

  质量组: high (4个候选笑话)
    评估模型: qwen3-max
    [qwen3-max] 决策: select | 选笑话编号: 2
    评估模型: deepseek-v3.2
    [deepseek-v3.2] 决策: select | 选笑话编号: 2
    评估模型: kimi-k2.5
    [kimi-k2.5] 决策: select | 选笑话编号: 2

  质量组: medium (4个候选笑话)
    评估模型: qwen3-max
    [qwen3-max] 决策: create | 选笑话编号: None
    评估模型: deepseek-v3.2
    [deepseek-v3.2] 决策: create | 选笑话编号: None
    评估模型: kimi-k2.5
    [kimi-k2.5] 决策: create | 选笑话编号: None

  质量组: low (4个候选笑话)
    评估模型: qwen3-max
    [qwen3-max] 决策: create | 选笑话编号: None
    评估模型: deepseek-v3.2
    [deepseek-v3.2] 决策: select | 选笑话编号: 2
    评估模型: kimi-k2.5
    [kimi-k2.5] 决策: create | 选笑话编号: None

  Item完成: 耗时54.5s | 总耗时340.3min
  速率限制器状态: 可用令牌=48.0/48
  已保存中间结果 (357 条)

============================================================
处理 zh_0458... (358/1174)

  质量组: high (4个候选笑话)
    评估模型: qwen3-max
    [qwen3-max] 决策: select | 选笑话编号: 2
    评估模型: deepseek-v3.2
    [deepseek-v3.2] 决策: select | 选笑话编号: 2
    评估模型: kimi-k2.5
    [kimi-k2.5] 决策: create | 选笑话编号: None

  质量组: medium (4个候选笑话)
    评估模型: qwen3-max
    [qwen3-max] 决策: select | 选笑话编号: 1
    评估模型: deepseek-v3.2
    [deepseek-v3.2] 决策: select | 选笑话编号: 1
    评估模型: kimi-k2.5
    [kimi-k2.5] 决策: create | 选笑话编号: None

  质量组: low (4个候选笑话)
    评估模型: qwen3-max
    [qwen3-max] 决策: create | 选笑话编号: None
    评估模型: deepseek-v3.2
    [deepseek-v3.2] 决策: select | 选笑话编号: 4
    评估模型: kimi-k2.5
    [kimi-k2.5] 决策: create | 选笑话编号: None

  Item完成: 耗时53.9s | 总耗时341.2min
  速率限制器状态: 可用令牌=48.0/48
  已保存中间结果 (358 条)

============================================================
处理 zh_0459... (359/1174)

  质量组: high (4个候选笑话)
    评估模型: qwen3-max
    [qwen3-max] 决策: select | 选笑话编号: 2
    评估模型: deepseek-v3.2
    [deepseek-v3.2] 决策: select | 选笑话编号: 4
    评估模型: kimi-k2.5
    [kimi-k2.5] 决策: create | 选笑话编号: None

  质量组: medium (4个候选笑话)
    评估模型: qwen3-max
    [qwen3-max] 决策: select | 选笑话编号: 1
    评估模型: deepseek-v3.2
    [deepseek-v3.2] 决策: select | 选笑话编号: 1
    评估模型: kimi-k2.5
    [kimi-k2.5] 决策: create | 选笑话编号: None

  质量组: low (4个候选笑话)
    评估模型: qwen3-max
    [qwen3-max] 决策: create | 选笑话编号: None
    评估模型: deepseek-v3.2
    [deepseek-v3.2] 决策: select | 选笑话编号: 3
    评估模型: kimi-k2.5
    [kimi-k2.5] 决策: create | 选笑话编号: None

  Item完成: 耗时51.4s | 总耗时342.0min
  速率限制器状态: 可用令牌=48.0/48
  已保存中间结果 (359 条)

============================================================
处理 zh_0460... (360/1174)

  质量组: high (4个候选笑话)
    评估模型: qwen3-max
    [qwen3-max] 决策: create | 选笑话编号: None
    评估模型: deepseek-v3.2
    [deepseek-v3.2] 决策: select | 选笑话编号: 2
    评估模型: kimi-k2.5
    [kimi-k2.5] 决策: create | 选笑话编号: None

  质量组: medium (4个候选笑话)
    评估模型: qwen3-max
    [qwen3-max] 决策: select | 选笑话编号: 2
    评估模型: deepseek-v3.2
    [deepseek-v3.2] 决策: select | 选笑话编号: 1
    评估模型: kimi-k2.5
    [kimi-k2.5] 决策: create | 选笑话编号: None

  质量组: low (4个候选笑话)
    评估模型: qwen3-max
    [qwen3-max] 决策: create | 选笑话编号: None
    评估模型: deepseek-v3.2
    [deepseek-v3.2] 决策: create | 选笑话编号: None
    评估模型: kimi-k2.5
    [kimi-k2.5] 决策: create | 选笑话编号: None

  Item完成: 耗时62.8s | 总耗时343.1min
  速率限制器状态: 可用令牌=48.0/48
  已保存中间结果 (360 条)

============================================================
处理 zh_0461... (361/1174)

  质量组: high (4个候选笑话)
    评估模型: qwen3-max
    [qwen3-max] 决策: select | 选笑话编号: 2
    评估模型: deepseek-v3.2
    [deepseek-v3.2] 决策: select | 选笑话编号: 4
    评估模型: kimi-k2.5
    [API] JSON解析失败: JSON解析失败: Expecting ',' delimiter: line 4 column 23 (char 77), model=kimi-k2.5
    [kimi-k2.5] 决策:  | 选笑话编号: ?

  质量组: medium (4个候选笑话)
    评估模型: qwen3-max
    [qwen3-max] 决策: select | 选笑话编号: 4
    评估模型: deepseek-v3.2
    [deepseek-v3.2] 决策: select | 选笑话编号: 4
    评估模型: kimi-k2.5
    [kimi-k2.5] 决策: create | 选笑话编号: None

  质量组: low (4个候选笑话)
    评估模型: qwen3-max
    [qwen3-max] 决策: create | 选笑话编号: None
    评估模型: deepseek-v3.2
    [deepseek-v3.2] 决策: select | 选笑话编号: 2
    评估模型: kimi-k2.5
    [kimi-k2.5] 决策: create | 选笑话编号: None

  Item完成: 耗时51.5s | 总耗时344.0min
  速率限制器状态: 可用令牌=48.0/48
  已保存中间结果 (361 条)

============================================================
处理 zh_0462... (362/1174)

  质量组: high (4个候选笑话)
    评估模型: qwen3-max
    [qwen3-max] 决策: select | 选笑话编号: 2
    评估模型: deepseek-v3.2
    [deepseek-v3.2] 决策: select | 选笑话编号: 2
    评估模型: kimi-k2.5
    [kimi-k2.5] 决策: create | 选笑话编号: None

  质量组: medium (4个候选笑话)
    评估模型: qwen3-max
    [qwen3-max] 决策: select | 选笑话编号: 2
    评估模型: deepseek-v3.2
    [deepseek-v3.2] 决策: select | 选笑话编号: 2
    评估模型: kimi-k2.5
    [kimi-k2.5] 决策: create | 选笑话编号: None

  质量组: low (4个候选笑话)
    评估模型: qwen3-max
    [qwen3-max] 决策: select | 选笑话编号: 1
    评估模型: deepseek-v3.2
    [deepseek-v3.2] 决策: select | 选笑话编号: 4
    评估模型: kimi-k2.5
    [kimi-k2.5] 决策: create | 选笑话编号: None

  Item完成: 耗时62.2s | 总耗时345.0min
  速率限制器状态: 可用令牌=48.0/48
  已保存中间结果 (362 条)

============================================================
处理 zh_0463... (363/1174)

  质量组: high (4个候选笑话)
    评估模型: qwen3-max
    [qwen3-max] 决策: select | 选笑话编号: 2
    评估模型: deepseek-v3.2
    [deepseek-v3.2] 决策: select | 选笑话编号: 2
    评估模型: kimi-k2.5
    [kimi-k2.5] 决策: create | 选笑话编号: None

  质量组: medium (4个候选笑话)
    评估模型: qwen3-max
    [qwen3-max] 决策: select | 选笑话编号: 1
    评估模型: deepseek-v3.2
    [deepseek-v3.2] 决策: select | 选笑话编号: 1
    评估模型: kimi-k2.5
    [kimi-k2.5] 决策: create | 选笑话编号: None

  质量组: low (4个候选笑话)
    评估模型: qwen3-max
    [qwen3-max] 决策: create | 选笑话编号: None
    评估模型: deepseek-v3.2
    [deepseek-v3.2] 决策: select | 选笑话编号: 1
    评估模型: kimi-k2.5
    [kimi-k2.5] 决策: create | 选笑话编号: None

  Item完成: 耗时56.2s | 总耗时345.9min
  速率限制器状态: 可用令牌=48.0/48
  已保存中间结果 (363 条)

============================================================
处理 zh_0464... (364/1174)

  质量组: high (4个候选笑话)
    评估模型: qwen3-max
    [qwen3-max] 决策: select | 选笑话编号: 2
    评估模型: deepseek-v3.2
    [deepseek-v3.2] 决策: select | 选笑话编号: 4
    评估模型: kimi-k2.5
    [kimi-k2.5] 决策: create | 选笑话编号: None

  质量组: medium (4个候选笑话)
    评估模型: qwen3-max
    [qwen3-max] 决策: select | 选笑话编号: 3
    评估模型: deepseek-v3.2
    [deepseek-v3.2] 决策: select | 选笑话编号: 4
    评估模型: kimi-k2.5
    [kimi-k2.5] 决策: create | 选笑话编号: None

  质量组: low (4个候选笑话)
    评估模型: qwen3-max
    [qwen3-max] 决策: create | 选笑话编号: None
    评估模型: deepseek-v3.2
    [deepseek-v3.2] 决策: create | 选笑话编号: None
    评估模型: kimi-k2.5
    [kimi-k2.5] 决策: create | 选笑话编号: None

  Item完成: 耗时61.6s | 总耗时347.0min
  速率限制器状态: 可用令牌=48.0/48
  已保存中间结果 (364 条)

============================================================
处理 zh_0465... (365/1174)

  质量组: high (4个候选笑话)
    评估模型: qwen3-max
    [qwen3-max] 决策: select | 选笑话编号: 4
    评估模型: deepseek-v3.2
    [deepseek-v3.2] 决策: select | 选笑话编号: 4
    评估模型: kimi-k2.5
    [kimi-k2.5] 决策: create | 选笑话编号: None

  质量组: medium (4个候选笑话)
    评估模型: qwen3-max
    [qwen3-max] 决策: select | 选笑话编号: 2
    评估模型: deepseek-v3.2
    [deepseek-v3.2] 决策: select | 选笑话编号: 4
    评估模型: kimi-k2.5
    [kimi-k2.5] 决策: create | 选笑话编号: None

  质量组: low (4个候选笑话)
    评估模型: qwen3-max
    [qwen3-max] 决策: create | 选笑话编号: None
    评估模型: deepseek-v3.2
    [deepseek-v3.2] 决策: select | 选笑话编号: 2
    评估模型: kimi-k2.5
    [API] JSON解析失败: JSON解析失败: Expecting ',' delimiter: line 4 column 98 (char 155), model=kimi-k2.5
    [kimi-k2.5] 决策:  | 选笑话编号: ?

  Item完成: 耗时52.6s | 总耗时347.8min
  速率限制器状态: 可用令牌=48.0/48
  已保存中间结果 (365 条)

============================================================
处理 zh_0466... (366/1174)

  质量组: high (4个候选笑话)
    评估模型: qwen3-max
    [qwen3-max] 决策: select | 选笑话编号: 2
    评估模型: deepseek-v3.2
    [deepseek-v3.2] 决策: select | 选笑话编号: 2
    评估模型: kimi-k2.5
    [kimi-k2.5] 决策: create | 选笑话编号: None

  质量组: medium (4个候选笑话)
    评估模型: qwen3-max
    [qwen3-max] 决策: select | 选笑话编号: 4
    评估模型: deepseek-v3.2
    [deepseek-v3.2] 决策: select | 选笑话编号: 4
    评估模型: kimi-k2.5
    [kimi-k2.5] 决策: create | 选笑话编号: None

  质量组: low (4个候选笑话)
    评估模型: qwen3-max
    [qwen3-max] 决策: create | 选笑话编号: None
    评估模型: deepseek-v3.2
    [deepseek-v3.2] 决策: create | 选笑话编号: None
    评估模型: kimi-k2.5
    [kimi-k2.5] 决策: create | 选笑话编号: None

  Item完成: 耗时74.1s | 总耗时349.1min
  速率限制器状态: 可用令牌=48.0/48
  已保存中间结果 (366 条)

============================================================
处理 zh_0467... (367/1174)

  质量组: high (4个候选笑话)
    评估模型: qwen3-max
    [qwen3-max] 决策: select | 选笑话编号: 2
    评估模型: deepseek-v3.2
    [deepseek-v3.2] 决策: select | 选笑话编号: 1
    评估模型: kimi-k2.5
    [kimi-k2.5] 决策: create | 选笑话编号: None

  质量组: medium (4个候选笑话)
    评估模型: qwen3-max
    [qwen3-max] 决策: select | 选笑话编号: 2
    评估模型: deepseek-v3.2
    [deepseek-v3.2] 决策: select | 选笑话编号: 4
    评估模型: kimi-k2.5
    [kimi-k2.5] 决策: create | 选笑话编号: None

  质量组: low (4个候选笑话)
    评估模型: qwen3-max
    [qwen3-max] 决策: create | 选笑话编号: None
    评估模型: deepseek-v3.2
    [deepseek-v3.2] 决策: select | 选笑话编号: 4
    评估模型: kimi-k2.5
    [kimi-k2.5] 决策: create | 选笑话编号: None

  Item完成: 耗时61.5s | 总耗时350.1min
  速率限制器状态: 可用令牌=48.0/48
  已保存中间结果 (367 条)

============================================================
处理 zh_0468... (368/1174)

  质量组: high (4个候选笑话)
    评估模型: qwen3-max
    [qwen3-max] 决策: select | 选笑话编号: 2
    评估模型: deepseek-v3.2
    [deepseek-v3.2] 决策: select | 选笑话编号: 2
    评估模型: kimi-k2.5
    [kimi-k2.5] 决策: create | 选笑话编号: None

  质量组: medium (4个候选笑话)
    评估模型: qwen3-max
    [qwen3-max] 决策: create | 选笑话编号: None
    评估模型: deepseek-v3.2
    [deepseek-v3.2] 决策: select | 选笑话编号: 1
    评估模型: kimi-k2.5
    [kimi-k2.5] 决策: create | 选笑话编号: None

  质量组: low (4个候选笑话)
    评估模型: qwen3-max
    [qwen3-max] 决策: create | 选笑话编号: None
    评估模型: deepseek-v3.2
    [deepseek-v3.2] 决策: create | 选笑话编号: None
    评估模型: kimi-k2.5
    [kimi-k2.5] 决策: create | 选笑话编号: None

  Item完成: 耗时62.1s | 总耗时351.2min
  速率限制器状态: 可用令牌=48.0/48
  已保存中间结果 (368 条)

============================================================
处理 zh_0469... (369/1174)

  质量组: high (4个候选笑话)
    评估模型: qwen3-max
    [qwen3-max] 决策: select | 选笑话编号: 2
    评估模型: deepseek-v3.2
    [deepseek-v3.2] 决策: select | 选笑话编号: 2
    评估模型: kimi-k2.5
    [kimi-k2.5] 决策: select | 选笑话编号: 2

  质量组: medium (4个候选笑话)
    评估模型: qwen3-max
    [qwen3-max] 决策: select | 选笑话编号: 1
    评估模型: deepseek-v3.2
    [deepseek-v3.2] 决策: select | 选笑话编号: 1
    评估模型: kimi-k2.5
    [kimi-k2.5] 决策: create | 选笑话编号: None

  质量组: low (4个候选笑话)
    评估模型: qwen3-max
    [qwen3-max] 决策: create | 选笑话编号: None
    评估模型: deepseek-v3.2
    [deepseek-v3.2] 决策: create | 选笑话编号: None
    评估模型: kimi-k2.5
    [kimi-k2.5] 决策: create | 选笑话编号: None

  Item完成: 耗时68.3s | 总耗时352.3min
  速率限制器状态: 可用令牌=48.0/48
  已保存中间结果 (369 条)

============================================================
处理 zh_0470... (370/1174)

  质量组: high (4个候选笑话)
    评估模型: qwen3-max
    [qwen3-max] 决策: select | 选笑话编号: 2
    评估模型: deepseek-v3.2
    [deepseek-v3.2] 决策: select | 选笑话编号: 2
    评估模型: kimi-k2.5
    [API] JSON解析失败: JSON解析失败: Expecting ',' delimiter: line 5 column 47 (char 218), model=kimi-k2.5
    [kimi-k2.5] 决策:  | 选笑话编号: ?

  质量组: medium (4个候选笑话)
    评估模型: qwen3-max
    [qwen3-max] 决策: select | 选笑话编号: 1
    评估模型: deepseek-v3.2
    [deepseek-v3.2] 决策: select | 选笑话编号: 1
    评估模型: kimi-k2.5
    [kimi-k2.5] 决策: create | 选笑话编号: None

  质量组: low (4个候选笑话)
    评估模型: qwen3-max
    [qwen3-max] 决策: create | 选笑话编号: None
    评估模型: deepseek-v3.2
    [deepseek-v3.2] 决策: select | 选笑话编号: 2
    评估模型: kimi-k2.5
    [API] JSON解析失败: JSON解析失败: Expecting ',' delimiter: line 4 column 32 (char 89), model=kimi-k2.5
    [kimi-k2.5] 决策:  | 选笑话编号: ?

  Item完成: 耗时57.6s | 总耗时353.3min
  速率限制器状态: 可用令牌=48.0/48
  已保存中间结果 (370 条)

============================================================
处理 zh_0471... (371/1174)

  质量组: high (4个候选笑话)
    评估模型: qwen3-max
    [qwen3-max] 决策: select | 选笑话编号: 2
    评估模型: deepseek-v3.2
    [deepseek-v3.2] 决策: select | 选笑话编号: 4
    评估模型: kimi-k2.5
    [kimi-k2.5] 决策: create | 选笑话编号: None

  质量组: medium (4个候选笑话)
    评估模型: qwen3-max
    [qwen3-max] 决策: select | 选笑话编号: 4
    评估模型: deepseek-v3.2
    [deepseek-v3.2] 决策: select | 选笑话编号: 1
    评估模型: kimi-k2.5
    [kimi-k2.5] 决策: create | 选笑话编号: None

  质量组: low (4个候选笑话)
    评估模型: qwen3-max
    [qwen3-max] 决策: select | 选笑话编号: 4
    评估模型: deepseek-v3.2
    [deepseek-v3.2] 决策: select | 选笑话编号: 4
    评估模型: kimi-k2.5
    [kimi-k2.5] 决策: create | 选笑话编号: None

  Item完成: 耗时49.5s | 总耗时354.1min
  速率限制器状态: 可用令牌=48.0/48
  已保存中间结果 (371 条)

============================================================
处理 zh_0472... (372/1174)

  质量组: high (4个候选笑话)
    评估模型: qwen3-max
    [qwen3-max] 决策: select | 选笑话编号: 1
    评估模型: deepseek-v3.2
    [deepseek-v3.2] 决策: select | 选笑话编号: 1
    评估模型: kimi-k2.5
    [kimi-k2.5] 决策: select | 选笑话编号: 1

  质量组: medium (4个候选笑话)
    评估模型: qwen3-max
    [qwen3-max] 决策: select | 选笑话编号: 1
    评估模型: deepseek-v3.2
    [deepseek-v3.2] 决策: select | 选笑话编号: 2
    评估模型: kimi-k2.5
    [kimi-k2.5] 决策: select | 选笑话编号: 2

  质量组: low (4个候选笑话)
    评估模型: qwen3-max
    [qwen3-max] 决策: select | 选笑话编号: 1
    评估模型: deepseek-v3.2
    [deepseek-v3.2] 决策: select | 选笑话编号: 2
    评估模型: kimi-k2.5
    [kimi-k2.5] 决策: create | 选笑话编号: None

  Item完成: 耗时73.4s | 总耗时355.3min
  速率限制器状态: 可用令牌=48.0/48
  已保存中间结果 (372 条)

============================================================
处理 zh_0473... (373/1174)

  质量组: high (4个候选笑话)
    评估模型: qwen3-max
    [qwen3-max] 决策: select | 选笑话编号: 1
    评估模型: deepseek-v3.2
    [deepseek-v3.2] 决策: select | 选笑话编号: 1
    评估模型: kimi-k2.5
    [kimi-k2.5] 决策: create | 选笑话编号: None

  质量组: medium (4个候选笑话)
    评估模型: qwen3-max
    [qwen3-max] 决策: select | 选笑话编号: 2
    评估模型: deepseek-v3.2
    [deepseek-v3.2] 决策: select | 选笑话编号: 4
    评估模型: kimi-k2.5
    [kimi-k2.5] 决策: create | 选笑话编号: None

  质量组: low (4个候选笑话)
    评估模型: qwen3-max
    [qwen3-max] 决策: create | 选笑话编号: None
    评估模型: deepseek-v3.2
    [deepseek-v3.2] 决策: create | 选笑话编号: None
    评估模型: kimi-k2.5
    [kimi-k2.5] 决策: create | 选笑话编号: None

  Item完成: 耗时49.8s | 总耗时356.1min
  速率限制器状态: 可用令牌=48.0/48
  已保存中间结果 (373 条)

============================================================
处理 zh_0474... (374/1174)

  质量组: high (4个候选笑话)
    评估模型: qwen3-max
    [qwen3-max] 决策: select | 选笑话编号: 1
    评估模型: deepseek-v3.2
    [deepseek-v3.2] 决策: select | 选笑话编号: 4
    评估模型: kimi-k2.5
    [API] JSON解析失败: JSON解析失败: Expecting ',' delimiter: line 5 column 35 (char 198), model=kimi-k2.5
    [kimi-k2.5] 决策:  | 选笑话编号: ?

  质量组: medium (4个候选笑话)
    评估模型: qwen3-max
    [qwen3-max] 决策: select | 选笑话编号: 1
    评估模型: deepseek-v3.2
    [deepseek-v3.2] 决策: select | 选笑话编号: 1
    评估模型: kimi-k2.5
    [kimi-k2.5] 决策: create | 选笑话编号: None

  质量组: low (4个候选笑话)
    评估模型: qwen3-max
    [qwen3-max] 决策: create | 选笑话编号: None
    评估模型: deepseek-v3.2
    [deepseek-v3.2] 决策: create | 选笑话编号: None
    评估模型: kimi-k2.5
    [kimi-k2.5] 决策: create | 选笑话编号: None

  Item完成: 耗时50.6s | 总耗时357.0min
  速率限制器状态: 可用令牌=48.0/48
  已保存中间结果 (374 条)

============================================================
处理 zh_0475... (375/1174)

  质量组: high (4个候选笑话)
    评估模型: qwen3-max
    [qwen3-max] 决策: select | 选笑话编号: 2
    评估模型: deepseek-v3.2
    [deepseek-v3.2] 决策: select | 选笑话编号: 3
    评估模型: kimi-k2.5
    [kimi-k2.5] 决策: create | 选笑话编号: None

  质量组: medium (4个候选笑话)
    评估模型: qwen3-max
    [qwen3-max] 决策: select | 选笑话编号: 1
    评估模型: deepseek-v3.2
    [deepseek-v3.2] 决策: select | 选笑话编号: 1
    评估模型: kimi-k2.5
    [kimi-k2.5] 决策: create | 选笑话编号: None

  质量组: low (4个候选笑话)
    评估模型: qwen3-max
    [qwen3-max] 决策: select | 选笑话编号: 1
    评估模型: deepseek-v3.2
    [deepseek-v3.2] 决策: select | 选笑话编号: 1
    评估模型: kimi-k2.5
    [kimi-k2.5] 决策: create | 选笑话编号: None

  Item完成: 耗时60.9s | 总耗时358.0min
  速率限制器状态: 可用令牌=48.0/48
  已保存中间结果 (375 条)

============================================================
处理 zh_0476... (376/1174)

  质量组: high (4个候选笑话)
    评估模型: qwen3-max
    [qwen3-max] 决策: select | 选笑话编号: 2
    评估模型: deepseek-v3.2
    [deepseek-v3.2] 决策: select | 选笑话编号: 2
    评估模型: kimi-k2.5
    [kimi-k2.5] 决策: create | 选笑话编号: None

  质量组: medium (4个候选笑话)
    评估模型: qwen3-max
    [qwen3-max] 决策: select | 选笑话编号: 2
    评估模型: deepseek-v3.2
    [deepseek-v3.2] 决策: select | 选笑话编号: 2
    评估模型: kimi-k2.5
    [kimi-k2.5] 决策: create | 选笑话编号: None

  质量组: low (4个候选笑话)
    评估模型: qwen3-max
    [qwen3-max] 决策: create | 选笑话编号: None
    评估模型: deepseek-v3.2
    [deepseek-v3.2] 决策: select | 选笑话编号: 4
    评估模型: kimi-k2.5
    [kimi-k2.5] 决策: create | 选笑话编号: None

  Item完成: 耗时62.1s | 总耗时359.0min
  速率限制器状态: 可用令牌=48.0/48
  已保存中间结果 (376 条)

============================================================
处理 zh_0477... (377/1174)

  质量组: high (4个候选笑话)
    评估模型: qwen3-max
    [qwen3-max] 决策: select | 选笑话编号: 2
    评估模型: deepseek-v3.2
    [deepseek-v3.2] 决策: select | 选笑话编号: 4
    评估模型: kimi-k2.5
    [kimi-k2.5] 决策: create | 选笑话编号: None

  质量组: medium (4个候选笑话)
    评估模型: qwen3-max
    [qwen3-max] 决策: select | 选笑话编号: 1
    评估模型: deepseek-v3.2
    [deepseek-v3.2] 决策: select | 选笑话编号: 1
    评估模型: kimi-k2.5
    [kimi-k2.5] 决策: create | 选笑话编号: None

  质量组: low (4个候选笑话)
    评估模型: qwen3-max
    [qwen3-max] 决策: select | 选笑话编号: 2
    评估模型: deepseek-v3.2
    [deepseek-v3.2] 决策: select | 选笑话编号: 2
    评估模型: kimi-k2.5
    [kimi-k2.5] 决策: create | 选笑话编号: None

  Item完成: 耗时51.3s | 总耗时359.9min
  速率限制器状态: 可用令牌=48.0/48
  已保存中间结果 (377 条)

============================================================
处理 zh_0478... (378/1174)

  质量组: high (4个候选笑话)
    评估模型: qwen3-max
    [qwen3-max] 决策: select | 选笑话编号: 2
    评估模型: deepseek-v3.2
    [deepseek-v3.2] 决策: select | 选笑话编号: 3
    评估模型: kimi-k2.5
    [kimi-k2.5] 决策: select | 选笑话编号: 3

  质量组: medium (4个候选笑话)
    评估模型: qwen3-max
    [qwen3-max] 决策: select | 选笑话编号: 1
    评估模型: deepseek-v3.2
    [deepseek-v3.2] 决策: select | 选笑话编号: 2
    评估模型: kimi-k2.5
    [kimi-k2.5] 决策: create | 选笑话编号: None

  质量组: low (4个候选笑话)
    评估模型: qwen3-max
    [qwen3-max] 决策: create | 选笑话编号: None
    评估模型: deepseek-v3.2
    [deepseek-v3.2] 决策: select | 选笑话编号: 2
    评估模型: kimi-k2.5
    [kimi-k2.5] 决策: create | 选笑话编号: None

  Item完成: 耗时61.3s | 总耗时360.9min
  速率限制器状态: 可用令牌=48.0/48
  已保存中间结果 (378 条)

============================================================
处理 zh_0479... (379/1174)

  质量组: high (4个候选笑话)
    评估模型: qwen3-max
    [qwen3-max] 决策: select | 选笑话编号: 2
    评估模型: deepseek-v3.2
    [deepseek-v3.2] 决策: select | 选笑话编号: 2
    评估模型: kimi-k2.5
    [kimi-k2.5] 决策: create | 选笑话编号: None

  质量组: medium (4个候选笑话)
    评估模型: qwen3-max
    [qwen3-max] 决策: select | 选笑话编号: 1
    评估模型: deepseek-v3.2
    [deepseek-v3.2] 决策: select | 选笑话编号: 2
    评估模型: kimi-k2.5
    [kimi-k2.5] 决策: create | 选笑话编号: None

  质量组: low (4个候选笑话)
    评估模型: qwen3-max
    [qwen3-max] 决策: create | 选笑话编号: None
    评估模型: deepseek-v3.2
    [deepseek-v3.2] 决策: create | 选笑话编号: None
    评估模型: kimi-k2.5
    [kimi-k2.5] 决策: create | 选笑话编号: None

  Item完成: 耗时68.1s | 总耗时362.1min
  速率限制器状态: 可用令牌=48.0/48
  已保存中间结果 (379 条)

============================================================
处理 zh_0480... (380/1174)

  质量组: high (4个候选笑话)
    评估模型: qwen3-max
    [qwen3-max] 决策: create | 选笑话编号: None
    评估模型: deepseek-v3.2
    [deepseek-v3.2] 决策: select | 选笑话编号: 1
    评估模型: kimi-k2.5
    [kimi-k2.5] 决策: create | 选笑话编号: None

  质量组: medium (4个候选笑话)
    评估模型: qwen3-max
    [qwen3-max] 决策: select | 选笑话编号: 2
    评估模型: deepseek-v3.2
    [deepseek-v3.2] 决策: select | 选笑话编号: 1
    评估模型: kimi-k2.5
    [kimi-k2.5] 决策: create | 选笑话编号: None

  质量组: low (4个候选笑话)
    评估模型: qwen3-max
    [qwen3-max] 决策: select | 选笑话编号: 1
    评估模型: deepseek-v3.2
    [deepseek-v3.2] 决策: select | 选笑话编号: 2
    评估模型: kimi-k2.5
    [kimi-k2.5] 决策: create | 选笑话编号: None

  Item完成: 耗时54.6s | 总耗时363.0min
  速率限制器状态: 可用令牌=48.0/48
  已保存中间结果 (380 条)

============================================================
处理 zh_0481... (381/1174)

  质量组: high (4个候选笑话)
    评估模型: qwen3-max
    [qwen3-max] 决策: select | 选笑话编号: 4
    评估模型: deepseek-v3.2
    [deepseek-v3.2] 决策: select | 选笑话编号: 4
    评估模型: kimi-k2.5
    [kimi-k2.5] 决策: create | 选笑话编号: None

  质量组: medium (4个候选笑话)
    评估模型: qwen3-max
    [qwen3-max] 决策: select | 选笑话编号: 2
    评估模型: deepseek-v3.2
    [deepseek-v3.2] 决策: select | 选笑话编号: 2
    评估模型: kimi-k2.5
    [kimi-k2.5] 决策: create | 选笑话编号: None

  质量组: low (4个候选笑话)
    评估模型: qwen3-max
    [qwen3-max] 决策: create | 选笑话编号: None
    评估模型: deepseek-v3.2
    [deepseek-v3.2] 决策: select | 选笑话编号: 2
    评估模型: kimi-k2.5
    [kimi-k2.5] 决策: create | 选笑话编号: None

  Item完成: 耗时53.6s | 总耗时363.9min
  速率限制器状态: 可用令牌=48.0/48
  已保存中间结果 (381 条)

============================================================
处理 zh_0482... (382/1174)

  质量组: high (4个候选笑话)
    评估模型: qwen3-max
    [qwen3-max] 决策: select | 选笑话编号: 2
    评估模型: deepseek-v3.2
    [deepseek-v3.2] 决策: select | 选笑话编号: 3
    评估模型: kimi-k2.5
    [kimi-k2.5] 决策: select | 选笑话编号: 3

  质量组: medium (4个候选笑话)
    评估模型: qwen3-max
    [qwen3-max] 决策: select | 选笑话编号: 4
    评估模型: deepseek-v3.2
    [deepseek-v3.2] 决策: select | 选笑话编号: 4
    评估模型: kimi-k2.5
    [kimi-k2.5] 决策: select | 选笑话编号: 1

  质量组: low (4个候选笑话)
    评估模型: qwen3-max
    [qwen3-max] 决策: create | 选笑话编号: None
    评估模型: deepseek-v3.2
    [deepseek-v3.2] 决策: select | 选笑话编号: 3
    评估模型: kimi-k2.5
    [kimi-k2.5] 决策: create | 选笑话编号: None

  Item完成: 耗时56.3s | 总耗时364.8min
  速率限制器状态: 可用令牌=48.0/48
  已保存中间结果 (382 条)

============================================================
处理 zh_0483... (383/1174)

  质量组: high (4个候选笑话)
    评估模型: qwen3-max
    [qwen3-max] 决策: select | 选笑话编号: 2
    评估模型: deepseek-v3.2
    [deepseek-v3.2] 决策: select | 选笑话编号: 2
    评估模型: kimi-k2.5
    [kimi-k2.5] 决策: select | 选笑话编号: 2

  质量组: medium (4个候选笑话)
    评估模型: qwen3-max
    [qwen3-max] 决策: select | 选笑话编号: 2
    评估模型: deepseek-v3.2
    [deepseek-v3.2] 决策: select | 选笑话编号: 2
    评估模型: kimi-k2.5
    [kimi-k2.5] 决策: create | 选笑话编号: None

  质量组: low (4个候选笑话)
    评估模型: qwen3-max
    [qwen3-max] 决策: create | 选笑话编号: None
    评估模型: deepseek-v3.2
    [deepseek-v3.2] 决策: select | 选笑话编号: 1
    评估模型: kimi-k2.5
    [kimi-k2.5] 决策: create | 选笑话编号: None

  Item完成: 耗时63.9s | 总耗时365.9min
  速率限制器状态: 可用令牌=48.0/48
  已保存中间结果 (383 条)

============================================================
处理 zh_0484... (384/1174)

  质量组: high (4个候选笑话)
    评估模型: qwen3-max
    [qwen3-max] 决策: select | 选笑话编号: 2
    评估模型: deepseek-v3.2
    [deepseek-v3.2] 决策: select | 选笑话编号: 2
    评估模型: kimi-k2.5
    [kimi-k2.5] 决策: create | 选笑话编号: None

  质量组: medium (4个候选笑话)
    评估模型: qwen3-max
    [qwen3-max] 决策: select | 选笑话编号: 4
    评估模型: deepseek-v3.2
    [deepseek-v3.2] 决策: select | 选笑话编号: 4
    评估模型: kimi-k2.5
    [kimi-k2.5] 决策: select | 选笑话编号: 4

  质量组: low (4个候选笑话)
    评估模型: qwen3-max
    [qwen3-max] 决策: create | 选笑话编号: None
    评估模型: deepseek-v3.2
    [deepseek-v3.2] 决策: create | 选笑话编号: None
    评估模型: kimi-k2.5
    [kimi-k2.5] 决策: create | 选笑话编号: None

  Item完成: 耗时56.4s | 总耗时366.8min
  速率限制器状态: 可用令牌=48.0/48
  已保存中间结果 (384 条)

============================================================
处理 zh_0485... (385/1174)

  质量组: high (4个候选笑话)
    评估模型: qwen3-max
    [qwen3-max] 决策: select | 选笑话编号: 2
    评估模型: deepseek-v3.2
    [deepseek-v3.2] 决策: select | 选笑话编号: 2
    评估模型: kimi-k2.5
    [kimi-k2.5] 决策: create | 选笑话编号: None

  质量组: medium (4个候选笑话)
    评估模型: qwen3-max
    [qwen3-max] 决策: select | 选笑话编号: 2
    评估模型: deepseek-v3.2
    [deepseek-v3.2] 决策: select | 选笑话编号: 2
    评估模型: kimi-k2.5
    [kimi-k2.5] 决策: select | 选笑话编号: 2

  质量组: low (4个候选笑话)
    评估模型: qwen3-max
    [qwen3-max] 决策: select | 选笑话编号: 3
    评估模型: deepseek-v3.2
    [deepseek-v3.2] 决策: select | 选笑话编号: 3
    评估模型: kimi-k2.5
    [API] JSON解析失败: JSON解析失败: Expecting ',' delimiter: line 4 column 112 (char 169), model=kimi-k2.5
    [kimi-k2.5] 决策:  | 选笑话编号: ?

  Item完成: 耗时55.6s | 总耗时367.8min
  速率限制器状态: 可用令牌=48.0/48
  已保存中间结果 (385 条)

============================================================
处理 zh_0486... (386/1174)

  质量组: high (4个候选笑话)
    评估模型: qwen3-max
    [qwen3-max] 决策: select | 选笑话编号: 4
    评估模型: deepseek-v3.2
    [deepseek-v3.2] 决策: select | 选笑话编号: 3
    评估模型: kimi-k2.5
    [kimi-k2.5] 决策: create | 选笑话编号: None

  质量组: medium (4个候选笑话)
    评估模型: qwen3-max
    [qwen3-max] 决策: select | 选笑话编号: 2
    评估模型: deepseek-v3.2
    [deepseek-v3.2] 决策: select | 选笑话编号: 4
    评估模型: kimi-k2.5
    [kimi-k2.5] 决策: create | 选笑话编号: None

  质量组: low (4个候选笑话)
    评估模型: qwen3-max
    [qwen3-max] 决策: select | 选笑话编号: 4
    评估模型: deepseek-v3.2
    [deepseek-v3.2] 决策: select | 选笑话编号: 1
    评估模型: kimi-k2.5
    [kimi-k2.5] 决策: create | 选笑话编号: None

  Item完成: 耗时53.0s | 总耗时368.6min
  速率限制器状态: 可用令牌=48.0/48
  已保存中间结果 (386 条)

============================================================
处理 zh_0487... (387/1174)

  质量组: high (4个候选笑话)
    评估模型: qwen3-max
    [qwen3-max] 决策: create | 选笑话编号: None
    评估模型: deepseek-v3.2
    [deepseek-v3.2] 决策: create | 选笑话编号: None
    评估模型: kimi-k2.5
    [kimi-k2.5] 决策: create | 选笑话编号: None

  质量组: medium (4个候选笑话)
    评估模型: qwen3-max
    [qwen3-max] 决策: create | 选笑话编号: None
    评估模型: deepseek-v3.2
    [deepseek-v3.2] 决策: select | 选笑话编号: 2
    评估模型: kimi-k2.5
    [kimi-k2.5] 决策: create | 选笑话编号: None

  质量组: low (4个候选笑话)
    评估模型: qwen3-max
    [qwen3-max] 决策: create | 选笑话编号: None
    评估模型: deepseek-v3.2
    [deepseek-v3.2] 决策: create | 选笑话编号: None
    评估模型: kimi-k2.5
    [kimi-k2.5] 决策: create | 选笑话编号: None

  Item完成: 耗时50.9s | 总耗时369.5min
  速率限制器状态: 可用令牌=48.0/48
  已保存中间结果 (387 条)

============================================================
处理 zh_0488... (388/1174)

  质量组: high (4个候选笑话)
    评估模型: qwen3-max
    [qwen3-max] 决策: select | 选笑话编号: 2
    评估模型: deepseek-v3.2
    [deepseek-v3.2] 决策: create | 选笑话编号: None
    评估模型: kimi-k2.5
    [kimi-k2.5] 决策: create | 选笑话编号: None

  质量组: medium (4个候选笑话)
    评估模型: qwen3-max
    [qwen3-max] 决策: select | 选笑话编号: 2
    评估模型: deepseek-v3.2
    [deepseek-v3.2] 决策: select | 选笑话编号: 4
    评估模型: kimi-k2.5
    [kimi-k2.5] 决策: create | 选笑话编号: None

  质量组: low (4个候选笑话)
    评估模型: qwen3-max
    [qwen3-max] 决策: create | 选笑话编号: None
    评估模型: deepseek-v3.2
    [deepseek-v3.2] 决策: select | 选笑话编号: 2
    评估模型: kimi-k2.5
    [kimi-k2.5] 决策: create | 选笑话编号: None

  Item完成: 耗时56.8s | 总耗时370.4min
  速率限制器状态: 可用令牌=48.0/48
  已保存中间结果 (388 条)

============================================================
处理 zh_0489... (389/1174)

  质量组: high (4个候选笑话)
    评估模型: qwen3-max
    [qwen3-max] 决策: select | 选笑话编号: 2
    评估模型: deepseek-v3.2
    [deepseek-v3.2] 决策: select | 选笑话编号: 2
    评估模型: kimi-k2.5
    [kimi-k2.5] 决策: select | 选笑话编号: 2

  质量组: medium (4个候选笑话)
    评估模型: qwen3-max
    [qwen3-max] 决策: select | 选笑话编号: 1
    评估模型: deepseek-v3.2
    [deepseek-v3.2] 决策: select | 选笑话编号: 1
    评估模型: kimi-k2.5
    [kimi-k2.5] 决策: select | 选笑话编号: 1

  质量组: low (4个候选笑话)
    评估模型: qwen3-max
    [qwen3-max] 决策: select | 选笑话编号: 1
    评估模型: deepseek-v3.2
    [deepseek-v3.2] 决策: select | 选笑话编号: 1
    评估模型: kimi-k2.5
    [kimi-k2.5] 决策: create | 选笑话编号: None

  Item完成: 耗时63.4s | 总耗时371.5min
  速率限制器状态: 可用令牌=48.0/48
  已保存中间结果 (389 条)

============================================================
处理 zh_0490... (390/1174)

  质量组: high (4个候选笑话)
    评估模型: qwen3-max
    [qwen3-max] 决策: select | 选笑话编号: 3
    评估模型: deepseek-v3.2
    [deepseek-v3.2] 决策: create | 选笑话编号: None
    评估模型: kimi-k2.5
    [API] JSON解析失败: JSON解析失败: Expecting ',' delimiter: line 5 column 25 (char 196), model=kimi-k2.5
    [kimi-k2.5] 决策:  | 选笑话编号: ?

  质量组: medium (4个候选笑话)
    评估模型: qwen3-max
    [qwen3-max] 决策: create | 选笑话编号: None
    评估模型: deepseek-v3.2
    [deepseek-v3.2] 决策: select | 选笑话编号: 4
    评估模型: kimi-k2.5
    [kimi-k2.5] 决策: create | 选笑话编号: None

  质量组: low (4个候选笑话)
    评估模型: qwen3-max
    [qwen3-max] 决策: select | 选笑话编号: 1
    评估模型: deepseek-v3.2
    [deepseek-v3.2] 决策: select | 选笑话编号: 1
    评估模型: kimi-k2.5
    [API] JSON解析失败: JSON解析失败: Expecting ',' delimiter: line 4 column 33 (char 90), model=kimi-k2.5
    [kimi-k2.5] 决策:  | 选笑话编号: ?

  Item完成: 耗时52.8s | 总耗时372.4min
  速率限制器状态: 可用令牌=48.0/48
  已保存中间结果 (390 条)

============================================================
处理 zh_0491... (391/1174)

  质量组: high (4个候选笑话)
    评估模型: qwen3-max
    [qwen3-max] 决策: select | 选笑话编号: 2
    评估模型: deepseek-v3.2
    [deepseek-v3.2] 决策: select | 选笑话编号: 4
    评估模型: kimi-k2.5
    [kimi-k2.5] 决策: select | 选笑话编号: 2

  质量组: medium (4个候选笑话)
    评估模型: qwen3-max
    [qwen3-max] 决策: select | 选笑话编号: 2
    评估模型: deepseek-v3.2
    [deepseek-v3.2] 决策: select | 选笑话编号: 2
    评估模型: kimi-k2.5
    [kimi-k2.5] 决策: select | 选笑话编号: 2

  质量组: low (4个候选笑话)
    评估模型: qwen3-max
    [qwen3-max] 决策: create | 选笑话编号: None
    评估模型: deepseek-v3.2
    [deepseek-v3.2] 决策: select | 选笑话编号: 1
    评估模型: kimi-k2.5
    [kimi-k2.5] 决策: create | 选笑话编号: None

  Item完成: 耗时59.7s | 总耗时373.4min
  速率限制器状态: 可用令牌=48.0/48
  已保存中间结果 (391 条)

============================================================
处理 zh_0492... (392/1174)

  质量组: high (4个候选笑话)
    评估模型: qwen3-max
    [qwen3-max] 决策: select | 选笑话编号: 4
    评估模型: deepseek-v3.2
    [deepseek-v3.2] 决策: select | 选笑话编号: 4
    评估模型: kimi-k2.5
    [kimi-k2.5] 决策: select | 选笑话编号: 4

  质量组: medium (4个候选笑话)
    评估模型: qwen3-max
    [qwen3-max] 决策: select | 选笑话编号: 2
    评估模型: deepseek-v3.2
    [deepseek-v3.2] 决策: select | 选笑话编号: 2
    评估模型: kimi-k2.5
    [kimi-k2.5] 决策: create | 选笑话编号: None

  质量组: low (4个候选笑话)
    评估模型: qwen3-max
    [qwen3-max] 决策: create | 选笑话编号: None
    评估模型: deepseek-v3.2
    [deepseek-v3.2] 决策: create | 选笑话编号: None
    评估模型: kimi-k2.5
    [kimi-k2.5] 决策: create | 选笑话编号: None

  Item完成: 耗时60.4s | 总耗时374.4min
  速率限制器状态: 可用令牌=48.0/48
  已保存中间结果 (392 条)

============================================================
处理 zh_0493... (393/1174)

  质量组: high (4个候选笑话)
    评估模型: qwen3-max
    [qwen3-max] 决策: select | 选笑话编号: 2
    评估模型: deepseek-v3.2
    [deepseek-v3.2] 决策: select | 选笑话编号: 4
    评估模型: kimi-k2.5
    [API] JSON解析失败: JSON解析失败: Expecting ',' delimiter: line 4 column 31 (char 88), model=kimi-k2.5
    [kimi-k2.5] 决策:  | 选笑话编号: ?

  质量组: medium (4个候选笑话)
    评估模型: qwen3-max
    [qwen3-max] 决策: select | 选笑话编号: 1
    评估模型: deepseek-v3.2
    [deepseek-v3.2] 决策: select | 选笑话编号: 1
    评估模型: kimi-k2.5
    [kimi-k2.5] 决策: create | 选笑话编号: None

  质量组: low (4个候选笑话)
    评估模型: qwen3-max
    [qwen3-max] 决策: select | 选笑话编号: 1
    评估模型: deepseek-v3.2
    [deepseek-v3.2] 决策: select | 选笑话编号: 2
    评估模型: kimi-k2.5
    [kimi-k2.5] 决策: create | 选笑话编号: None

  Item完成: 耗时54.4s | 总耗时375.3min
  速率限制器状态: 可用令牌=48.0/48
  已保存中间结果 (393 条)

============================================================
处理 zh_0494... (394/1174)

  质量组: high (4个候选笑话)
    评估模型: qwen3-max
    [qwen3-max] 决策: select | 选笑话编号: 2
    评估模型: deepseek-v3.2
    [deepseek-v3.2] 决策: select | 选笑话编号: 1
    评估模型: kimi-k2.5
    [kimi-k2.5] 决策: create | 选笑话编号: None

  质量组: medium (4个候选笑话)
    评估模型: qwen3-max
    [qwen3-max] 决策: select | 选笑话编号: 1
    评估模型: deepseek-v3.2
    [deepseek-v3.2] 决策: select | 选笑话编号: 1
    评估模型: kimi-k2.5
    [kimi-k2.5] 决策: create | 选笑话编号: None

  质量组: low (4个候选笑话)
    评估模型: qwen3-max
    [qwen3-max] 决策: create | 选笑话编号: None
    评估模型: deepseek-v3.2
    [deepseek-v3.2] 决策: select | 选笑话编号: 4
    评估模型: kimi-k2.5
    [kimi-k2.5] 决策: create | 选笑话编号: None

  Item完成: 耗时64.4s | 总耗时376.4min
  速率限制器状态: 可用令牌=48.0/48
  已保存中间结果 (394 条)

============================================================
处理 zh_0495... (395/1174)

  质量组: high (4个候选笑话)
    评估模型: qwen3-max
    [qwen3-max] 决策: select | 选笑话编号: 2
    评估模型: deepseek-v3.2
    [deepseek-v3.2] 决策: select | 选笑话编号: 2
    评估模型: kimi-k2.5
    [kimi-k2.5] 决策: create | 选笑话编号: None

  质量组: medium (4个候选笑话)
    评估模型: qwen3-max
    [qwen3-max] 决策: select | 选笑话编号: 1
    评估模型: deepseek-v3.2
    [deepseek-v3.2] 决策: select | 选笑话编号: 1
    评估模型: kimi-k2.5
    [kimi-k2.5] 决策: create | 选笑话编号: None

  质量组: low (4个候选笑话)
    评估模型: qwen3-max
    [qwen3-max] 决策: select | 选笑话编号: 3
    评估模型: deepseek-v3.2
    [deepseek-v3.2] 决策: create | 选笑话编号: None
    评估模型: kimi-k2.5
    [kimi-k2.5] 决策: create | 选笑话编号: None

  Item完成: 耗时65.0s | 总耗时377.5min
  速率限制器状态: 可用令牌=48.0/48
  已保存中间结果 (395 条)

============================================================
处理 zh_0496... (396/1174)

  质量组: high (4个候选笑话)
    评估模型: qwen3-max
    [qwen3-max] 决策: select | 选笑话编号: 2
    评估模型: deepseek-v3.2
    [deepseek-v3.2] 决策: create | 选笑话编号: None
    评估模型: kimi-k2.5
    [kimi-k2.5] 决策: create | 选笑话编号: None

  质量组: medium (4个候选笑话)
    评估模型: qwen3-max
    [qwen3-max] 决策: select | 选笑话编号: 2
    评估模型: deepseek-v3.2
    [deepseek-v3.2] 决策: select | 选笑话编号: 2
    评估模型: kimi-k2.5
    [kimi-k2.5] 决策: create | 选笑话编号: None

  质量组: low (4个候选笑话)
    评估模型: qwen3-max
    [qwen3-max] 决策: create | 选笑话编号: None
    评估模型: deepseek-v3.2
    [deepseek-v3.2] 决策: select | 选笑话编号: 3
    评估模型: kimi-k2.5
    [kimi-k2.5] 决策: create | 选笑话编号: None

  Item完成: 耗时66.1s | 总耗时378.6min
  速率限制器状态: 可用令牌=48.0/48
  已保存中间结果 (396 条)

============================================================
处理 zh_0497... (397/1174)

  质量组: high (4个候选笑话)
    评估模型: qwen3-max
    [qwen3-max] 决策: select | 选笑话编号: 4
    评估模型: deepseek-v3.2
    [deepseek-v3.2] 决策: select | 选笑话编号: 1
    评估模型: kimi-k2.5
    [kimi-k2.5] 决策: create | 选笑话编号: None

  质量组: medium (4个候选笑话)
    评估模型: qwen3-max
    [qwen3-max] 决策: select | 选笑话编号: 4
    评估模型: deepseek-v3.2
    [deepseek-v3.2] 决策: select | 选笑话编号: 4
    评估模型: kimi-k2.5
    [API] JSON解析失败: JSON解析失败: Expecting ',' delimiter: line 4 column 37 (char 94), model=kimi-k2.5
    [kimi-k2.5] 决策:  | 选笑话编号: ?

  质量组: low (4个候选笑话)
    评估模型: qwen3-max
    [qwen3-max] 决策: select | 选笑话编号: 4
    评估模型: deepseek-v3.2
    [deepseek-v3.2] 决策: select | 选笑话编号: 4
    评估模型: kimi-k2.5
    [API] JSON解析失败: JSON解析失败: Expecting ',' delimiter: line 4 column 33 (char 90), model=kimi-k2.5
    [kimi-k2.5] 决策:  | 选笑话编号: ?

  Item完成: 耗时50.8s | 总耗时379.4min
  速率限制器状态: 可用令牌=48.0/48
  已保存中间结果 (397 条)

============================================================
处理 zh_0498... (398/1174)

  质量组: high (4个候选笑话)
    评估模型: qwen3-max
    [qwen3-max] 决策: select | 选笑话编号: 3
    评估模型: deepseek-v3.2
    [deepseek-v3.2] 决策: select | 选笑话编号: 4
    评估模型: kimi-k2.5
    [kimi-k2.5] 决策: create | 选笑话编号: None

  质量组: medium (4个候选笑话)
    评估模型: qwen3-max
    [qwen3-max] 决策: select | 选笑话编号: 4
    评估模型: deepseek-v3.2
    [deepseek-v3.2] 决策: select | 选笑话编号: 4
    评估模型: kimi-k2.5
    [kimi-k2.5] 决策: create | 选笑话编号: None

  质量组: low (4个候选笑话)
    评估模型: qwen3-max
    [qwen3-max] 决策: create | 选笑话编号: None
    评估模型: deepseek-v3.2
    [deepseek-v3.2] 决策: create | 选笑话编号: None
    评估模型: kimi-k2.5
    [kimi-k2.5] 决策: create | 选笑话编号: None

  Item完成: 耗时58.0s | 总耗时380.4min
  速率限制器状态: 可用令牌=48.0/48
  已保存中间结果 (398 条)

============================================================
处理 zh_0499... (399/1174)

  质量组: high (4个候选笑话)
    评估模型: qwen3-max
    [qwen3-max] 决策: select | 选笑话编号: 2
    评估模型: deepseek-v3.2
    [deepseek-v3.2] 决策: select | 选笑话编号: 1
    评估模型: kimi-k2.5
    [kimi-k2.5] 决策: create | 选笑话编号: None

  质量组: medium (4个候选笑话)
    评估模型: qwen3-max
    [qwen3-max] 决策: select | 选笑话编号: 1
    评估模型: deepseek-v3.2
    [deepseek-v3.2] 决策: select | 选笑话编号: 1
    评估模型: kimi-k2.5
    [kimi-k2.5] 决策: create | 选笑话编号: None

  质量组: low (4个候选笑话)
    评估模型: qwen3-max
    [qwen3-max] 决策: create | 选笑话编号: None
    评估模型: deepseek-v3.2
    [deepseek-v3.2] 决策: select | 选笑话编号: 2
    评估模型: kimi-k2.5
    [kimi-k2.5] 决策: create | 选笑话编号: None

  Item完成: 耗时64.1s | 总耗时381.5min
  速率限制器状态: 可用令牌=48.0/48
  已保存中间结果 (399 条)

============================================================
处理 zh_0500... (400/1174)

  质量组: high (4个候选笑话)
    评估模型: qwen3-max
    [qwen3-max] 决策: select | 选笑话编号: 1
    评估模型: deepseek-v3.2
    [deepseek-v3.2] 决策: select | 选笑话编号: 4
    评估模型: kimi-k2.5
    [API] JSON解析失败: JSON解析失败: Expecting ',' delimiter: line 4 column 31 (char 88), model=kimi-k2.5
    [kimi-k2.5] 决策:  | 选笑话编号: ?

  质量组: medium (4个候选笑话)
    评估模型: qwen3-max
    [qwen3-max] 决策: select | 选笑话编号: 2
    评估模型: deepseek-v3.2
    [deepseek-v3.2] 决策: select | 选笑话编号: 4
    评估模型: kimi-k2.5
    [kimi-k2.5] 决策: create | 选笑话编号: None

  质量组: low (4个候选笑话)
    评估模型: qwen3-max
    [qwen3-max] 决策: create | 选笑话编号: None
    评估模型: deepseek-v3.2
    [deepseek-v3.2] 决策: select | 选笑话编号: 1
    评估模型: kimi-k2.5
    [kimi-k2.5] 决策: create | 选笑话编号: None

  Item完成: 耗时59.8s | 总耗时382.5min
  速率限制器状态: 可用令牌=48.0/48
  已保存中间结果 (400 条)

============================================================
处理 zh_0501... (401/1174)

  质量组: high (4个候选笑话)
    评估模型: qwen3-max
    [qwen3-max] 决策: select | 选笑话编号: 3
    评估模型: deepseek-v3.2
    [deepseek-v3.2] 决策: select | 选笑话编号: 1
    评估模型: kimi-k2.5
    [kimi-k2.5] 决策: create | 选笑话编号: None

  质量组: medium (4个候选笑话)
    评估模型: qwen3-max
    [qwen3-max] 决策: select | 选笑话编号: 1
    评估模型: deepseek-v3.2
    [deepseek-v3.2] 决策: select | 选笑话编号: 1
    评估模型: kimi-k2.5
    [kimi-k2.5] 决策: create | 选笑话编号: None

  质量组: low (4个候选笑话)
    评估模型: qwen3-max
    [qwen3-max] 决策: create | 选笑话编号: None
    评估模型: deepseek-v3.2
    [deepseek-v3.2] 决策: create | 选笑话编号: None
    评估模型: kimi-k2.5
    [kimi-k2.5] 决策: create | 选笑话编号: None

  Item完成: 耗时61.9s | 总耗时383.5min
  速率限制器状态: 可用令牌=48.0/48
  已保存中间结果 (401 条)

============================================================
处理 zh_0502... (402/1174)

  质量组: high (4个候选笑话)
    评估模型: qwen3-max
    [qwen3-max] 决策: select | 选笑话编号: 2
    评估模型: deepseek-v3.2
    [deepseek-v3.2] 决策: select | 选笑话编号: 2
    评估模型: kimi-k2.5
    [kimi-k2.5] 决策: select | 选笑话编号: 2

  质量组: medium (4个候选笑话)
    评估模型: qwen3-max
    [qwen3-max] 决策: select | 选笑话编号: 2
    评估模型: deepseek-v3.2
    [deepseek-v3.2] 决策: select | 选笑话编号: 2
    评估模型: kimi-k2.5
    [kimi-k2.5] 决策: create | 选笑话编号: None

  质量组: low (4个候选笑话)
    评估模型: qwen3-max
    [qwen3-max] 决策: select | 选笑话编号: 2
    评估模型: deepseek-v3.2
    [deepseek-v3.2] 决策: select | 选笑话编号: 2
    评估模型: kimi-k2.5
    [kimi-k2.5] 决策: create | 选笑话编号: None

  Item完成: 耗时72.3s | 总耗时384.7min
  速率限制器状态: 可用令牌=48.0/48
  已保存中间结果 (402 条)

============================================================
处理 zh_0503... (403/1174)

  质量组: high (4个候选笑话)
    评估模型: qwen3-max
    [qwen3-max] 决策: select | 选笑话编号: 2
    评估模型: deepseek-v3.2
    [deepseek-v3.2] 决策: select | 选笑话编号: 2
    评估模型: kimi-k2.5
    [kimi-k2.5] 决策: create | 选笑话编号: None

  质量组: medium (4个候选笑话)
    评估模型: qwen3-max
    [qwen3-max] 决策: select | 选笑话编号: 2
    评估模型: deepseek-v3.2
    [deepseek-v3.2] 决策: select | 选笑话编号: 1
    评估模型: kimi-k2.5
    [kimi-k2.5] 决策: create | 选笑话编号: None

  质量组: low (4个候选笑话)
    评估模型: qwen3-max
    [qwen3-max] 决策: create | 选笑话编号: None
    评估模型: deepseek-v3.2
    [deepseek-v3.2] 决策: select | 选笑话编号: 4
    评估模型: kimi-k2.5
    [kimi-k2.5] 决策: create | 选笑话编号: None

  Item完成: 耗时52.4s | 总耗时385.6min
  速率限制器状态: 可用令牌=48.0/48
  已保存中间结果 (403 条)

============================================================
处理 zh_0504... (404/1174)

  质量组: high (4个候选笑话)
    评估模型: qwen3-max
    [qwen3-max] 决策: select | 选笑话编号: 1
    评估模型: deepseek-v3.2
    [deepseek-v3.2] 决策: select | 选笑话编号: 1
    评估模型: kimi-k2.5
    [kimi-k2.5] 决策: create | 选笑话编号: None

  质量组: medium (4个候选笑话)
    评估模型: qwen3-max
    [qwen3-max] 决策: create | 选笑话编号: None
    评估模型: deepseek-v3.2
    [deepseek-v3.2] 决策: select | 选笑话编号: 1
    评估模型: kimi-k2.5
    [kimi-k2.5] 决策: create | 选笑话编号: None

  质量组: low (4个候选笑话)
    评估模型: qwen3-max
    [qwen3-max] 决策: create | 选笑话编号: None
    评估模型: deepseek-v3.2
    [deepseek-v3.2] 决策: select | 选笑话编号: 4
    评估模型: kimi-k2.5
    [kimi-k2.5] 决策: create | 选笑话编号: None

  Item完成: 耗时63.2s | 总耗时386.6min
  速率限制器状态: 可用令牌=48.0/48
  已保存中间结果 (404 条)

============================================================
处理 zh_0505... (405/1174)

  质量组: high (4个候选笑话)
    评估模型: qwen3-max
    [qwen3-max] 决策: select | 选笑话编号: 1
    评估模型: deepseek-v3.2
    [deepseek-v3.2] 决策: select | 选笑话编号: 3
    评估模型: kimi-k2.5
    [API] JSON解析失败: JSON解析失败: Expecting ',' delimiter: line 4 column 55 (char 112), model=kimi-k2.5
    [kimi-k2.5] 决策:  | 选笑话编号: ?

  质量组: medium (4个候选笑话)
    评估模型: qwen3-max
    [qwen3-max] 决策: select | 选笑话编号: 1
    评估模型: deepseek-v3.2
    [deepseek-v3.2] 决策: select | 选笑话编号: 1
    评估模型: kimi-k2.5
    [kimi-k2.5] 决策: create | 选笑话编号: None

  质量组: low (4个候选笑话)
    评估模型: qwen3-max
    [qwen3-max] 决策: create | 选笑话编号: None
    评估模型: deepseek-v3.2
    [deepseek-v3.2] 决策: select | 选笑话编号: 4
    评估模型: kimi-k2.5
    [kimi-k2.5] 决策: create | 选笑话编号: None

  Item完成: 耗时58.5s | 总耗时387.6min
  速率限制器状态: 可用令牌=48.0/48
  已保存中间结果 (405 条)

============================================================
处理 zh_0506... (406/1174)

  质量组: high (4个候选笑话)
    评估模型: qwen3-max
    [qwen3-max] 决策: select | 选笑话编号: 2
    评估模型: deepseek-v3.2
    [deepseek-v3.2] 决策: select | 选笑话编号: 2
    评估模型: kimi-k2.5
    [kimi-k2.5] 决策: create | 选笑话编号: None

  质量组: medium (4个候选笑话)
    评估模型: qwen3-max
    [qwen3-max] 决策: select | 选笑话编号: 4
    评估模型: deepseek-v3.2
    [deepseek-v3.2] 决策: select | 选笑话编号: 2
    评估模型: kimi-k2.5
    [kimi-k2.5] 决策: create | 选笑话编号: None

  质量组: low (4个候选笑话)
    评估模型: qwen3-max
    [qwen3-max] 决策: create | 选笑话编号: None
    评估模型: deepseek-v3.2
    [deepseek-v3.2] 决策: create | 选笑话编号: None
    评估模型: kimi-k2.5
    [kimi-k2.5] 决策: create | 选笑话编号: None

  Item完成: 耗时49.8s | 总耗时388.5min
  速率限制器状态: 可用令牌=48.0/48
  已保存中间结果 (406 条)

============================================================
处理 zh_0507... (407/1174)

  质量组: high (4个候选笑话)
    评估模型: qwen3-max
    [qwen3-max] 决策: select | 选笑话编号: 2
    评估模型: deepseek-v3.2
    [deepseek-v3.2] 决策: select | 选笑话编号: 2
    评估模型: kimi-k2.5
    [kimi-k2.5] 决策: create | 选笑话编号: None

  质量组: medium (4个候选笑话)
    评估模型: qwen3-max
    [qwen3-max] 决策: select | 选笑话编号: 4
    评估模型: deepseek-v3.2
    [deepseek-v3.2] 决策: select | 选笑话编号: 4
    评估模型: kimi-k2.5
    [kimi-k2.5] 决策: create | 选笑话编号: None

  质量组: low (4个候选笑话)
    评估模型: qwen3-max
    [qwen3-max] 决策: create | 选笑话编号: None
    评估模型: deepseek-v3.2
    [deepseek-v3.2] 决策: select | 选笑话编号: 2
    评估模型: kimi-k2.5
    [kimi-k2.5] 决策: create | 选笑话编号: None

  Item完成: 耗时60.5s | 总耗时389.5min
  速率限制器状态: 可用令牌=48.0/48
  已保存中间结果 (407 条)

============================================================
处理 zh_0508... (408/1174)

  质量组: high (4个候选笑话)
    评估模型: qwen3-max
    [qwen3-max] 决策: select | 选笑话编号: 2
    评估模型: deepseek-v3.2
    [deepseek-v3.2] 决策: select | 选笑话编号: 4
    评估模型: kimi-k2.5
    [kimi-k2.5] 决策: select | 选笑话编号: 2

  质量组: medium (4个候选笑话)
    评估模型: qwen3-max
    [qwen3-max] 决策: create | 选笑话编号: None
    评估模型: deepseek-v3.2
    [deepseek-v3.2] 决策: select | 选笑话编号: 4
    评估模型: kimi-k2.5
    [kimi-k2.5] 决策: create | 选笑话编号: None

  质量组: low (4个候选笑话)
    评估模型: qwen3-max
    [qwen3-max] 决策: create | 选笑话编号: None
    评估模型: deepseek-v3.2
    [deepseek-v3.2] 决策: create | 选笑话编号: None
    评估模型: kimi-k2.5
    [kimi-k2.5] 决策: create | 选笑话编号: None

  Item完成: 耗时54.0s | 总耗时390.4min
  速率限制器状态: 可用令牌=48.0/48
  已保存中间结果 (408 条)

============================================================
处理 zh_0509... (409/1174)

  质量组: high (4个候选笑话)
    评估模型: qwen3-max
    [qwen3-max] 决策: select | 选笑话编号: 1
    评估模型: deepseek-v3.2
    [deepseek-v3.2] 决策: select | 选笑话编号: 1
    评估模型: kimi-k2.5
    [kimi-k2.5] 决策: select | 选笑话编号: 1

  质量组: medium (4个候选笑话)
    评估模型: qwen3-max
    [qwen3-max] 决策: select | 选笑话编号: 1
    评估模型: deepseek-v3.2
    [deepseek-v3.2] 决策: select | 选笑话编号: 1
    评估模型: kimi-k2.5
    [kimi-k2.5] 决策: create | 选笑话编号: None

  质量组: low (4个候选笑话)
    评估模型: qwen3-max
    [qwen3-max] 决策: create | 选笑话编号: None
    评估模型: deepseek-v3.2
    [deepseek-v3.2] 决策: select | 选笑话编号: 2
    评估模型: kimi-k2.5
    [kimi-k2.5] 决策: create | 选笑话编号: None

  Item完成: 耗时58.5s | 总耗时391.3min
  速率限制器状态: 可用令牌=48.0/48
  已保存中间结果 (409 条)

============================================================
处理 zh_0510... (410/1174)

  质量组: high (4个候选笑话)
    评估模型: qwen3-max
    [qwen3-max] 决策: select | 选笑话编号: 4
    评估模型: deepseek-v3.2
    [deepseek-v3.2] 决策: select | 选笑话编号: 2
    评估模型: kimi-k2.5
    [kimi-k2.5] 决策: select | 选笑话编号: 2

  质量组: medium (4个候选笑话)
    评估模型: qwen3-max
    [qwen3-max] 决策: select | 选笑话编号: 1
    评估模型: deepseek-v3.2
    [deepseek-v3.2] 决策: select | 选笑话编号: 2
    评估模型: kimi-k2.5
    [kimi-k2.5] 决策: create | 选笑话编号: None

  质量组: low (4个候选笑话)
    评估模型: qwen3-max
    [qwen3-max] 决策: create | 选笑话编号: None
    评估模型: deepseek-v3.2
    [deepseek-v3.2] 决策: create | 选笑话编号: None
    评估模型: kimi-k2.5
    [kimi-k2.5] 决策: create | 选笑话编号: None

  Item完成: 耗时54.9s | 总耗时392.3min
  速率限制器状态: 可用令牌=48.0/48
  已保存中间结果 (410 条)

============================================================
处理 zh_0511... (411/1174)

  质量组: high (4个候选笑话)
    评估模型: qwen3-max
    [qwen3-max] 决策: select | 选笑话编号: 2
    评估模型: deepseek-v3.2
    [deepseek-v3.2] 决策: select | 选笑话编号: 2
    评估模型: kimi-k2.5
    [API] JSON解析失败: JSON解析失败: Expecting ',' delimiter: line 4 column 38 (char 95), model=kimi-k2.5
    [kimi-k2.5] 决策:  | 选笑话编号: ?

  质量组: medium (4个候选笑话)
    评估模型: qwen3-max
    [qwen3-max] 决策: select | 选笑话编号: 2
    评估模型: deepseek-v3.2
    [deepseek-v3.2] 决策: select | 选笑话编号: 4
    评估模型: kimi-k2.5
    [kimi-k2.5] 决策: create | 选笑话编号: None

  质量组: low (4个候选笑话)
    评估模型: qwen3-max
    [qwen3-max] 决策: create | 选笑话编号: None
    评估模型: deepseek-v3.2
    [deepseek-v3.2] 决策: select | 选笑话编号: 1
    评估模型: kimi-k2.5
    [API] JSON解析失败: JSON解析失败: Expecting ',' delimiter: line 4 column 39 (char 96), model=kimi-k2.5
    [kimi-k2.5] 决策:  | 选笑话编号: ?

  Item完成: 耗时50.8s | 总耗时393.1min
  速率限制器状态: 可用令牌=48.0/48
  已保存中间结果 (411 条)

============================================================
处理 zh_0512... (412/1174)

  质量组: high (4个候选笑话)
    评估模型: qwen3-max
    [qwen3-max] 决策: select | 选笑话编号: 1
    评估模型: deepseek-v3.2
    [deepseek-v3.2] 决策: select | 选笑话编号: 2
    评估模型: kimi-k2.5
    [kimi-k2.5] 决策: create | 选笑话编号: None

  质量组: medium (4个候选笑话)
    评估模型: qwen3-max
    [qwen3-max] 决策: select | 选笑话编号: 3
    评估模型: deepseek-v3.2
    [deepseek-v3.2] 决策: select | 选笑话编号: 4
    评估模型: kimi-k2.5
    [kimi-k2.5] 决策: create | 选笑话编号: None

  质量组: low (4个候选笑话)
    评估模型: qwen3-max
    [qwen3-max] 决策: create | 选笑话编号: None
    评估模型: deepseek-v3.2
    [deepseek-v3.2] 决策: create | 选笑话编号: None
    评估模型: kimi-k2.5
    [kimi-k2.5] 决策: create | 选笑话编号: None

  Item完成: 耗时54.2s | 总耗时394.0min
  速率限制器状态: 可用令牌=48.0/48
  已保存中间结果 (412 条)

============================================================
处理 zh_0513... (413/1174)

  质量组: high (4个候选笑话)
    评估模型: qwen3-max
    [qwen3-max] 决策: select | 选笑话编号: 1
    评估模型: deepseek-v3.2
    [deepseek-v3.2] 决策: select | 选笑话编号: 2
    评估模型: kimi-k2.5
    [kimi-k2.5] 决策: create | 选笑话编号: None

  质量组: medium (4个候选笑话)
    评估模型: qwen3-max
    [qwen3-max] 决策: select | 选笑话编号: 1
    评估模型: deepseek-v3.2
    [deepseek-v3.2] 决策: select | 选笑话编号: 4
    评估模型: kimi-k2.5
    [kimi-k2.5] 决策: create | 选笑话编号: None

  质量组: low (4个候选笑话)
    评估模型: qwen3-max
    [qwen3-max] 决策: create | 选笑话编号: None
    评估模型: deepseek-v3.2
    [deepseek-v3.2] 决策: create | 选笑话编号: None
    评估模型: kimi-k2.5
    [kimi-k2.5] 决策: create | 选笑话编号: None

  Item完成: 耗时65.3s | 总耗时395.1min
  速率限制器状态: 可用令牌=48.0/48
  已保存中间结果 (413 条)

============================================================
处理 zh_0514... (414/1174)

  质量组: high (4个候选笑话)
    评估模型: qwen3-max
    [qwen3-max] 决策: select | 选笑话编号: 1
    评估模型: deepseek-v3.2
    [deepseek-v3.2] 决策: select | 选笑话编号: 1
    评估模型: kimi-k2.5
    [kimi-k2.5] 决策: create | 选笑话编号: None

  质量组: medium (4个候选笑话)
    评估模型: qwen3-max
    [qwen3-max] 决策: select | 选笑话编号: 2
    评估模型: deepseek-v3.2
    [deepseek-v3.2] 决策: select | 选笑话编号: 2
    评估模型: kimi-k2.5
    [kimi-k2.5] 决策: create | 选笑话编号: None

  质量组: low (4个候选笑话)
    评估模型: qwen3-max
    [qwen3-max] 决策: select | 选笑话编号: 1
    评估模型: deepseek-v3.2
    [deepseek-v3.2] 决策: select | 选笑话编号: 1
    评估模型: kimi-k2.5
    [kimi-k2.5] 决策: create | 选笑话编号: None

  Item完成: 耗时63.2s | 总耗时396.2min
  速率限制器状态: 可用令牌=48.0/48
  已保存中间结果 (414 条)

============================================================
处理 zh_0515... (415/1174)

  质量组: high (4个候选笑话)
    评估模型: qwen3-max
    [qwen3-max] 决策: select | 选笑话编号: 2
    评估模型: deepseek-v3.2
    [deepseek-v3.2] 决策: select | 选笑话编号: 2
    评估模型: kimi-k2.5
    [kimi-k2.5] 决策: select | 选笑话编号: 2

  质量组: medium (4个候选笑话)
    评估模型: qwen3-max
    [qwen3-max] 决策: select | 选笑话编号: 1
    评估模型: deepseek-v3.2
    [deepseek-v3.2] 决策: select | 选笑话编号: 1
    评估模型: kimi-k2.5
    [kimi-k2.5] 决策: create | 选笑话编号: None

  质量组: low (4个候选笑话)
    评估模型: qwen3-max
    [qwen3-max] 决策: select | 选笑话编号: 4
    评估模型: deepseek-v3.2
    [deepseek-v3.2] 决策: create | 选笑话编号: None
    评估模型: kimi-k2.5
    [kimi-k2.5] 决策: create | 选笑话编号: None

  Item完成: 耗时52.2s | 总耗时397.0min
  速率限制器状态: 可用令牌=48.0/48
  已保存中间结果 (415 条)

============================================================
处理 zh_0516... (416/1174)

  质量组: high (4个候选笑话)
    评估模型: qwen3-max
    [qwen3-max] 决策: select | 选笑话编号: 4
    评估模型: deepseek-v3.2
    [deepseek-v3.2] 决策: select | 选笑话编号: 4
    评估模型: kimi-k2.5
    [kimi-k2.5] 决策: select | 选笑话编号: 4

  质量组: medium (4个候选笑话)
    评估模型: qwen3-max
    [qwen3-max] 决策: select | 选笑话编号: 2
    评估模型: deepseek-v3.2
    [deepseek-v3.2] 决策: select | 选笑话编号: 1
    评估模型: kimi-k2.5
    [API] JSON解析失败: JSON解析失败: Expecting ',' delimiter: line 4 column 50 (char 107), model=kimi-k2.5
    [kimi-k2.5] 决策:  | 选笑话编号: ?

  质量组: low (4个候选笑话)
    评估模型: qwen3-max
    [qwen3-max] 决策: select | 选笑话编号: 1
    评估模型: deepseek-v3.2
    [deepseek-v3.2] 决策: select | 选笑话编号: 1
    评估模型: kimi-k2.5
    [kimi-k2.5] 决策: create | 选笑话编号: None

  Item完成: 耗时57.8s | 总耗时398.0min
  速率限制器状态: 可用令牌=48.0/48
  已保存中间结果 (416 条)

============================================================
处理 zh_0517... (417/1174)

  质量组: high (4个候选笑话)
    评估模型: qwen3-max
    [qwen3-max] 决策: select | 选笑话编号: 1
    评估模型: deepseek-v3.2
    [deepseek-v3.2] 决策: select | 选笑话编号: 1
    评估模型: kimi-k2.5
    [kimi-k2.5] 决策: create | 选笑话编号: None

  质量组: medium (4个候选笑话)
    评估模型: qwen3-max
    [qwen3-max] 决策: select | 选笑话编号: 2
    评估模型: deepseek-v3.2
    [deepseek-v3.2] 决策: select | 选笑话编号: 4
    评估模型: kimi-k2.5
    [kimi-k2.5] 决策: create | 选笑话编号: None

  质量组: low (4个候选笑话)
    评估模型: qwen3-max
    [qwen3-max] 决策: select | 选笑话编号: 1
    评估模型: deepseek-v3.2
    [deepseek-v3.2] 决策: select | 选笑话编号: 4
    评估模型: kimi-k2.5
    [kimi-k2.5] 决策: create | 选笑话编号: None

  Item完成: 耗时59.1s | 总耗时399.0min
  速率限制器状态: 可用令牌=48.0/48
  已保存中间结果 (417 条)

============================================================
处理 zh_0518... (418/1174)

  质量组: high (4个候选笑话)
    评估模型: qwen3-max
    [qwen3-max] 决策: select | 选笑话编号: 4
    评估模型: deepseek-v3.2
    [deepseek-v3.2] 决策: select | 选笑话编号: 4
    评估模型: kimi-k2.5
    [kimi-k2.5] 决策: create | 选笑话编号: None

  质量组: medium (4个候选笑话)
    评估模型: qwen3-max
    [qwen3-max] 决策: select | 选笑话编号: 1
    评估模型: deepseek-v3.2
    [deepseek-v3.2] 决策: select | 选笑话编号: 1
    评估模型: kimi-k2.5
    [kimi-k2.5] 决策: create | 选笑话编号: None

  质量组: low (4个候选笑话)
    评估模型: qwen3-max
    [qwen3-max] 决策: create | 选笑话编号: None
    评估模型: deepseek-v3.2
    [deepseek-v3.2] 决策: select | 选笑话编号: 4
    评估模型: kimi-k2.5
    [kimi-k2.5] 决策: create | 选笑话编号: None

  Item完成: 耗时64.6s | 总耗时400.1min
  速率限制器状态: 可用令牌=48.0/48
  已保存中间结果 (418 条)

============================================================
处理 zh_0519... (419/1174)

  质量组: high (4个候选笑话)
    评估模型: qwen3-max
    [qwen3-max] 决策: select | 选笑话编号: 2
    评估模型: deepseek-v3.2
    [deepseek-v3.2] 决策: select | 选笑话编号: 2
    评估模型: kimi-k2.5
    [kimi-k2.5] 决策: create | 选笑话编号: None

  质量组: medium (4个候选笑话)
    评估模型: qwen3-max
    [qwen3-max] 决策: select | 选笑话编号: 2
    评估模型: deepseek-v3.2
    [deepseek-v3.2] 决策: select | 选笑话编号: 2
    评估模型: kimi-k2.5
    [kimi-k2.5] 决策: create | 选笑话编号: None

  质量组: low (4个候选笑话)
    评估模型: qwen3-max
    [qwen3-max] 决策: create | 选笑话编号: None
    评估模型: deepseek-v3.2
    [deepseek-v3.2] 决策: create | 选笑话编号: None
    评估模型: kimi-k2.5
    [kimi-k2.5] 决策: create | 选笑话编号: None

  Item完成: 耗时56.8s | 总耗时401.0min
  速率限制器状态: 可用令牌=48.0/48
  已保存中间结果 (419 条)

============================================================
处理 zh_0520... (420/1174)

  质量组: high (4个候选笑话)
    评估模型: qwen3-max
    [qwen3-max] 决策: select | 选笑话编号: 1
    评估模型: deepseek-v3.2
    [deepseek-v3.2] 决策: select | 选笑话编号: 3
    评估模型: kimi-k2.5
    [kimi-k2.5] 决策: create | 选笑话编号: None

  质量组: medium (4个候选笑话)
    评估模型: qwen3-max
    [qwen3-max] 决策: select | 选笑话编号: 1
    评估模型: deepseek-v3.2
    [deepseek-v3.2] 决策: select | 选笑话编号: 4
    评估模型: kimi-k2.5
    [kimi-k2.5] 决策: create | 选笑话编号: None

  质量组: low (4个候选笑话)
    评估模型: qwen3-max
    [qwen3-max] 决策: create | 选笑话编号: None
    评估模型: deepseek-v3.2
    [deepseek-v3.2] 决策: create | 选笑话编号: None
    评估模型: kimi-k2.5
    [kimi-k2.5] 决策: create | 选笑话编号: None

  Item完成: 耗时57.9s | 总耗时402.0min
  速率限制器状态: 可用令牌=48.0/48
  已保存中间结果 (420 条)

============================================================
处理 zh_0521... (421/1174)

  质量组: high (4个候选笑话)
    评估模型: qwen3-max
    [qwen3-max] 决策: create | 选笑话编号: None
    评估模型: deepseek-v3.2
    [deepseek-v3.2] 决策: select | 选笑话编号: 4
    评估模型: kimi-k2.5
    [kimi-k2.5] 决策: create | 选笑话编号: None

  质量组: medium (4个候选笑话)
    评估模型: qwen3-max
    [qwen3-max] 决策: select | 选笑话编号: 1
    评估模型: deepseek-v3.2
    [deepseek-v3.2] 决策: select | 选笑话编号: 1
    评估模型: kimi-k2.5
    [kimi-k2.5] 决策: create | 选笑话编号: None

  质量组: low (4个候选笑话)
    评估模型: qwen3-max
    [qwen3-max] 决策: select | 选笑话编号: 4
    评估模型: deepseek-v3.2
    [deepseek-v3.2] 决策: create | 选笑话编号: None
    评估模型: kimi-k2.5
    [kimi-k2.5] 决策: create | 选笑话编号: None

  Item完成: 耗时48.5s | 总耗时402.8min
  速率限制器状态: 可用令牌=48.0/48
  已保存中间结果 (421 条)

============================================================
处理 zh_0522... (422/1174)

  质量组: high (4个候选笑话)
    评估模型: qwen3-max
    [qwen3-max] 决策: select | 选笑话编号: 1
    评估模型: deepseek-v3.2
    [deepseek-v3.2] 决策: select | 选笑话编号: 4
    评估模型: kimi-k2.5
    [kimi-k2.5] 决策: create | 选笑话编号: None

  质量组: medium (4个候选笑话)
    评估模型: qwen3-max
    [qwen3-max] 决策: select | 选笑话编号: 1
    评估模型: deepseek-v3.2
    [deepseek-v3.2] 决策: select | 选笑话编号: 4
    评估模型: kimi-k2.5
    [kimi-k2.5] 决策: create | 选笑话编号: None

  质量组: low (4个候选笑话)
    评估模型: qwen3-max
    [qwen3-max] 决策: create | 选笑话编号: None
    评估模型: deepseek-v3.2
    [deepseek-v3.2] 决策: create | 选笑话编号: None
    评估模型: kimi-k2.5
    [kimi-k2.5] 决策: create | 选笑话编号: None

  Item完成: 耗时52.8s | 总耗时403.7min
  速率限制器状态: 可用令牌=48.0/48
  已保存中间结果 (422 条)

============================================================
处理 zh_0523... (423/1174)

  质量组: high (4个候选笑话)
    评估模型: qwen3-max
    [qwen3-max] 决策: select | 选笑话编号: 3
    评估模型: deepseek-v3.2
    [deepseek-v3.2] 决策: select | 选笑话编号: 3
    评估模型: kimi-k2.5
    [kimi-k2.5] 决策: create | 选笑话编号: None

  质量组: medium (4个候选笑话)
    评估模型: qwen3-max
    [qwen3-max] 决策: select | 选笑话编号: 1
    评估模型: deepseek-v3.2
    [deepseek-v3.2] 决策: select | 选笑话编号: 1
    评估模型: kimi-k2.5
    [kimi-k2.5] 决策: create | 选笑话编号: None

  质量组: low (4个候选笑话)
    评估模型: qwen3-max
    [qwen3-max] 决策: create | 选笑话编号: None
    评估模型: deepseek-v3.2
    [deepseek-v3.2] 决策: select | 选笑话编号: 2
    评估模型: kimi-k2.5
    [kimi-k2.5] 决策: create | 选笑话编号: None

  Item完成: 耗时66.5s | 总耗时404.8min
  速率限制器状态: 可用令牌=48.0/48
  已保存中间结果 (423 条)

============================================================
处理 zh_0524... (424/1174)

  质量组: high (4个候选笑话)
    评估模型: qwen3-max
    [qwen3-max] 决策: select | 选笑话编号: 3
    评估模型: deepseek-v3.2
    [deepseek-v3.2] 决策: select | 选笑话编号: 3
    评估模型: kimi-k2.5
    [kimi-k2.5] 决策: create | 选笑话编号: None

  质量组: medium (4个候选笑话)
    评估模型: qwen3-max
    [qwen3-max] 决策: select | 选笑话编号: 2
    评估模型: deepseek-v3.2
    [deepseek-v3.2] 决策: select | 选笑话编号: 4
    评估模型: kimi-k2.5
    [kimi-k2.5] 决策: create | 选笑话编号: None

  质量组: low (4个候选笑话)
    评估模型: qwen3-max
    [qwen3-max] 决策: create | 选笑话编号: None
    评估模型: deepseek-v3.2
    [deepseek-v3.2] 决策: create | 选笑话编号: None
    评估模型: kimi-k2.5
    [kimi-k2.5] 决策: create | 选笑话编号: None

  Item完成: 耗时62.1s | 总耗时405.8min
  速率限制器状态: 可用令牌=48.0/48
  已保存中间结果 (424 条)

============================================================
处理 zh_0525... (425/1174)

  质量组: high (4个候选笑话)
    评估模型: qwen3-max
    [qwen3-max] 决策: select | 选笑话编号: 2
    评估模型: deepseek-v3.2
    [deepseek-v3.2] 决策: select | 选笑话编号: 2
    评估模型: kimi-k2.5
    [API] JSON解析失败: JSON解析失败: Expecting ',' delimiter: line 4 column 48 (char 105), model=kimi-k2.5
    [kimi-k2.5] 决策:  | 选笑话编号: ?

  质量组: medium (4个候选笑话)
    评估模型: qwen3-max
    [qwen3-max] 决策: select | 选笑话编号: 2
    评估模型: deepseek-v3.2
    [deepseek-v3.2] 决策: select | 选笑话编号: 2
    评估模型: kimi-k2.5
    [API] JSON解析失败: JSON解析失败: Expecting ',' delimiter: line 4 column 108 (char 165), model=kimi-k2.5
    [kimi-k2.5] 决策:  | 选笑话编号: ?

  质量组: low (4个候选笑话)
    评估模型: qwen3-max
    [qwen3-max] 决策: select | 选笑话编号: 2
    评估模型: deepseek-v3.2
    [deepseek-v3.2] 决策: select | 选笑话编号: 2
    评估模型: kimi-k2.5
    [API] JSON解析失败: JSON解析失败: Expecting ',' delimiter: line 5 column 37 (char 200), model=kimi-k2.5
    [kimi-k2.5] 决策:  | 选笑话编号: ?

  Item完成: 耗时54.4s | 总耗时406.8min
  速率限制器状态: 可用令牌=48.0/48
  已保存中间结果 (425 条)

============================================================
处理 zh_0526... (426/1174)

  质量组: high (4个候选笑话)
    评估模型: qwen3-max
    [qwen3-max] 决策: select | 选笑话编号: 4
    评估模型: deepseek-v3.2
    [deepseek-v3.2] 决策: select | 选笑话编号: 2
    评估模型: kimi-k2.5
    [kimi-k2.5] 决策: create | 选笑话编号: None

  质量组: medium (4个候选笑话)
    评估模型: qwen3-max
    [qwen3-max] 决策: select | 选笑话编号: 1
    评估模型: deepseek-v3.2
    [deepseek-v3.2] 决策: select | 选笑话编号: 1
    评估模型: kimi-k2.5
    [kimi-k2.5] 决策: create | 选笑话编号: None

  质量组: low (4个候选笑话)
    评估模型: qwen3-max
    [qwen3-max] 决策: select | 选笑话编号: 1
    评估模型: deepseek-v3.2
    [deepseek-v3.2] 决策: create | 选笑话编号: None
    评估模型: kimi-k2.5
    [kimi-k2.5] 决策: create | 选笑话编号: None

  Item完成: 耗时70.1s | 总耗时407.9min
  速率限制器状态: 可用令牌=48.0/48
  已保存中间结果 (426 条)

============================================================
处理 zh_0527... (427/1174)

  质量组: high (4个候选笑话)
    评估模型: qwen3-max
    [qwen3-max] 决策: select | 选笑话编号: 2
    评估模型: deepseek-v3.2
    [deepseek-v3.2] 决策: select | 选笑话编号: 1
    评估模型: kimi-k2.5
    [kimi-k2.5] 决策: create | 选笑话编号: None

  质量组: medium (4个候选笑话)
    评估模型: qwen3-max
    [qwen3-max] 决策: select | 选笑话编号: 2
    评估模型: deepseek-v3.2
    [deepseek-v3.2] 决策: select | 选笑话编号: 4
    评估模型: kimi-k2.5
    [kimi-k2.5] 决策: create | 选笑话编号: None

  质量组: low (4个候选笑话)
    评估模型: qwen3-max
    [qwen3-max] 决策: select | 选笑话编号: 1
    评估模型: deepseek-v3.2
    [deepseek-v3.2] 决策: select | 选笑话编号: 2
    评估模型: kimi-k2.5
    [kimi-k2.5] 决策: create | 选笑话编号: None

  Item完成: 耗时61.4s | 总耗时409.0min
  速率限制器状态: 可用令牌=48.0/48
  已保存中间结果 (427 条)

============================================================
处理 zh_0528... (428/1174)

  质量组: high (4个候选笑话)
    评估模型: qwen3-max
    [qwen3-max] 决策: select | 选笑话编号: 3
    评估模型: deepseek-v3.2
    [deepseek-v3.2] 决策: select | 选笑话编号: 3
    评估模型: kimi-k2.5
    [kimi-k2.5] 决策: create | 选笑话编号: None

  质量组: medium (4个候选笑话)
    评估模型: qwen3-max
    [qwen3-max] 决策: select | 选笑话编号: 1
    评估模型: deepseek-v3.2
    [deepseek-v3.2] 决策: select | 选笑话编号: 4
    评估模型: kimi-k2.5
    [kimi-k2.5] 决策: create | 选笑话编号: None

  质量组: low (4个候选笑话)
    评估模型: qwen3-max
    [qwen3-max] 决策: create | 选笑话编号: None
    评估模型: deepseek-v3.2
    [deepseek-v3.2] 决策: create | 选笑话编号: None
    评估模型: kimi-k2.5
    [kimi-k2.5] 决策: create | 选笑话编号: None

  Item完成: 耗时53.6s | 总耗时409.9min
  速率限制器状态: 可用令牌=48.0/48
  已保存中间结果 (428 条)

============================================================
处理 zh_0529... (429/1174)

  质量组: high (4个候选笑话)
    评估模型: qwen3-max
    [qwen3-max] 决策: select | 选笑话编号: 2
    评估模型: deepseek-v3.2
    [deepseek-v3.2] 决策: select | 选笑话编号: 2
    评估模型: kimi-k2.5
    [kimi-k2.5] 决策: create | 选笑话编号: None

  质量组: medium (4个候选笑话)
    评估模型: qwen3-max
    [qwen3-max] 决策: select | 选笑话编号: 2
    评估模型: deepseek-v3.2
    [deepseek-v3.2] 决策: select | 选笑话编号: 2
    评估模型: kimi-k2.5
    [kimi-k2.5] 决策: create | 选笑话编号: None

  质量组: low (4个候选笑话)
    评估模型: qwen3-max
    [qwen3-max] 决策: create | 选笑话编号: None
    评估模型: deepseek-v3.2
    [deepseek-v3.2] 决策: select | 选笑话编号: 2
    评估模型: kimi-k2.5
    [kimi-k2.5] 决策: create | 选笑话编号: None

  Item完成: 耗时55.6s | 总耗时410.8min
  速率限制器状态: 可用令牌=48.0/48
  已保存中间结果 (429 条)

============================================================
处理 zh_0530... (430/1174)

  质量组: high (4个候选笑话)
    评估模型: qwen3-max
    [qwen3-max] 决策: select | 选笑话编号: 2
    评估模型: deepseek-v3.2
    [deepseek-v3.2] 决策: select | 选笑话编号: 2
    评估模型: kimi-k2.5
    [kimi-k2.5] 决策: create | 选笑话编号: None

  质量组: medium (4个候选笑话)
    评估模型: qwen3-max
    [qwen3-max] 决策: select | 选笑话编号: 1
    评估模型: deepseek-v3.2
    [deepseek-v3.2] 决策: select | 选笑话编号: 1
    评估模型: kimi-k2.5
    [kimi-k2.5] 决策: create | 选笑话编号: None

  质量组: low (4个候选笑话)
    评估模型: qwen3-max
    [qwen3-max] 决策: create | 选笑话编号: None
    评估模型: deepseek-v3.2
    [deepseek-v3.2] 决策: select | 选笑话编号: 4
    评估模型: kimi-k2.5
    [kimi-k2.5] 决策: create | 选笑话编号: None

  Item完成: 耗时54.7s | 总耗时411.7min
  速率限制器状态: 可用令牌=48.0/48
  已保存中间结果 (430 条)

============================================================
处理 zh_0531... (431/1174)

  质量组: high (4个候选笑话)
    评估模型: qwen3-max
    [qwen3-max] 决策: select | 选笑话编号: 2
    评估模型: deepseek-v3.2
    [deepseek-v3.2] 决策: select | 选笑话编号: 4
    评估模型: kimi-k2.5
    [kimi-k2.5] 决策: select | 选笑话编号: 2

  质量组: medium (4个候选笑话)
    评估模型: qwen3-max
    [qwen3-max] 决策: select | 选笑话编号: 3
    评估模型: deepseek-v3.2
    [deepseek-v3.2] 决策: select | 选笑话编号: 2
    评估模型: kimi-k2.5
    [kimi-k2.5] 决策: create | 选笑话编号: None

  质量组: low (4个候选笑话)
    评估模型: qwen3-max
    [qwen3-max] 决策: select | 选笑话编号: 4
    评估模型: deepseek-v3.2
    [deepseek-v3.2] 决策: select | 选笑话编号: 4
    评估模型: kimi-k2.5
    [kimi-k2.5] 决策: create | 选笑话编号: None

  Item完成: 耗时54.9s | 总耗时412.6min
  速率限制器状态: 可用令牌=48.0/48
  已保存中间结果 (431 条)

============================================================
处理 zh_0532... (432/1174)

  质量组: high (4个候选笑话)
    评估模型: qwen3-max
    [qwen3-max] 决策: select | 选笑话编号: 2
    评估模型: deepseek-v3.2
    [deepseek-v3.2] 决策: select | 选笑话编号: 2
    评估模型: kimi-k2.5
    [kimi-k2.5] 决策: select | 选笑话编号: 2

  质量组: medium (4个候选笑话)
    评估模型: qwen3-max
    [qwen3-max] 决策: select | 选笑话编号: 1
    评估模型: deepseek-v3.2
    [deepseek-v3.2] 决策: select | 选笑话编号: 1
    评估模型: kimi-k2.5
    [kimi-k2.5] 决策: create | 选笑话编号: None

  质量组: low (4个候选笑话)
    评估模型: qwen3-max
    [qwen3-max] 决策: select | 选笑话编号: 1
    评估模型: deepseek-v3.2
    [deepseek-v3.2] 决策: select | 选笑话编号: 1
    评估模型: kimi-k2.5
    [kimi-k2.5] 决策: create | 选笑话编号: None

  Item完成: 耗时56.1s | 总耗时413.6min
  速率限制器状态: 可用令牌=48.0/48
  已保存中间结果 (432 条)

============================================================
处理 zh_0533... (433/1174)

  质量组: high (4个候选笑话)
    评估模型: qwen3-max
    [qwen3-max] 决策: select | 选笑话编号: 4
    评估模型: deepseek-v3.2
    [deepseek-v3.2] 决策: select | 选笑话编号: 4
    评估模型: kimi-k2.5
    [kimi-k2.5] 决策: create | 选笑话编号: None

  质量组: medium (4个候选笑话)
    评估模型: qwen3-max
    [qwen3-max] 决策: select | 选笑话编号: 1
    评估模型: deepseek-v3.2
    [deepseek-v3.2] 决策: create | 选笑话编号: None
    评估模型: kimi-k2.5
    [API] JSON解析失败: JSON解析失败: Expecting ',' delimiter: line 5 column 22 (char 204), model=kimi-k2.5
    [kimi-k2.5] 决策:  | 选笑话编号: ?

  质量组: low (4个候选笑话)
    评估模型: qwen3-max
    [qwen3-max] 决策: create | 选笑话编号: None
    评估模型: deepseek-v3.2
    [deepseek-v3.2] 决策: select | 选笑话编号: 1
    评估模型: kimi-k2.5
    [kimi-k2.5] 决策: create | 选笑话编号: None

  Item完成: 耗时53.4s | 总耗时414.4min
  速率限制器状态: 可用令牌=48.0/48
  已保存中间结果 (433 条)

============================================================
处理 zh_0534... (434/1174)

  质量组: high (4个候选笑话)
    评估模型: qwen3-max
    [qwen3-max] 决策: select | 选笑话编号: 2
    评估模型: deepseek-v3.2
    [deepseek-v3.2] 决策: select | 选笑话编号: 3
    评估模型: kimi-k2.5
    [kimi-k2.5] 决策: create | 选笑话编号: None

  质量组: medium (4个候选笑话)
    评估模型: qwen3-max
    [qwen3-max] 决策: select | 选笑话编号: 2
    评估模型: deepseek-v3.2
    [deepseek-v3.2] 决策: select | 选笑话编号: 1
    评估模型: kimi-k2.5
    [kimi-k2.5] 决策: select | 选笑话编号: 2

  质量组: low (4个候选笑话)
    评估模型: qwen3-max
    [qwen3-max] 决策: create | 选笑话编号: None
    评估模型: deepseek-v3.2
    [deepseek-v3.2] 决策: select | 选笑话编号: 4
    评估模型: kimi-k2.5
    [kimi-k2.5] 决策: create | 选笑话编号: None

  Item完成: 耗时58.4s | 总耗时415.4min
  速率限制器状态: 可用令牌=48.0/48
  已保存中间结果 (434 条)

============================================================
处理 zh_0535... (435/1174)

  质量组: high (4个候选笑话)
    评估模型: qwen3-max
    [qwen3-max] 决策: select | 选笑话编号: 2
    评估模型: deepseek-v3.2
    [deepseek-v3.2] 决策: select | 选笑话编号: 4
    评估模型: kimi-k2.5
    [kimi-k2.5] 决策: create | 选笑话编号: None

  质量组: medium (4个候选笑话)
    评估模型: qwen3-max
    [qwen3-max] 决策: select | 选笑话编号: 1
    评估模型: deepseek-v3.2
    [deepseek-v3.2] 决策: select | 选笑话编号: 1
    评估模型: kimi-k2.5
    [kimi-k2.5] 决策: create | 选笑话编号: None

  质量组: low (4个候选笑话)
    评估模型: qwen3-max
    [qwen3-max] 决策: create | 选笑话编号: None
    评估模型: deepseek-v3.2
    [deepseek-v3.2] 决策: create | 选笑话编号: None
    评估模型: kimi-k2.5
    [kimi-k2.5] 决策: create | 选笑话编号: None

  Item完成: 耗时58.2s | 总耗时416.4min
  速率限制器状态: 可用令牌=48.0/48
  已保存中间结果 (435 条)

============================================================
处理 zh_0536... (436/1174)

  质量组: high (4个候选笑话)
    评估模型: qwen3-max
    [qwen3-max] 决策: select | 选笑话编号: 1
    评估模型: deepseek-v3.2
    [deepseek-v3.2] 决策: select | 选笑话编号: 1
    评估模型: kimi-k2.5
    [kimi-k2.5] 决策: create | 选笑话编号: None

  质量组: medium (4个候选笑话)
    评估模型: qwen3-max
    [qwen3-max] 决策: select | 选笑话编号: 3
    评估模型: deepseek-v3.2
    [deepseek-v3.2] 决策: select | 选笑话编号: 4
    评估模型: kimi-k2.5
    [kimi-k2.5] 决策: create | 选笑话编号: None

  质量组: low (4个候选笑话)
    评估模型: qwen3-max
    [qwen3-max] 决策: create | 选笑话编号: None
    评估模型: deepseek-v3.2
    [deepseek-v3.2] 决策: select | 选笑话编号: 1
    评估模型: kimi-k2.5
    [kimi-k2.5] 决策: create | 选笑话编号: None

  Item完成: 耗时65.7s | 总耗时417.5min
  速率限制器状态: 可用令牌=48.0/48
  已保存中间结果 (436 条)

============================================================
处理 zh_0537... (437/1174)

  质量组: high (4个候选笑话)
    评估模型: qwen3-max
    [qwen3-max] 决策: select | 选笑话编号: 1
    评估模型: deepseek-v3.2
    [deepseek-v3.2] 决策: select | 选笑话编号: 1
    评估模型: kimi-k2.5
    [kimi-k2.5] 决策: select | 选笑话编号: 1

  质量组: medium (4个候选笑话)
    评估模型: qwen3-max
    [qwen3-max] 决策: select | 选笑话编号: 1
    评估模型: deepseek-v3.2
    [deepseek-v3.2] 决策: select | 选笑话编号: 1
    评估模型: kimi-k2.5
    [kimi-k2.5] 决策: create | 选笑话编号: None

  质量组: low (4个候选笑话)
    评估模型: qwen3-max
    [qwen3-max] 决策: create | 选笑话编号: None
    评估模型: deepseek-v3.2
    [deepseek-v3.2] 决策: select | 选笑话编号: 1
    评估模型: kimi-k2.5
    [kimi-k2.5] 决策: create | 选笑话编号: None

  Item完成: 耗时57.7s | 总耗时418.5min
  速率限制器状态: 可用令牌=48.0/48
  已保存中间结果 (437 条)

============================================================
处理 zh_0538... (438/1174)

  质量组: high (4个候选笑话)
    评估模型: qwen3-max
    [qwen3-max] 决策: select | 选笑话编号: 2
    评估模型: deepseek-v3.2
    [deepseek-v3.2] 决策: select | 选笑话编号: 4
    评估模型: kimi-k2.5
    [kimi-k2.5] 决策: select | 选笑话编号: 2

  质量组: medium (4个候选笑话)
    评估模型: qwen3-max
    [qwen3-max] 决策: select | 选笑话编号: 1
    评估模型: deepseek-v3.2
    [deepseek-v3.2] 决策: select | 选笑话编号: 4
    评估模型: kimi-k2.5
    [kimi-k2.5] 决策: create | 选笑话编号: None

  质量组: low (4个候选笑话)
    评估模型: qwen3-max
    [qwen3-max] 决策: select | 选笑话编号: 3
    评估模型: deepseek-v3.2
    [deepseek-v3.2] 决策: select | 选笑话编号: 3
    评估模型: kimi-k2.5
    [kimi-k2.5] 决策: create | 选笑话编号: None

  Item完成: 耗时56.9s | 总耗时419.4min
  速率限制器状态: 可用令牌=48.0/48
  已保存中间结果 (438 条)

============================================================
处理 zh_0539... (439/1174)

  质量组: high (4个候选笑话)
    评估模型: qwen3-max
    [qwen3-max] 决策: select | 选笑话编号: 1
    评估模型: deepseek-v3.2
    [deepseek-v3.2] 决策: select | 选笑话编号: 4
    评估模型: kimi-k2.5
    [kimi-k2.5] 决策: create | 选笑话编号: None

  质量组: medium (4个候选笑话)
    评估模型: qwen3-max
    [qwen3-max] 决策: select | 选笑话编号: 2
    评估模型: deepseek-v3.2
    [deepseek-v3.2] 决策: select | 选笑话编号: 2
    评估模型: kimi-k2.5
    [kimi-k2.5] 决策: create | 选笑话编号: None

  质量组: low (4个候选笑话)
    评估模型: qwen3-max
    [qwen3-max] 决策: create | 选笑话编号: None
    评估模型: deepseek-v3.2
    [deepseek-v3.2] 决策: create | 选笑话编号: None
    评估模型: kimi-k2.5
    [kimi-k2.5] 决策: create | 选笑话编号: None

  Item完成: 耗时60.1s | 总耗时420.4min
  速率限制器状态: 可用令牌=48.0/48
  已保存中间结果 (439 条)

============================================================
处理 zh_0540... (440/1174)

  质量组: high (4个候选笑话)
    评估模型: qwen3-max
    [qwen3-max] 决策: select | 选笑话编号: 2
    评估模型: deepseek-v3.2
    [deepseek-v3.2] 决策: select | 选笑话编号: 1
    评估模型: kimi-k2.5
    [kimi-k2.5] 决策: create | 选笑话编号: None

  质量组: medium (4个候选笑话)
    评估模型: qwen3-max
    [qwen3-max] 决策: create | 选笑话编号: None
    评估模型: deepseek-v3.2
    [deepseek-v3.2] 决策: create | 选笑话编号: None
    评估模型: kimi-k2.5
    [kimi-k2.5] 决策: create | 选笑话编号: None

  质量组: low (4个候选笑话)
    评估模型: qwen3-max
    [qwen3-max] 决策: create | 选笑话编号: None
    评估模型: deepseek-v3.2
    [deepseek-v3.2] 决策: create | 选笑话编号: None
    评估模型: kimi-k2.5
    [kimi-k2.5] 决策: create | 选笑话编号: None

  Item完成: 耗时57.3s | 总耗时421.4min
  速率限制器状态: 可用令牌=48.0/48
  已保存中间结果 (440 条)

============================================================
处理 zh_0541... (441/1174)

  质量组: high (4个候选笑话)
    评估模型: qwen3-max
    [qwen3-max] 决策: select | 选笑话编号: 2
    评估模型: deepseek-v3.2
    [deepseek-v3.2] 决策: select | 选笑话编号: 1
    评估模型: kimi-k2.5
    [kimi-k2.5] 决策: create | 选笑话编号: None

  质量组: medium (4个候选笑话)
    评估模型: qwen3-max
    [qwen3-max] 决策: select | 选笑话编号: 1
    评估模型: deepseek-v3.2
    [deepseek-v3.2] 决策: select | 选笑话编号: 1
    评估模型: kimi-k2.5
    [kimi-k2.5] 决策: create | 选笑话编号: None

  质量组: low (4个候选笑话)
    评估模型: qwen3-max
    [qwen3-max] 决策: select | 选笑话编号: 1
    评估模型: deepseek-v3.2
    [deepseek-v3.2] 决策: select | 选笑话编号: 1
    评估模型: kimi-k2.5
    [kimi-k2.5] 决策: create | 选笑话编号: None

  Item完成: 耗时51.9s | 总耗时422.2min
  速率限制器状态: 可用令牌=48.0/48
  已保存中间结果 (441 条)

============================================================
处理 zh_0542... (442/1174)

  质量组: high (4个候选笑话)
    评估模型: qwen3-max
    [qwen3-max] 决策: select | 选笑话编号: 4
    评估模型: deepseek-v3.2
    [deepseek-v3.2] 决策: select | 选笑话编号: 1
    评估模型: kimi-k2.5
    [kimi-k2.5] 决策: create | 选笑话编号: None

  质量组: medium (4个候选笑话)
    评估模型: qwen3-max
    [qwen3-max] 决策: select | 选笑话编号: 4
    评估模型: deepseek-v3.2
    [deepseek-v3.2] 决策: select | 选笑话编号: 4
    评估模型: kimi-k2.5
    [kimi-k2.5] 决策: select | 选笑话编号: 4

  质量组: low (4个候选笑话)
    评估模型: qwen3-max
    [qwen3-max] 决策: create | 选笑话编号: None
    评估模型: deepseek-v3.2
    [deepseek-v3.2] 决策: create | 选笑话编号: None
    评估模型: kimi-k2.5
    [kimi-k2.5] 决策: create | 选笑话编号: None

  Item完成: 耗时59.8s | 总耗时423.2min
  速率限制器状态: 可用令牌=48.0/48
  已保存中间结果 (442 条)

============================================================
处理 zh_0543... (443/1174)

  质量组: high (4个候选笑话)
    评估模型: qwen3-max
    [qwen3-max] 决策: select | 选笑话编号: 2
    评估模型: deepseek-v3.2
    [deepseek-v3.2] 决策: select | 选笑话编号: 2
    评估模型: kimi-k2.5
    [kimi-k2.5] 决策: create | 选笑话编号: None

  质量组: medium (4个候选笑话)
    评估模型: qwen3-max
    [qwen3-max] 决策: select | 选笑话编号: 1
    评估模型: deepseek-v3.2
    [deepseek-v3.2] 决策: select | 选笑话编号: 1
    评估模型: kimi-k2.5
    [API] JSON解析失败: JSON解析失败: Expecting ',' delimiter: line 4 column 38 (char 95), model=kimi-k2.5
    [kimi-k2.5] 决策:  | 选笑话编号: ?

  质量组: low (4个候选笑话)
    评估模型: qwen3-max
    [qwen3-max] 决策: create | 选笑话编号: None
    评估模型: deepseek-v3.2
    [deepseek-v3.2] 决策: select | 选笑话编号: 1
    评估模型: kimi-k2.5
    [kimi-k2.5] 决策: create | 选笑话编号: None

  Item完成: 耗时53.3s | 总耗时424.1min
  速率限制器状态: 可用令牌=48.0/48
  已保存中间结果 (443 条)

============================================================
处理 zh_0544... (444/1174)

  质量组: high (4个候选笑话)
    评估模型: qwen3-max
    [qwen3-max] 决策: select | 选笑话编号: 2
    评估模型: deepseek-v3.2
    [deepseek-v3.2] 决策: select | 选笑话编号: 3
    评估模型: kimi-k2.5
    [kimi-k2.5] 决策: create | 选笑话编号: None

  质量组: medium (4个候选笑话)
    评估模型: qwen3-max
    [qwen3-max] 决策: select | 选笑话编号: 2
    评估模型: deepseek-v3.2
    [deepseek-v3.2] 决策: select | 选笑话编号: 2
    评估模型: kimi-k2.5
    [API] JSON解析失败: JSON解析失败: Expecting ',' delimiter: line 5 column 77 (char 236), model=kimi-k2.5
    [kimi-k2.5] 决策:  | 选笑话编号: ?

  质量组: low (4个候选笑话)
    评估模型: qwen3-max
    [qwen3-max] 决策: select | 选笑话编号: 4
    评估模型: deepseek-v3.2
    [deepseek-v3.2] 决策: select | 选笑话编号: 4
    评估模型: kimi-k2.5
    [kimi-k2.5] 决策: create | 选笑话编号: None

  Item完成: 耗时57.3s | 总耗时425.1min
  速率限制器状态: 可用令牌=48.0/48
  已保存中间结果 (444 条)

============================================================
处理 zh_0545... (445/1174)

  质量组: high (4个候选笑话)
    评估模型: qwen3-max
    [qwen3-max] 决策: select | 选笑话编号: 2
    评估模型: deepseek-v3.2
    [deepseek-v3.2] 决策: select | 选笑话编号: 3
    评估模型: kimi-k2.5
    [kimi-k2.5] 决策: create | 选笑话编号: None

  质量组: medium (4个候选笑话)
    评估模型: qwen3-max
    [qwen3-max] 决策: select | 选笑话编号: 1
    评估模型: deepseek-v3.2
    [deepseek-v3.2] 决策: select | 选笑话编号: 1
    评估模型: kimi-k2.5
    [kimi-k2.5] 决策: create | 选笑话编号: None

  质量组: low (4个候选笑话)
    评估模型: qwen3-max
    [qwen3-max] 决策: create | 选笑话编号: None
    评估模型: deepseek-v3.2
    [deepseek-v3.2] 决策: select | 选笑话编号: 1
    评估模型: kimi-k2.5
    [kimi-k2.5] 决策: create | 选笑话编号: None

  Item完成: 耗时64.6s | 总耗时426.2min
  速率限制器状态: 可用令牌=48.0/48
  已保存中间结果 (445 条)

============================================================
处理 zh_0546... (446/1174)

  质量组: high (4个候选笑话)
    评估模型: qwen3-max
    [qwen3-max] 决策: create | 选笑话编号: None
    评估模型: deepseek-v3.2
    [deepseek-v3.2] 决策: select | 选笑话编号: 4
    评估模型: kimi-k2.5
    [API] JSON解析失败: JSON解析失败: Expecting ',' delimiter: line 4 column 52 (char 109), model=kimi-k2.5
    [kimi-k2.5] 决策:  | 选笑话编号: ?

  质量组: medium (4个候选笑话)
    评估模型: qwen3-max
    [qwen3-max] 决策: select | 选笑话编号: 3
    评估模型: deepseek-v3.2
    [deepseek-v3.2] 决策: select | 选笑话编号: 4
    评估模型: kimi-k2.5
    [kimi-k2.5] 决策: create | 选笑话编号: None

  质量组: low (4个候选笑话)
    评估模型: qwen3-max
    [qwen3-max] 决策: create | 选笑话编号: None
    评估模型: deepseek-v3.2
    [deepseek-v3.2] 决策: create | 选笑话编号: None
    评估模型: kimi-k2.5
    [kimi-k2.5] 决策: create | 选笑话编号: None

  Item完成: 耗时47.4s | 总耗时427.0min
  速率限制器状态: 可用令牌=48.0/48
  已保存中间结果 (446 条)

============================================================
处理 zh_0547... (447/1174)

  质量组: high (4个候选笑话)
    评估模型: qwen3-max
    [qwen3-max] 决策: select | 选笑话编号: 2
    评估模型: deepseek-v3.2
    [deepseek-v3.2] 决策: select | 选笑话编号: 2
    评估模型: kimi-k2.5
    [kimi-k2.5] 决策: create | 选笑话编号: None

  质量组: medium (4个候选笑话)
    评估模型: qwen3-max
    [qwen3-max] 决策: select | 选笑话编号: 1
    评估模型: deepseek-v3.2
    [deepseek-v3.2] 决策: select | 选笑话编号: 4
    评估模型: kimi-k2.5
    [kimi-k2.5] 决策: select | 选笑话编号: 4

  质量组: low (4个候选笑话)
    评估模型: qwen3-max
    [qwen3-max] 决策: create | 选笑话编号: None
    评估模型: deepseek-v3.2
    [deepseek-v3.2] 决策: create | 选笑话编号: None
    评估模型: kimi-k2.5
    [kimi-k2.5] 决策: create | 选笑话编号: None

  Item完成: 耗时55.9s | 总耗时427.9min
  速率限制器状态: 可用令牌=48.0/48
  已保存中间结果 (447 条)

============================================================
处理 zh_0548... (448/1174)

  质量组: high (4个候选笑话)
    评估模型: qwen3-max
    [qwen3-max] 决策: select | 选笑话编号: 2
    评估模型: deepseek-v3.2
    [deepseek-v3.2] 决策: select | 选笑话编号: 2
    评估模型: kimi-k2.5
    [kimi-k2.5] 决策: create | 选笑话编号: None

  质量组: medium (4个候选笑话)
    评估模型: qwen3-max
    [qwen3-max] 决策: select | 选笑话编号: 1
    评估模型: deepseek-v3.2
    [deepseek-v3.2] 决策: select | 选笑话编号: 4
    评估模型: kimi-k2.5
    [kimi-k2.5] 决策: create | 选笑话编号: None

  质量组: low (4个候选笑话)
    评估模型: qwen3-max
    [qwen3-max] 决策: select | 选笑话编号: 1
    评估模型: deepseek-v3.2
    [deepseek-v3.2] 决策: create | 选笑话编号: None
    评估模型: kimi-k2.5
    [kimi-k2.5] 决策: create | 选笑话编号: None

  Item完成: 耗时58.0s | 总耗时428.9min
  速率限制器状态: 可用令牌=48.0/48
  已保存中间结果 (448 条)

============================================================
处理 zh_0549... (449/1174)

  质量组: high (4个候选笑话)
    评估模型: qwen3-max
    [qwen3-max] 决策: select | 选笑话编号: 2
    评估模型: deepseek-v3.2
    [deepseek-v3.2] 决策: select | 选笑话编号: 2
    评估模型: kimi-k2.5
    [kimi-k2.5] 决策: create | 选笑话编号: None

  质量组: medium (4个候选笑话)
    评估模型: qwen3-max
    [qwen3-max] 决策: select | 选笑话编号: 1
    评估模型: deepseek-v3.2
    [deepseek-v3.2] 决策: select | 选笑话编号: 1
    评估模型: kimi-k2.5
    [kimi-k2.5] 决策: create | 选笑话编号: None

  质量组: low (4个候选笑话)
    评估模型: qwen3-max
    [qwen3-max] 决策: select | 选笑话编号: 2
    评估模型: deepseek-v3.2
    [deepseek-v3.2] 决策: select | 选笑话编号: 1
    评估模型: kimi-k2.5
    [kimi-k2.5] 决策: create | 选笑话编号: None

  Item完成: 耗时56.0s | 总耗时429.8min
  速率限制器状态: 可用令牌=48.0/48
  已保存中间结果 (449 条)

============================================================
处理 zh_0550... (450/1174)

  质量组: high (4个候选笑话)
    评估模型: qwen3-max
    [qwen3-max] 决策: select | 选笑话编号: 3
    评估模型: deepseek-v3.2
    [deepseek-v3.2] 决策: select | 选笑话编号: 3
    评估模型: kimi-k2.5
    [kimi-k2.5] 决策: create | 选笑话编号: None

  质量组: medium (4个候选笑话)
    评估模型: qwen3-max
    [qwen3-max] 决策: create | 选笑话编号: None
    评估模型: deepseek-v3.2
    [deepseek-v3.2] 决策: select | 选笑话编号: 1
    评估模型: kimi-k2.5
    [kimi-k2.5] 决策: create | 选笑话编号: None

  质量组: low (4个候选笑话)
    评估模型: qwen3-max
    [qwen3-max] 决策: create | 选笑话编号: None
    评估模型: deepseek-v3.2
    [deepseek-v3.2] 决策: select | 选笑话编号: 2
    评估模型: kimi-k2.5
    [kimi-k2.5] 决策: create | 选笑话编号: None

  Item完成: 耗时60.0s | 总耗时430.8min
  速率限制器状态: 可用令牌=48.0/48
  已保存中间结果 (450 条)

============================================================
处理 zh_0551... (451/1174)

  质量组: high (4个候选笑话)
    评估模型: qwen3-max
    [qwen3-max] 决策: select | 选笑话编号: 2
    评估模型: deepseek-v3.2
    [deepseek-v3.2] 决策: select | 选笑话编号: 2
    评估模型: kimi-k2.5
    [kimi-k2.5] 决策: create | 选笑话编号: None

  质量组: medium (4个候选笑话)
    评估模型: qwen3-max
    [qwen3-max] 决策: select | 选笑话编号: 2
    评估模型: deepseek-v3.2
    [deepseek-v3.2] 决策: select | 选笑话编号: 2
    评估模型: kimi-k2.5
    [kimi-k2.5] 决策: create | 选笑话编号: None

  质量组: low (4个候选笑话)
    评估模型: qwen3-max
    [qwen3-max] 决策: create | 选笑话编号: None
    评估模型: deepseek-v3.2
    [deepseek-v3.2] 决策: select | 选笑话编号: 1
    评估模型: kimi-k2.5
    [API] JSON解析失败: JSON解析失败: Expecting ',' delimiter: line 4 column 100 (char 157), model=kimi-k2.5
    [kimi-k2.5] 决策:  | 选笑话编号: ?

  Item完成: 耗时58.2s | 总耗时431.8min
  速率限制器状态: 可用令牌=48.0/48
  已保存中间结果 (451 条)

============================================================
处理 zh_0552... (452/1174)

  质量组: high (4个候选笑话)
    评估模型: qwen3-max
    [qwen3-max] 决策: select | 选笑话编号: 2
    评估模型: deepseek-v3.2
    [deepseek-v3.2] 决策: select | 选笑话编号: 2
    评估模型: kimi-k2.5
    [kimi-k2.5] 决策: create | 选笑话编号: None

  质量组: medium (4个候选笑话)
    评估模型: qwen3-max
    [qwen3-max] 决策: select | 选笑话编号: 2
    评估模型: deepseek-v3.2
    [deepseek-v3.2] 决策: select | 选笑话编号: 1
    评估模型: kimi-k2.5
    [kimi-k2.5] 决策: create | 选笑话编号: None

  质量组: low (4个候选笑话)
    评估模型: qwen3-max
    [qwen3-max] 决策: select | 选笑话编号: 4
    评估模型: deepseek-v3.2
    [deepseek-v3.2] 决策: create | 选笑话编号: None
    评估模型: kimi-k2.5
    [API] JSON解析失败: JSON解析失败: Expecting ',' delimiter: line 4 column 95 (char 152), model=kimi-k2.5
    [kimi-k2.5] 决策:  | 选笑话编号: ?

  Item完成: 耗时49.4s | 总耗时432.6min
  速率限制器状态: 可用令牌=48.0/48
  已保存中间结果 (452 条)

============================================================
处理 zh_0553... (453/1174)

  质量组: high (4个候选笑话)
    评估模型: qwen3-max
    [qwen3-max] 决策: select | 选笑话编号: 2
    评估模型: deepseek-v3.2
    [deepseek-v3.2] 决策: select | 选笑话编号: 2
    评估模型: kimi-k2.5
    [kimi-k2.5] 决策: create | 选笑话编号: None

  质量组: medium (4个候选笑话)
    评估模型: qwen3-max
    [qwen3-max] 决策: select | 选笑话编号: 1
    评估模型: deepseek-v3.2
    [deepseek-v3.2] 决策: select | 选笑话编号: 1
    评估模型: kimi-k2.5
    [kimi-k2.5] 决策: create | 选笑话编号: None

  质量组: low (4个候选笑话)
    评估模型: qwen3-max
    [qwen3-max] 决策: select | 选笑话编号: 1
    评估模型: deepseek-v3.2
    [deepseek-v3.2] 决策: select | 选笑话编号: 1
    评估模型: kimi-k2.5
    [kimi-k2.5] 决策: create | 选笑话编号: None

  Item完成: 耗时64.7s | 总耗时433.7min
  速率限制器状态: 可用令牌=48.0/48
  已保存中间结果 (453 条)

============================================================
处理 zh_0554... (454/1174)

  质量组: high (4个候选笑话)
    评估模型: qwen3-max
    [qwen3-max] 决策: select | 选笑话编号: 3
    评估模型: deepseek-v3.2
    [deepseek-v3.2] 决策: select | 选笑话编号: 1
    评估模型: kimi-k2.5
    [kimi-k2.5] 决策: create | 选笑话编号: None

  质量组: medium (4个候选笑话)
    评估模型: qwen3-max
    [qwen3-max] 决策: select | 选笑话编号: 4
    评估模型: deepseek-v3.2
    [deepseek-v3.2] 决策: select | 选笑话编号: 4
    评估模型: kimi-k2.5
    [kimi-k2.5] 决策: create | 选笑话编号: None

  质量组: low (4个候选笑话)
    评估模型: qwen3-max
    [qwen3-max] 决策: create | 选笑话编号: None
    评估模型: deepseek-v3.2
    [deepseek-v3.2] 决策: create | 选笑话编号: None
    评估模型: kimi-k2.5
    [kimi-k2.5] 决策: create | 选笑话编号: None

  Item完成: 耗时55.0s | 总耗时434.6min
  速率限制器状态: 可用令牌=48.0/48
  已保存中间结果 (454 条)

============================================================
处理 zh_0555... (455/1174)

  质量组: high (4个候选笑话)
    评估模型: qwen3-max
    [qwen3-max] 决策: select | 选笑话编号: 1
    评估模型: deepseek-v3.2
    [deepseek-v3.2] 决策: select | 选笑话编号: 1
    评估模型: kimi-k2.5
    [kimi-k2.5] 决策: create | 选笑话编号: None

  质量组: medium (4个候选笑话)
    评估模型: qwen3-max
    [qwen3-max] 决策: select | 选笑话编号: 1
    评估模型: deepseek-v3.2
    [deepseek-v3.2] 决策: select | 选笑话编号: 1
    评估模型: kimi-k2.5
    [kimi-k2.5] 决策: create | 选笑话编号: None

  质量组: low (4个候选笑话)
    评估模型: qwen3-max
    [qwen3-max] 决策: select | 选笑话编号: 1
    评估模型: deepseek-v3.2
    [deepseek-v3.2] 决策: select | 选笑话编号: 4
    评估模型: kimi-k2.5
    [kimi-k2.5] 决策: create | 选笑话编号: None

  Item完成: 耗时64.9s | 总耗时435.7min
  速率限制器状态: 可用令牌=48.0/48
  已保存中间结果 (455 条)

============================================================
处理 zh_0556... (456/1174)

  质量组: high (4个候选笑话)
    评估模型: qwen3-max
    [qwen3-max] 决策: select | 选笑话编号: 2
    评估模型: deepseek-v3.2
    [deepseek-v3.2] 决策: select | 选笑话编号: 2
    评估模型: kimi-k2.5
    [kimi-k2.5] 决策: create | 选笑话编号: None

  质量组: medium (4个候选笑话)
    评估模型: qwen3-max
    [qwen3-max] 决策: select | 选笑话编号: 2
    评估模型: deepseek-v3.2
    [deepseek-v3.2] 决策: select | 选笑话编号: 2
    评估模型: kimi-k2.5
    [API] JSON解析失败: JSON解析失败: Expecting ',' delimiter: line 4 column 51 (char 105), model=kimi-k2.5
    [kimi-k2.5] 决策:  | 选笑话编号: ?

  质量组: low (4个候选笑话)
    评估模型: qwen3-max
    [qwen3-max] 决策: create | 选笑话编号: None
    评估模型: deepseek-v3.2
    [deepseek-v3.2] 决策: select | 选笑话编号: 2
    评估模型: kimi-k2.5
    [kimi-k2.5] 决策: create | 选笑话编号: None

  Item完成: 耗时64.1s | 总耗时436.8min
  速率限制器状态: 可用令牌=48.0/48
  已保存中间结果 (456 条)

============================================================
处理 zh_0557... (457/1174)

  质量组: high (4个候选笑话)
    评估模型: qwen3-max
    [qwen3-max] 决策: select | 选笑话编号: 1
    评估模型: deepseek-v3.2
    [deepseek-v3.2] 决策: select | 选笑话编号: 1
    评估模型: kimi-k2.5
    [kimi-k2.5] 决策: create | 选笑话编号: None

  质量组: medium (4个候选笑话)
    评估模型: qwen3-max
    [qwen3-max] 决策: select | 选笑话编号: 2
    评估模型: deepseek-v3.2
    [deepseek-v3.2] 决策: select | 选笑话编号: 1
    评估模型: kimi-k2.5
    [kimi-k2.5] 决策: create | 选笑话编号: None

  质量组: low (4个候选笑话)
    评估模型: qwen3-max
    [qwen3-max] 决策: create | 选笑话编号: None
    评估模型: deepseek-v3.2
    [deepseek-v3.2] 决策: select | 选笑话编号: 2
    评估模型: kimi-k2.5
    [kimi-k2.5] 决策: create | 选笑话编号: None

  Item完成: 耗时65.1s | 总耗时437.9min
  速率限制器状态: 可用令牌=48.0/48
  已保存中间结果 (457 条)

============================================================
处理 zh_0558... (458/1174)

  质量组: high (4个候选笑话)
    评估模型: qwen3-max
    [qwen3-max] 决策: select | 选笑话编号: 2
    评估模型: deepseek-v3.2
    [deepseek-v3.2] 决策: select | 选笑话编号: 2
    评估模型: kimi-k2.5
    [kimi-k2.5] 决策: select | 选笑话编号: 2

  质量组: medium (4个候选笑话)
    评估模型: qwen3-max
    [qwen3-max] 决策: select | 选笑话编号: 1
    评估模型: deepseek-v3.2
    [deepseek-v3.2] 决策: select | 选笑话编号: 1
    评估模型: kimi-k2.5
    [kimi-k2.5] 决策: create | 选笑话编号: None

  质量组: low (4个候选笑话)
    评估模型: qwen3-max
    [qwen3-max] 决策: select | 选笑话编号: 1
    评估模型: deepseek-v3.2
    [deepseek-v3.2] 决策: select | 选笑话编号: 2
    评估模型: kimi-k2.5
    [kimi-k2.5] 决策: create | 选笑话编号: None

  Item完成: 耗时60.4s | 总耗时438.9min
  速率限制器状态: 可用令牌=48.0/48
  已保存中间结果 (458 条)

============================================================
处理 zh_0559... (459/1174)

  质量组: high (4个候选笑话)
    评估模型: qwen3-max
    [qwen3-max] 决策: select | 选笑话编号: 2
    评估模型: deepseek-v3.2
    [deepseek-v3.2] 决策: select | 选笑话编号: 4
    评估模型: kimi-k2.5
    [kimi-k2.5] 决策: create | 选笑话编号: None

  质量组: medium (4个候选笑话)
    评估模型: qwen3-max
    [qwen3-max] 决策: create | 选笑话编号: None
    评估模型: deepseek-v3.2
    [deepseek-v3.2] 决策: create | 选笑话编号: None
    评估模型: kimi-k2.5
    [kimi-k2.5] 决策: create | 选笑话编号: None

  质量组: low (4个候选笑话)
    评估模型: qwen3-max
    [qwen3-max] 决策: create | 选笑话编号: None
    评估模型: deepseek-v3.2
    [deepseek-v3.2] 决策: create | 选笑话编号: None
    评估模型: kimi-k2.5
    [kimi-k2.5] 决策: create | 选笑话编号: None

  Item完成: 耗时62.1s | 总耗时439.9min
  速率限制器状态: 可用令牌=48.0/48
  已保存中间结果 (459 条)

============================================================
处理 zh_0560... (460/1174)

  质量组: high (4个候选笑话)
    评估模型: qwen3-max
    [qwen3-max] 决策: select | 选笑话编号: 2
    评估模型: deepseek-v3.2
    [deepseek-v3.2] 决策: select | 选笑话编号: 2
    评估模型: kimi-k2.5
    [kimi-k2.5] 决策: select | 选笑话编号: 2

  质量组: medium (4个候选笑话)
    评估模型: qwen3-max
    [qwen3-max] 决策: select | 选笑话编号: 2
    评估模型: deepseek-v3.2
    [deepseek-v3.2] 决策: select | 选笑话编号: 4
    评估模型: kimi-k2.5
    [kimi-k2.5] 决策: create | 选笑话编号: None

  质量组: low (4个候选笑话)
    评估模型: qwen3-max
    [qwen3-max] 决策: select | 选笑话编号: 1
    评估模型: deepseek-v3.2
    [deepseek-v3.2] 决策: select | 选笑话编号: 3
    评估模型: kimi-k2.5
    [kimi-k2.5] 决策: create | 选笑话编号: None

  Item完成: 耗时52.6s | 总耗时440.8min
  速率限制器状态: 可用令牌=48.0/48
  已保存中间结果 (460 条)

============================================================
处理 zh_0561... (461/1174)

  质量组: high (4个候选笑话)
    评估模型: qwen3-max
    [qwen3-max] 决策: select | 选笑话编号: 2
    评估模型: deepseek-v3.2
    [deepseek-v3.2] 决策: select | 选笑话编号: 2
    评估模型: kimi-k2.5
    [kimi-k2.5] 决策: select | 选笑话编号: 2

  质量组: medium (4个候选笑话)
    评估模型: qwen3-max
    [qwen3-max] 决策: select | 选笑话编号: 1
    评估模型: deepseek-v3.2
    [deepseek-v3.2] 决策: select | 选笑话编号: 4
    评估模型: kimi-k2.5
    [kimi-k2.5] 决策: create | 选笑话编号: None

  质量组: low (4个候选笑话)
    评估模型: qwen3-max
    [qwen3-max] 决策: create | 选笑话编号: None
    评估模型: deepseek-v3.2
    [deepseek-v3.2] 决策: select | 选笑话编号: 1
    评估模型: kimi-k2.5
    [kimi-k2.5] 决策: create | 选笑话编号: None

  Item完成: 耗时65.9s | 总耗时441.9min
  速率限制器状态: 可用令牌=48.0/48
  已保存中间结果 (461 条)

============================================================
处理 zh_0562... (462/1174)

  质量组: high (4个候选笑话)
    评估模型: qwen3-max
    [qwen3-max] 决策: select | 选笑话编号: 2
    评估模型: deepseek-v3.2
    [deepseek-v3.2] 决策: select | 选笑话编号: 2
    评估模型: kimi-k2.5
    [kimi-k2.5] 决策: create | 选笑话编号: None

  质量组: medium (4个候选笑话)
    评估模型: qwen3-max
    [qwen3-max] 决策: create | 选笑话编号: None
    评估模型: deepseek-v3.2
    [deepseek-v3.2] 决策: select | 选笑话编号: 1
    评估模型: kimi-k2.5
    [kimi-k2.5] 决策: create | 选笑话编号: None

  质量组: low (4个候选笑话)
    评估模型: qwen3-max
    [qwen3-max] 决策: select | 选笑话编号: 1
    评估模型: deepseek-v3.2
    [deepseek-v3.2] 决策: select | 选笑话编号: 1
    评估模型: kimi-k2.5
    [kimi-k2.5] 决策: create | 选笑话编号: None

  Item完成: 耗时61.6s | 总耗时442.9min
  速率限制器状态: 可用令牌=48.0/48
  已保存中间结果 (462 条)

============================================================
处理 zh_0563... (463/1174)

  质量组: high (4个候选笑话)
    评估模型: qwen3-max
    [qwen3-max] 决策: create | 选笑话编号: None
    评估模型: deepseek-v3.2
    [deepseek-v3.2] 决策: create | 选笑话编号: None
    评估模型: kimi-k2.5
    [kimi-k2.5] 决策: create | 选笑话编号: None

  质量组: medium (4个候选笑话)
    评估模型: qwen3-max
    [qwen3-max] 决策: create | 选笑话编号: None
    评估模型: deepseek-v3.2
    [deepseek-v3.2] 决策: create | 选笑话编号: None
    评估模型: kimi-k2.5
    [kimi-k2.5] 决策: create | 选笑话编号: None

  质量组: low (4个候选笑话)
    评估模型: qwen3-max
    [qwen3-max] 决策: create | 选笑话编号: None
    评估模型: deepseek-v3.2
    [deepseek-v3.2] 决策: create | 选笑话编号: None
    评估模型: kimi-k2.5
    [kimi-k2.5] 决策: create | 选笑话编号: None

  Item完成: 耗时47.7s | 总耗时443.7min
  速率限制器状态: 可用令牌=48.0/48
  已保存中间结果 (463 条)

============================================================
处理 zh_0564... (464/1174)

  质量组: high (4个候选笑话)
    评估模型: qwen3-max
    [qwen3-max] 决策: select | 选笑话编号: 4
    评估模型: deepseek-v3.2
    [deepseek-v3.2] 决策: select | 选笑话编号: 1
    评估模型: kimi-k2.5
    [kimi-k2.5] 决策: create | 选笑话编号: None

  质量组: medium (4个候选笑话)
    评估模型: qwen3-max
    [qwen3-max] 决策: select | 选笑话编号: 2
    评估模型: deepseek-v3.2
    [deepseek-v3.2] 决策: select | 选笑话编号: 1
    评估模型: kimi-k2.5
    [kimi-k2.5] 决策: create | 选笑话编号: None

  质量组: low (4个候选笑话)
    评估模型: qwen3-max
    [qwen3-max] 决策: select | 选笑话编号: 4
    评估模型: deepseek-v3.2
    [deepseek-v3.2] 决策: create | 选笑话编号: None
    评估模型: kimi-k2.5
    [kimi-k2.5] 决策: create | 选笑话编号: None

  Item完成: 耗时58.6s | 总耗时444.7min
  速率限制器状态: 可用令牌=48.0/48
  已保存中间结果 (464 条)

============================================================
处理 zh_0565... (465/1174)

  质量组: high (4个候选笑话)
    评估模型: qwen3-max
    [qwen3-max] 决策: select | 选笑话编号: 2
    评估模型: deepseek-v3.2
    [deepseek-v3.2] 决策: select | 选笑话编号: 2
    评估模型: kimi-k2.5
    [kimi-k2.5] 决策: create | 选笑话编号: None

  质量组: medium (4个候选笑话)
    评估模型: qwen3-max
    [qwen3-max] 决策: select | 选笑话编号: 1
    评估模型: deepseek-v3.2
    [deepseek-v3.2] 决策: select | 选笑话编号: 1
    评估模型: kimi-k2.5
    [kimi-k2.5] 决策: create | 选笑话编号: None

  质量组: low (4个候选笑话)
    评估模型: qwen3-max
    [qwen3-max] 决策: select | 选笑话编号: 1
    评估模型: deepseek-v3.2
    [deepseek-v3.2] 决策: select | 选笑话编号: 4
    评估模型: kimi-k2.5
    [kimi-k2.5] 决策: create | 选笑话编号: None

  Item完成: 耗时57.5s | 总耗时445.7min
  速率限制器状态: 可用令牌=48.0/48
  已保存中间结果 (465 条)

============================================================
处理 zh_0566... (466/1174)

  质量组: high (4个候选笑话)
    评估模型: qwen3-max
    [qwen3-max] 决策: select | 选笑话编号: 2
    评估模型: deepseek-v3.2
    [deepseek-v3.2] 决策: select | 选笑话编号: 2
    评估模型: kimi-k2.5
    [kimi-k2.5] 决策: select | 选笑话编号: 2

  质量组: medium (4个候选笑话)
    评估模型: qwen3-max
    [qwen3-max] 决策: select | 选笑话编号: 2
    评估模型: deepseek-v3.2
    [deepseek-v3.2] 决策: select | 选笑话编号: 2
    评估模型: kimi-k2.5
    [API] JSON解析失败: JSON解析失败: Expecting ',' delimiter: line 4 column 37 (char 94), model=kimi-k2.5
    [kimi-k2.5] 决策:  | 选笑话编号: ?

  质量组: low (4个候选笑话)
    评估模型: qwen3-max
    [qwen3-max] 决策: create | 选笑话编号: None
    评估模型: deepseek-v3.2
    [deepseek-v3.2] 决策: select | 选笑话编号: 2
    评估模型: kimi-k2.5
    [kimi-k2.5] 决策: create | 选笑话编号: None

  Item完成: 耗时50.4s | 总耗时446.5min
  速率限制器状态: 可用令牌=48.0/48
  已保存中间结果 (466 条)

============================================================
处理 zh_0567... (467/1174)

  质量组: high (4个候选笑话)
    评估模型: qwen3-max
    [qwen3-max] 决策: select | 选笑话编号: 4
    评估模型: deepseek-v3.2
    [deepseek-v3.2] 决策: select | 选笑话编号: 4
    评估模型: kimi-k2.5
    [kimi-k2.5] 决策: create | 选笑话编号: None

  质量组: medium (4个候选笑话)
    评估模型: qwen3-max
    [qwen3-max] 决策: select | 选笑话编号: 4
    评估模型: deepseek-v3.2
    [deepseek-v3.2] 决策: select | 选笑话编号: 4
    评估模型: kimi-k2.5
    [kimi-k2.5] 决策: create | 选笑话编号: None

  质量组: low (4个候选笑话)
    评估模型: qwen3-max
    [qwen3-max] 决策: select | 选笑话编号: 4
    评估模型: deepseek-v3.2
    [deepseek-v3.2] 决策: select | 选笑话编号: 4
    评估模型: kimi-k2.5
    [kimi-k2.5] 决策: create | 选笑话编号: None

  Item完成: 耗时55.4s | 总耗时447.4min
  速率限制器状态: 可用令牌=48.0/48
  已保存中间结果 (467 条)

============================================================
处理 zh_0568... (468/1174)

  质量组: high (4个候选笑话)
    评估模型: qwen3-max
    [qwen3-max] 决策: select | 选笑话编号: 4
    评估模型: deepseek-v3.2
    [deepseek-v3.2] 决策: select | 选笑话编号: 2
    评估模型: kimi-k2.5
    [kimi-k2.5] 决策: create | 选笑话编号: None

  质量组: medium (4个候选笑话)
    评估模型: qwen3-max
    [qwen3-max] 决策: select | 选笑话编号: 2
    评估模型: deepseek-v3.2
    [deepseek-v3.2] 决策: select | 选笑话编号: 2
    评估模型: kimi-k2.5
    [kimi-k2.5] 决策: create | 选笑话编号: None

  质量组: low (4个候选笑话)
    评估模型: qwen3-max
    [qwen3-max] 决策: create | 选笑话编号: None
    评估模型: deepseek-v3.2
    [deepseek-v3.2] 决策: select | 选笑话编号: 1
    评估模型: kimi-k2.5
    [kimi-k2.5] 决策: create | 选笑话编号: None

  Item完成: 耗时57.5s | 总耗时448.4min
  速率限制器状态: 可用令牌=48.0/48
  已保存中间结果 (468 条)

============================================================
处理 zh_0569... (469/1174)

  质量组: high (4个候选笑话)
    评估模型: qwen3-max
    [qwen3-max] 决策: select | 选笑话编号: 2
    评估模型: deepseek-v3.2
    [deepseek-v3.2] 决策: select | 选笑话编号: 1
    评估模型: kimi-k2.5
    [kimi-k2.5] 决策: create | 选笑话编号: None

  质量组: medium (4个候选笑话)
    评估模型: qwen3-max
    [qwen3-max] 决策: create | 选笑话编号: None
    评估模型: deepseek-v3.2
    [deepseek-v3.2] 决策: select | 选笑话编号: 4
    评估模型: kimi-k2.5
    [kimi-k2.5] 决策: create | 选笑话编号: None

  质量组: low (4个候选笑话)
    评估模型: qwen3-max
    [qwen3-max] 决策: select | 选笑话编号: 1
    评估模型: deepseek-v3.2
    [deepseek-v3.2] 决策: select | 选笑话编号: 4
    评估模型: kimi-k2.5
    [kimi-k2.5] 决策: create | 选笑话编号: None

  Item完成: 耗时56.7s | 总耗时449.3min
  速率限制器状态: 可用令牌=48.0/48
  已保存中间结果 (469 条)

============================================================
处理 zh_0570... (470/1174)

  质量组: high (4个候选笑话)
    评估模型: qwen3-max
    [qwen3-max] 决策: select | 选笑话编号: 2
    评估模型: deepseek-v3.2
    [deepseek-v3.2] 决策: select | 选笑话编号: 1
    评估模型: kimi-k2.5
    [kimi-k2.5] 决策: create | 选笑话编号: None

  质量组: medium (4个候选笑话)
    评估模型: qwen3-max
    [qwen3-max] 决策: select | 选笑话编号: 3
    评估模型: deepseek-v3.2
    [deepseek-v3.2] 决策: select | 选笑话编号: 1
    评估模型: kimi-k2.5
    [kimi-k2.5] 决策: create | 选笑话编号: None

  质量组: low (4个候选笑话)
    评估模型: qwen3-max
    [qwen3-max] 决策: create | 选笑话编号: None
    评估模型: deepseek-v3.2
    [deepseek-v3.2] 决策: create | 选笑话编号: None
    评估模型: kimi-k2.5
    [kimi-k2.5] 决策: create | 选笑话编号: None

  Item完成: 耗时55.7s | 总耗时450.3min
  速率限制器状态: 可用令牌=48.0/48
  已保存中间结果 (470 条)

============================================================
处理 zh_0571... (471/1174)

  质量组: high (4个候选笑话)
    评估模型: qwen3-max
    [qwen3-max] 决策: select | 选笑话编号: 3
    评估模型: deepseek-v3.2
    [deepseek-v3.2] 决策: select | 选笑话编号: 4
    评估模型: kimi-k2.5
    [kimi-k2.5] 决策: create | 选笑话编号: None

  质量组: medium (4个候选笑话)
    评估模型: qwen3-max
    [qwen3-max] 决策: select | 选笑话编号: 4
    评估模型: deepseek-v3.2
    [deepseek-v3.2] 决策: select | 选笑话编号: 4
    评估模型: kimi-k2.5
    [kimi-k2.5] 决策: create | 选笑话编号: None

  质量组: low (4个候选笑话)
    评估模型: qwen3-max
    [qwen3-max] 决策: select | 选笑话编号: 1
    评估模型: deepseek-v3.2
    [deepseek-v3.2] 决策: select | 选笑话编号: 1
    评估模型: kimi-k2.5
    [kimi-k2.5] 决策: create | 选笑话编号: None

  Item完成: 耗时51.6s | 总耗时451.1min
  速率限制器状态: 可用令牌=48.0/48
  已保存中间结果 (471 条)

============================================================
处理 zh_0572... (472/1174)

  质量组: high (4个候选笑话)
    评估模型: qwen3-max
    [qwen3-max] 决策: select | 选笑话编号: 2
    评估模型: deepseek-v3.2
    [deepseek-v3.2] 决策: select | 选笑话编号: 3
    评估模型: kimi-k2.5
    [kimi-k2.5] 决策: create | 选笑话编号: None

  质量组: medium (4个候选笑话)
    评估模型: qwen3-max
    [qwen3-max] 决策: select | 选笑话编号: 1
    评估模型: deepseek-v3.2
    [deepseek-v3.2] 决策: select | 选笑话编号: 1
    评估模型: kimi-k2.5
    [kimi-k2.5] 决策: create | 选笑话编号: None

  质量组: low (4个候选笑话)
    评估模型: qwen3-max
    [qwen3-max] 决策: create | 选笑话编号: None
    评估模型: deepseek-v3.2
    [deepseek-v3.2] 决策: select | 选笑话编号: 4
    评估模型: kimi-k2.5
    [API] JSON解析失败: JSON解析失败: Expecting ',' delimiter: line 4 column 95 (char 152), model=kimi-k2.5
    [kimi-k2.5] 决策:  | 选笑话编号: ?

  Item完成: 耗时54.6s | 总耗时452.0min
  速率限制器状态: 可用令牌=48.0/48
  已保存中间结果 (472 条)

============================================================
处理 zh_0573... (473/1174)

  质量组: high (4个候选笑话)
    评估模型: qwen3-max
    [qwen3-max] 决策: select | 选笑话编号: 2
    评估模型: deepseek-v3.2
    [deepseek-v3.2] 决策: select | 选笑话编号: 2
    评估模型: kimi-k2.5
    [kimi-k2.5] 决策: create | 选笑话编号: None

  质量组: medium (4个候选笑话)
    评估模型: qwen3-max
    [qwen3-max] 决策: select | 选笑话编号: 2
    评估模型: deepseek-v3.2
    [deepseek-v3.2] 决策: select | 选笑话编号: 2
    评估模型: kimi-k2.5
    [API] JSON解析失败: JSON解析失败: Expecting ',' delimiter: line 4 column 24 (char 81), model=kimi-k2.5
    [kimi-k2.5] 决策:  | 选笑话编号: ?

  质量组: low (4个候选笑话)
    评估模型: qwen3-max
    [qwen3-max] 决策: create | 选笑话编号: None
    评估模型: deepseek-v3.2
    [deepseek-v3.2] 决策: create | 选笑话编号: None
    评估模型: kimi-k2.5
    [API] JSON解析失败: JSON解析失败: Expecting ',' delimiter: line 4 column 91 (char 148), model=kimi-k2.5
    [kimi-k2.5] 决策:  | 选笑话编号: ?

  Item完成: 耗时59.2s | 总耗时453.0min
  速率限制器状态: 可用令牌=48.0/48
  已保存中间结果 (473 条)

============================================================
处理 zh_0574... (474/1174)

  质量组: high (4个候选笑话)
    评估模型: qwen3-max
    [qwen3-max] 决策: select | 选笑话编号: 2
    评估模型: deepseek-v3.2
    [deepseek-v3.2] 决策: select | 选笑话编号: 1
    评估模型: kimi-k2.5
    [kimi-k2.5] 决策: select | 选笑话编号: 1

  质量组: medium (4个候选笑话)
    评估模型: qwen3-max
    [qwen3-max] 决策: select | 选笑话编号: 4
    评估模型: deepseek-v3.2
    [deepseek-v3.2] 决策: select | 选笑话编号: 4
    评估模型: kimi-k2.5
    [kimi-k2.5] 决策: select | 选笑话编号: 4

  质量组: low (4个候选笑话)
    评估模型: qwen3-max
    [qwen3-max] 决策: create | 选笑话编号: None
    评估模型: deepseek-v3.2
    [deepseek-v3.2] 决策: select | 选笑话编号: 2
    评估模型: kimi-k2.5
    [kimi-k2.5] 决策: create | 选笑话编号: None

  Item完成: 耗时56.4s | 总耗时454.0min
  速率限制器状态: 可用令牌=48.0/48
  已保存中间结果 (474 条)

============================================================
处理 zh_0575... (475/1174)

  质量组: high (4个候选笑话)
    评估模型: qwen3-max
    [qwen3-max] 决策: select | 选笑话编号: 2
    评估模型: deepseek-v3.2
    [deepseek-v3.2] 决策: select | 选笑话编号: 1
    评估模型: kimi-k2.5
    [kimi-k2.5] 决策: create | 选笑话编号: None

  质量组: medium (4个候选笑话)
    评估模型: qwen3-max
    [qwen3-max] 决策: select | 选笑话编号: 1
    评估模型: deepseek-v3.2
    [deepseek-v3.2] 决策: select | 选笑话编号: 1
    评估模型: kimi-k2.5
    [kimi-k2.5] 决策: create | 选笑话编号: None

  质量组: low (4个候选笑话)
    评估模型: qwen3-max
    [qwen3-max] 决策: create | 选笑话编号: None
    评估模型: deepseek-v3.2
    [deepseek-v3.2] 决策: create | 选笑话编号: None
    评估模型: kimi-k2.5
    [API] JSON解析失败: JSON解析失败: Expecting ',' delimiter: line 4 column 39 (char 96), model=kimi-k2.5
    [kimi-k2.5] 决策:  | 选笑话编号: ?

  Item完成: 耗时50.5s | 总耗时454.8min
  速率限制器状态: 可用令牌=48.0/48
  已保存中间结果 (475 条)

============================================================
处理 zh_0576... (476/1174)

  质量组: high (4个候选笑话)
    评估模型: qwen3-max
    [qwen3-max] 决策: select | 选笑话编号: 2
    评估模型: deepseek-v3.2
    [deepseek-v3.2] 决策: select | 选笑话编号: 2
    评估模型: kimi-k2.5
    [kimi-k2.5] 决策: create | 选笑话编号: None

  质量组: medium (4个候选笑话)
    评估模型: qwen3-max
    [qwen3-max] 决策: select | 选笑话编号: 4
    评估模型: deepseek-v3.2
    [deepseek-v3.2] 决策: select | 选笑话编号: 4
    评估模型: kimi-k2.5
    [kimi-k2.5] 决策: create | 选笑话编号: None

  质量组: low (4个候选笑话)
    评估模型: qwen3-max
    [qwen3-max] 决策: create | 选笑话编号: None
    评估模型: deepseek-v3.2
    [deepseek-v3.2] 决策: create | 选笑话编号: None
    评估模型: kimi-k2.5
    [kimi-k2.5] 决策: create | 选笑话编号: None

  Item完成: 耗时49.0s | 总耗时455.6min
  速率限制器状态: 可用令牌=48.0/48
  已保存中间结果 (476 条)

============================================================
处理 zh_0577... (477/1174)

  质量组: high (4个候选笑话)
    评估模型: qwen3-max
    [qwen3-max] 决策: select | 选笑话编号: 2
    评估模型: deepseek-v3.2
    [deepseek-v3.2] 决策: select | 选笑话编号: 4
    评估模型: kimi-k2.5
    [kimi-k2.5] 决策: create | 选笑话编号: None

  质量组: medium (4个候选笑话)
    评估模型: qwen3-max
    [qwen3-max] 决策: select | 选笑话编号: 2
    评估模型: deepseek-v3.2
    [deepseek-v3.2] 决策: select | 选笑话编号: 2
    评估模型: kimi-k2.5
    [kimi-k2.5] 决策: create | 选笑话编号: None

  质量组: low (4个候选笑话)
    评估模型: qwen3-max
    [qwen3-max] 决策: select | 选笑话编号: 1
    评估模型: deepseek-v3.2
    [deepseek-v3.2] 决策: select | 选笑话编号: 1
    评估模型: kimi-k2.5
    [kimi-k2.5] 决策: create | 选笑话编号: None

  Item完成: 耗时48.9s | 总耗时456.5min
  速率限制器状态: 可用令牌=48.0/48
  已保存中间结果 (477 条)

============================================================
处理 zh_0578... (478/1174)

  质量组: high (4个候选笑话)
    评估模型: qwen3-max
    [qwen3-max] 决策: select | 选笑话编号: 4
    评估模型: deepseek-v3.2
    [deepseek-v3.2] 决策: select | 选笑话编号: 4
    评估模型: kimi-k2.5
    [kimi-k2.5] 决策: create | 选笑话编号: None

  质量组: medium (4个候选笑话)
    评估模型: qwen3-max
    [qwen3-max] 决策: select | 选笑话编号: 4
    评估模型: deepseek-v3.2
    [deepseek-v3.2] 决策: select | 选笑话编号: 2
    评估模型: kimi-k2.5
    [kimi-k2.5] 决策: create | 选笑话编号: None

  质量组: low (4个候选笑话)
    评估模型: qwen3-max
    [qwen3-max] 决策: select | 选笑话编号: 1
    评估模型: deepseek-v3.2
    [deepseek-v3.2] 决策: select | 选笑话编号: 2
    评估模型: kimi-k2.5
    [kimi-k2.5] 决策: create | 选笑话编号: None

  Item完成: 耗时63.6s | 总耗时457.5min
  速率限制器状态: 可用令牌=48.0/48
  已保存中间结果 (478 条)

============================================================
处理 zh_0579... (479/1174)

  质量组: high (4个候选笑话)
    评估模型: qwen3-max
    [qwen3-max] 决策: select | 选笑话编号: 2
    评估模型: deepseek-v3.2
    [deepseek-v3.2] 决策: select | 选笑话编号: 1
    评估模型: kimi-k2.5
    [kimi-k2.5] 决策: create | 选笑话编号: None

  质量组: medium (4个候选笑话)
    评估模型: qwen3-max
    [qwen3-max] 决策: select | 选笑话编号: 2
    评估模型: deepseek-v3.2
    [deepseek-v3.2] 决策: select | 选笑话编号: 4
    评估模型: kimi-k2.5
    [kimi-k2.5] 决策: create | 选笑话编号: None

  质量组: low (4个候选笑话)
    评估模型: qwen3-max
    [qwen3-max] 决策: select | 选笑话编号: 1
    评估模型: deepseek-v3.2
    [deepseek-v3.2] 决策: create | 选笑话编号: None
    评估模型: kimi-k2.5
    [kimi-k2.5] 决策: create | 选笑话编号: None

  Item完成: 耗时63.9s | 总耗时458.6min
  速率限制器状态: 可用令牌=48.0/48
  已保存中间结果 (479 条)

============================================================
处理 zh_0580... (480/1174)

  质量组: high (4个候选笑话)
    评估模型: qwen3-max
    [qwen3-max] 决策: select | 选笑话编号: 3
    评估模型: deepseek-v3.2
    [deepseek-v3.2] 决策: select | 选笑话编号: 1
    评估模型: kimi-k2.5
    [API] JSON解析失败: JSON解析失败: Expecting ',' delimiter: line 4 column 57 (char 114), model=kimi-k2.5
    [kimi-k2.5] 决策:  | 选笑话编号: ?

  质量组: medium (4个候选笑话)
    评估模型: qwen3-max
    [qwen3-max] 决策: select | 选笑话编号: 1
    评估模型: deepseek-v3.2
    [deepseek-v3.2] 决策: select | 选笑话编号: 1
    评估模型: kimi-k2.5
    [kimi-k2.5] 决策: create | 选笑话编号: None

  质量组: low (4个候选笑话)
    评估模型: qwen3-max
    [qwen3-max] 决策: create | 选笑话编号: None
    评估模型: deepseek-v3.2
    [deepseek-v3.2] 决策: create | 选笑话编号: None
    评估模型: kimi-k2.5
    [kimi-k2.5] 决策: create | 选笑话编号: None

  Item完成: 耗时60.5s | 总耗时459.6min
  速率限制器状态: 可用令牌=48.0/48
  已保存中间结果 (480 条)

============================================================
处理 zh_0581... (481/1174)

  质量组: high (4个候选笑话)
    评估模型: qwen3-max
    [qwen3-max] 决策: select | 选笑话编号: 1
    评估模型: deepseek-v3.2
    [deepseek-v3.2] 决策: select | 选笑话编号: 1
    评估模型: kimi-k2.5
    [kimi-k2.5] 决策: create | 选笑话编号: None

  质量组: medium (4个候选笑话)
    评估模型: qwen3-max
    [qwen3-max] 决策: select | 选笑话编号: 1
    评估模型: deepseek-v3.2
    [deepseek-v3.2] 决策: select | 选笑话编号: 1
    评估模型: kimi-k2.5
    [kimi-k2.5] 决策: create | 选笑话编号: None

  质量组: low (4个候选笑话)
    评估模型: qwen3-max
    [qwen3-max] 决策: create | 选笑话编号: None
    评估模型: deepseek-v3.2
    [deepseek-v3.2] 决策: create | 选笑话编号: None
    评估模型: kimi-k2.5
    [kimi-k2.5] 决策: create | 选笑话编号: None

  Item完成: 耗时56.3s | 总耗时460.6min
  速率限制器状态: 可用令牌=48.0/48
  已保存中间结果 (481 条)

============================================================
处理 zh_0582... (482/1174)

  质量组: high (4个候选笑话)
    评估模型: qwen3-max
    [qwen3-max] 决策: select | 选笑话编号: 2
    评估模型: deepseek-v3.2
    [deepseek-v3.2] 决策: select | 选笑话编号: 4
    评估模型: kimi-k2.5
    [kimi-k2.5] 决策: select | 选笑话编号: 2

  质量组: medium (4个候选笑话)
    评估模型: qwen3-max
    [qwen3-max] 决策: create | 选笑话编号: None
    评估模型: deepseek-v3.2
    [deepseek-v3.2] 决策: select | 选笑话编号: 1
    评估模型: kimi-k2.5
    [kimi-k2.5] 决策: create | 选笑话编号: None

  质量组: low (4个候选笑话)
    评估模型: qwen3-max
    [qwen3-max] 决策: select | 选笑话编号: 1
    评估模型: deepseek-v3.2
    [deepseek-v3.2] 决策: select | 选笑话编号: 1
    评估模型: kimi-k2.5
    [kimi-k2.5] 决策: create | 选笑话编号: None

  Item完成: 耗时57.5s | 总耗时461.5min
  速率限制器状态: 可用令牌=48.0/48
  已保存中间结果 (482 条)

============================================================
处理 zh_0583... (483/1174)

  质量组: high (4个候选笑话)
    评估模型: qwen3-max
    [qwen3-max] 决策: select | 选笑话编号: 2
    评估模型: deepseek-v3.2
    [deepseek-v3.2] 决策: select | 选笑话编号: 2
    评估模型: kimi-k2.5
    [kimi-k2.5] 决策: create | 选笑话编号: None

  质量组: medium (4个候选笑话)
    评估模型: qwen3-max
    [qwen3-max] 决策: select | 选笑话编号: 2
    评估模型: deepseek-v3.2
    [deepseek-v3.2] 决策: create | 选笑话编号: None
    评估模型: kimi-k2.5
    [kimi-k2.5] 决策: create | 选笑话编号: None

  质量组: low (4个候选笑话)
    评估模型: qwen3-max
    [qwen3-max] 决策: select | 选笑话编号: 1
    评估模型: deepseek-v3.2
    [deepseek-v3.2] 决策: create | 选笑话编号: None
    评估模型: kimi-k2.5
    [kimi-k2.5] 决策: create | 选笑话编号: None

  Item完成: 耗时54.7s | 总耗时462.4min
  速率限制器状态: 可用令牌=48.0/48
  已保存中间结果 (483 条)

============================================================
处理 zh_0584... (484/1174)

  质量组: high (4个候选笑话)
    评估模型: qwen3-max
    [qwen3-max] 决策: select | 选笑话编号: 2
    评估模型: deepseek-v3.2
    [deepseek-v3.2] 决策: select | 选笑话编号: 4
    评估模型: kimi-k2.5
    [kimi-k2.5] 决策: create | 选笑话编号: None

  质量组: medium (4个候选笑话)
    评估模型: qwen3-max
    [qwen3-max] 决策: select | 选笑话编号: 2
    评估模型: deepseek-v3.2
    [deepseek-v3.2] 决策: select | 选笑话编号: 1
    评估模型: kimi-k2.5
    [kimi-k2.5] 决策: create | 选笑话编号: None

  质量组: low (4个候选笑话)
    评估模型: qwen3-max
    [qwen3-max] 决策: select | 选笑话编号: 1
    评估模型: deepseek-v3.2
    [deepseek-v3.2] 决策: select | 选笑话编号: 2
    评估模型: kimi-k2.5
    [kimi-k2.5] 决策: create | 选笑话编号: None

  Item完成: 耗时52.8s | 总耗时463.3min
  速率限制器状态: 可用令牌=48.0/48
  已保存中间结果 (484 条)

============================================================
处理 zh_0585... (485/1174)

  质量组: high (4个候选笑话)
    评估模型: qwen3-max
    [qwen3-max] 决策: select | 选笑话编号: 2
    评估模型: deepseek-v3.2
    [deepseek-v3.2] 决策: select | 选笑话编号: 1
    评估模型: kimi-k2.5
    [kimi-k2.5] 决策: select | 选笑话编号: 2

  质量组: medium (4个候选笑话)
    评估模型: qwen3-max
    [qwen3-max] 决策: select | 选笑话编号: 2
    评估模型: deepseek-v3.2
    [deepseek-v3.2] 决策: select | 选笑话编号: 2
    评估模型: kimi-k2.5
    [kimi-k2.5] 决策: create | 选笑话编号: None

  质量组: low (4个候选笑话)
    评估模型: qwen3-max
    [qwen3-max] 决策: create | 选笑话编号: None
    评估模型: deepseek-v3.2
    [deepseek-v3.2] 决策: create | 选笑话编号: None
    评估模型: kimi-k2.5
    [kimi-k2.5] 决策: create | 选笑话编号: None

  Item完成: 耗时58.4s | 总耗时464.3min
  速率限制器状态: 可用令牌=48.0/48
  已保存中间结果 (485 条)

============================================================
处理 zh_0586... (486/1174)

  质量组: high (4个候选笑话)
    评估模型: qwen3-max
    [qwen3-max] 决策: select | 选笑话编号: 2
    评估模型: deepseek-v3.2
    [deepseek-v3.2] 决策: select | 选笑话编号: 2
    评估模型: kimi-k2.5
    [kimi-k2.5] 决策: create | 选笑话编号: None

  质量组: medium (4个候选笑话)
    评估模型: qwen3-max
    [qwen3-max] 决策: select | 选笑话编号: 1
    评估模型: deepseek-v3.2
    [deepseek-v3.2] 决策: select | 选笑话编号: 1
    评估模型: kimi-k2.5
    [kimi-k2.5] 决策: create | 选笑话编号: None

  质量组: low (4个候选笑话)
    评估模型: qwen3-max
    [qwen3-max] 决策: create | 选笑话编号: None
    评估模型: deepseek-v3.2
    [deepseek-v3.2] 决策: create | 选笑话编号: None
    评估模型: kimi-k2.5
    [kimi-k2.5] 决策: create | 选笑话编号: None

  Item完成: 耗时47.8s | 总耗时465.1min
  速率限制器状态: 可用令牌=48.0/48
  已保存中间结果 (486 条)

============================================================
处理 zh_0587... (487/1174)

  质量组: high (4个候选笑话)
    评估模型: qwen3-max
    [qwen3-max] 决策: select | 选笑话编号: 2
    评估模型: deepseek-v3.2
    [deepseek-v3.2] 决策: select | 选笑话编号: 2
    评估模型: kimi-k2.5
    [kimi-k2.5] 决策: create | 选笑话编号: None

  质量组: medium (4个候选笑话)
    评估模型: qwen3-max
    [qwen3-max] 决策: select | 选笑话编号: 1
    评估模型: deepseek-v3.2
    [deepseek-v3.2] 决策: select | 选笑话编号: 4
    评估模型: kimi-k2.5
    [kimi-k2.5] 决策: create | 选笑话编号: None

  质量组: low (4个候选笑话)
    评估模型: qwen3-max
    [qwen3-max] 决策: create | 选笑话编号: None
    评估模型: deepseek-v3.2
    [deepseek-v3.2] 决策: select | 选笑话编号: 4
    评估模型: kimi-k2.5
    [kimi-k2.5] 决策: create | 选笑话编号: None

  Item完成: 耗时56.8s | 总耗时466.0min
  速率限制器状态: 可用令牌=48.0/48
  已保存中间结果 (487 条)

============================================================
处理 zh_0588... (488/1174)

  质量组: high (4个候选笑话)
    评估模型: qwen3-max
    [qwen3-max] 决策: select | 选笑话编号: 4
    评估模型: deepseek-v3.2
    [deepseek-v3.2] 决策: select | 选笑话编号: 1
    评估模型: kimi-k2.5
    [kimi-k2.5] 决策: create | 选笑话编号: None

  质量组: medium (4个候选笑话)
    评估模型: qwen3-max
    [qwen3-max] 决策: select | 选笑话编号: 2
    评估模型: deepseek-v3.2
    [deepseek-v3.2] 决策: select | 选笑话编号: 2
    评估模型: kimi-k2.5
    [kimi-k2.5] 决策: select | 选笑话编号: 2

  质量组: low (4个候选笑话)
    评估模型: qwen3-max
    [qwen3-max] 决策: select | 选笑话编号: 1
    评估模型: deepseek-v3.2
    [deepseek-v3.2] 决策: select | 选笑话编号: 1
    评估模型: kimi-k2.5
    [kimi-k2.5] 决策: create | 选笑话编号: None

  Item完成: 耗时56.5s | 总耗时467.0min
  速率限制器状态: 可用令牌=48.0/48
  已保存中间结果 (488 条)

============================================================
处理 zh_0589... (489/1174)

  质量组: high (4个候选笑话)
    评估模型: qwen3-max
    [qwen3-max] 决策: select | 选笑话编号: 2
    评估模型: deepseek-v3.2
    [deepseek-v3.2] 决策: select | 选笑话编号: 4
    评估模型: kimi-k2.5
    [kimi-k2.5] 决策: create | 选笑话编号: None

  质量组: medium (4个候选笑话)
    评估模型: qwen3-max
    [qwen3-max] 决策: select | 选笑话编号: 2
    评估模型: deepseek-v3.2
    [deepseek-v3.2] 决策: select | 选笑话编号: 1
    评估模型: kimi-k2.5
    [kimi-k2.5] 决策: select | 选笑话编号: 2

  质量组: low (4个候选笑话)
    评估模型: qwen3-max
    [qwen3-max] 决策: create | 选笑话编号: None
    评估模型: deepseek-v3.2
    [deepseek-v3.2] 决策: select | 选笑话编号: 4
    评估模型: kimi-k2.5
    [kimi-k2.5] 决策: create | 选笑话编号: None

  Item完成: 耗时57.8s | 总耗时468.0min
  速率限制器状态: 可用令牌=48.0/48
  已保存中间结果 (489 条)

============================================================
处理 zh_0590... (490/1174)

  质量组: high (4个候选笑话)
    评估模型: qwen3-max
    [qwen3-max] 决策: select | 选笑话编号: 2
    评估模型: deepseek-v3.2
    [deepseek-v3.2] 决策: select | 选笑话编号: 1
    评估模型: kimi-k2.5
    [kimi-k2.5] 决策: create | 选笑话编号: None

  质量组: medium (4个候选笑话)
    评估模型: qwen3-max
    [qwen3-max] 决策: select | 选笑话编号: 1
    评估模型: deepseek-v3.2
    [deepseek-v3.2] 决策: select | 选笑话编号: 1
    评估模型: kimi-k2.5
    [kimi-k2.5] 决策: create | 选笑话编号: None

  质量组: low (4个候选笑话)
    评估模型: qwen3-max
    [qwen3-max] 决策: select | 选笑话编号: 1
    评估模型: deepseek-v3.2
    [deepseek-v3.2] 决策: select | 选笑话编号: 1
    评估模型: kimi-k2.5
    [kimi-k2.5] 决策: create | 选笑话编号: None

  Item完成: 耗时61.6s | 总耗时469.0min
  速率限制器状态: 可用令牌=48.0/48
  已保存中间结果 (490 条)

============================================================
处理 zh_0591... (491/1174)

  质量组: high (4个候选笑话)
    评估模型: qwen3-max
    [qwen3-max] 决策: select | 选笑话编号: 2
    评估模型: deepseek-v3.2
    [deepseek-v3.2] 决策: select | 选笑话编号: 4
    评估模型: kimi-k2.5
    [kimi-k2.5] 决策: create | 选笑话编号: None

  质量组: medium (4个候选笑话)
    评估模型: qwen3-max
    [qwen3-max] 决策: select | 选笑话编号: 1
    评估模型: deepseek-v3.2
    [deepseek-v3.2] 决策: select | 选笑话编号: 4
    评估模型: kimi-k2.5
    [kimi-k2.5] 决策: create | 选笑话编号: None

  质量组: low (4个候选笑话)
    评估模型: qwen3-max
    [qwen3-max] 决策: create | 选笑话编号: None
    评估模型: deepseek-v3.2
    [deepseek-v3.2] 决策: create | 选笑话编号: None
    评估模型: kimi-k2.5
    [API] JSON解析失败: JSON解析失败: Expecting ',' delimiter: line 5 column 23 (char 224), model=kimi-k2.5
    [kimi-k2.5] 决策:  | 选笑话编号: ?

  Item完成: 耗时53.1s | 总耗时469.9min
  速率限制器状态: 可用令牌=48.0/48
  已保存中间结果 (491 条)

============================================================
处理 zh_0592... (492/1174)

  质量组: high (4个候选笑话)
    评估模型: qwen3-max
    [qwen3-max] 决策: select | 选笑话编号: 1
    评估模型: deepseek-v3.2
    [deepseek-v3.2] 决策: select | 选笑话编号: 2
    评估模型: kimi-k2.5
    [kimi-k2.5] 决策: create | 选笑话编号: None

  质量组: medium (4个候选笑话)
    评估模型: qwen3-max
    [qwen3-max] 决策: select | 选笑话编号: 3
    评估模型: deepseek-v3.2
    [deepseek-v3.2] 决策: select | 选笑话编号: 4
    评估模型: kimi-k2.5
    [kimi-k2.5] 决策: create | 选笑话编号: None

  质量组: low (4个候选笑话)
    评估模型: qwen3-max
    [qwen3-max] 决策: create | 选笑话编号: None
    评估模型: deepseek-v3.2
    [deepseek-v3.2] 决策: select | 选笑话编号: 1
    评估模型: kimi-k2.5
    [kimi-k2.5] 决策: create | 选笑话编号: None

  Item完成: 耗时55.0s | 总耗时470.8min
  速率限制器状态: 可用令牌=48.0/48
  已保存中间结果 (492 条)

============================================================
处理 zh_0593... (493/1174)

  质量组: high (4个候选笑话)
    评估模型: qwen3-max
    [qwen3-max] 决策: select | 选笑话编号: 2
    评估模型: deepseek-v3.2
    [deepseek-v3.2] 决策: select | 选笑话编号: 2
    评估模型: kimi-k2.5
    [kimi-k2.5] 决策: create | 选笑话编号: None

  质量组: medium (4个候选笑话)
    评估模型: qwen3-max
    [qwen3-max] 决策: create | 选笑话编号: None
    评估模型: deepseek-v3.2
    [deepseek-v3.2] 决策: select | 选笑话编号: 2
    评估模型: kimi-k2.5
    [kimi-k2.5] 决策: create | 选笑话编号: None

  质量组: low (4个候选笑话)
    评估模型: qwen3-max
    [qwen3-max] 决策: create | 选笑话编号: None
    评估模型: deepseek-v3.2
    [deepseek-v3.2] 决策: select | 选笑话编号: 1
    评估模型: kimi-k2.5
    [kimi-k2.5] 决策: create | 选笑话编号: None

  Item完成: 耗时57.0s | 总耗时471.7min
  速率限制器状态: 可用令牌=48.0/48
  已保存中间结果 (493 条)

============================================================
处理 zh_0594... (494/1174)

  质量组: high (4个候选笑话)
    评估模型: qwen3-max
    [qwen3-max] 决策: select | 选笑话编号: 2
    评估模型: deepseek-v3.2
    [deepseek-v3.2] 决策: select | 选笑话编号: 4
    评估模型: kimi-k2.5
    [kimi-k2.5] 决策: select | 选笑话编号: 2

  质量组: medium (4个候选笑话)
    评估模型: qwen3-max
    [qwen3-max] 决策: select | 选笑话编号: 1
    评估模型: deepseek-v3.2
    [deepseek-v3.2] 决策: select | 选笑话编号: 1
    评估模型: kimi-k2.5
    [kimi-k2.5] 决策: create | 选笑话编号: None

  质量组: low (4个候选笑话)
    评估模型: qwen3-max
    [qwen3-max] 决策: select | 选笑话编号: 4
    评估模型: deepseek-v3.2
    [deepseek-v3.2] 决策: select | 选笑话编号: 4
    评估模型: kimi-k2.5
    [kimi-k2.5] 决策: create | 选笑话编号: None

  Item完成: 耗时55.6s | 总耗时472.7min
  速率限制器状态: 可用令牌=48.0/48
  已保存中间结果 (494 条)

============================================================
处理 zh_0595... (495/1174)

  质量组: high (4个候选笑话)
    评估模型: qwen3-max
    [qwen3-max] 决策: select | 选笑话编号: 2
    评估模型: deepseek-v3.2
    [deepseek-v3.2] 决策: select | 选笑话编号: 4
    评估模型: kimi-k2.5
    [kimi-k2.5] 决策: create | 选笑话编号: None

  质量组: medium (4个候选笑话)
    评估模型: qwen3-max
    [qwen3-max] 决策: select | 选笑话编号: 1
    评估模型: deepseek-v3.2
    [deepseek-v3.2] 决策: select | 选笑话编号: 1
    评估模型: kimi-k2.5
    [kimi-k2.5] 决策: create | 选笑话编号: None

  质量组: low (4个候选笑话)
    评估模型: qwen3-max
    [qwen3-max] 决策: select | 选笑话编号: 1
    评估模型: deepseek-v3.2
    [deepseek-v3.2] 决策: select | 选笑话编号: 1
    评估模型: kimi-k2.5
    [kimi-k2.5] 决策: create | 选笑话编号: None

  Item完成: 耗时54.8s | 总耗时473.6min
  速率限制器状态: 可用令牌=48.0/48
  已保存中间结果 (495 条)

============================================================
处理 zh_0596... (496/1174)

  质量组: high (4个候选笑话)
    评估模型: qwen3-max
    [qwen3-max] 决策: select | 选笑话编号: 2
    评估模型: deepseek-v3.2
    [deepseek-v3.2] 决策: select | 选笑话编号: 2
    评估模型: kimi-k2.5
    [kimi-k2.5] 决策: select | 选笑话编号: 2

  质量组: medium (4个候选笑话)
    评估模型: qwen3-max
    [qwen3-max] 决策: select | 选笑话编号: 1
    评估模型: deepseek-v3.2
    [deepseek-v3.2] 决策: select | 选笑话编号: 1
    评估模型: kimi-k2.5
    [kimi-k2.5] 决策: create | 选笑话编号: None

  质量组: low (4个候选笑话)
    评估模型: qwen3-max
    [qwen3-max] 决策: create | 选笑话编号: None
    评估模型: deepseek-v3.2
    [deepseek-v3.2] 决策: select | 选笑话编号: 1
    评估模型: kimi-k2.5
    [API] JSON解析失败: JSON解析失败: Expecting ',' delimiter: line 4 column 89 (char 146), model=kimi-k2.5
    [kimi-k2.5] 决策:  | 选笑话编号: ?

  Item完成: 耗时57.5s | 总耗时474.6min
  速率限制器状态: 可用令牌=48.0/48
  已保存中间结果 (496 条)

============================================================
处理 zh_0597... (497/1174)

  质量组: high (4个候选笑话)
    评估模型: qwen3-max
    [qwen3-max] 决策: select | 选笑话编号: 3
    评估模型: deepseek-v3.2
    [deepseek-v3.2] 决策: select | 选笑话编号: 2
    评估模型: kimi-k2.5
    [kimi-k2.5] 决策: create | 选笑话编号: None

  质量组: medium (4个候选笑话)
    评估模型: qwen3-max
    [qwen3-max] 决策: select | 选笑话编号: 2
    评估模型: deepseek-v3.2
    [deepseek-v3.2] 决策: select | 选笑话编号: 2
    评估模型: kimi-k2.5
    [kimi-k2.5] 决策: create | 选笑话编号: None

  质量组: low (4个候选笑话)
    评估模型: qwen3-max
    [qwen3-max] 决策: create | 选笑话编号: None
    评估模型: deepseek-v3.2
    [deepseek-v3.2] 决策: select | 选笑话编号: 1
    评估模型: kimi-k2.5
    [kimi-k2.5] 决策: create | 选笑话编号: None

  Item完成: 耗时60.9s | 总耗时475.6min
  速率限制器状态: 可用令牌=48.0/48
  已保存中间结果 (497 条)

============================================================
处理 zh_0598... (498/1174)

  质量组: high (4个候选笑话)
    评估模型: qwen3-max
    [qwen3-max] 决策: select | 选笑话编号: 2
    评估模型: deepseek-v3.2
    [deepseek-v3.2] 决策: select | 选笑话编号: 2
    评估模型: kimi-k2.5
    [kimi-k2.5] 决策: create | 选笑话编号: None

  质量组: medium (4个候选笑话)
    评估模型: qwen3-max
    [qwen3-max] 决策: select | 选笑话编号: 2
    评估模型: deepseek-v3.2
    [deepseek-v3.2] 决策: select | 选笑话编号: 2
    评估模型: kimi-k2.5
    [kimi-k2.5] 决策: create | 选笑话编号: None

  质量组: low (4个候选笑话)
    评估模型: qwen3-max
    [qwen3-max] 决策: create | 选笑话编号: None
    评估模型: deepseek-v3.2
    [deepseek-v3.2] 决策: create | 选笑话编号: None
    评估模型: kimi-k2.5
    [kimi-k2.5] 决策: create | 选笑话编号: None

  Item完成: 耗时66.8s | 总耗时476.7min
  速率限制器状态: 可用令牌=48.0/48
  已保存中间结果 (498 条)

============================================================
处理 zh_0599... (499/1174)

  质量组: high (4个候选笑话)
    评估模型: qwen3-max
    [qwen3-max] 决策: select | 选笑话编号: 1
    评估模型: deepseek-v3.2
    [deepseek-v3.2] 决策: select | 选笑话编号: 1
    评估模型: kimi-k2.5
    [API] JSON解析失败: JSON解析失败: Expecting ',' delimiter: line 5 column 29 (char 221), model=kimi-k2.5
    [kimi-k2.5] 决策:  | 选笑话编号: ?

  质量组: medium (4个候选笑话)
    评估模型: qwen3-max
    [qwen3-max] 决策: select | 选笑话编号: 4
    评估模型: deepseek-v3.2
    [deepseek-v3.2] 决策: select | 选笑话编号: 4
    评估模型: kimi-k2.5
    [kimi-k2.5] 决策: create | 选笑话编号: None

  质量组: low (4个候选笑话)
    评估模型: qwen3-max
    [qwen3-max] 决策: select | 选笑话编号: 1
    评估模型: deepseek-v3.2
    [deepseek-v3.2] 决策: create | 选笑话编号: None
    评估模型: kimi-k2.5
    [API] JSON解析失败: JSON解析失败: Expecting ',' delimiter: line 5 column 51 (char 227), model=kimi-k2.5
    [kimi-k2.5] 决策:  | 选笑话编号: ?

  Item完成: 耗时60.2s | 总耗时477.7min
  速率限制器状态: 可用令牌=48.0/48
  已保存中间结果 (499 条)

============================================================
处理 zh_0600... (500/1174)

  质量组: high (4个候选笑话)
    评估模型: qwen3-max
    [qwen3-max] 决策: select | 选笑话编号: 2
    评估模型: deepseek-v3.2
    [deepseek-v3.2] 决策: select | 选笑话编号: 2
    评估模型: kimi-k2.5
    [kimi-k2.5] 决策: create | 选笑话编号: None

  质量组: medium (4个候选笑话)
    评估模型: qwen3-max
    [qwen3-max] 决策: create | 选笑话编号: None
    评估模型: deepseek-v3.2
    [deepseek-v3.2] 决策: select | 选笑话编号: 1
    评估模型: kimi-k2.5
    [kimi-k2.5] 决策: create | 选笑话编号: None

  质量组: low (4个候选笑话)
    评估模型: qwen3-max
    [qwen3-max] 决策: create | 选笑话编号: None
    评估模型: deepseek-v3.2
    [deepseek-v3.2] 决策: create | 选笑话编号: None
    评估模型: kimi-k2.5
    [kimi-k2.5] 决策: create | 选笑话编号: None

  Item完成: 耗时62.5s | 总耗时478.7min
  速率限制器状态: 可用令牌=48.0/48
  已保存中间结果 (500 条)

============================================================
处理 zh_0601... (501/1174)

  质量组: high (4个候选笑话)
    评估模型: qwen3-max
    [qwen3-max] 决策: select | 选笑话编号: 2
    评估模型: deepseek-v3.2
    [deepseek-v3.2] 决策: select | 选笑话编号: 4
    评估模型: kimi-k2.5
    [kimi-k2.5] 决策: create | 选笑话编号: None

  质量组: medium (4个候选笑话)
    评估模型: qwen3-max
    [qwen3-max] 决策: select | 选笑话编号: 4
    评估模型: deepseek-v3.2
    [deepseek-v3.2] 决策: select | 选笑话编号: 1
    评估模型: kimi-k2.5
    [kimi-k2.5] 决策: create | 选笑话编号: None

  质量组: low (4个候选笑话)
    评估模型: qwen3-max
    [qwen3-max] 决策: create | 选笑话编号: None
    评估模型: deepseek-v3.2
    [deepseek-v3.2] 决策: create | 选笑话编号: None
    评估模型: kimi-k2.5
    [kimi-k2.5] 决策: create | 选笑话编号: None

  Item完成: 耗时54.3s | 总耗时479.7min
  速率限制器状态: 可用令牌=48.0/48
  已保存中间结果 (501 条)

============================================================
处理 zh_0602... (502/1174)

  质量组: high (4个候选笑话)
    评估模型: qwen3-max
    [qwen3-max] 决策: select | 选笑话编号: 2
    评估模型: deepseek-v3.2
    [deepseek-v3.2] 决策: select | 选笑话编号: 2
    评估模型: kimi-k2.5
    [kimi-k2.5] 决策: select | 选笑话编号: 2

  质量组: medium (4个候选笑话)
    评估模型: qwen3-max
    [qwen3-max] 决策: select | 选笑话编号: 2
    评估模型: deepseek-v3.2
    [deepseek-v3.2] 决策: select | 选笑话编号: 1
    评估模型: kimi-k2.5
    [kimi-k2.5] 决策: create | 选笑话编号: None

  质量组: low (4个候选笑话)
    评估模型: qwen3-max
    [qwen3-max] 决策: select | 选笑话编号: 3
    评估模型: deepseek-v3.2
    [deepseek-v3.2] 决策: select | 选笑话编号: 4
    评估模型: kimi-k2.5
    [kimi-k2.5] 决策: create | 选笑话编号: None

  Item完成: 耗时54.8s | 总耗时480.6min
  速率限制器状态: 可用令牌=48.0/48
  已保存中间结果 (502 条)

============================================================
处理 zh_0603... (503/1174)

  质量组: high (4个候选笑话)
    评估模型: qwen3-max
    [qwen3-max] 决策: select | 选笑话编号: 2
    评估模型: deepseek-v3.2
    [deepseek-v3.2] 决策: select | 选笑话编号: 4
    评估模型: kimi-k2.5
    [kimi-k2.5] 决策: create | 选笑话编号: None

  质量组: medium (4个候选笑话)
    评估模型: qwen3-max
    [qwen3-max] 决策: select | 选笑话编号: 2
    评估模型: deepseek-v3.2
    [deepseek-v3.2] 决策: select | 选笑话编号: 4
    评估模型: kimi-k2.5
    [kimi-k2.5] 决策: create | 选笑话编号: None

  质量组: low (4个候选笑话)
    评估模型: qwen3-max
    [qwen3-max] 决策: create | 选笑话编号: None
    评估模型: deepseek-v3.2
    [deepseek-v3.2] 决策: select | 选笑话编号: 3
    评估模型: kimi-k2.5
    [kimi-k2.5] 决策: create | 选笑话编号: None

  Item完成: 耗时48.1s | 总耗时481.4min
  速率限制器状态: 可用令牌=48.0/48
  已保存中间结果 (503 条)

============================================================
处理 zh_0604... (504/1174)

  质量组: high (4个候选笑话)
    评估模型: qwen3-max
    [qwen3-max] 决策: select | 选笑话编号: 2
    评估模型: deepseek-v3.2
    [deepseek-v3.2] 决策: select | 选笑话编号: 2
    评估模型: kimi-k2.5
    [kimi-k2.5] 决策: create | 选笑话编号: None

  质量组: medium (4个候选笑话)
    评估模型: qwen3-max
    [qwen3-max] 决策: select | 选笑话编号: 2
    评估模型: deepseek-v3.2
    [deepseek-v3.2] 决策: select | 选笑话编号: 1
    评估模型: kimi-k2.5
    [kimi-k2.5] 决策: create | 选笑话编号: None

  质量组: low (4个候选笑话)
    评估模型: qwen3-max
    [qwen3-max] 决策: create | 选笑话编号: None
    评估模型: deepseek-v3.2
    [deepseek-v3.2] 决策: select | 选笑话编号: 1
    评估模型: kimi-k2.5
    [API] JSON解析失败: JSON解析失败: Expecting ',' delimiter: line 4 column 53 (char 110), model=kimi-k2.5
    [kimi-k2.5] 决策:  | 选笑话编号: ?

  Item完成: 耗时59.1s | 总耗时482.4min
  速率限制器状态: 可用令牌=48.0/48
  已保存中间结果 (504 条)

============================================================
处理 zh_0605... (505/1174)

  质量组: high (4个候选笑话)
    评估模型: qwen3-max
    [qwen3-max] 决策: select | 选笑话编号: 2
    评估模型: deepseek-v3.2
    [deepseek-v3.2] 决策: select | 选笑话编号: 2
    评估模型: kimi-k2.5
    [kimi-k2.5] 决策: select | 选笑话编号: 2

  质量组: medium (4个候选笑话)
    评估模型: qwen3-max
    [qwen3-max] 决策: select | 选笑话编号: 2
    评估模型: deepseek-v3.2
    [deepseek-v3.2] 决策: select | 选笑话编号: 4
    评估模型: kimi-k2.5
    [kimi-k2.5] 决策: create | 选笑话编号: None

  质量组: low (4个候选笑话)
    评估模型: qwen3-max
    [qwen3-max] 决策: select | 选笑话编号: 2
    评估模型: deepseek-v3.2
    [deepseek-v3.2] 决策: select | 选笑话编号: 1
    评估模型: kimi-k2.5
    [kimi-k2.5] 决策: create | 选笑话编号: None

  Item完成: 耗时60.2s | 总耗时483.4min
  速率限制器状态: 可用令牌=48.0/48
  已保存中间结果 (505 条)

============================================================
处理 zh_0606... (506/1174)

  质量组: high (4个候选笑话)
    评估模型: qwen3-max
    [qwen3-max] 决策: select | 选笑话编号: 2
    评估模型: deepseek-v3.2
    [deepseek-v3.2] 决策: select | 选笑话编号: 2
    评估模型: kimi-k2.5
    [kimi-k2.5] 决策: create | 选笑话编号: None

  质量组: medium (4个候选笑话)
    评估模型: qwen3-max
    [qwen3-max] 决策: select | 选笑话编号: 1
    评估模型: deepseek-v3.2
    [deepseek-v3.2] 决策: select | 选笑话编号: 1
    评估模型: kimi-k2.5
    [kimi-k2.5] 决策: create | 选笑话编号: None

  质量组: low (4个候选笑话)
    评估模型: qwen3-max
    [qwen3-max] 决策: create | 选笑话编号: None
    评估模型: deepseek-v3.2
    [deepseek-v3.2] 决策: select | 选笑话编号: 1
    评估模型: kimi-k2.5
    [kimi-k2.5] 决策: create | 选笑话编号: None

  Item完成: 耗时56.0s | 总耗时484.3min
  速率限制器状态: 可用令牌=48.0/48
  已保存中间结果 (506 条)

============================================================
处理 zh_0607... (507/1174)

  质量组: high (4个候选笑话)
    评估模型: qwen3-max
    [qwen3-max] 决策: select | 选笑话编号: 1
    评估模型: deepseek-v3.2
    [deepseek-v3.2] 决策: select | 选笑话编号: 4
    评估模型: kimi-k2.5
    [kimi-k2.5] 决策: create | 选笑话编号: None

  质量组: medium (4个候选笑话)
    评估模型: qwen3-max
    [qwen3-max] 决策: select | 选笑话编号: 1
    评估模型: deepseek-v3.2
    [deepseek-v3.2] 决策: select | 选笑话编号: 1
    评估模型: kimi-k2.5
    [kimi-k2.5] 决策: create | 选笑话编号: None

  质量组: low (4个候选笑话)
    评估模型: qwen3-max
    [qwen3-max] 决策: select | 选笑话编号: 1
    评估模型: deepseek-v3.2
    [deepseek-v3.2] 决策: select | 选笑话编号: 1
    评估模型: kimi-k2.5
    [kimi-k2.5] 决策: create | 选笑话编号: None

  Item完成: 耗时73.8s | 总耗时485.5min
  速率限制器状态: 可用令牌=48.0/48
  已保存中间结果 (507 条)

============================================================
处理 zh_0608... (508/1174)

  质量组: high (4个候选笑话)
    评估模型: qwen3-max
    [qwen3-max] 决策: select | 选笑话编号: 2
    评估模型: deepseek-v3.2
    [deepseek-v3.2] 决策: select | 选笑话编号: 1
    评估模型: kimi-k2.5
    [kimi-k2.5] 决策: create | 选笑话编号: None

  质量组: medium (4个候选笑话)
    评估模型: qwen3-max
    [qwen3-max] 决策: select | 选笑话编号: 2
    评估模型: deepseek-v3.2
    [deepseek-v3.2] 决策: select | 选笑话编号: 1
    评估模型: kimi-k2.5
    [kimi-k2.5] 决策: create | 选笑话编号: None

  质量组: low (4个候选笑话)
    评估模型: qwen3-max
    [qwen3-max] 决策: select | 选笑话编号: 1
    评估模型: deepseek-v3.2
    [deepseek-v3.2] 决策: select | 选笑话编号: 1
    评估模型: kimi-k2.5
    [kimi-k2.5] 决策: create | 选笑话编号: None

  Item完成: 耗时65.5s | 总耗时486.6min
  速率限制器状态: 可用令牌=48.0/48
  已保存中间结果 (508 条)

============================================================
处理 zh_0609... (509/1174)

  质量组: high (4个候选笑话)
    评估模型: qwen3-max
    [qwen3-max] 决策: select | 选笑话编号: 2
    评估模型: deepseek-v3.2
    [deepseek-v3.2] 决策: select | 选笑话编号: 4
    评估模型: kimi-k2.5
    [kimi-k2.5] 决策: create | 选笑话编号: None

  质量组: medium (4个候选笑话)
    评估模型: qwen3-max
    [qwen3-max] 决策: select | 选笑话编号: 1
    评估模型: deepseek-v3.2
    [deepseek-v3.2] 决策: select | 选笑话编号: 1
    评估模型: kimi-k2.5
    [kimi-k2.5] 决策: create | 选笑话编号: None

  质量组: low (4个候选笑话)
    评估模型: qwen3-max
    [qwen3-max] 决策: create | 选笑话编号: None
    评估模型: deepseek-v3.2
    [deepseek-v3.2] 决策: select | 选笑话编号: 1
    评估模型: kimi-k2.5
    [kimi-k2.5] 决策: create | 选笑话编号: None

  Item完成: 耗时65.5s | 总耗时487.7min
  速率限制器状态: 可用令牌=48.0/48
  已保存中间结果 (509 条)

============================================================
处理 zh_0610... (510/1174)

  质量组: high (4个候选笑话)
    评估模型: qwen3-max
    [qwen3-max] 决策: select | 选笑话编号: 1
    评估模型: deepseek-v3.2
    [deepseek-v3.2] 决策: select | 选笑话编号: 1
    评估模型: kimi-k2.5
    [kimi-k2.5] 决策: create | 选笑话编号: None

  质量组: medium (4个候选笑话)
    评估模型: qwen3-max
    [qwen3-max] 决策: create | 选笑话编号: None
    评估模型: deepseek-v3.2
    [deepseek-v3.2] 决策: select | 选笑话编号: 4
    评估模型: kimi-k2.5
    [kimi-k2.5] 决策: create | 选笑话编号: None

  质量组: low (4个候选笑话)
    评估模型: qwen3-max
    [qwen3-max] 决策: create | 选笑话编号: None
    评估模型: deepseek-v3.2
    [deepseek-v3.2] 决策: select | 选笑话编号: 1
    评估模型: kimi-k2.5
    [kimi-k2.5] 决策: create | 选笑话编号: None

  Item完成: 耗时65.9s | 总耗时488.8min
  速率限制器状态: 可用令牌=48.0/48
  已保存中间结果 (510 条)

============================================================
处理 zh_0611... (511/1174)

  质量组: high (4个候选笑话)
    评估模型: qwen3-max
    [qwen3-max] 决策: select | 选笑话编号: 2
    评估模型: deepseek-v3.2
    [deepseek-v3.2] 决策: select | 选笑话编号: 2
    评估模型: kimi-k2.5
    [kimi-k2.5] 决策: select | 选笑话编号: 4

  质量组: medium (4个候选笑话)
    评估模型: qwen3-max
    [qwen3-max] 决策: select | 选笑话编号: 4
    评估模型: deepseek-v3.2
    [deepseek-v3.2] 决策: select | 选笑话编号: 4
    评估模型: kimi-k2.5
    [kimi-k2.5] 决策: create | 选笑话编号: None

  质量组: low (4个候选笑话)
    评估模型: qwen3-max
    [qwen3-max] 决策: select | 选笑话编号: 3
    评估模型: deepseek-v3.2
    [deepseek-v3.2] 决策: select | 选笑话编号: 1
    评估模型: kimi-k2.5
    [API] JSON解析失败: JSON解析失败: Expecting ',' delimiter: line 4 column 77 (char 134), model=kimi-k2.5
    [kimi-k2.5] 决策:  | 选笑话编号: ?

  Item完成: 耗时58.5s | 总耗时489.8min
  速率限制器状态: 可用令牌=48.0/48
  已保存中间结果 (511 条)

============================================================
处理 zh_0612... (512/1174)

  质量组: high (4个候选笑话)
    评估模型: qwen3-max
    [qwen3-max] 决策: select | 选笑话编号: 2
    评估模型: deepseek-v3.2
    [deepseek-v3.2] 决策: select | 选笑话编号: 2
    评估模型: kimi-k2.5
    [kimi-k2.5] 决策: create | 选笑话编号: None

  质量组: medium (4个候选笑话)
    评估模型: qwen3-max
    [qwen3-max] 决策: create | 选笑话编号: None
    评估模型: deepseek-v3.2
    [deepseek-v3.2] 决策: select | 选笑话编号: 4
    评估模型: kimi-k2.5
    [kimi-k2.5] 决策: create | 选笑话编号: None

  质量组: low (4个候选笑话)
    评估模型: qwen3-max
    [qwen3-max] 决策: create | 选笑话编号: None
    评估模型: deepseek-v3.2
    [deepseek-v3.2] 决策: create | 选笑话编号: None
    评估模型: kimi-k2.5
    [kimi-k2.5] 决策: create | 选笑话编号: None

  Item完成: 耗时54.2s | 总耗时490.7min
  速率限制器状态: 可用令牌=48.0/48
  已保存中间结果 (512 条)

============================================================
处理 zh_0613... (513/1174)

  质量组: high (4个候选笑话)
    评估模型: qwen3-max
    [qwen3-max] 决策: select | 选笑话编号: 2
    评估模型: deepseek-v3.2
    [deepseek-v3.2] 决策: select | 选笑话编号: 2
    评估模型: kimi-k2.5
    [kimi-k2.5] 决策: select | 选笑话编号: 2

  质量组: medium (4个候选笑话)
    评估模型: qwen3-max
    [qwen3-max] 决策: select | 选笑话编号: 1
    评估模型: deepseek-v3.2
    [deepseek-v3.2] 决策: select | 选笑话编号: 1
    评估模型: kimi-k2.5
    [kimi-k2.5] 决策: create | 选笑话编号: None

  质量组: low (4个候选笑话)
    评估模型: qwen3-max
    [qwen3-max] 决策: select | 选笑话编号: 1
    评估模型: deepseek-v3.2
    [deepseek-v3.2] 决策: select | 选笑话编号: 1
    评估模型: kimi-k2.5
    [kimi-k2.5] 决策: create | 选笑话编号: None

  Item完成: 耗时61.2s | 总耗时491.8min
  速率限制器状态: 可用令牌=48.0/48
  已保存中间结果 (513 条)

============================================================
处理 zh_0614... (514/1174)

  质量组: high (4个候选笑话)
    评估模型: qwen3-max
    [qwen3-max] 决策: select | 选笑话编号: 2
    评估模型: deepseek-v3.2
    [deepseek-v3.2] 决策: select | 选笑话编号: 4
    评估模型: kimi-k2.5
    [kimi-k2.5] 决策: create | 选笑话编号: None

  质量组: medium (4个候选笑话)
    评估模型: qwen3-max
    [qwen3-max] 决策: select | 选笑话编号: 2
    评估模型: deepseek-v3.2
    [deepseek-v3.2] 决策: select | 选笑话编号: 4
    评估模型: kimi-k2.5
    [kimi-k2.5] 决策: create | 选笑话编号: None

  质量组: low (4个候选笑话)
    评估模型: qwen3-max
    [qwen3-max] 决策: create | 选笑话编号: None
    评估模型: deepseek-v3.2
    [deepseek-v3.2] 决策: select | 选笑话编号: 4
    评估模型: kimi-k2.5
    [kimi-k2.5] 决策: create | 选笑话编号: None

  Item完成: 耗时58.1s | 总耗时492.7min
  速率限制器状态: 可用令牌=48.0/48
  已保存中间结果 (514 条)

============================================================
处理 zh_0615... (515/1174)

  质量组: high (4个候选笑话)
    评估模型: qwen3-max
    [qwen3-max] 决策: select | 选笑话编号: 1
    评估模型: deepseek-v3.2
    [deepseek-v3.2] 决策: select | 选笑话编号: 1
    评估模型: kimi-k2.5
    [kimi-k2.5] 决策: create | 选笑话编号: None

  质量组: medium (4个候选笑话)
    评估模型: qwen3-max
    [qwen3-max] 决策: select | 选笑话编号: 2
    评估模型: deepseek-v3.2
    [deepseek-v3.2] 决策: select | 选笑话编号: 1
    评估模型: kimi-k2.5
    [kimi-k2.5] 决策: create | 选笑话编号: None

  质量组: low (4个候选笑话)
    评估模型: qwen3-max
    [qwen3-max] 决策: select | 选笑话编号: 1
    评估模型: deepseek-v3.2
    [deepseek-v3.2] 决策: select | 选笑话编号: 1
    评估模型: kimi-k2.5
    [kimi-k2.5] 决策: create | 选笑话编号: None

  Item完成: 耗时56.4s | 总耗时493.7min
  速率限制器状态: 可用令牌=48.0/48
  已保存中间结果 (515 条)

============================================================
处理 zh_0616... (516/1174)

  质量组: high (4个候选笑话)
    评估模型: qwen3-max
    [qwen3-max] 决策: select | 选笑话编号: 2
    评估模型: deepseek-v3.2
    [deepseek-v3.2] 决策: select | 选笑话编号: 2
    评估模型: kimi-k2.5
    [kimi-k2.5] 决策: create | 选笑话编号: None

  质量组: medium (4个候选笑话)
    评估模型: qwen3-max
    [qwen3-max] 决策: create | 选笑话编号: None
    评估模型: deepseek-v3.2
    [deepseek-v3.2] 决策: select | 选笑话编号: 2
    评估模型: kimi-k2.5
    [kimi-k2.5] 决策: create | 选笑话编号: None

  质量组: low (4个候选笑话)
    评估模型: qwen3-max
    [qwen3-max] 决策: create | 选笑话编号: None
    评估模型: deepseek-v3.2
    [deepseek-v3.2] 决策: create | 选笑话编号: None
    评估模型: kimi-k2.5
    [kimi-k2.5] 决策: create | 选笑话编号: None

  Item完成: 耗时54.9s | 总耗时494.6min
  速率限制器状态: 可用令牌=48.0/48
  已保存中间结果 (516 条)

============================================================
处理 zh_0617... (517/1174)

  质量组: high (4个候选笑话)
    评估模型: qwen3-max
    [qwen3-max] 决策: select | 选笑话编号: 2
    评估模型: deepseek-v3.2
    [deepseek-v3.2] 决策: select | 选笑话编号: 2
    评估模型: kimi-k2.5
    [kimi-k2.5] 决策: create | 选笑话编号: None

  质量组: medium (4个候选笑话)
    评估模型: qwen3-max
    [qwen3-max] 决策: select | 选笑话编号: 1
    评估模型: deepseek-v3.2
    [deepseek-v3.2] 决策: select | 选笑话编号: 1
    评估模型: kimi-k2.5
    [kimi-k2.5] 决策: select | 选笑话编号: 1

  质量组: low (4个候选笑话)
    评估模型: qwen3-max
    [qwen3-max] 决策: select | 选笑话编号: 1
    评估模型: deepseek-v3.2
    [deepseek-v3.2] 决策: select | 选笑话编号: 1
    评估模型: kimi-k2.5
    [kimi-k2.5] 决策: create | 选笑话编号: None

  Item完成: 耗时65.5s | 总耗时495.7min
  速率限制器状态: 可用令牌=48.0/48
  已保存中间结果 (517 条)

============================================================
处理 zh_0618... (518/1174)

  质量组: high (4个候选笑话)
    评估模型: qwen3-max
    [qwen3-max] 决策: select | 选笑话编号: 1
    评估模型: deepseek-v3.2
    [deepseek-v3.2] 决策: select | 选笑话编号: 2
    评估模型: kimi-k2.5
    [kimi-k2.5] 决策: create | 选笑话编号: None

  质量组: medium (4个候选笑话)
    评估模型: qwen3-max
    [qwen3-max] 决策: select | 选笑话编号: 2
    评估模型: deepseek-v3.2
    [deepseek-v3.2] 决策: select | 选笑话编号: 2
    评估模型: kimi-k2.5
    [kimi-k2.5] 决策: select | 选笑话编号: 2

  质量组: low (4个候选笑话)
    评估模型: qwen3-max
    [qwen3-max] 决策: create | 选笑话编号: None
    评估模型: deepseek-v3.2
    [deepseek-v3.2] 决策: create | 选笑话编号: None
    评估模型: kimi-k2.5
    [kimi-k2.5] 决策: create | 选笑话编号: None

  Item完成: 耗时62.2s | 总耗时496.7min
  速率限制器状态: 可用令牌=48.0/48
  已保存中间结果 (518 条)

============================================================
处理 zh_0619... (519/1174)

  质量组: high (4个候选笑话)
    评估模型: qwen3-max
    [qwen3-max] 决策: select | 选笑话编号: 2
    评估模型: deepseek-v3.2
    [deepseek-v3.2] 决策: select | 选笑话编号: 2
    评估模型: kimi-k2.5
    [kimi-k2.5] 决策: create | 选笑话编号: None

  质量组: medium (4个候选笑话)
    评估模型: qwen3-max
    [qwen3-max] 决策: create | 选笑话编号: None
    评估模型: deepseek-v3.2
    [deepseek-v3.2] 决策: select | 选笑话编号: 2
    评估模型: kimi-k2.5
    [kimi-k2.5] 决策: create | 选笑话编号: None

  质量组: low (4个候选笑话)
    评估模型: qwen3-max
    [qwen3-max] 决策: select | 选笑话编号: 1
    评估模型: deepseek-v3.2
    [deepseek-v3.2] 决策: select | 选笑话编号: 4
    评估模型: kimi-k2.5
    [kimi-k2.5] 决策: create | 选笑话编号: None

  Item完成: 耗时62.7s | 总耗时497.8min
  速率限制器状态: 可用令牌=48.0/48
  已保存中间结果 (519 条)

============================================================
处理 zh_0620... (520/1174)

  质量组: high (4个候选笑话)
    评估模型: qwen3-max
    [qwen3-max] 决策: select | 选笑话编号: 1
    评估模型: deepseek-v3.2
    [deepseek-v3.2] 决策: select | 选笑话编号: 1
    评估模型: kimi-k2.5
    [kimi-k2.5] 决策: select | 选笑话编号: 1

  质量组: medium (4个候选笑话)
    评估模型: qwen3-max
    [qwen3-max] 决策: select | 选笑话编号: 2
    评估模型: deepseek-v3.2
    [deepseek-v3.2] 决策: select | 选笑话编号: 4
    评估模型: kimi-k2.5
    [kimi-k2.5] 决策: create | 选笑话编号: None

  质量组: low (4个候选笑话)
    评估模型: qwen3-max
    [qwen3-max] 决策: create | 选笑话编号: None
    评估模型: deepseek-v3.2
    [deepseek-v3.2] 决策: select | 选笑话编号: 2
    评估模型: kimi-k2.5
    [kimi-k2.5] 决策: create | 选笑话编号: None

  Item完成: 耗时60.3s | 总耗时498.8min
  速率限制器状态: 可用令牌=48.0/48
  已保存中间结果 (520 条)

============================================================
处理 zh_0621... (521/1174)

  质量组: high (4个候选笑话)
    评估模型: qwen3-max
    [qwen3-max] 决策: select | 选笑话编号: 3
    评估模型: deepseek-v3.2
    [deepseek-v3.2] 决策: select | 选笑话编号: 3
    评估模型: kimi-k2.5
    [kimi-k2.5] 决策: create | 选笑话编号: None

  质量组: medium (4个候选笑话)
    评估模型: qwen3-max
    [qwen3-max] 决策: select | 选笑话编号: 2
    评估模型: deepseek-v3.2
    [deepseek-v3.2] 决策: select | 选笑话编号: 2
    评估模型: kimi-k2.5
    [kimi-k2.5] 决策: create | 选笑话编号: None

  质量组: low (4个候选笑话)
    评估模型: qwen3-max
    [qwen3-max] 决策: create | 选笑话编号: None
    评估模型: deepseek-v3.2
    [deepseek-v3.2] 决策: select | 选笑话编号: 1
    评估模型: kimi-k2.5
    [kimi-k2.5] 决策: create | 选笑话编号: None

  Item完成: 耗时57.9s | 总耗时499.7min
  速率限制器状态: 可用令牌=48.0/48
  已保存中间结果 (521 条)

============================================================
处理 zh_0622... (522/1174)

  质量组: high (4个候选笑话)
    评估模型: qwen3-max
    [qwen3-max] 决策: select | 选笑话编号: 2
    评估模型: deepseek-v3.2
    [deepseek-v3.2] 决策: select | 选笑话编号: 3
    评估模型: kimi-k2.5
    [kimi-k2.5] 决策: create | 选笑话编号: None

  质量组: medium (4个候选笑话)
    评估模型: qwen3-max
    [qwen3-max] 决策: select | 选笑话编号: 1
    评估模型: deepseek-v3.2
    [deepseek-v3.2] 决策: select | 选笑话编号: 1
    评估模型: kimi-k2.5
    [kimi-k2.5] 决策: create | 选笑话编号: None

  质量组: low (4个候选笑话)
    评估模型: qwen3-max
    [qwen3-max] 决策: select | 选笑话编号: 1
    评估模型: deepseek-v3.2
    [deepseek-v3.2] 决策: select | 选笑话编号: 1
    评估模型: kimi-k2.5
    [kimi-k2.5] 决策: create | 选笑话编号: None

  Item完成: 耗时57.7s | 总耗时500.7min
  速率限制器状态: 可用令牌=48.0/48
  已保存中间结果 (522 条)

============================================================
处理 zh_0623... (523/1174)

  质量组: high (4个候选笑话)
    评估模型: qwen3-max
    [qwen3-max] 决策: select | 选笑话编号: 2
    评估模型: deepseek-v3.2
    [deepseek-v3.2] 决策: select | 选笑话编号: 2
    评估模型: kimi-k2.5
    [kimi-k2.5] 决策: create | 选笑话编号: None

  质量组: medium (4个候选笑话)
    评估模型: qwen3-max
    [qwen3-max] 决策: select | 选笑话编号: 3
    评估模型: deepseek-v3.2
    [deepseek-v3.2] 决策: select | 选笑话编号: 3
    评估模型: kimi-k2.5
    [kimi-k2.5] 决策: create | 选笑话编号: None

  质量组: low (4个候选笑话)
    评估模型: qwen3-max
    [qwen3-max] 决策: create | 选笑话编号: None
    评估模型: deepseek-v3.2
    [deepseek-v3.2] 决策: select | 选笑话编号: 1
    评估模型: kimi-k2.5
    [kimi-k2.5] 决策: create | 选笑话编号: None

  Item完成: 耗时64.2s | 总耗时501.8min
  速率限制器状态: 可用令牌=48.0/48
  已保存中间结果 (523 条)

============================================================
处理 zh_0624... (524/1174)

  质量组: high (4个候选笑话)
    评估模型: qwen3-max
    [qwen3-max] 决策: create | 选笑话编号: None
    评估模型: deepseek-v3.2
    [deepseek-v3.2] 决策: select | 选笑话编号: 1
    评估模型: kimi-k2.5
    [kimi-k2.5] 决策: create | 选笑话编号: None

  质量组: medium (4个候选笑话)
    评估模型: qwen3-max
    [qwen3-max] 决策: create | 选笑话编号: None
    评估模型: deepseek-v3.2
    [deepseek-v3.2] 决策: select | 选笑话编号: 2
    评估模型: kimi-k2.5
    [kimi-k2.5] 决策: create | 选笑话编号: None

  质量组: low (4个候选笑话)
    评估模型: qwen3-max
    [qwen3-max] 决策: create | 选笑话编号: None
    评估模型: deepseek-v3.2
    [deepseek-v3.2] 决策: create | 选笑话编号: None
    评估模型: kimi-k2.5
    [kimi-k2.5] 决策: create | 选笑话编号: None

  Item完成: 耗时52.3s | 总耗时502.7min
  速率限制器状态: 可用令牌=48.0/48
  已保存中间结果 (524 条)

============================================================
处理 zh_0625... (525/1174)

  质量组: high (4个候选笑话)
    评估模型: qwen3-max
    [qwen3-max] 决策: select | 选笑话编号: 4
    评估模型: deepseek-v3.2
    [deepseek-v3.2] 决策: select | 选笑话编号: 2
    评估模型: kimi-k2.5
    [kimi-k2.5] 决策: create | 选笑话编号: None

  质量组: medium (4个候选笑话)
    评估模型: qwen3-max
    [qwen3-max] 决策: select | 选笑话编号: 4
    评估模型: deepseek-v3.2
    [deepseek-v3.2] 决策: select | 选笑话编号: 4
    评估模型: kimi-k2.5
    [kimi-k2.5] 决策: create | 选笑话编号: None

  质量组: low (4个候选笑话)
    评估模型: qwen3-max
    [qwen3-max] 决策: create | 选笑话编号: None
    评估模型: deepseek-v3.2
    [deepseek-v3.2] 决策: create | 选笑话编号: None
    评估模型: kimi-k2.5
    [kimi-k2.5] 决策: create | 选笑话编号: None

  Item完成: 耗时63.6s | 总耗时503.7min
  速率限制器状态: 可用令牌=48.0/48
  已保存中间结果 (525 条)

============================================================
处理 zh_0626... (526/1174)

  质量组: high (4个候选笑话)
    评估模型: qwen3-max
    [qwen3-max] 决策: select | 选笑话编号: 4
    评估模型: deepseek-v3.2
    [deepseek-v3.2] 决策: select | 选笑话编号: 2
    评估模型: kimi-k2.5
    [kimi-k2.5] 决策: create | 选笑话编号: None

  质量组: medium (4个候选笑话)
    评估模型: qwen3-max
    [qwen3-max] 决策: create | 选笑话编号: None
    评估模型: deepseek-v3.2
    [deepseek-v3.2] 决策: create | 选笑话编号: None
    评估模型: kimi-k2.5
    [kimi-k2.5] 决策: create | 选笑话编号: None

  质量组: low (4个候选笑话)
    评估模型: qwen3-max
    [qwen3-max] 决策: select | 选笑话编号: 1
    评估模型: deepseek-v3.2
    [deepseek-v3.2] 决策: select | 选笑话编号: 1
    评估模型: kimi-k2.5
    [kimi-k2.5] 决策: create | 选笑话编号: None

  Item完成: 耗时63.7s | 总耗时504.8min
  速率限制器状态: 可用令牌=48.0/48
  已保存中间结果 (526 条)

============================================================
处理 zh_0627... (527/1174)

  质量组: high (4个候选笑话)
    评估模型: qwen3-max
    [qwen3-max] 决策: select | 选笑话编号: 2
    评估模型: deepseek-v3.2
    [deepseek-v3.2] 决策: select | 选笑话编号: 1
    评估模型: kimi-k2.5
    [kimi-k2.5] 决策: create | 选笑话编号: None

  质量组: medium (4个候选笑话)
    评估模型: qwen3-max
    [qwen3-max] 决策: create | 选笑话编号: None
    评估模型: deepseek-v3.2
    [deepseek-v3.2] 决策: select | 选笑话编号: 1
    评估模型: kimi-k2.5
    [kimi-k2.5] 决策: create | 选笑话编号: None

  质量组: low (4个候选笑话)
    评估模型: qwen3-max
    [qwen3-max] 决策: create | 选笑话编号: None
    评估模型: deepseek-v3.2
    [deepseek-v3.2] 决策: create | 选笑话编号: None
    评估模型: kimi-k2.5
    [kimi-k2.5] 决策: create | 选笑话编号: None

  Item完成: 耗时64.0s | 总耗时505.9min
  速率限制器状态: 可用令牌=48.0/48
  已保存中间结果 (527 条)

============================================================
处理 zh_0628... (528/1174)

  质量组: high (4个候选笑话)
    评估模型: qwen3-max
    [qwen3-max] 决策: select | 选笑话编号: 2
    评估模型: deepseek-v3.2
    [deepseek-v3.2] 决策: select | 选笑话编号: 2
    评估模型: kimi-k2.5
    [kimi-k2.5] 决策: select | 选笑话编号: 2

  质量组: medium (4个候选笑话)
    评估模型: qwen3-max
    [qwen3-max] 决策: select | 选笑话编号: 2
    评估模型: deepseek-v3.2
    [deepseek-v3.2] 决策: select | 选笑话编号: 2
    评估模型: kimi-k2.5
    [kimi-k2.5] 决策: create | 选笑话编号: None

  质量组: low (4个候选笑话)
    评估模型: qwen3-max
    [qwen3-max] 决策: select | 选笑话编号: 1
    评估模型: deepseek-v3.2
    [deepseek-v3.2] 决策: select | 选笑话编号: 4
    评估模型: kimi-k2.5
    [kimi-k2.5] 决策: create | 选笑话编号: None

  Item完成: 耗时57.9s | 总耗时506.8min
  速率限制器状态: 可用令牌=48.0/48
  已保存中间结果 (528 条)

============================================================
处理 zh_0629... (529/1174)

  质量组: high (4个候选笑话)
    评估模型: qwen3-max
    [qwen3-max] 决策: select | 选笑话编号: 3
    评估模型: deepseek-v3.2
    [deepseek-v3.2] 决策: select | 选笑话编号: 4
    评估模型: kimi-k2.5
    [kimi-k2.5] 决策: create | 选笑话编号: None

  质量组: medium (4个候选笑话)
    评估模型: qwen3-max
    [qwen3-max] 决策: select | 选笑话编号: 1
    评估模型: deepseek-v3.2
    [deepseek-v3.2] 决策: select | 选笑话编号: 4
    评估模型: kimi-k2.5
    [kimi-k2.5] 决策: create | 选笑话编号: None

  质量组: low (4个候选笑话)
    评估模型: qwen3-max
    [qwen3-max] 决策: create | 选笑话编号: None
    评估模型: deepseek-v3.2
    [deepseek-v3.2] 决策: create | 选笑话编号: None
    评估模型: kimi-k2.5
    [kimi-k2.5] 决策: create | 选笑话编号: None

  Item完成: 耗时58.8s | 总耗时507.8min
  速率限制器状态: 可用令牌=48.0/48
  已保存中间结果 (529 条)

============================================================
处理 zh_0630... (530/1174)

  质量组: high (4个候选笑话)
    评估模型: qwen3-max
    [qwen3-max] 决策: select | 选笑话编号: 4
    评估模型: deepseek-v3.2
    [deepseek-v3.2] 决策: select | 选笑话编号: 4
    评估模型: kimi-k2.5
    [kimi-k2.5] 决策: select | 选笑话编号: 4

  质量组: medium (4个候选笑话)
    评估模型: qwen3-max
    [qwen3-max] 决策: select | 选笑话编号: 4
    评估模型: deepseek-v3.2
    [deepseek-v3.2] 决策: select | 选笑话编号: 4
    评估模型: kimi-k2.5
    [kimi-k2.5] 决策: create | 选笑话编号: None

  质量组: low (4个候选笑话)
    评估模型: qwen3-max
    [qwen3-max] 决策: select | 选笑话编号: 1
    评估模型: deepseek-v3.2
    [deepseek-v3.2] 决策: select | 选笑话编号: 1
    评估模型: kimi-k2.5
    [kimi-k2.5] 决策: create | 选笑话编号: None

  Item完成: 耗时58.0s | 总耗时508.8min
  速率限制器状态: 可用令牌=48.0/48
  已保存中间结果 (530 条)

============================================================
处理 zh_0631... (531/1174)

  质量组: high (4个候选笑话)
    评估模型: qwen3-max
    [qwen3-max] 决策: select | 选笑话编号: 2
    评估模型: deepseek-v3.2
    [deepseek-v3.2] 决策: select | 选笑话编号: 2
    评估模型: kimi-k2.5
    [kimi-k2.5] 决策: create | 选笑话编号: None

  质量组: medium (4个候选笑话)
    评估模型: qwen3-max
    [qwen3-max] 决策: select | 选笑话编号: 1
    评估模型: deepseek-v3.2
    [deepseek-v3.2] 决策: select | 选笑话编号: 1
    评估模型: kimi-k2.5
    [kimi-k2.5] 决策: select | 选笑话编号: 1

  质量组: low (4个候选笑话)
    评估模型: qwen3-max
    [qwen3-max] 决策: select | 选笑话编号: 1
    评估模型: deepseek-v3.2
    [deepseek-v3.2] 决策: select | 选笑话编号: 4
    评估模型: kimi-k2.5
    [kimi-k2.5] 决策: create | 选笑话编号: None

  Item完成: 耗时64.1s | 总耗时509.9min
  速率限制器状态: 可用令牌=48.0/48
  已保存中间结果 (531 条)

============================================================
处理 zh_0632... (532/1174)

  质量组: high (3个候选笑话)
    评估模型: qwen3-max
    [qwen3-max] 决策: select | 选笑话编号: 2
    评估模型: deepseek-v3.2
    [deepseek-v3.2] 决策: select | 选笑话编号: 2
    评估模型: kimi-k2.5
    [kimi-k2.5] 决策: create | 选笑话编号: None

  质量组: medium (4个候选笑话)
    评估模型: qwen3-max
    [qwen3-max] 决策: select | 选笑话编号: 1
    评估模型: deepseek-v3.2
    [deepseek-v3.2] 决策: select | 选笑话编号: 1
    评估模型: kimi-k2.5
    [kimi-k2.5] 决策: create | 选笑话编号: None

  质量组: low (4个候选笑话)
    评估模型: qwen3-max
    [qwen3-max] 决策: create | 选笑话编号: None
    评估模型: deepseek-v3.2
    [deepseek-v3.2] 决策: create | 选笑话编号: None
    评估模型: kimi-k2.5
    [kimi-k2.5] 决策: create | 选笑话编号: None

  Item完成: 耗时56.2s | 总耗时510.8min
  速率限制器状态: 可用令牌=48.0/48
  已保存中间结果 (532 条)

============================================================
处理 zh_0633... (533/1174)

  质量组: high (4个候选笑话)
    评估模型: qwen3-max
    [qwen3-max] 决策: select | 选笑话编号: 2
    评估模型: deepseek-v3.2
    [deepseek-v3.2] 决策: select | 选笑话编号: 2
    评估模型: kimi-k2.5
    [kimi-k2.5] 决策: select | 选笑话编号: 1

  质量组: medium (4个候选笑话)
    评估模型: qwen3-max
    [qwen3-max] 决策: select | 选笑话编号: 1
    评估模型: deepseek-v3.2
    [deepseek-v3.2] 决策: select | 选笑话编号: 1
    评估模型: kimi-k2.5
    [kimi-k2.5] 决策: create | 选笑话编号: None

  质量组: low (4个候选笑话)
    评估模型: qwen3-max
    [qwen3-max] 决策: create | 选笑话编号: None
    评估模型: deepseek-v3.2
    [deepseek-v3.2] 决策: select | 选笑话编号: 1
    评估模型: kimi-k2.5
    [kimi-k2.5] 决策: create | 选笑话编号: None

  Item完成: 耗时56.5s | 总耗时511.7min
  速率限制器状态: 可用令牌=48.0/48
  已保存中间结果 (533 条)

============================================================
处理 zh_0634... (534/1174)

  质量组: high (4个候选笑话)
    评估模型: qwen3-max
    [qwen3-max] 决策: select | 选笑话编号: 2
    评估模型: deepseek-v3.2
    [deepseek-v3.2] 决策: select | 选笑话编号: 2
    评估模型: kimi-k2.5
    [API] JSON解析失败: JSON解析失败: Expecting ',' delimiter: line 5 column 44 (char 216), model=kimi-k2.5
    [kimi-k2.5] 决策:  | 选笑话编号: ?

  质量组: medium (4个候选笑话)
    评估模型: qwen3-max
    [qwen3-max] 决策: select | 选笑话编号: 1
    评估模型: deepseek-v3.2
    [deepseek-v3.2] 决策: select | 选笑话编号: 4
    评估模型: kimi-k2.5
    [kimi-k2.5] 决策: create | 选笑话编号: None

  质量组: low (4个候选笑话)
    评估模型: qwen3-max
    [qwen3-max] 决策: create | 选笑话编号: None
    评估模型: deepseek-v3.2
    [deepseek-v3.2] 决策: create | 选笑话编号: None
    评估模型: kimi-k2.5
    [kimi-k2.5] 决策: create | 选笑话编号: None

  Item完成: 耗时50.3s | 总耗时512.6min
  速率限制器状态: 可用令牌=48.0/48
  已保存中间结果 (534 条)

============================================================
处理 zh_0635... (535/1174)

  质量组: high (4个候选笑话)
    评估模型: qwen3-max
    [qwen3-max] 决策: select | 选笑话编号: 1
    评估模型: deepseek-v3.2
    [deepseek-v3.2] 决策: select | 选笑话编号: 4
    评估模型: kimi-k2.5
    [API] JSON解析失败: JSON解析失败: Expecting ',' delimiter: line 5 column 45 (char 206), model=kimi-k2.5
    [kimi-k2.5] 决策:  | 选笑话编号: ?

  质量组: medium (4个候选笑话)
    评估模型: qwen3-max
    [qwen3-max] 决策: select | 选笑话编号: 2
    评估模型: deepseek-v3.2
    [deepseek-v3.2] 决策: select | 选笑话编号: 2
    评估模型: kimi-k2.5
    [kimi-k2.5] 决策: create | 选笑话编号: None

  质量组: low (4个候选笑话)
    评估模型: qwen3-max
    [qwen3-max] 决策: select | 选笑话编号: 1
    评估模型: deepseek-v3.2
    [deepseek-v3.2] 决策: select | 选笑话编号: 1
    评估模型: kimi-k2.5
    [API] JSON解析失败: JSON解析失败: Expecting ',' delimiter: line 4 column 37 (char 94), model=kimi-k2.5
    [kimi-k2.5] 决策:  | 选笑话编号: ?

  Item完成: 耗时60.9s | 总耗时513.6min
  速率限制器状态: 可用令牌=48.0/48
  已保存中间结果 (535 条)

============================================================
处理 zh_0636... (536/1174)

  质量组: high (4个候选笑话)
    评估模型: qwen3-max
    [qwen3-max] 决策: select | 选笑话编号: 2
    评估模型: deepseek-v3.2
    [deepseek-v3.2] 决策: select | 选笑话编号: 2
    评估模型: kimi-k2.5
    [API] JSON解析失败: JSON解析失败: Expecting ',' delimiter: line 4 column 34 (char 88), model=kimi-k2.5
    [kimi-k2.5] 决策:  | 选笑话编号: ?

  质量组: medium (4个候选笑话)
    评估模型: qwen3-max
    [qwen3-max] 决策: select | 选笑话编号: 1
    评估模型: deepseek-v3.2
    [deepseek-v3.2] 决策: select | 选笑话编号: 1
    评估模型: kimi-k2.5
    [kimi-k2.5] 决策: create | 选笑话编号: None

  质量组: low (4个候选笑话)
    评估模型: qwen3-max
    [qwen3-max] 决策: create | 选笑话编号: None
    评估模型: deepseek-v3.2
    [deepseek-v3.2] 决策: select | 选笑话编号: 1
    评估模型: kimi-k2.5
    [API] JSON解析失败: JSON解析失败: Expecting ',' delimiter: line 5 column 38 (char 216), model=kimi-k2.5
    [kimi-k2.5] 决策:  | 选笑话编号: ?

  Item完成: 耗时58.3s | 总耗时514.6min
  速率限制器状态: 可用令牌=48.0/48
  已保存中间结果 (536 条)

============================================================
处理 zh_0637... (537/1174)

  质量组: high (4个候选笑话)
    评估模型: qwen3-max
    [qwen3-max] 决策: select | 选笑话编号: 2
    评估模型: deepseek-v3.2
    [deepseek-v3.2] 决策: select | 选笑话编号: 1
    评估模型: kimi-k2.5
    [kimi-k2.5] 决策: create | 选笑话编号: None

  质量组: medium (4个候选笑话)
    评估模型: qwen3-max
    [qwen3-max] 决策: select | 选笑话编号: 4
    评估模型: deepseek-v3.2
    [deepseek-v3.2] 决策: select | 选笑话编号: 4
    评估模型: kimi-k2.5
    [kimi-k2.5] 决策: select | 选笑话编号: 4

  质量组: low (4个候选笑话)
    评估模型: qwen3-max
    [qwen3-max] 决策: create | 选笑话编号: None
    评估模型: deepseek-v3.2
    [deepseek-v3.2] 决策: create | 选笑话编号: None
    评估模型: kimi-k2.5
    [kimi-k2.5] 决策: create | 选笑话编号: None

  Item完成: 耗时52.2s | 总耗时515.5min
  速率限制器状态: 可用令牌=48.0/48
  已保存中间结果 (537 条)

============================================================
处理 zh_0638... (538/1174)

  质量组: high (4个候选笑话)
    评估模型: qwen3-max
    [qwen3-max] 决策: select | 选笑话编号: 1
    评估模型: deepseek-v3.2
    [deepseek-v3.2] 决策: select | 选笑话编号: 1
    评估模型: kimi-k2.5
    [kimi-k2.5] 决策: create | 选笑话编号: None

  质量组: medium (4个候选笑话)
    评估模型: qwen3-max
    [qwen3-max] 决策: select | 选笑话编号: 2
    评估模型: deepseek-v3.2
    [deepseek-v3.2] 决策: select | 选笑话编号: 2
    评估模型: kimi-k2.5
    [API] JSON解析失败: JSON解析失败: Expecting ',' delimiter: line 4 column 55 (char 112), model=kimi-k2.5
    [kimi-k2.5] 决策:  | 选笑话编号: ?

  质量组: low (4个候选笑话)
    评估模型: qwen3-max
    [qwen3-max] 决策: select | 选笑话编号: 3
    评估模型: deepseek-v3.2
    [deepseek-v3.2] 决策: select | 选笑话编号: 3
    评估模型: kimi-k2.5
    [kimi-k2.5] 决策: create | 选笑话编号: None

  Item完成: 耗时56.0s | 总耗时516.4min
  速率限制器状态: 可用令牌=48.0/48
  已保存中间结果 (538 条)

============================================================
处理 zh_0639... (539/1174)

  质量组: high (4个候选笑话)
    评估模型: qwen3-max
    [qwen3-max] 决策: select | 选笑话编号: 2
    评估模型: deepseek-v3.2
    [deepseek-v3.2] 决策: select | 选笑话编号: 4
    评估模型: kimi-k2.5
    [kimi-k2.5] 决策: select | 选笑话编号: 2

  质量组: medium (4个候选笑话)
    评估模型: qwen3-max
    [qwen3-max] 决策: select | 选笑话编号: 2
    评估模型: deepseek-v3.2
    [deepseek-v3.2] 决策: select | 选笑话编号: 2
    评估模型: kimi-k2.5
    [kimi-k2.5] 决策: create | 选笑话编号: None

  质量组: low (4个候选笑话)
    评估模型: qwen3-max
    [qwen3-max] 决策: select | 选笑话编号: 1
    评估模型: deepseek-v3.2
    [deepseek-v3.2] 决策: select | 选笑话编号: 1
    评估模型: kimi-k2.5
    [kimi-k2.5] 决策: create | 选笑话编号: None

  Item完成: 耗时58.2s | 总耗时517.4min
  速率限制器状态: 可用令牌=48.0/48
  已保存中间结果 (539 条)

============================================================
处理 zh_0640... (540/1174)

  质量组: high (4个候选笑话)
    评估模型: qwen3-max
    [qwen3-max] 决策: select | 选笑话编号: 2
    评估模型: deepseek-v3.2
    [deepseek-v3.2] 决策: select | 选笑话编号: 1
    评估模型: kimi-k2.5
    [kimi-k2.5] 决策: select | 选笑话编号: 2

  质量组: medium (4个候选笑话)
    评估模型: qwen3-max
    [qwen3-max] 决策: select | 选笑话编号: 2
    评估模型: deepseek-v3.2
    [deepseek-v3.2] 决策: select | 选笑话编号: 4
    评估模型: kimi-k2.5
    [kimi-k2.5] 决策: create | 选笑话编号: None

  质量组: low (4个候选笑话)
    评估模型: qwen3-max
    [qwen3-max] 决策: create | 选笑话编号: None
    评估模型: deepseek-v3.2
    [deepseek-v3.2] 决策: select | 选笑话编号: 4
    评估模型: kimi-k2.5
    [kimi-k2.5] 决策: create | 选笑话编号: None

  Item完成: 耗时49.7s | 总耗时518.2min
  速率限制器状态: 可用令牌=48.0/48
  已保存中间结果 (540 条)

============================================================
处理 zh_0641... (541/1174)

  质量组: high (4个候选笑话)
    评估模型: qwen3-max
    [qwen3-max] 决策: select | 选笑话编号: 2
    评估模型: deepseek-v3.2
    [deepseek-v3.2] 决策: select | 选笑话编号: 2
    评估模型: kimi-k2.5
    [API] JSON解析失败: JSON解析失败: Expecting ',' delimiter: line 5 column 45 (char 230), model=kimi-k2.5
    [kimi-k2.5] 决策:  | 选笑话编号: ?

  质量组: medium (4个候选笑话)
    评估模型: qwen3-max
    [qwen3-max] 决策: select | 选笑话编号: 4
    评估模型: deepseek-v3.2
    [deepseek-v3.2] 决策: select | 选笑话编号: 1
    评估模型: kimi-k2.5
    [kimi-k2.5] 决策: create | 选笑话编号: None

  质量组: low (4个候选笑话)
    评估模型: qwen3-max
    [qwen3-max] 决策: create | 选笑话编号: None
    评估模型: deepseek-v3.2
    [deepseek-v3.2] 决策: create | 选笑话编号: None
    评估模型: kimi-k2.5
    [kimi-k2.5] 决策: create | 选笑话编号: None

  Item完成: 耗时59.2s | 总耗时519.2min
  速率限制器状态: 可用令牌=48.0/48
  已保存中间结果 (541 条)

============================================================
处理 zh_0642... (542/1174)

  质量组: high (4个候选笑话)
    评估模型: qwen3-max
    [qwen3-max] 决策: select | 选笑话编号: 2
    评估模型: deepseek-v3.2
    [deepseek-v3.2] 决策: select | 选笑话编号: 2
    评估模型: kimi-k2.5
    [kimi-k2.5] 决策: create | 选笑话编号: None

  质量组: medium (4个候选笑话)
    评估模型: qwen3-max
    [qwen3-max] 决策: select | 选笑话编号: 1
    评估模型: deepseek-v3.2
    [deepseek-v3.2] 决策: select | 选笑话编号: 1
    评估模型: kimi-k2.5
    [kimi-k2.5] 决策: create | 选笑话编号: None

  质量组: low (4个候选笑话)
    评估模型: qwen3-max
    [qwen3-max] 决策: create | 选笑话编号: None
    评估模型: deepseek-v3.2
    [deepseek-v3.2] 决策: select | 选笑话编号: 2
    评估模型: kimi-k2.5
    [kimi-k2.5] 决策: create | 选笑话编号: None

  Item完成: 耗时57.0s | 总耗时520.1min
  速率限制器状态: 可用令牌=48.0/48
  已保存中间结果 (542 条)

============================================================
处理 zh_0643... (543/1174)

  质量组: high (4个候选笑话)
    评估模型: qwen3-max
    [qwen3-max] 决策: select | 选笑话编号: 2
    评估模型: deepseek-v3.2
    [deepseek-v3.2] 决策: select | 选笑话编号: 4
    评估模型: kimi-k2.5
    [kimi-k2.5] 决策: create | 选笑话编号: None

  质量组: medium (4个候选笑话)
    评估模型: qwen3-max
    [qwen3-max] 决策: select | 选笑话编号: 1
    评估模型: deepseek-v3.2
    [deepseek-v3.2] 决策: select | 选笑话编号: 4
    评估模型: kimi-k2.5
    [kimi-k2.5] 决策: create | 选笑话编号: None

  质量组: low (4个候选笑话)
    评估模型: qwen3-max
    [qwen3-max] 决策: select | 选笑话编号: 1
    评估模型: deepseek-v3.2
    [deepseek-v3.2] 决策: select | 选笑话编号: 1
    评估模型: kimi-k2.5
    [kimi-k2.5] 决策: create | 选笑话编号: None

  Item完成: 耗时59.5s | 总耗时521.1min
  速率限制器状态: 可用令牌=48.0/48
  已保存中间结果 (543 条)

============================================================
处理 zh_0644... (544/1174)

  质量组: high (4个候选笑话)
    评估模型: qwen3-max
    [qwen3-max] 决策: select | 选笑话编号: 1
    评估模型: deepseek-v3.2
    [deepseek-v3.2] 决策: select | 选笑话编号: 4
    评估模型: kimi-k2.5
    [kimi-k2.5] 决策: create | 选笑话编号: None

  质量组: medium (4个候选笑话)
    评估模型: qwen3-max
    [qwen3-max] 决策: select | 选笑话编号: 1
    评估模型: deepseek-v3.2
    [deepseek-v3.2] 决策: select | 选笑话编号: 1
    评估模型: kimi-k2.5
    [kimi-k2.5] 决策: create | 选笑话编号: None

  质量组: low (4个候选笑话)
    评估模型: qwen3-max
    [qwen3-max] 决策: select | 选笑话编号: 2
    评估模型: deepseek-v3.2
    [deepseek-v3.2] 决策: select | 选笑话编号: 2
    评估模型: kimi-k2.5
    [kimi-k2.5] 决策: create | 选笑话编号: None

  Item完成: 耗时61.5s | 总耗时522.2min
  速率限制器状态: 可用令牌=48.0/48
  已保存中间结果 (544 条)

============================================================
处理 zh_0645... (545/1174)

  质量组: high (4个候选笑话)
    评估模型: qwen3-max
    [qwen3-max] 决策: select | 选笑话编号: 4
    评估模型: deepseek-v3.2
    [deepseek-v3.2] 决策: select | 选笑话编号: 4
    评估模型: kimi-k2.5
    [kimi-k2.5] 决策: select | 选笑话编号: 3

  质量组: medium (4个候选笑话)
    评估模型: qwen3-max
    [qwen3-max] 决策: select | 选笑话编号: 3
    评估模型: deepseek-v3.2
    [deepseek-v3.2] 决策: select | 选笑话编号: 1
    评估模型: kimi-k2.5
    [kimi-k2.5] 决策: create | 选笑话编号: None

  质量组: low (4个候选笑话)
    评估模型: qwen3-max
    [qwen3-max] 决策: create | 选笑话编号: None
    评估模型: deepseek-v3.2
    [deepseek-v3.2] 决策: select | 选笑话编号: 1
    评估模型: kimi-k2.5
    [kimi-k2.5] 决策: create | 选笑话编号: None

  Item完成: 耗时53.4s | 总耗时523.1min
  速率限制器状态: 可用令牌=48.0/48
  已保存中间结果 (545 条)

============================================================
处理 zh_0646... (546/1174)

  质量组: high (4个候选笑话)
    评估模型: qwen3-max
    [qwen3-max] 决策: select | 选笑话编号: 1
    评估模型: deepseek-v3.2
    [deepseek-v3.2] 决策: select | 选笑话编号: 1
    评估模型: kimi-k2.5
    [kimi-k2.5] 决策: create | 选笑话编号: None

  质量组: medium (4个候选笑话)
    评估模型: qwen3-max
    [qwen3-max] 决策: create | 选笑话编号: None
    评估模型: deepseek-v3.2
    [deepseek-v3.2] 决策: select | 选笑话编号: 4
    评估模型: kimi-k2.5
    [kimi-k2.5] 决策: create | 选笑话编号: None

  质量组: low (4个候选笑话)
    评估模型: qwen3-max
    [qwen3-max] 决策: create | 选笑话编号: None
    评估模型: deepseek-v3.2
    [deepseek-v3.2] 决策: select | 选笑话编号: 1
    评估模型: kimi-k2.5
    [kimi-k2.5] 决策: create | 选笑话编号: None

  Item完成: 耗时65.6s | 总耗时524.2min
  速率限制器状态: 可用令牌=48.0/48
  已保存中间结果 (546 条)

============================================================
处理 zh_0647... (547/1174)

  质量组: high (4个候选笑话)
    评估模型: qwen3-max
    [qwen3-max] 决策: select | 选笑话编号: 1
    评估模型: deepseek-v3.2
    [deepseek-v3.2] 决策: select | 选笑话编号: 1
    评估模型: kimi-k2.5
    [kimi-k2.5] 决策: select | 选笑话编号: 2

  质量组: medium (4个候选笑话)
    评估模型: qwen3-max
    [qwen3-max] 决策: select | 选笑话编号: 1
    评估模型: deepseek-v3.2
    [deepseek-v3.2] 决策: select | 选笑话编号: 1
    评估模型: kimi-k2.5
    [kimi-k2.5] 决策: select | 选笑话编号: 4

  质量组: low (4个候选笑话)
    评估模型: qwen3-max
    [qwen3-max] 决策: select | 选笑话编号: 4
    评估模型: deepseek-v3.2
    [deepseek-v3.2] 决策: select | 选笑话编号: 2
    评估模型: kimi-k2.5
    [kimi-k2.5] 决策: create | 选笑话编号: None

  Item完成: 耗时57.2s | 总耗时525.1min
  速率限制器状态: 可用令牌=48.0/48
  已保存中间结果 (547 条)

============================================================
处理 zh_0648... (548/1174)

  质量组: high (4个候选笑话)
    评估模型: qwen3-max
    [qwen3-max] 决策: select | 选笑话编号: 1
    评估模型: deepseek-v3.2
    [deepseek-v3.2] 决策: select | 选笑话编号: 1
    评估模型: kimi-k2.5
    [kimi-k2.5] 决策: create | 选笑话编号: None

  质量组: medium (4个候选笑话)
    评估模型: qwen3-max
    [qwen3-max] 决策: select | 选笑话编号: 3
    评估模型: deepseek-v3.2
    [deepseek-v3.2] 决策: select | 选笑话编号: 4
    评估模型: kimi-k2.5
    [kimi-k2.5] 决策: create | 选笑话编号: None

  质量组: low (4个候选笑话)
    评估模型: qwen3-max
    [qwen3-max] 决策: create | 选笑话编号: None
    评估模型: deepseek-v3.2
    [deepseek-v3.2] 决策: select | 选笑话编号: 1
    评估模型: kimi-k2.5
    [kimi-k2.5] 决策: create | 选笑话编号: None

  Item完成: 耗时67.7s | 总耗时526.3min
  速率限制器状态: 可用令牌=48.0/48
  已保存中间结果 (548 条)

============================================================
处理 zh_0649... (549/1174)

  质量组: high (4个候选笑话)
    评估模型: qwen3-max
    [qwen3-max] 决策: select | 选笑话编号: 2
    评估模型: deepseek-v3.2
    [deepseek-v3.2] 决策: select | 选笑话编号: 2
    评估模型: kimi-k2.5
    [kimi-k2.5] 决策: select | 选笑话编号: 2

  质量组: medium (4个候选笑话)
    评估模型: qwen3-max
    [qwen3-max] 决策: select | 选笑话编号: 4
    评估模型: deepseek-v3.2
    [deepseek-v3.2] 决策: select | 选笑话编号: 4
    评估模型: kimi-k2.5
    [kimi-k2.5] 决策: select | 选笑话编号: 4

  质量组: low (4个候选笑话)
    评估模型: qwen3-max
    [qwen3-max] 决策: select | 选笑话编号: 1
    评估模型: deepseek-v3.2
    [deepseek-v3.2] 决策: select | 选笑话编号: 4
    评估模型: kimi-k2.5
    [kimi-k2.5] 决策: create | 选笑话编号: None

  Item完成: 耗时62.3s | 总耗时527.3min
  速率限制器状态: 可用令牌=48.0/48
  已保存中间结果 (549 条)

============================================================
处理 zh_0650... (550/1174)

  质量组: high (4个候选笑话)
    评估模型: qwen3-max
    [qwen3-max] 决策: select | 选笑话编号: 2
    评估模型: deepseek-v3.2
    [deepseek-v3.2] 决策: select | 选笑话编号: 2
    评估模型: kimi-k2.5
    [kimi-k2.5] 决策: create | 选笑话编号: None

  质量组: medium (4个候选笑话)
    评估模型: qwen3-max
    [qwen3-max] 决策: select | 选笑话编号: 2
    评估模型: deepseek-v3.2
    [deepseek-v3.2] 决策: select | 选笑话编号: 2
    评估模型: kimi-k2.5
    [kimi-k2.5] 决策: create | 选笑话编号: None

  质量组: low (4个候选笑话)
    评估模型: qwen3-max
    [qwen3-max] 决策: create | 选笑话编号: None
    评估模型: deepseek-v3.2
    [deepseek-v3.2] 决策: select | 选笑话编号: 2
    评估模型: kimi-k2.5
    [kimi-k2.5] 决策: create | 选笑话编号: None

  Item完成: 耗时61.7s | 总耗时528.3min
  速率限制器状态: 可用令牌=48.0/48
  已保存中间结果 (550 条)

============================================================
处理 zh_0651... (551/1174)

  质量组: high (4个候选笑话)
    评估模型: qwen3-max
    [qwen3-max] 决策: select | 选笑话编号: 2
    评估模型: deepseek-v3.2
    [deepseek-v3.2] 决策: select | 选笑话编号: 2
    评估模型: kimi-k2.5
    [kimi-k2.5] 决策: select | 选笑话编号: 2

  质量组: medium (4个候选笑话)
    评估模型: qwen3-max
    [qwen3-max] 决策: select | 选笑话编号: 4
    评估模型: deepseek-v3.2
    [deepseek-v3.2] 决策: select | 选笑话编号: 1
    评估模型: kimi-k2.5
    [kimi-k2.5] 决策: create | 选笑话编号: None

  质量组: low (4个候选笑话)
    评估模型: qwen3-max
    [qwen3-max] 决策: select | 选笑话编号: 4
    评估模型: deepseek-v3.2
    [deepseek-v3.2] 决策: create | 选笑话编号: None
    评估模型: kimi-k2.5
    [kimi-k2.5] 决策: create | 选笑话编号: None

  Item完成: 耗时58.3s | 总耗时529.3min
  速率限制器状态: 可用令牌=48.0/48
  已保存中间结果 (551 条)

============================================================
处理 zh_0652... (552/1174)

  质量组: high (4个候选笑话)
    评估模型: qwen3-max
    [qwen3-max] 决策: select | 选笑话编号: 3
    评估模型: deepseek-v3.2
    [deepseek-v3.2] 决策: select | 选笑话编号: 3
    评估模型: kimi-k2.5
    [kimi-k2.5] 决策: create | 选笑话编号: None

  质量组: medium (4个候选笑话)
    评估模型: qwen3-max
    [qwen3-max] 决策: select | 选笑话编号: 2
    评估模型: deepseek-v3.2
    [deepseek-v3.2] 决策: select | 选笑话编号: 1
    评估模型: kimi-k2.5
    [kimi-k2.5] 决策: create | 选笑话编号: None

  质量组: low (4个候选笑话)
    评估模型: qwen3-max
    [qwen3-max] 决策: select | 选笑话编号: 4
    评估模型: deepseek-v3.2
    [deepseek-v3.2] 决策: select | 选笑话编号: 4
    评估模型: kimi-k2.5
    [kimi-k2.5] 决策: create | 选笑话编号: None

  Item完成: 耗时53.7s | 总耗时530.2min
  速率限制器状态: 可用令牌=48.0/48
  已保存中间结果 (552 条)

============================================================
处理 zh_0653... (553/1174)

  质量组: high (4个候选笑话)
    评估模型: qwen3-max
    [qwen3-max] 决策: select | 选笑话编号: 2
    评估模型: deepseek-v3.2
    [deepseek-v3.2] 决策: select | 选笑话编号: 3
    评估模型: kimi-k2.5
    [kimi-k2.5] 决策: create | 选笑话编号: None

  质量组: medium (4个候选笑话)
    评估模型: qwen3-max
    [qwen3-max] 决策: select | 选笑话编号: 4
    评估模型: deepseek-v3.2
    [deepseek-v3.2] 决策: select | 选笑话编号: 4
    评估模型: kimi-k2.5
    [kimi-k2.5] 决策: select | 选笑话编号: 4

  质量组: low (4个候选笑话)
    评估模型: qwen3-max
    [qwen3-max] 决策: select | 选笑话编号: 3
    评估模型: deepseek-v3.2
    [deepseek-v3.2] 决策: select | 选笑话编号: 3
    评估模型: kimi-k2.5
    [kimi-k2.5] 决策: create | 选笑话编号: None

  Item完成: 耗时56.0s | 总耗时531.1min
  速率限制器状态: 可用令牌=48.0/48
  已保存中间结果 (553 条)

============================================================
处理 zh_0654... (554/1174)

  质量组: high (4个候选笑话)
    评估模型: qwen3-max
    [qwen3-max] 决策: select | 选笑话编号: 2
    评估模型: deepseek-v3.2
    [deepseek-v3.2] 决策: select | 选笑话编号: 2
    评估模型: kimi-k2.5
    [kimi-k2.5] 决策: create | 选笑话编号: None

  质量组: medium (4个候选笑话)
    评估模型: qwen3-max
    [qwen3-max] 决策: select | 选笑话编号: 1
    评估模型: deepseek-v3.2
    [deepseek-v3.2] 决策: select | 选笑话编号: 1
    评估模型: kimi-k2.5
    [kimi-k2.5] 决策: create | 选笑话编号: None

  质量组: low (4个候选笑话)
    评估模型: qwen3-max
    [qwen3-max] 决策: select | 选笑话编号: 1
    评估模型: deepseek-v3.2
    [deepseek-v3.2] 决策: create | 选笑话编号: None
    评估模型: kimi-k2.5
    [kimi-k2.5] 决策: create | 选笑话编号: None

  Item完成: 耗时56.4s | 总耗时532.1min
  速率限制器状态: 可用令牌=48.0/48
  已保存中间结果 (554 条)

============================================================
处理 zh_0655... (555/1174)

  质量组: high (4个候选笑话)
    评估模型: qwen3-max
    [qwen3-max] 决策: select | 选笑话编号: 2
    评估模型: deepseek-v3.2
    [deepseek-v3.2] 决策: select | 选笑话编号: 2
    评估模型: kimi-k2.5
    [kimi-k2.5] 决策: create | 选笑话编号: None

  质量组: medium (4个候选笑话)
    评估模型: qwen3-max
    [qwen3-max] 决策: select | 选笑话编号: 4
    评估模型: deepseek-v3.2
    [deepseek-v3.2] 决策: select | 选笑话编号: 1
    评估模型: kimi-k2.5
    [kimi-k2.5] 决策: create | 选笑话编号: None

  质量组: low (4个候选笑话)
    评估模型: qwen3-max
    [qwen3-max] 决策: select | 选笑话编号: 1
    评估模型: deepseek-v3.2
    [deepseek-v3.2] 决策: create | 选笑话编号: None
    评估模型: kimi-k2.5
    [kimi-k2.5] 决策: create | 选笑话编号: None

  Item完成: 耗时55.8s | 总耗时533.0min
  速率限制器状态: 可用令牌=48.0/48
  已保存中间结果 (555 条)

============================================================
处理 zh_0656... (556/1174)

  质量组: high (4个候选笑话)
    评估模型: qwen3-max
    [qwen3-max] 决策: select | 选笑话编号: 2
    评估模型: deepseek-v3.2
    [deepseek-v3.2] 决策: select | 选笑话编号: 2
    评估模型: kimi-k2.5
    [kimi-k2.5] 决策: create | 选笑话编号: None

  质量组: medium (4个候选笑话)
    评估模型: qwen3-max
    [qwen3-max] 决策: select | 选笑话编号: 2
    评估模型: deepseek-v3.2
    [deepseek-v3.2] 决策: select | 选笑话编号: 2
    评估模型: kimi-k2.5
    [kimi-k2.5] 决策: create | 选笑话编号: None

  质量组: low (4个候选笑话)
    评估模型: qwen3-max
    [qwen3-max] 决策: create | 选笑话编号: None
    评估模型: deepseek-v3.2
    [deepseek-v3.2] 决策: select | 选笑话编号: 1
    评估模型: kimi-k2.5
    [kimi-k2.5] 决策: create | 选笑话编号: None

  Item完成: 耗时51.7s | 总耗时533.9min
  速率限制器状态: 可用令牌=48.0/48
  已保存中间结果 (556 条)

============================================================
处理 zh_0657... (557/1174)

  质量组: high (4个候选笑话)
    评估模型: qwen3-max
    [qwen3-max] 决策: select | 选笑话编号: 2
    评估模型: deepseek-v3.2
    [deepseek-v3.2] 决策: select | 选笑话编号: 1
    评估模型: kimi-k2.5
    [kimi-k2.5] 决策: create | 选笑话编号: None

  质量组: medium (4个候选笑话)
    评估模型: qwen3-max
    [qwen3-max] 决策: select | 选笑话编号: 2
    评估模型: deepseek-v3.2
    [deepseek-v3.2] 决策: select | 选笑话编号: 2
    评估模型: kimi-k2.5
    [kimi-k2.5] 决策: create | 选笑话编号: None

  质量组: low (4个候选笑话)
    评估模型: qwen3-max
    [qwen3-max] 决策: create | 选笑话编号: None
    评估模型: deepseek-v3.2
    [deepseek-v3.2] 决策: select | 选笑话编号: 2
    评估模型: kimi-k2.5
    [kimi-k2.5] 决策: create | 选笑话编号: None

  Item完成: 耗时56.3s | 总耗时534.8min
  速率限制器状态: 可用令牌=48.0/48
  已保存中间结果 (557 条)

============================================================
处理 zh_0658... (558/1174)

  质量组: high (4个候选笑话)
    评估模型: qwen3-max
    [qwen3-max] 决策: select | 选笑话编号: 2
    评估模型: deepseek-v3.2
    [API] JSON解析失败: JSON解析失败: Invalid control character at: line 5 column 72 (char 198), model=deepseek-v3.2
    [deepseek-v3.2] 决策:  | 选笑话编号: ?
    评估模型: kimi-k2.5
    [kimi-k2.5] 决策: create | 选笑话编号: None

  质量组: medium (4个候选笑话)
    评估模型: qwen3-max
    [qwen3-max] 决策: select | 选笑话编号: 1
    评估模型: deepseek-v3.2
    [deepseek-v3.2] 决策: select | 选笑话编号: 1
    评估模型: kimi-k2.5
    [kimi-k2.5] 决策: create | 选笑话编号: None

  质量组: low (4个候选笑话)
    评估模型: qwen3-max
    [qwen3-max] 决策: create | 选笑话编号: None
    评估模型: deepseek-v3.2
    [deepseek-v3.2] 决策: create | 选笑话编号: None
    评估模型: kimi-k2.5
    [kimi-k2.5] 决策: create | 选笑话编号: None

  Item完成: 耗时57.4s | 总耗时535.8min
  速率限制器状态: 可用令牌=48.0/48
  已保存中间结果 (558 条)

============================================================
处理 zh_0659... (559/1174)

  质量组: high (4个候选笑话)
    评估模型: qwen3-max
    [qwen3-max] 决策: select | 选笑话编号: 2
    评估模型: deepseek-v3.2
    [deepseek-v3.2] 决策: select | 选笑话编号: 2
    评估模型: kimi-k2.5
    [kimi-k2.5] 决策: select | 选笑话编号: 2

  质量组: medium (4个候选笑话)
    评估模型: qwen3-max
    [qwen3-max] 决策: select | 选笑话编号: 1
    评估模型: deepseek-v3.2
    [deepseek-v3.2] 决策: select | 选笑话编号: 4
    评估模型: kimi-k2.5
    [kimi-k2.5] 决策: create | 选笑话编号: None

  质量组: low (4个候选笑话)
    评估模型: qwen3-max
    [qwen3-max] 决策: select | 选笑话编号: 1
    评估模型: deepseek-v3.2
    [deepseek-v3.2] 决策: create | 选笑话编号: None
    评估模型: kimi-k2.5
    [kimi-k2.5] 决策: create | 选笑话编号: None

  Item完成: 耗时64.8s | 总耗时536.9min
  速率限制器状态: 可用令牌=48.0/48
  已保存中间结果 (559 条)

============================================================
处理 zh_0660... (560/1174)

  质量组: high (4个候选笑话)
    评估模型: qwen3-max
    [qwen3-max] 决策: select | 选笑话编号: 2
    评估模型: deepseek-v3.2
    [deepseek-v3.2] 决策: select | 选笑话编号: 2
    评估模型: kimi-k2.5
    [kimi-k2.5] 决策: create | 选笑话编号: None

  质量组: medium (4个候选笑话)
    评估模型: qwen3-max
    [qwen3-max] 决策: create | 选笑话编号: None
    评估模型: deepseek-v3.2
    [deepseek-v3.2] 决策: select | 选笑话编号: 2
    评估模型: kimi-k2.5
    [kimi-k2.5] 决策: create | 选笑话编号: None

  质量组: low (4个候选笑话)
    评估模型: qwen3-max
    [qwen3-max] 决策: select | 选笑话编号: 1
    评估模型: deepseek-v3.2
    [deepseek-v3.2] 决策: select | 选笑话编号: 1
    评估模型: kimi-k2.5
    [kimi-k2.5] 决策: create | 选笑话编号: None

  Item完成: 耗时54.7s | 总耗时537.8min
  速率限制器状态: 可用令牌=48.0/48
  已保存中间结果 (560 条)

============================================================
处理 zh_0661... (561/1174)

  质量组: high (4个候选笑话)
    评估模型: qwen3-max
    [qwen3-max] 决策: select | 选笑话编号: 2
    评估模型: deepseek-v3.2
    [deepseek-v3.2] 决策: select | 选笑话编号: 3
    评估模型: kimi-k2.5
    [kimi-k2.5] 决策: create | 选笑话编号: None

  质量组: medium (4个候选笑话)
    评估模型: qwen3-max
    [qwen3-max] 决策: select | 选笑话编号: 4
    评估模型: deepseek-v3.2
    [deepseek-v3.2] 决策: select | 选笑话编号: 2
    评估模型: kimi-k2.5
    [kimi-k2.5] 决策: create | 选笑话编号: None

  质量组: low (4个候选笑话)
    评估模型: qwen3-max
    [qwen3-max] 决策: select | 选笑话编号: 1
    评估模型: deepseek-v3.2
    [deepseek-v3.2] 决策: select | 选笑话编号: 2
    评估模型: kimi-k2.5
    [kimi-k2.5] 决策: create | 选笑话编号: None

  Item完成: 耗时57.8s | 总耗时538.7min
  速率限制器状态: 可用令牌=48.0/48
  已保存中间结果 (561 条)

============================================================
处理 zh_0662... (562/1174)

  质量组: high (4个候选笑话)
    评估模型: qwen3-max
    [qwen3-max] 决策: select | 选笑话编号: 2
    评估模型: deepseek-v3.2
    [deepseek-v3.2] 决策: select | 选笑话编号: 2
    评估模型: kimi-k2.5
    [kimi-k2.5] 决策: create | 选笑话编号: None

  质量组: medium (4个候选笑话)
    评估模型: qwen3-max
    [qwen3-max] 决策: select | 选笑话编号: 2
    评估模型: deepseek-v3.2
    [deepseek-v3.2] 决策: select | 选笑话编号: 2
    评估模型: kimi-k2.5
    [kimi-k2.5] 决策: create | 选笑话编号: None

  质量组: low (4个候选笑话)
    评估模型: qwen3-max
    [qwen3-max] 决策: select | 选笑话编号: 2
    评估模型: deepseek-v3.2
    [deepseek-v3.2] 决策: select | 选笑话编号: 2
    评估模型: kimi-k2.5
    [kimi-k2.5] 决策: create | 选笑话编号: None

  Item完成: 耗时50.0s | 总耗时539.6min
  速率限制器状态: 可用令牌=48.0/48
  已保存中间结果 (562 条)

============================================================
处理 zh_0663... (563/1174)

  质量组: high (4个候选笑话)
    评估模型: qwen3-max
    [qwen3-max] 决策: select | 选笑话编号: 4
    评估模型: deepseek-v3.2
    [deepseek-v3.2] 决策: select | 选笑话编号: 4
    评估模型: kimi-k2.5
    [kimi-k2.5] 决策: create | 选笑话编号: None

  质量组: medium (4个候选笑话)
    评估模型: qwen3-max
    [qwen3-max] 决策: select | 选笑话编号: 3
    评估模型: deepseek-v3.2
    [deepseek-v3.2] 决策: select | 选笑话编号: 1
    评估模型: kimi-k2.5
    [kimi-k2.5] 决策: create | 选笑话编号: None

  质量组: low (4个候选笑话)
    评估模型: qwen3-max
    [qwen3-max] 决策: select | 选笑话编号: 1
    评估模型: deepseek-v3.2
    [deepseek-v3.2] 决策: select | 选笑话编号: 1
    评估模型: kimi-k2.5
    [API] JSON解析失败: JSON解析失败: Expecting ',' delimiter: line 4 column 51 (char 108), model=kimi-k2.5
    [kimi-k2.5] 决策:  | 选笑话编号: ?

  Item完成: 耗时57.3s | 总耗时540.5min
  速率限制器状态: 可用令牌=48.0/48
  已保存中间结果 (563 条)

============================================================
处理 zh_0664... (564/1174)

  质量组: high (4个候选笑话)
    评估模型: qwen3-max
    [qwen3-max] 决策: select | 选笑话编号: 2
    评估模型: deepseek-v3.2
    [deepseek-v3.2] 决策: select | 选笑话编号: 2
    评估模型: kimi-k2.5
    [kimi-k2.5] 决策: create | 选笑话编号: None

  质量组: medium (4个候选笑话)
    评估模型: qwen3-max
    [qwen3-max] 决策: select | 选笑话编号: 2
    评估模型: deepseek-v3.2
    [deepseek-v3.2] 决策: select | 选笑话编号: 1
    评估模型: kimi-k2.5
    [kimi-k2.5] 决策: create | 选笑话编号: None

  质量组: low (4个候选笑话)
    评估模型: qwen3-max
    [qwen3-max] 决策: select | 选笑话编号: 1
    评估模型: deepseek-v3.2
    [deepseek-v3.2] 决策: select | 选笑话编号: 4
    评估模型: kimi-k2.5
    [kimi-k2.5] 决策: create | 选笑话编号: None

  Item完成: 耗时60.2s | 总耗时541.6min
  速率限制器状态: 可用令牌=48.0/48
  已保存中间结果 (564 条)

============================================================
处理 zh_0665... (565/1174)

  质量组: high (4个候选笑话)
    评估模型: qwen3-max
    [qwen3-max] 决策: select | 选笑话编号: 4
    评估模型: deepseek-v3.2
    [deepseek-v3.2] 决策: select | 选笑话编号: 2
    评估模型: kimi-k2.5
    [kimi-k2.5] 决策: create | 选笑话编号: None

  质量组: medium (4个候选笑话)
    评估模型: qwen3-max
    [qwen3-max] 决策: select | 选笑话编号: 2
    评估模型: deepseek-v3.2
    [deepseek-v3.2] 决策: select | 选笑话编号: 1
    评估模型: kimi-k2.5
    [kimi-k2.5] 决策: create | 选笑话编号: None

  质量组: low (4个候选笑话)
    评估模型: qwen3-max
    [qwen3-max] 决策: select | 选笑话编号: 1
    评估模型: deepseek-v3.2
    [deepseek-v3.2] 决策: select | 选笑话编号: 1
    评估模型: kimi-k2.5
    [kimi-k2.5] 决策: create | 选笑话编号: None

  Item完成: 耗时66.3s | 总耗时542.7min
  速率限制器状态: 可用令牌=48.0/48
  已保存中间结果 (565 条)

============================================================
处理 zh_0666... (566/1174)

  质量组: high (4个候选笑话)
    评估模型: qwen3-max
    [qwen3-max] 决策: select | 选笑话编号: 4
    评估模型: deepseek-v3.2
    [deepseek-v3.2] 决策: select | 选笑话编号: 4
    评估模型: kimi-k2.5
    [kimi-k2.5] 决策: create | 选笑话编号: None

  质量组: medium (4个候选笑话)
    评估模型: qwen3-max
    [qwen3-max] 决策: select | 选笑话编号: 1
    评估模型: deepseek-v3.2
    [deepseek-v3.2] 决策: select | 选笑话编号: 3
    评估模型: kimi-k2.5
    [kimi-k2.5] 决策: create | 选笑话编号: None

  质量组: low (4个候选笑话)
    评估模型: qwen3-max
    [qwen3-max] 决策: select | 选笑话编号: 4
    评估模型: deepseek-v3.2
    [deepseek-v3.2] 决策: create | 选笑话编号: None
    评估模型: kimi-k2.5
    [kimi-k2.5] 决策: create | 选笑话编号: None

  Item完成: 耗时48.7s | 总耗时543.5min
  速率限制器状态: 可用令牌=48.0/48
  已保存中间结果 (566 条)

============================================================
处理 zh_0667... (567/1174)

  质量组: high (4个候选笑话)
    评估模型: qwen3-max
    [qwen3-max] 决策: select | 选笑话编号: 2
    评估模型: deepseek-v3.2
    [deepseek-v3.2] 决策: select | 选笑话编号: 4
    评估模型: kimi-k2.5
    [kimi-k2.5] 决策: create | 选笑话编号: None

  质量组: medium (4个候选笑话)
    评估模型: qwen3-max
    [qwen3-max] 决策: select | 选笑话编号: 4
    评估模型: deepseek-v3.2
    [deepseek-v3.2] 决策: select | 选笑话编号: 4
    评估模型: kimi-k2.5
    [kimi-k2.5] 决策: select | 选笑话编号: 4

  质量组: low (4个候选笑话)
    评估模型: qwen3-max
    [qwen3-max] 决策: select | 选笑话编号: 1
    评估模型: deepseek-v3.2
    [deepseek-v3.2] 决策: select | 选笑话编号: 1
    评估模型: kimi-k2.5
    [kimi-k2.5] 决策: create | 选笑话编号: None

  Item完成: 耗时56.0s | 总耗时544.4min
  速率限制器状态: 可用令牌=48.0/48
  已保存中间结果 (567 条)

============================================================
处理 zh_0668... (568/1174)

  质量组: high (4个候选笑话)
    评估模型: qwen3-max
    [qwen3-max] 决策: select | 选笑话编号: 2
    评估模型: deepseek-v3.2
    [deepseek-v3.2] 决策: select | 选笑话编号: 2
    评估模型: kimi-k2.5
    [kimi-k2.5] 决策: select | 选笑话编号: 2

  质量组: medium (4个候选笑话)
    评估模型: qwen3-max
    [qwen3-max] 决策: select | 选笑话编号: 2
    评估模型: deepseek-v3.2
    [deepseek-v3.2] 决策: select | 选笑话编号: 4
    评估模型: kimi-k2.5
    [kimi-k2.5] 决策: create | 选笑话编号: None

  质量组: low (4个候选笑话)
    评估模型: qwen3-max
    [qwen3-max] 决策: create | 选笑话编号: None
    评估模型: deepseek-v3.2
    [deepseek-v3.2] 决策: select | 选笑话编号: 1
    评估模型: kimi-k2.5
    [kimi-k2.5] 决策: create | 选笑话编号: None

  Item完成: 耗时55.9s | 总耗时545.4min
  速率限制器状态: 可用令牌=48.0/48
  已保存中间结果 (568 条)

============================================================
处理 zh_0669... (569/1174)

  质量组: high (4个候选笑话)
    评估模型: qwen3-max
    [qwen3-max] 决策: select | 选笑话编号: 2
    评估模型: deepseek-v3.2
    [deepseek-v3.2] 决策: select | 选笑话编号: 3
    评估模型: kimi-k2.5
    [kimi-k2.5] 决策: select | 选笑话编号: 2

  质量组: medium (4个候选笑话)
    评估模型: qwen3-max
    [qwen3-max] 决策: select | 选笑话编号: 1
    评估模型: deepseek-v3.2
    [deepseek-v3.2] 决策: select | 选笑话编号: 1
    评估模型: kimi-k2.5
    [kimi-k2.5] 决策: create | 选笑话编号: None

  质量组: low (4个候选笑话)
    评估模型: qwen3-max
    [qwen3-max] 决策: create | 选笑话编号: None
    评估模型: deepseek-v3.2
    [deepseek-v3.2] 决策: create | 选笑话编号: None
    评估模型: kimi-k2.5
    [kimi-k2.5] 决策: create | 选笑话编号: None

  Item完成: 耗时57.1s | 总耗时546.3min
  速率限制器状态: 可用令牌=48.0/48
  已保存中间结果 (569 条)

============================================================
处理 zh_0670... (570/1174)

  质量组: high (4个候选笑话)
    评估模型: qwen3-max
    [qwen3-max] 决策: select | 选笑话编号: 2
    评估模型: deepseek-v3.2
    [deepseek-v3.2] 决策: select | 选笑话编号: 2
    评估模型: kimi-k2.5
    [kimi-k2.5] 决策: create | 选笑话编号: None

  质量组: medium (4个候选笑话)
    评估模型: qwen3-max
    [qwen3-max] 决策: create | 选笑话编号: None
    评估模型: deepseek-v3.2
    [deepseek-v3.2] 决策: select | 选笑话编号: 1
    评估模型: kimi-k2.5
    [kimi-k2.5] 决策: create | 选笑话编号: None

  质量组: low (4个候选笑话)
    评估模型: qwen3-max
    [qwen3-max] 决策: create | 选笑话编号: None
    评估模型: deepseek-v3.2
    [deepseek-v3.2] 决策: select | 选笑话编号: 1
    评估模型: kimi-k2.5
    [kimi-k2.5] 决策: create | 选笑话编号: None

  Item完成: 耗时58.1s | 总耗时547.3min
  速率限制器状态: 可用令牌=48.0/48
  已保存中间结果 (570 条)

============================================================
处理 zh_0671... (571/1174)

  质量组: high (4个候选笑话)
    评估模型: qwen3-max
    [qwen3-max] 决策: select | 选笑话编号: 2
    评估模型: deepseek-v3.2
    [deepseek-v3.2] 决策: select | 选笑话编号: 3
    评估模型: kimi-k2.5
    [kimi-k2.5] 决策: create | 选笑话编号: None

  质量组: medium (4个候选笑话)
    评估模型: qwen3-max
    [qwen3-max] 决策: select | 选笑话编号: 2
    评估模型: deepseek-v3.2
    [deepseek-v3.2] 决策: select | 选笑话编号: 2
    评估模型: kimi-k2.5
    [kimi-k2.5] 决策: create | 选笑话编号: None

  质量组: low (4个候选笑话)
    评估模型: qwen3-max
    [qwen3-max] 决策: select | 选笑话编号: 1
    评估模型: deepseek-v3.2
    [deepseek-v3.2] 决策: select | 选笑话编号: 1
    评估模型: kimi-k2.5
    [kimi-k2.5] 决策: create | 选笑话编号: None

  Item完成: 耗时59.0s | 总耗时548.3min
  速率限制器状态: 可用令牌=48.0/48
  已保存中间结果 (571 条)

============================================================
处理 zh_0672... (572/1174)

  质量组: high (4个候选笑话)
    评估模型: qwen3-max
    [qwen3-max] 决策: select | 选笑话编号: 2
    评估模型: deepseek-v3.2
    [deepseek-v3.2] 决策: select | 选笑话编号: 2
    评估模型: kimi-k2.5
    [kimi-k2.5] 决策: select | 选笑话编号: 2

  质量组: medium (4个候选笑话)
    评估模型: qwen3-max
    [qwen3-max] 决策: select | 选笑话编号: 2
    评估模型: deepseek-v3.2
    [deepseek-v3.2] 决策: select | 选笑话编号: 4
    评估模型: kimi-k2.5
    [kimi-k2.5] 决策: select | 选笑话编号: 2

  质量组: low (4个候选笑话)
    评估模型: qwen3-max
    [qwen3-max] 决策: select | 选笑话编号: 3
    评估模型: deepseek-v3.2
    [deepseek-v3.2] 决策: select | 选笑话编号: 3
    评估模型: kimi-k2.5
    [kimi-k2.5] 决策: create | 选笑话编号: None

  Item完成: 耗时56.4s | 总耗时549.2min
  速率限制器状态: 可用令牌=48.0/48
  已保存中间结果 (572 条)

============================================================
处理 zh_0673... (573/1174)

  质量组: high (4个候选笑话)
    评估模型: qwen3-max
    [qwen3-max] 决策: select | 选笑话编号: 2
    评估模型: deepseek-v3.2
    [deepseek-v3.2] 决策: select | 选笑话编号: 2
    评估模型: kimi-k2.5
    [kimi-k2.5] 决策: select | 选笑话编号: 2

  质量组: medium (4个候选笑话)
    评估模型: qwen3-max
    [qwen3-max] 决策: select | 选笑话编号: 2
    评估模型: deepseek-v3.2
    [deepseek-v3.2] 决策: select | 选笑话编号: 2
    评估模型: kimi-k2.5
    [kimi-k2.5] 决策: create | 选笑话编号: None

  质量组: low (4个候选笑话)
    评估模型: qwen3-max
    [qwen3-max] 决策: select | 选笑话编号: 2
    评估模型: deepseek-v3.2
    [deepseek-v3.2] 决策: select | 选笑话编号: 4
    评估模型: kimi-k2.5
    [kimi-k2.5] 决策: create | 选笑话编号: None

  Item完成: 耗时53.1s | 总耗时550.1min
  速率限制器状态: 可用令牌=48.0/48
  已保存中间结果 (573 条)

============================================================
处理 zh_0674... (574/1174)

  质量组: high (4个候选笑话)
    评估模型: qwen3-max
    [qwen3-max] 决策: select | 选笑话编号: 2
    评估模型: deepseek-v3.2
    [deepseek-v3.2] 决策: select | 选笑话编号: 2
    评估模型: kimi-k2.5
    [kimi-k2.5] 决策: create | 选笑话编号: None

  质量组: medium (4个候选笑话)
    评估模型: qwen3-max
    [qwen3-max] 决策: select | 选笑话编号: 1
    评估模型: deepseek-v3.2
    [deepseek-v3.2] 决策: select | 选笑话编号: 1
    评估模型: kimi-k2.5
    [kimi-k2.5] 决策: create | 选笑话编号: None

  质量组: low (4个候选笑话)
    评估模型: qwen3-max
    [qwen3-max] 决策: create | 选笑话编号: None
    评估模型: deepseek-v3.2
    [deepseek-v3.2] 决策: select | 选笑话编号: 1
    评估模型: kimi-k2.5
    [kimi-k2.5] 决策: create | 选笑话编号: None

  Item完成: 耗时65.8s | 总耗时551.2min
  速率限制器状态: 可用令牌=48.0/48
  已保存中间结果 (574 条)

============================================================
处理 zh_0675... (575/1174)

  质量组: high (4个候选笑话)
    评估模型: qwen3-max
    [qwen3-max] 决策: select | 选笑话编号: 2
    评估模型: deepseek-v3.2
    [deepseek-v3.2] 决策: select | 选笑话编号: 2
    评估模型: kimi-k2.5
    [kimi-k2.5] 决策: select | 选笑话编号: 2

  质量组: medium (4个候选笑话)
    评估模型: qwen3-max
    [qwen3-max] 决策: create | 选笑话编号: None
    评估模型: deepseek-v3.2
    [deepseek-v3.2] 决策: select | 选笑话编号: 1
    评估模型: kimi-k2.5
    [kimi-k2.5] 决策: create | 选笑话编号: None

  质量组: low (4个候选笑话)
    评估模型: qwen3-max
    [qwen3-max] 决策: select | 选笑话编号: 1
    评估模型: deepseek-v3.2
    [deepseek-v3.2] 决策: select | 选笑话编号: 1
    评估模型: kimi-k2.5
    [kimi-k2.5] 决策: create | 选笑话编号: None

  Item完成: 耗时63.3s | 总耗时552.3min
  速率限制器状态: 可用令牌=48.0/48
  已保存中间结果 (575 条)

============================================================
处理 zh_0676... (576/1174)

  质量组: high (4个候选笑话)
    评估模型: qwen3-max
    [qwen3-max] 决策: select | 选笑话编号: 2
    评估模型: deepseek-v3.2
    [deepseek-v3.2] 决策: select | 选笑话编号: 2
    评估模型: kimi-k2.5
    [kimi-k2.5] 决策: select | 选笑话编号: 2

  质量组: medium (4个候选笑话)
    评估模型: qwen3-max
    [qwen3-max] 决策: select | 选笑话编号: 1
    评估模型: deepseek-v3.2
    [deepseek-v3.2] 决策: select | 选笑话编号: 1
    评估模型: kimi-k2.5
    [kimi-k2.5] 决策: create | 选笑话编号: None

  质量组: low (4个候选笑话)
    评估模型: qwen3-max
    [qwen3-max] 决策: select | 选笑话编号: 1
    评估模型: deepseek-v3.2
    [deepseek-v3.2] 决策: select | 选笑话编号: 4
    评估模型: kimi-k2.5
    [kimi-k2.5] 决策: create | 选笑话编号: None

  Item完成: 耗时57.3s | 总耗时553.2min
  速率限制器状态: 可用令牌=48.0/48
  已保存中间结果 (576 条)

============================================================
处理 zh_0677... (577/1174)

  质量组: high (4个候选笑话)
    评估模型: qwen3-max
    [qwen3-max] 决策: select | 选笑话编号: 2
    评估模型: deepseek-v3.2
    [deepseek-v3.2] 决策: select | 选笑话编号: 2
    评估模型: kimi-k2.5
    [kimi-k2.5] 决策: select | 选笑话编号: 2

  质量组: medium (4个候选笑话)
    评估模型: qwen3-max
    [qwen3-max] 决策: select | 选笑话编号: 1
    评估模型: deepseek-v3.2
    [deepseek-v3.2] 决策: select | 选笑话编号: 2
    评估模型: kimi-k2.5
    [kimi-k2.5] 决策: create | 选笑话编号: None

  质量组: low (4个候选笑话)
    评估模型: qwen3-max
    [qwen3-max] 决策: select | 选笑话编号: 4
    评估模型: deepseek-v3.2
    [deepseek-v3.2] 决策: select | 选笑话编号: 4
    评估模型: kimi-k2.5
    [kimi-k2.5] 决策: create | 选笑话编号: None

  Item完成: 耗时57.8s | 总耗时554.2min
  速率限制器状态: 可用令牌=48.0/48
  已保存中间结果 (577 条)

============================================================
处理 zh_0678... (578/1174)

  质量组: high (4个候选笑话)
    评估模型: qwen3-max
    [qwen3-max] 决策: select | 选笑话编号: 2
    评估模型: deepseek-v3.2
    [deepseek-v3.2] 决策: select | 选笑话编号: 2
    评估模型: kimi-k2.5
    [kimi-k2.5] 决策: create | 选笑话编号: None

  质量组: medium (4个候选笑话)
    评估模型: qwen3-max
    [qwen3-max] 决策: select | 选笑话编号: 2
    评估模型: deepseek-v3.2
    [deepseek-v3.2] 决策: select | 选笑话编号: 2
    评估模型: kimi-k2.5
    [kimi-k2.5] 决策: select | 选笑话编号: 2

  质量组: low (4个候选笑话)
    评估模型: qwen3-max
    [qwen3-max] 决策: create | 选笑话编号: None
    评估模型: deepseek-v3.2
    [deepseek-v3.2] 决策: select | 选笑话编号: 1
    评估模型: kimi-k2.5
    [kimi-k2.5] 决策: create | 选笑话编号: None

  Item完成: 耗时63.7s | 总耗时555.2min
  速率限制器状态: 可用令牌=48.0/48
  已保存中间结果 (578 条)

============================================================
处理 zh_0679... (579/1174)

  质量组: high (4个候选笑话)
    评估模型: qwen3-max
    [qwen3-max] 决策: select | 选笑话编号: 2
    评估模型: deepseek-v3.2
    [deepseek-v3.2] 决策: select | 选笑话编号: 4
    评估模型: kimi-k2.5
    [kimi-k2.5] 决策: select | 选笑话编号: 2

  质量组: medium (4个候选笑话)
    评估模型: qwen3-max
    [qwen3-max] 决策: select | 选笑话编号: 2
    评估模型: deepseek-v3.2
    [deepseek-v3.2] 决策: select | 选笑话编号: 2
    评估模型: kimi-k2.5
    [kimi-k2.5] 决策: create | 选笑话编号: None

  质量组: low (4个候选笑话)
    评估模型: qwen3-max
    [qwen3-max] 决策: create | 选笑话编号: None
    评估模型: deepseek-v3.2
    [deepseek-v3.2] 决策: select | 选笑话编号: 4
    评估模型: kimi-k2.5
    [kimi-k2.5] 决策: create | 选笑话编号: None

  Item完成: 耗时65.5s | 总耗时556.3min
  速率限制器状态: 可用令牌=48.0/48
  已保存中间结果 (579 条)

============================================================
处理 zh_0680... (580/1174)

  质量组: high (4个候选笑话)
    评估模型: qwen3-max
    [qwen3-max] 决策: select | 选笑话编号: 1
    评估模型: deepseek-v3.2
    [deepseek-v3.2] 决策: select | 选笑话编号: 1
    评估模型: kimi-k2.5
    [kimi-k2.5] 决策: create | 选笑话编号: None

  质量组: medium (4个候选笑话)
    评估模型: qwen3-max
    [qwen3-max] 决策: select | 选笑话编号: 4
    评估模型: deepseek-v3.2
    [deepseek-v3.2] 决策: select | 选笑话编号: 4
    评估模型: kimi-k2.5
    [kimi-k2.5] 决策: create | 选笑话编号: None

  质量组: low (4个候选笑话)
    评估模型: qwen3-max
    [qwen3-max] 决策: create | 选笑话编号: None
    评估模型: deepseek-v3.2
    [deepseek-v3.2] 决策: select | 选笑话编号: 1
    评估模型: kimi-k2.5
    [API] JSON解析失败: JSON解析失败: Expecting ',' delimiter: line 5 column 61 (char 219), model=kimi-k2.5
    [kimi-k2.5] 决策:  | 选笑话编号: ?

  Item完成: 耗时52.6s | 总耗时557.2min
  速率限制器状态: 可用令牌=48.0/48
  已保存中间结果 (580 条)

============================================================
处理 zh_0681... (581/1174)

  质量组: high (4个候选笑话)
    评估模型: qwen3-max
    [qwen3-max] 决策: select | 选笑话编号: 2
    评估模型: deepseek-v3.2
    [deepseek-v3.2] 决策: select | 选笑话编号: 2
    评估模型: kimi-k2.5
    [kimi-k2.5] 决策: select | 选笑话编号: 2

  质量组: medium (4个候选笑话)
    评估模型: qwen3-max
    [qwen3-max] 决策: select | 选笑话编号: 1
    评估模型: deepseek-v3.2
    [deepseek-v3.2] 决策: select | 选笑话编号: 2
    评估模型: kimi-k2.5
    [kimi-k2.5] 决策: create | 选笑话编号: None

  质量组: low (4个候选笑话)
    评估模型: qwen3-max
    [qwen3-max] 决策: select | 选笑话编号: 4
    评估模型: deepseek-v3.2
    [deepseek-v3.2] 决策: select | 选笑话编号: 4
    评估模型: kimi-k2.5
    [kimi-k2.5] 决策: create | 选笑话编号: None

  Item完成: 耗时56.2s | 总耗时558.2min
  速率限制器状态: 可用令牌=48.0/48
  已保存中间结果 (581 条)

============================================================
处理 zh_0682... (582/1174)

  质量组: high (4个候选笑话)
    评估模型: qwen3-max
    [qwen3-max] 决策: select | 选笑话编号: 2
    评估模型: deepseek-v3.2
    [deepseek-v3.2] 决策: select | 选笑话编号: 2
    评估模型: kimi-k2.5
    [kimi-k2.5] 决策: select | 选笑话编号: 2

  质量组: medium (4个候选笑话)
    评估模型: qwen3-max
    [qwen3-max] 决策: select | 选笑话编号: 1
    评估模型: deepseek-v3.2
    [deepseek-v3.2] 决策: select | 选笑话编号: 4
    评估模型: kimi-k2.5
    [kimi-k2.5] 决策: create | 选笑话编号: None

  质量组: low (4个候选笑话)
    评估模型: qwen3-max
    [qwen3-max] 决策: select | 选笑话编号: 1
    评估模型: deepseek-v3.2
    [deepseek-v3.2] 决策: select | 选笑话编号: 2
    评估模型: kimi-k2.5
    [kimi-k2.5] 决策: create | 选笑话编号: None

  Item完成: 耗时59.9s | 总耗时559.2min
  速率限制器状态: 可用令牌=48.0/48
  已保存中间结果 (582 条)

============================================================
处理 zh_0683... (583/1174)

  质量组: high (4个候选笑话)
    评估模型: qwen3-max
    [qwen3-max] 决策: select | 选笑话编号: 1
    评估模型: deepseek-v3.2
    [deepseek-v3.2] 决策: select | 选笑话编号: 2
    评估模型: kimi-k2.5
    [kimi-k2.5] 决策: create | 选笑话编号: None

  质量组: medium (4个候选笑话)
    评估模型: qwen3-max
    [qwen3-max] 决策: select | 选笑话编号: 2
    评估模型: deepseek-v3.2
    [deepseek-v3.2] 决策: select | 选笑话编号: 1
    评估模型: kimi-k2.5
    [kimi-k2.5] 决策: create | 选笑话编号: None

  质量组: low (4个候选笑话)
    评估模型: qwen3-max
    [qwen3-max] 决策: select | 选笑话编号: 2
    评估模型: deepseek-v3.2
    [deepseek-v3.2] 决策: select | 选笑话编号: 2
    评估模型: kimi-k2.5
    [kimi-k2.5] 决策: create | 选笑话编号: None

  Item完成: 耗时58.5s | 总耗时560.1min
  速率限制器状态: 可用令牌=48.0/48
  已保存中间结果 (583 条)

============================================================
处理 zh_0684... (584/1174)

  质量组: high (4个候选笑话)
    评估模型: qwen3-max
    [qwen3-max] 决策: select | 选笑话编号: 4
    评估模型: deepseek-v3.2
    [deepseek-v3.2] 决策: select | 选笑话编号: 4
    评估模型: kimi-k2.5
    [kimi-k2.5] 决策: select | 选笑话编号: 4

  质量组: medium (4个候选笑话)
    评估模型: qwen3-max
    [qwen3-max] 决策: select | 选笑话编号: 3
    评估模型: deepseek-v3.2
    [deepseek-v3.2] 决策: select | 选笑话编号: 1
    评估模型: kimi-k2.5
    [kimi-k2.5] 决策: create | 选笑话编号: None

  质量组: low (4个候选笑话)
    评估模型: qwen3-max
    [qwen3-max] 决策: select | 选笑话编号: 1
    评估模型: deepseek-v3.2
    [deepseek-v3.2] 决策: select | 选笑话编号: 1
    评估模型: kimi-k2.5
    [kimi-k2.5] 决策: create | 选笑话编号: None

  Item完成: 耗时66.2s | 总耗时561.3min
  速率限制器状态: 可用令牌=48.0/48
  已保存中间结果 (584 条)

============================================================
处理 zh_0685... (585/1174)

  质量组: high (4个候选笑话)
    评估模型: qwen3-max
    [qwen3-max] 决策: select | 选笑话编号: 2
    评估模型: deepseek-v3.2
    [deepseek-v3.2] 决策: select | 选笑话编号: 2
    评估模型: kimi-k2.5
    [API] JSON解析失败: JSON解析失败: Expecting ',' delimiter: line 5 column 32 (char 197), model=kimi-k2.5
    [kimi-k2.5] 决策:  | 选笑话编号: ?

  质量组: medium (4个候选笑话)
    评估模型: qwen3-max
    [qwen3-max] 决策: select | 选笑话编号: 1
    评估模型: deepseek-v3.2
    [deepseek-v3.2] 决策: select | 选笑话编号: 4
    评估模型: kimi-k2.5
    [kimi-k2.5] 决策: create | 选笑话编号: None

  质量组: low (4个候选笑话)
    评估模型: qwen3-max
    [qwen3-max] 决策: select | 选笑话编号: 2
    评估模型: deepseek-v3.2
    [deepseek-v3.2] 决策: create | 选笑话编号: None
    评估模型: kimi-k2.5
    [API] JSON解析失败: JSON解析失败: Expecting ',' delimiter: line 4 column 79 (char 136), model=kimi-k2.5
    [kimi-k2.5] 决策:  | 选笑话编号: ?

  Item完成: 耗时57.8s | 总耗时562.2min
  速率限制器状态: 可用令牌=48.0/48
  已保存中间结果 (585 条)

============================================================
处理 zh_0686... (586/1174)

  质量组: high (4个候选笑话)
    评估模型: qwen3-max
    [qwen3-max] 决策: select | 选笑话编号: 2
    评估模型: deepseek-v3.2
    [deepseek-v3.2] 决策: select | 选笑话编号: 1
    评估模型: kimi-k2.5
    [kimi-k2.5] 决策: create | 选笑话编号: None

  质量组: medium (4个候选笑话)
    评估模型: qwen3-max
    [qwen3-max] 决策: select | 选笑话编号: 1
    评估模型: deepseek-v3.2
    [deepseek-v3.2] 决策: select | 选笑话编号: 4
    评估模型: kimi-k2.5
    [kimi-k2.5] 决策: select | 选笑话编号: 4

  质量组: low (4个候选笑话)
    评估模型: qwen3-max
    [qwen3-max] 决策: select | 选笑话编号: 1
    评估模型: deepseek-v3.2
    [deepseek-v3.2] 决策: select | 选笑话编号: 4
    评估模型: kimi-k2.5
    [API] JSON解析失败: JSON解析失败: Expecting ',' delimiter: line 5 column 26 (char 207), model=kimi-k2.5
    [kimi-k2.5] 决策:  | 选笑话编号: ?

  Item完成: 耗时54.0s | 总耗时563.1min
  速率限制器状态: 可用令牌=48.0/48
  已保存中间结果 (586 条)

============================================================
处理 zh_0687... (587/1174)

  质量组: high (4个候选笑话)
    评估模型: qwen3-max
    [qwen3-max] 决策: select | 选笑话编号: 2
    评估模型: deepseek-v3.2
    [deepseek-v3.2] 决策: select | 选笑话编号: 4
    评估模型: kimi-k2.5
    [kimi-k2.5] 决策: create | 选笑话编号: None

  质量组: medium (4个候选笑话)
    评估模型: qwen3-max
    [qwen3-max] 决策: select | 选笑话编号: 1
    评估模型: deepseek-v3.2
    [deepseek-v3.2] 决策: select | 选笑话编号: 1
    评估模型: kimi-k2.5
    [kimi-k2.5] 决策: create | 选笑话编号: None

  质量组: low (4个候选笑话)
    评估模型: qwen3-max
    [qwen3-max] 决策: create | 选笑话编号: None
    评估模型: deepseek-v3.2
    [deepseek-v3.2] 决策: select | 选笑话编号: 3
    评估模型: kimi-k2.5
    [kimi-k2.5] 决策: create | 选笑话编号: None

  Item完成: 耗时54.3s | 总耗时564.0min
  速率限制器状态: 可用令牌=48.0/48
  已保存中间结果 (587 条)

============================================================
处理 zh_0688... (588/1174)

  质量组: high (4个候选笑话)
    评估模型: qwen3-max
    [qwen3-max] 决策: select | 选笑话编号: 1
    评估模型: deepseek-v3.2
    [deepseek-v3.2] 决策: select | 选笑话编号: 4
    评估模型: kimi-k2.5
    [kimi-k2.5] 决策: create | 选笑话编号: None

  质量组: medium (4个候选笑话)
    评估模型: qwen3-max
    [qwen3-max] 决策: select | 选笑话编号: 1
    评估模型: deepseek-v3.2
    [deepseek-v3.2] 决策: select | 选笑话编号: 1
    评估模型: kimi-k2.5
    [kimi-k2.5] 决策: create | 选笑话编号: None

  质量组: low (4个候选笑话)
    评估模型: qwen3-max
    [qwen3-max] 决策: create | 选笑话编号: None
    评估模型: deepseek-v3.2
    [deepseek-v3.2] 决策: select | 选笑话编号: 1
    评估模型: kimi-k2.5
    [kimi-k2.5] 决策: create | 选笑话编号: None

  Item完成: 耗时52.1s | 总耗时564.9min
  速率限制器状态: 可用令牌=48.0/48
  已保存中间结果 (588 条)

============================================================
处理 zh_0689... (589/1174)

  质量组: high (4个候选笑话)
    评估模型: qwen3-max
    [qwen3-max] 决策: select | 选笑话编号: 2
    评估模型: deepseek-v3.2
    [deepseek-v3.2] 决策: create | 选笑话编号: None
    评估模型: kimi-k2.5
    [kimi-k2.5] 决策: create | 选笑话编号: None

  质量组: medium (4个候选笑话)
    评估模型: qwen3-max
    [qwen3-max] 决策: select | 选笑话编号: 4
    评估模型: deepseek-v3.2
    [deepseek-v3.2] 决策: select | 选笑话编号: 1
    评估模型: kimi-k2.5
    [kimi-k2.5] 决策: create | 选笑话编号: None

  质量组: low (4个候选笑话)
    评估模型: qwen3-max
    [qwen3-max] 决策: create | 选笑话编号: None
    评估模型: deepseek-v3.2
    [deepseek-v3.2] 决策: select | 选笑话编号: 1
    评估模型: kimi-k2.5
    [kimi-k2.5] 决策: create | 选笑话编号: None

  Item完成: 耗时52.0s | 总耗时565.8min
  速率限制器状态: 可用令牌=48.0/48
  已保存中间结果 (589 条)

============================================================
处理 zh_0690... (590/1174)

  质量组: high (4个候选笑话)
    评估模型: qwen3-max
    [qwen3-max] 决策: select | 选笑话编号: 2
    评估模型: deepseek-v3.2
    [deepseek-v3.2] 决策: select | 选笑话编号: 2
    评估模型: kimi-k2.5
    [kimi-k2.5] 决策: create | 选笑话编号: None

  质量组: medium (4个候选笑话)
    评估模型: qwen3-max
    [qwen3-max] 决策: select | 选笑话编号: 4
    评估模型: deepseek-v3.2
    [deepseek-v3.2] 决策: select | 选笑话编号: 4
    评估模型: kimi-k2.5
    [kimi-k2.5] 决策: create | 选笑话编号: None

  质量组: low (4个候选笑话)
    评估模型: qwen3-max
    [qwen3-max] 决策: create | 选笑话编号: None
    评估模型: deepseek-v3.2
    [deepseek-v3.2] 决策: create | 选笑话编号: None
    评估模型: kimi-k2.5
    [kimi-k2.5] 决策: create | 选笑话编号: None

  Item完成: 耗时55.1s | 总耗时566.7min
  速率限制器状态: 可用令牌=48.0/48
  已保存中间结果 (590 条)

============================================================
处理 zh_0691... (591/1174)

  质量组: high (4个候选笑话)
    评估模型: qwen3-max
    [qwen3-max] 决策: select | 选笑话编号: 2
    评估模型: deepseek-v3.2
    [deepseek-v3.2] 决策: select | 选笑话编号: 2
    评估模型: kimi-k2.5
    [kimi-k2.5] 决策: create | 选笑话编号: None

  质量组: medium (4个候选笑话)
    评估模型: qwen3-max
    [qwen3-max] 决策: select | 选笑话编号: 1
    评估模型: deepseek-v3.2
    [deepseek-v3.2] 决策: select | 选笑话编号: 1
    评估模型: kimi-k2.5
    [kimi-k2.5] 决策: create | 选笑话编号: None

  质量组: low (4个候选笑话)
    评估模型: qwen3-max
    [qwen3-max] 决策: create | 选笑话编号: None
    评估模型: deepseek-v3.2
    [deepseek-v3.2] 决策: create | 选笑话编号: None
    评估模型: kimi-k2.5
    [kimi-k2.5] 决策: create | 选笑话编号: None

  Item完成: 耗时57.9s | 总耗时567.7min
  速率限制器状态: 可用令牌=48.0/48
  已保存中间结果 (591 条)

============================================================
处理 zh_0692... (592/1174)

  质量组: high (4个候选笑话)
    评估模型: qwen3-max
    [qwen3-max] 决策: select | 选笑话编号: 4
    评估模型: deepseek-v3.2
    [deepseek-v3.2] 决策: select | 选笑话编号: 2
    评估模型: kimi-k2.5
    [kimi-k2.5] 决策: create | 选笑话编号: None

  质量组: medium (4个候选笑话)
    评估模型: qwen3-max
    [qwen3-max] 决策: select | 选笑话编号: 1
    评估模型: deepseek-v3.2
    [deepseek-v3.2] 决策: select | 选笑话编号: 1
    评估模型: kimi-k2.5
    [kimi-k2.5] 决策: create | 选笑话编号: None

  质量组: low (4个候选笑话)
    评估模型: qwen3-max
    [qwen3-max] 决策: create | 选笑话编号: None
    评估模型: deepseek-v3.2
    [deepseek-v3.2] 决策: create | 选笑话编号: None
    评估模型: kimi-k2.5
    [kimi-k2.5] 决策: create | 选笑话编号: None

  Item完成: 耗时61.6s | 总耗时568.7min
  速率限制器状态: 可用令牌=48.0/48
  已保存中间结果 (592 条)

============================================================
处理 zh_0693... (593/1174)

  质量组: high (4个候选笑话)
    评估模型: qwen3-max
    [qwen3-max] 决策: select | 选笑话编号: 1
    评估模型: deepseek-v3.2
    [deepseek-v3.2] 决策: select | 选笑话编号: 1
    评估模型: kimi-k2.5
    [kimi-k2.5] 决策: create | 选笑话编号: None

  质量组: medium (4个候选笑话)
    评估模型: qwen3-max
    [qwen3-max] 决策: select | 选笑话编号: 2
    评估模型: deepseek-v3.2
    [deepseek-v3.2] 决策: select | 选笑话编号: 2
    评估模型: kimi-k2.5
    [kimi-k2.5] 决策: create | 选笑话编号: None

  质量组: low (4个候选笑话)
    评估模型: qwen3-max
    [qwen3-max] 决策: select | 选笑话编号: 4
    评估模型: deepseek-v3.2
    [deepseek-v3.2] 决策: create | 选笑话编号: None
    评估模型: kimi-k2.5
    [kimi-k2.5] 决策: create | 选笑话编号: None

  Item完成: 耗时54.8s | 总耗时569.6min
  速率限制器状态: 可用令牌=48.0/48
  已保存中间结果 (593 条)

============================================================
处理 zh_0694... (594/1174)

  质量组: high (4个候选笑话)
    评估模型: qwen3-max
    [qwen3-max] 决策: select | 选笑话编号: 3
    评估模型: deepseek-v3.2
    [deepseek-v3.2] 决策: select | 选笑话编号: 2
    评估模型: kimi-k2.5
    [kimi-k2.5] 决策: create | 选笑话编号: None

  质量组: medium (4个候选笑话)
    评估模型: qwen3-max
    [qwen3-max] 决策: select | 选笑话编号: 1
    评估模型: deepseek-v3.2
    [deepseek-v3.2] 决策: select | 选笑话编号: 1
    评估模型: kimi-k2.5
    [kimi-k2.5] 决策: create | 选笑话编号: None

  质量组: low (4个候选笑话)
    评估模型: qwen3-max
    [qwen3-max] 决策: select | 选笑话编号: 4
    评估模型: deepseek-v3.2
    [deepseek-v3.2] 决策: create | 选笑话编号: None
    评估模型: kimi-k2.5
    [kimi-k2.5] 决策: create | 选笑话编号: None

  Item完成: 耗时55.2s | 总耗时570.5min
  速率限制器状态: 可用令牌=48.0/48
  已保存中间结果 (594 条)

============================================================
处理 zh_0695... (595/1174)

  质量组: high (4个候选笑话)
    评估模型: qwen3-max
    [qwen3-max] 决策: select | 选笑话编号: 2
    评估模型: deepseek-v3.2
    [deepseek-v3.2] 决策: select | 选笑话编号: 4
    评估模型: kimi-k2.5
    [kimi-k2.5] 决策: create | 选笑话编号: None

  质量组: medium (4个候选笑话)
    评估模型: qwen3-max
    [qwen3-max] 决策: select | 选笑话编号: 1
    评估模型: deepseek-v3.2
    [deepseek-v3.2] 决策: select | 选笑话编号: 4
    评估模型: kimi-k2.5
    [kimi-k2.5] 决策: create | 选笑话编号: None

  质量组: low (4个候选笑话)
    评估模型: qwen3-max
    [qwen3-max] 决策: create | 选笑话编号: None
    评估模型: deepseek-v3.2
    [deepseek-v3.2] 决策: select | 选笑话编号: 1
    评估模型: kimi-k2.5
    [kimi-k2.5] 决策: create | 选笑话编号: None

  Item完成: 耗时46.6s | 总耗时571.3min
  速率限制器状态: 可用令牌=48.0/48
  已保存中间结果 (595 条)

============================================================
处理 zh_0696... (596/1174)

  质量组: high (4个候选笑话)
    评估模型: qwen3-max
    [qwen3-max] 决策: select | 选笑话编号: 2
    评估模型: deepseek-v3.2
    [deepseek-v3.2] 决策: select | 选笑话编号: 4
    评估模型: kimi-k2.5
    [kimi-k2.5] 决策: select | 选笑话编号: 2

  质量组: medium (4个候选笑话)
    评估模型: qwen3-max
    [qwen3-max] 决策: select | 选笑话编号: 2
    评估模型: deepseek-v3.2
    [deepseek-v3.2] 决策: select | 选笑话编号: 4
    评估模型: kimi-k2.5
    [kimi-k2.5] 决策: create | 选笑话编号: None

  质量组: low (4个候选笑话)
    评估模型: qwen3-max
    [qwen3-max] 决策: create | 选笑话编号: None
    评估模型: deepseek-v3.2
    [deepseek-v3.2] 决策: select | 选笑话编号: 2
    评估模型: kimi-k2.5
    [kimi-k2.5] 决策: create | 选笑话编号: None

  Item完成: 耗时50.5s | 总耗时572.2min
  速率限制器状态: 可用令牌=48.0/48
  已保存中间结果 (596 条)

============================================================
处理 zh_0697... (597/1174)

  质量组: high (4个候选笑话)
    评估模型: qwen3-max
    [qwen3-max] 决策: create | 选笑话编号: None
    评估模型: deepseek-v3.2
    [deepseek-v3.2] 决策: select | 选笑话编号: 2
    评估模型: kimi-k2.5
    [kimi-k2.5] 决策: create | 选笑话编号: None

  质量组: medium (4个候选笑话)
    评估模型: qwen3-max
    [qwen3-max] 决策: create | 选笑话编号: None
    评估模型: deepseek-v3.2
    [deepseek-v3.2] 决策: select | 选笑话编号: 3
    评估模型: kimi-k2.5
    [kimi-k2.5] 决策: create | 选笑话编号: None

  质量组: low (4个候选笑话)
    评估模型: qwen3-max
    [qwen3-max] 决策: create | 选笑话编号: None
    评估模型: deepseek-v3.2
    [deepseek-v3.2] 决策: create | 选笑话编号: None
    评估模型: kimi-k2.5
    [kimi-k2.5] 决策: create | 选笑话编号: None

  Item完成: 耗时58.7s | 总耗时573.2min
  速率限制器状态: 可用令牌=48.0/48
  已保存中间结果 (597 条)

============================================================
处理 zh_0698... (598/1174)

  质量组: high (4个候选笑话)
    评估模型: qwen3-max
    [qwen3-max] 决策: select | 选笑话编号: 2
    评估模型: deepseek-v3.2
    [deepseek-v3.2] 决策: select | 选笑话编号: 4
    评估模型: kimi-k2.5
    [kimi-k2.5] 决策: create | 选笑话编号: None

  质量组: medium (4个候选笑话)
    评估模型: qwen3-max
    [qwen3-max] 决策: select | 选笑话编号: 1
    评估模型: deepseek-v3.2
    [deepseek-v3.2] 决策: select | 选笑话编号: 1
    评估模型: kimi-k2.5
    [API] JSON解析失败: JSON解析失败: Expecting ',' delimiter: line 4 column 97 (char 154), model=kimi-k2.5
    [kimi-k2.5] 决策:  | 选笑话编号: ?

  质量组: low (4个候选笑话)
    评估模型: qwen3-max
    [qwen3-max] 决策: create | 选笑话编号: None
    评估模型: deepseek-v3.2
    [deepseek-v3.2] 决策: create | 选笑话编号: None
    评估模型: kimi-k2.5
    [API] JSON解析失败: JSON解析失败: Expecting ',' delimiter: line 4 column 41 (char 98), model=kimi-k2.5
    [kimi-k2.5] 决策:  | 选笑话编号: ?

  Item完成: 耗时52.1s | 总耗时574.0min
  速率限制器状态: 可用令牌=48.0/48
  已保存中间结果 (598 条)

============================================================
处理 zh_0699... (599/1174)

  质量组: high (4个候选笑话)
    评估模型: qwen3-max
    [qwen3-max] 决策: select | 选笑话编号: 2
    评估模型: deepseek-v3.2
    [deepseek-v3.2] 决策: select | 选笑话编号: 4
    评估模型: kimi-k2.5
    [kimi-k2.5] 决策: create | 选笑话编号: None

  质量组: medium (4个候选笑话)
    评估模型: qwen3-max
    [qwen3-max] 决策: create | 选笑话编号: None
    评估模型: deepseek-v3.2
    [deepseek-v3.2] 决策: select | 选笑话编号: 4
    评估模型: kimi-k2.5
    [kimi-k2.5] 决策: create | 选笑话编号: None

  质量组: low (4个候选笑话)
    评估模型: qwen3-max
    [qwen3-max] 决策: select | 选笑话编号: 2
    评估模型: deepseek-v3.2
    [deepseek-v3.2] 决策: select | 选笑话编号: 2
    评估模型: kimi-k2.5
    [kimi-k2.5] 决策: create | 选笑话编号: None

  Item完成: 耗时57.1s | 总耗时575.0min
  速率限制器状态: 可用令牌=48.0/48
  已保存中间结果 (599 条)

============================================================
处理 zh_0700... (600/1174)

  质量组: high (4个候选笑话)
    评估模型: qwen3-max
    [qwen3-max] 决策: select | 选笑话编号: 2
    评估模型: deepseek-v3.2
    [deepseek-v3.2] 决策: select | 选笑话编号: 2
    评估模型: kimi-k2.5
    [kimi-k2.5] 决策: create | 选笑话编号: None

  质量组: medium (4个候选笑话)
    评估模型: qwen3-max
    [qwen3-max] 决策: select | 选笑话编号: 1
    评估模型: deepseek-v3.2
    [deepseek-v3.2] 决策: select | 选笑话编号: 2
    评估模型: kimi-k2.5
    [kimi-k2.5] 决策: create | 选笑话编号: None

  质量组: low (4个候选笑话)
    评估模型: qwen3-max
    [qwen3-max] 决策: select | 选笑话编号: 1
    评估模型: deepseek-v3.2
    [deepseek-v3.2] 决策: select | 选笑话编号: 1
    评估模型: kimi-k2.5
    [kimi-k2.5] 决策: create | 选笑话编号: None

  Item完成: 耗时54.3s | 总耗时575.9min
  速率限制器状态: 可用令牌=48.0/48
  已保存中间结果 (600 条)

============================================================
处理 zh_0701... (601/1174)

  质量组: high (4个候选笑话)
    评估模型: qwen3-max
    [qwen3-max] 决策: select | 选笑话编号: 2
    评估模型: deepseek-v3.2
    [deepseek-v3.2] 决策: select | 选笑话编号: 3
    评估模型: kimi-k2.5
    [kimi-k2.5] 决策: create | 选笑话编号: None

  质量组: medium (4个候选笑话)
    评估模型: qwen3-max
    [qwen3-max] 决策: select | 选笑话编号: 2
    评估模型: deepseek-v3.2
    [deepseek-v3.2] 决策: select | 选笑话编号: 1
    评估模型: kimi-k2.5
    [kimi-k2.5] 决策: create | 选笑话编号: None

  质量组: low (4个候选笑话)
    评估模型: qwen3-max
    [qwen3-max] 决策: create | 选笑话编号: None
    评估模型: deepseek-v3.2
    [deepseek-v3.2] 决策: create | 选笑话编号: None
    评估模型: kimi-k2.5
    [kimi-k2.5] 决策: create | 选笑话编号: None

  Item完成: 耗时53.2s | 总耗时576.8min
  速率限制器状态: 可用令牌=48.0/48
  已保存中间结果 (601 条)

============================================================
处理 zh_0702... (602/1174)

  质量组: high (4个候选笑话)
    评估模型: qwen3-max
    [qwen3-max] 决策: select | 选笑话编号: 2
    评估模型: deepseek-v3.2
    [deepseek-v3.2] 决策: select | 选笑话编号: 2
    评估模型: kimi-k2.5
    [kimi-k2.5] 决策: create | 选笑话编号: None

  质量组: medium (4个候选笑话)
    评估模型: qwen3-max
    [qwen3-max] 决策: select | 选笑话编号: 1
    评估模型: deepseek-v3.2
    [deepseek-v3.2] 决策: select | 选笑话编号: 1
    评估模型: kimi-k2.5
    [kimi-k2.5] 决策: create | 选笑话编号: None

  质量组: low (4个候选笑话)
    评估模型: qwen3-max
    [qwen3-max] 决策: select | 选笑话编号: 2
    评估模型: deepseek-v3.2
    [deepseek-v3.2] 决策: select | 选笑话编号: 2
    评估模型: kimi-k2.5
    [kimi-k2.5] 决策: create | 选笑话编号: None

  Item完成: 耗时49.7s | 总耗时577.6min
  速率限制器状态: 可用令牌=48.0/48
  已保存中间结果 (602 条)

============================================================
处理 zh_0703... (603/1174)

  质量组: high (4个候选笑话)
    评估模型: qwen3-max
    [qwen3-max] 决策: select | 选笑话编号: 2
    评估模型: deepseek-v3.2
    [deepseek-v3.2] 决策: select | 选笑话编号: 4
    评估模型: kimi-k2.5
    [kimi-k2.5] 决策: create | 选笑话编号: None

  质量组: medium (4个候选笑话)
    评估模型: qwen3-max
    [qwen3-max] 决策: select | 选笑话编号: 4
    评估模型: deepseek-v3.2
    [deepseek-v3.2] 决策: select | 选笑话编号: 1
    评估模型: kimi-k2.5
    [kimi-k2.5] 决策: create | 选笑话编号: None

  质量组: low (4个候选笑话)
    评估模型: qwen3-max
    [qwen3-max] 决策: create | 选笑话编号: None
    评估模型: deepseek-v3.2
    [deepseek-v3.2] 决策: create | 选笑话编号: None
    评估模型: kimi-k2.5
    [kimi-k2.5] 决策: create | 选笑话编号: None

  Item完成: 耗时67.3s | 总耗时578.7min
  速率限制器状态: 可用令牌=48.0/48
  已保存中间结果 (603 条)

============================================================
处理 zh_0704... (604/1174)

  质量组: high (4个候选笑话)
    评估模型: qwen3-max
    [qwen3-max] 决策: select | 选笑话编号: 2
    评估模型: deepseek-v3.2
    [deepseek-v3.2] 决策: select | 选笑话编号: 2
    评估模型: kimi-k2.5
    [kimi-k2.5] 决策: create | 选笑话编号: None

  质量组: medium (4个候选笑话)
    评估模型: qwen3-max
    [qwen3-max] 决策: select | 选笑话编号: 1
    评估模型: deepseek-v3.2
    [deepseek-v3.2] 决策: select | 选笑话编号: 4
    评估模型: kimi-k2.5
    [kimi-k2.5] 决策: create | 选笑话编号: None

  质量组: low (4个候选笑话)
    评估模型: qwen3-max
    [qwen3-max] 决策: create | 选笑话编号: None
    评估模型: deepseek-v3.2
    [deepseek-v3.2] 决策: create | 选笑话编号: None
    评估模型: kimi-k2.5
    [kimi-k2.5] 决策: create | 选笑话编号: None

  Item完成: 耗时67.1s | 总耗时579.9min
  速率限制器状态: 可用令牌=48.0/48
  已保存中间结果 (604 条)

============================================================
处理 zh_0705... (605/1174)

  质量组: high (4个候选笑话)
    评估模型: qwen3-max
    [qwen3-max] 决策: select | 选笑话编号: 2
    评估模型: deepseek-v3.2
    [deepseek-v3.2] 决策: select | 选笑话编号: 2
    评估模型: kimi-k2.5
    [kimi-k2.5] 决策: create | 选笑话编号: None

  质量组: medium (4个候选笑话)
    评估模型: qwen3-max
    [qwen3-max] 决策: select | 选笑话编号: 2
    评估模型: deepseek-v3.2
    [deepseek-v3.2] 决策: select | 选笑话编号: 2
    评估模型: kimi-k2.5
    [kimi-k2.5] 决策: create | 选笑话编号: None

  质量组: low (4个候选笑话)
    评估模型: qwen3-max
    [qwen3-max] 决策: select | 选笑话编号: 1
    评估模型: deepseek-v3.2
    [deepseek-v3.2] 决策: select | 选笑话编号: 2
    评估模型: kimi-k2.5
    [API] JSON解析失败: JSON解析失败: Expecting ',' delimiter: line 4 column 102 (char 159), model=kimi-k2.5
    [kimi-k2.5] 决策:  | 选笑话编号: ?

  Item完成: 耗时56.0s | 总耗时580.8min
  速率限制器状态: 可用令牌=48.0/48
  已保存中间结果 (605 条)

============================================================
处理 zh_0706... (606/1174)

  质量组: high (4个候选笑话)
    评估模型: qwen3-max
    [qwen3-max] 决策: select | 选笑话编号: 2
    评估模型: deepseek-v3.2
    [deepseek-v3.2] 决策: select | 选笑话编号: 2
    评估模型: kimi-k2.5
    [API] JSON解析失败: JSON解析失败: Expecting ',' delimiter: line 5 column 52 (char 225), model=kimi-k2.5
    [kimi-k2.5] 决策:  | 选笑话编号: ?

  质量组: medium (4个候选笑话)
    评估模型: qwen3-max
    [qwen3-max] 决策: select | 选笑话编号: 2
    评估模型: deepseek-v3.2
    [deepseek-v3.2] 决策: select | 选笑话编号: 2
    评估模型: kimi-k2.5
    [API] JSON解析失败: JSON解析失败: Expecting ',' delimiter: line 4 column 37 (char 94), model=kimi-k2.5
    [kimi-k2.5] 决策:  | 选笑话编号: ?

  质量组: low (4个候选笑话)
    评估模型: qwen3-max
    [qwen3-max] 决策: select | 选笑话编号: 4
    评估模型: deepseek-v3.2
    [deepseek-v3.2] 决策: create | 选笑话编号: None
    评估模型: kimi-k2.5
    [API] JSON解析失败: JSON解析失败: Expecting ',' delimiter: line 4 column 88 (char 145), model=kimi-k2.5
    [kimi-k2.5] 决策:  | 选笑话编号: ?

  Item完成: 耗时65.6s | 总耗时581.9min
  速率限制器状态: 可用令牌=48.0/48
  已保存中间结果 (606 条)

============================================================
处理 zh_0707... (607/1174)

  质量组: high (4个候选笑话)
    评估模型: qwen3-max
    [qwen3-max] 决策: select | 选笑话编号: 2
    评估模型: deepseek-v3.2
    [deepseek-v3.2] 决策: select | 选笑话编号: 2
    评估模型: kimi-k2.5
    [kimi-k2.5] 决策: create | 选笑话编号: None

  质量组: medium (4个候选笑话)
    评估模型: qwen3-max
    [qwen3-max] 决策: select | 选笑话编号: 1
    评估模型: deepseek-v3.2
    [API] JSON解析失败: JSON解析失败: Invalid control character at: line 5 column 142 (char 293), model=deepseek-v3.2
    [deepseek-v3.2] 决策:  | 选笑话编号: ?
    评估模型: kimi-k2.5
    [kimi-k2.5] 决策: create | 选笑话编号: None

  质量组: low (4个候选笑话)
    评估模型: qwen3-max
    [qwen3-max] 决策: select | 选笑话编号: 1
    评估模型: deepseek-v3.2
    [deepseek-v3.2] 决策: select | 选笑话编号: 1
    评估模型: kimi-k2.5
    [kimi-k2.5] 决策: create | 选笑话编号: None

  Item完成: 耗时52.8s | 总耗时582.8min
  速率限制器状态: 可用令牌=48.0/48
  已保存中间结果 (607 条)

============================================================
处理 zh_0708... (608/1174)

  质量组: high (4个候选笑话)
    评估模型: qwen3-max
    [qwen3-max] 决策: select | 选笑话编号: 2
    评估模型: deepseek-v3.2
    [deepseek-v3.2] 决策: select | 选笑话编号: 2
    评估模型: kimi-k2.5
    [kimi-k2.5] 决策: create | 选笑话编号: None

  质量组: medium (4个候选笑话)
    评估模型: qwen3-max
    [qwen3-max] 决策: select | 选笑话编号: 2
    评估模型: deepseek-v3.2
    [deepseek-v3.2] 决策: select | 选笑话编号: 2
    评估模型: kimi-k2.5
    [kimi-k2.5] 决策: create | 选笑话编号: None

  质量组: low (4个候选笑话)
    评估模型: qwen3-max
    [qwen3-max] 决策: select | 选笑话编号: 4
    评估模型: deepseek-v3.2
    [deepseek-v3.2] 决策: select | 选笑话编号: 4
    评估模型: kimi-k2.5
    [kimi-k2.5] 决策: create | 选笑话编号: None

  Item完成: 耗时52.6s | 总耗时583.7min
  速率限制器状态: 可用令牌=48.0/48
  已保存中间结果 (608 条)

============================================================
处理 zh_0709... (609/1174)

  质量组: high (4个候选笑话)
    评估模型: qwen3-max
    [qwen3-max] 决策: select | 选笑话编号: 2
    评估模型: deepseek-v3.2
    [deepseek-v3.2] 决策: select | 选笑话编号: 2
    评估模型: kimi-k2.5
    [kimi-k2.5] 决策: create | 选笑话编号: None

  质量组: medium (4个候选笑话)
    评估模型: qwen3-max
    [qwen3-max] 决策: select | 选笑话编号: 2
    评估模型: deepseek-v3.2
    [deepseek-v3.2] 决策: select | 选笑话编号: 4
    评估模型: kimi-k2.5
    [kimi-k2.5] 决策: create | 选笑话编号: None

  质量组: low (4个候选笑话)
    评估模型: qwen3-max
    [qwen3-max] 决策: select | 选笑话编号: 1
    评估模型: deepseek-v3.2
    [deepseek-v3.2] 决策: select | 选笑话编号: 1
    评估模型: kimi-k2.5
    [API] JSON解析失败: JSON解析失败: Expecting ',' delimiter: line 5 column 24 (char 205), model=kimi-k2.5
    [kimi-k2.5] 决策:  | 选笑话编号: ?

  Item完成: 耗时50.2s | 总耗时584.5min
  速率限制器状态: 可用令牌=48.0/48
  已保存中间结果 (609 条)

============================================================
处理 zh_0710... (610/1174)

  质量组: high (4个候选笑话)
    评估模型: qwen3-max
    [qwen3-max] 决策: create | 选笑话编号: None
    评估模型: deepseek-v3.2
    [deepseek-v3.2] 决策: select | 选笑话编号: 4
    评估模型: kimi-k2.5
    [kimi-k2.5] 决策: create | 选笑话编号: None

  质量组: medium (4个候选笑话)
    评估模型: qwen3-max
    [qwen3-max] 决策: create | 选笑话编号: None
    评估模型: deepseek-v3.2
    [deepseek-v3.2] 决策: create | 选笑话编号: None
    评估模型: kimi-k2.5
    [kimi-k2.5] 决策: create | 选笑话编号: None

  质量组: low (4个候选笑话)
    评估模型: qwen3-max
    [qwen3-max] 决策: create | 选笑话编号: None
    评估模型: deepseek-v3.2
    [deepseek-v3.2] 决策: create | 选笑话编号: None
    评估模型: kimi-k2.5
    [kimi-k2.5] 决策: create | 选笑话编号: None

  Item完成: 耗时52.1s | 总耗时585.4min
  速率限制器状态: 可用令牌=48.0/48
  已保存中间结果 (610 条)

============================================================
处理 zh_0711... (611/1174)

  质量组: high (4个候选笑话)
    评估模型: qwen3-max
    [qwen3-max] 决策: select | 选笑话编号: 2
    评估模型: deepseek-v3.2
    [deepseek-v3.2] 决策: select | 选笑话编号: 4
    评估模型: kimi-k2.5
    [kimi-k2.5] 决策: select | 选笑话编号: 2

  质量组: medium (4个候选笑话)
    评估模型: qwen3-max
    [qwen3-max] 决策: select | 选笑话编号: 2
    评估模型: deepseek-v3.2
    [deepseek-v3.2] 决策: select | 选笑话编号: 4
    评估模型: kimi-k2.5
    [kimi-k2.5] 决策: create | 选笑话编号: None

  质量组: low (4个候选笑话)
    评估模型: qwen3-max
    [qwen3-max] 决策: create | 选笑话编号: None
    评估模型: deepseek-v3.2
    [deepseek-v3.2] 决策: select | 选笑话编号: 2
    评估模型: kimi-k2.5
    [kimi-k2.5] 决策: create | 选笑话编号: None

  Item完成: 耗时58.4s | 总耗时586.4min
  速率限制器状态: 可用令牌=48.0/48
  已保存中间结果 (611 条)

============================================================
处理 zh_0712... (612/1174)

  质量组: high (4个候选笑话)
    评估模型: qwen3-max
    [qwen3-max] 决策: select | 选笑话编号: 2
    评估模型: deepseek-v3.2
    [deepseek-v3.2] 决策: select | 选笑话编号: 2
    评估模型: kimi-k2.5
    [kimi-k2.5] 决策: create | 选笑话编号: None

  质量组: medium (4个候选笑话)
    评估模型: qwen3-max
    [qwen3-max] 决策: select | 选笑话编号: 1
    评估模型: deepseek-v3.2
    [deepseek-v3.2] 决策: select | 选笑话编号: 4
    评估模型: kimi-k2.5
    [kimi-k2.5] 决策: create | 选笑话编号: None

  质量组: low (4个候选笑话)
    评估模型: qwen3-max
    [qwen3-max] 决策: create | 选笑话编号: None
    评估模型: deepseek-v3.2
    [deepseek-v3.2] 决策: create | 选笑话编号: None
    评估模型: kimi-k2.5
    [kimi-k2.5] 决策: create | 选笑话编号: None

  Item完成: 耗时60.8s | 总耗时587.4min
  速率限制器状态: 可用令牌=48.0/48
  已保存中间结果 (612 条)

============================================================
处理 zh_0713... (613/1174)

  质量组: high (4个候选笑话)
    评估模型: qwen3-max
    [qwen3-max] 决策: select | 选笑话编号: 2
    评估模型: deepseek-v3.2
    [deepseek-v3.2] 决策: select | 选笑话编号: 2
    评估模型: kimi-k2.5
    [API] JSON解析失败: JSON解析失败: Expecting ',' delimiter: line 4 column 31 (char 88), model=kimi-k2.5
    [kimi-k2.5] 决策:  | 选笑话编号: ?

  质量组: medium (4个候选笑话)
    评估模型: qwen3-max
    [qwen3-max] 决策: select | 选笑话编号: 4
    评估模型: deepseek-v3.2
    [deepseek-v3.2] 决策: select | 选笑话编号: 4
    评估模型: kimi-k2.5
    [kimi-k2.5] 决策: select | 选笑话编号: 4

  质量组: low (4个候选笑话)
    评估模型: qwen3-max
    [qwen3-max] 决策: create | 选笑话编号: None
    评估模型: deepseek-v3.2
    [deepseek-v3.2] 决策: select | 选笑话编号: 1
    评估模型: kimi-k2.5
    [kimi-k2.5] 决策: create | 选笑话编号: None

  Item完成: 耗时59.4s | 总耗时588.4min
  速率限制器状态: 可用令牌=48.0/48
  已保存中间结果 (613 条)

============================================================
处理 zh_0714... (614/1174)

  质量组: high (4个候选笑话)
    评估模型: qwen3-max
    [qwen3-max] 决策: select | 选笑话编号: 1
    评估模型: deepseek-v3.2
    [deepseek-v3.2] 决策: select | 选笑话编号: 1
    评估模型: kimi-k2.5
    [kimi-k2.5] 决策: create | 选笑话编号: None

  质量组: medium (4个候选笑话)
    评估模型: qwen3-max
    [qwen3-max] 决策: select | 选笑话编号: 1
    评估模型: deepseek-v3.2
    [deepseek-v3.2] 决策: select | 选笑话编号: 1
    评估模型: kimi-k2.5
    [kimi-k2.5] 决策: create | 选笑话编号: None

  质量组: low (4个候选笑话)
    评估模型: qwen3-max
    [qwen3-max] 决策: create | 选笑话编号: None
    评估模型: deepseek-v3.2
    [deepseek-v3.2] 决策: create | 选笑话编号: None
    评估模型: kimi-k2.5
    [kimi-k2.5] 决策: create | 选笑话编号: None

  Item完成: 耗时63.9s | 总耗时589.4min
  速率限制器状态: 可用令牌=48.0/48
  已保存中间结果 (614 条)

============================================================
处理 zh_0715... (615/1174)

  质量组: high (4个候选笑话)
    评估模型: qwen3-max
    [qwen3-max] 决策: select | 选笑话编号: 2
    评估模型: deepseek-v3.2
    [deepseek-v3.2] 决策: select | 选笑话编号: 2
    评估模型: kimi-k2.5
    [kimi-k2.5] 决策: select | 选笑话编号: 2

  质量组: medium (4个候选笑话)
    评估模型: qwen3-max
    [qwen3-max] 决策: select | 选笑话编号: 4
    评估模型: deepseek-v3.2
    [deepseek-v3.2] 决策: select | 选笑话编号: 1
    评估模型: kimi-k2.5
    [kimi-k2.5] 决策: create | 选笑话编号: None

  质量组: low (4个候选笑话)
    评估模型: qwen3-max
    [qwen3-max] 决策: create | 选笑话编号: None
    评估模型: deepseek-v3.2
    [deepseek-v3.2] 决策: create | 选笑话编号: None
    评估模型: kimi-k2.5
    [kimi-k2.5] 决策: create | 选笑话编号: None

  Item完成: 耗时58.4s | 总耗时590.4min
  速率限制器状态: 可用令牌=48.0/48
  已保存中间结果 (615 条)

============================================================
处理 zh_0716... (616/1174)

  质量组: high (4个候选笑话)
    评估模型: qwen3-max
    [qwen3-max] 决策: select | 选笑话编号: 3
    评估模型: deepseek-v3.2
    [deepseek-v3.2] 决策: select | 选笑话编号: 4
    评估模型: kimi-k2.5
    [kimi-k2.5] 决策: create | 选笑话编号: None

  质量组: medium (4个候选笑话)
    评估模型: qwen3-max
    [qwen3-max] 决策: select | 选笑话编号: 1
    评估模型: deepseek-v3.2
    [deepseek-v3.2] 决策: select | 选笑话编号: 4
    评估模型: kimi-k2.5
    [API] JSON解析失败: JSON解析失败: Expecting ',' delimiter: line 4 column 33 (char 90), model=kimi-k2.5
    [kimi-k2.5] 决策:  | 选笑话编号: ?

  质量组: low (4个候选笑话)
    评估模型: qwen3-max
    [qwen3-max] 决策: select | 选笑话编号: 3
    评估模型: deepseek-v3.2
    [deepseek-v3.2] 决策: select | 选笑话编号: 2
    评估模型: kimi-k2.5
    [kimi-k2.5] 决策: create | 选笑话编号: None

  Item完成: 耗时48.9s | 总耗时591.2min
  速率限制器状态: 可用令牌=48.0/48
  已保存中间结果 (616 条)

============================================================
处理 zh_0717... (617/1174)

  质量组: high (4个候选笑话)
    评估模型: qwen3-max
    [qwen3-max] 决策: select | 选笑话编号: 1
    评估模型: deepseek-v3.2
    [deepseek-v3.2] 决策: select | 选笑话编号: 1
    评估模型: kimi-k2.5
    [kimi-k2.5] 决策: create | 选笑话编号: None

  质量组: medium (4个候选笑话)
    评估模型: qwen3-max
    [qwen3-max] 决策: select | 选笑话编号: 2
    评估模型: deepseek-v3.2
    [deepseek-v3.2] 决策: select | 选笑话编号: 1
    评估模型: kimi-k2.5
    [kimi-k2.5] 决策: create | 选笑话编号: None

  质量组: low (4个候选笑话)
    评估模型: qwen3-max
    [qwen3-max] 决策: create | 选笑话编号: None
    评估模型: deepseek-v3.2
    [deepseek-v3.2] 决策: select | 选笑话编号: 2
    评估模型: kimi-k2.5
    [kimi-k2.5] 决策: create | 选笑话编号: None

  Item完成: 耗时54.9s | 总耗时592.2min
  速率限制器状态: 可用令牌=48.0/48
  已保存中间结果 (617 条)

============================================================
处理 zh_0718... (618/1174)

  质量组: high (4个候选笑话)
    评估模型: qwen3-max
    [qwen3-max] 决策: select | 选笑话编号: 2
    评估模型: deepseek-v3.2
    [deepseek-v3.2] 决策: select | 选笑话编号: 2
    评估模型: kimi-k2.5
    [kimi-k2.5] 决策: create | 选笑话编号: None

  质量组: medium (4个候选笑话)
    评估模型: qwen3-max
    [qwen3-max] 决策: select | 选笑话编号: 1
    评估模型: deepseek-v3.2
    [deepseek-v3.2] 决策: select | 选笑话编号: 4
    评估模型: kimi-k2.5
    [kimi-k2.5] 决策: select | 选笑话编号: 1

  质量组: low (4个候选笑话)
    评估模型: qwen3-max
    [qwen3-max] 决策: create | 选笑话编号: None
    评估模型: deepseek-v3.2
    [deepseek-v3.2] 决策: create | 选笑话编号: None
    评估模型: kimi-k2.5
    [kimi-k2.5] 决策: create | 选笑话编号: None

  Item完成: 耗时50.4s | 总耗时593.0min
  速率限制器状态: 可用令牌=48.0/48
  已保存中间结果 (618 条)

============================================================
处理 zh_0719... (619/1174)

  质量组: high (4个候选笑话)
    评估模型: qwen3-max
    [qwen3-max] 决策: select | 选笑话编号: 2
    评估模型: deepseek-v3.2
    [deepseek-v3.2] 决策: select | 选笑话编号: 2
    评估模型: kimi-k2.5
    [kimi-k2.5] 决策: create | 选笑话编号: None

  质量组: medium (4个候选笑话)
    评估模型: qwen3-max
    [qwen3-max] 决策: select | 选笑话编号: 4
    评估模型: deepseek-v3.2
    [deepseek-v3.2] 决策: select | 选笑话编号: 4
    评估模型: kimi-k2.5
    [kimi-k2.5] 决策: create | 选笑话编号: None

  质量组: low (4个候选笑话)
    评估模型: qwen3-max
    [qwen3-max] 决策: select | 选笑话编号: 1
    评估模型: deepseek-v3.2
    [deepseek-v3.2] 决策: create | 选笑话编号: None
    评估模型: kimi-k2.5
    [kimi-k2.5] 决策: create | 选笑话编号: None

  Item完成: 耗时59.5s | 总耗时594.0min
  速率限制器状态: 可用令牌=48.0/48
  已保存中间结果 (619 条)

============================================================
处理 zh_0720... (620/1174)

  质量组: high (4个候选笑话)
    评估模型: qwen3-max
    [qwen3-max] 决策: select | 选笑话编号: 2
    评估模型: deepseek-v3.2
    [deepseek-v3.2] 决策: select | 选笑话编号: 1
    评估模型: kimi-k2.5
    [kimi-k2.5] 决策: create | 选笑话编号: None

  质量组: medium (4个候选笑话)
    评估模型: qwen3-max
    [qwen3-max] 决策: select | 选笑话编号: 4
    评估模型: deepseek-v3.2
    [deepseek-v3.2] 决策: select | 选笑话编号: 1
    评估模型: kimi-k2.5
    [kimi-k2.5] 决策: create | 选笑话编号: None

  质量组: low (4个候选笑话)
    评估模型: qwen3-max
    [qwen3-max] 决策: create | 选笑话编号: None
    评估模型: deepseek-v3.2
    [deepseek-v3.2] 决策: create | 选笑话编号: None
    评估模型: kimi-k2.5
    [kimi-k2.5] 决策: create | 选笑话编号: None

  Item完成: 耗时59.4s | 总耗时595.0min
  速率限制器状态: 可用令牌=48.0/48
  已保存中间结果 (620 条)

============================================================
处理 zh_0721... (621/1174)

  质量组: high (4个候选笑话)
    评估模型: qwen3-max
    [qwen3-max] 决策: select | 选笑话编号: 2
    评估模型: deepseek-v3.2
    [deepseek-v3.2] 决策: select | 选笑话编号: 4
    评估模型: kimi-k2.5
    [kimi-k2.5] 决策: create | 选笑话编号: None

  质量组: medium (4个候选笑话)
    评估模型: qwen3-max
    [qwen3-max] 决策: select | 选笑话编号: 2
    评估模型: deepseek-v3.2
    [deepseek-v3.2] 决策: select | 选笑话编号: 1
    评估模型: kimi-k2.5
    [kimi-k2.5] 决策: create | 选笑话编号: None

  质量组: low (4个候选笑话)
    评估模型: qwen3-max
    [qwen3-max] 决策: create | 选笑话编号: None
    评估模型: deepseek-v3.2
    [deepseek-v3.2] 决策: select | 选笑话编号: 1
    评估模型: kimi-k2.5
    [kimi-k2.5] 决策: create | 选笑话编号: None

  Item完成: 耗时52.8s | 总耗时595.9min
  速率限制器状态: 可用令牌=48.0/48
  已保存中间结果 (621 条)

============================================================
处理 zh_0722... (622/1174)

  质量组: high (4个候选笑话)
    评估模型: qwen3-max
    [qwen3-max] 决策: select | 选笑话编号: 2
    评估模型: deepseek-v3.2
    [deepseek-v3.2] 决策: select | 选笑话编号: 2
    评估模型: kimi-k2.5
    [kimi-k2.5] 决策: create | 选笑话编号: None

  质量组: medium (4个候选笑话)
    评估模型: qwen3-max
    [qwen3-max] 决策: select | 选笑话编号: 2
    评估模型: deepseek-v3.2
    [deepseek-v3.2] 决策: select | 选笑话编号: 2
    评估模型: kimi-k2.5
    [kimi-k2.5] 决策: create | 选笑话编号: None

  质量组: low (4个候选笑话)
    评估模型: qwen3-max
    [qwen3-max] 决策: create | 选笑话编号: None
    评估模型: deepseek-v3.2
    [deepseek-v3.2] 决策: create | 选笑话编号: None
    评估模型: kimi-k2.5
    [kimi-k2.5] 决策: create | 选笑话编号: None

  Item完成: 耗时47.0s | 总耗时596.7min
  速率限制器状态: 可用令牌=48.0/48
  已保存中间结果 (622 条)

============================================================
处理 zh_0723... (623/1174)

  质量组: high (4个候选笑话)
    评估模型: qwen3-max
    [qwen3-max] 决策: select | 选笑话编号: 2
    评估模型: deepseek-v3.2
    [deepseek-v3.2] 决策: select | 选笑话编号: 2
    评估模型: kimi-k2.5
    [kimi-k2.5] 决策: select | 选笑话编号: 2

  质量组: medium (4个候选笑话)
    评估模型: qwen3-max
    [qwen3-max] 决策: select | 选笑话编号: 2
    评估模型: deepseek-v3.2
    [deepseek-v3.2] 决策: select | 选笑话编号: 2
    评估模型: kimi-k2.5
    [kimi-k2.5] 决策: create | 选笑话编号: None

  质量组: low (4个候选笑话)
    评估模型: qwen3-max
    [qwen3-max] 决策: create | 选笑话编号: None
    评估模型: deepseek-v3.2
    [deepseek-v3.2] 决策: select | 选笑话编号: 4
    评估模型: kimi-k2.5
    [kimi-k2.5] 决策: create | 选笑话编号: None

  Item完成: 耗时54.1s | 总耗时597.6min
  速率限制器状态: 可用令牌=48.0/48
  已保存中间结果 (623 条)

============================================================
处理 zh_0724... (624/1174)

  质量组: high (4个候选笑话)
    评估模型: qwen3-max
    [qwen3-max] 决策: select | 选笑话编号: 2
    评估模型: deepseek-v3.2
    [deepseek-v3.2] 决策: select | 选笑话编号: 2
    评估模型: kimi-k2.5
    [kimi-k2.5] 决策: select | 选笑话编号: 2

  质量组: medium (4个候选笑话)
    评估模型: qwen3-max
    [qwen3-max] 决策: select | 选笑话编号: 1
    评估模型: deepseek-v3.2
    [deepseek-v3.2] 决策: select | 选笑话编号: 1
    评估模型: kimi-k2.5
    [kimi-k2.5] 决策: create | 选笑话编号: None

  质量组: low (4个候选笑话)
    评估模型: qwen3-max
    [qwen3-max] 决策: create | 选笑话编号: None
    评估模型: deepseek-v3.2
    [deepseek-v3.2] 决策: create | 选笑话编号: None
    评估模型: kimi-k2.5
    [kimi-k2.5] 决策: create | 选笑话编号: None

  Item完成: 耗时66.3s | 总耗时598.7min
  速率限制器状态: 可用令牌=48.0/48
  已保存中间结果 (624 条)

============================================================
处理 zh_0725... (625/1174)

  质量组: high (4个候选笑话)
    评估模型: qwen3-max
    [qwen3-max] 决策: select | 选笑话编号: 2
    评估模型: deepseek-v3.2
    [deepseek-v3.2] 决策: select | 选笑话编号: 1
    评估模型: kimi-k2.5
    [kimi-k2.5] 决策: select | 选笑话编号: 1

  质量组: medium (4个候选笑话)
    评估模型: qwen3-max
    [qwen3-max] 决策: select | 选笑话编号: 3
    评估模型: deepseek-v3.2
    [deepseek-v3.2] 决策: select | 选笑话编号: 3
    评估模型: kimi-k2.5
    [kimi-k2.5] 决策: create | 选笑话编号: None

  质量组: low (4个候选笑话)
    评估模型: qwen3-max
    [qwen3-max] 决策: create | 选笑话编号: None
    评估模型: deepseek-v3.2
    [deepseek-v3.2] 决策: select | 选笑话编号: 1
    评估模型: kimi-k2.5
    [kimi-k2.5] 决策: create | 选笑话编号: None

  Item完成: 耗时58.5s | 总耗时599.7min
  速率限制器状态: 可用令牌=48.0/48
  已保存中间结果 (625 条)

============================================================
处理 zh_0726... (626/1174)

  质量组: high (4个候选笑话)
    评估模型: qwen3-max
    [qwen3-max] 决策: select | 选笑话编号: 2
    评估模型: deepseek-v3.2
    [deepseek-v3.2] 决策: select | 选笑话编号: 2
    评估模型: kimi-k2.5
    [kimi-k2.5] 决策: create | 选笑话编号: None

  质量组: medium (4个候选笑话)
    评估模型: qwen3-max
    [qwen3-max] 决策: select | 选笑话编号: 2
    评估模型: deepseek-v3.2
    [deepseek-v3.2] 决策: select | 选笑话编号: 2
    评估模型: kimi-k2.5
    [kimi-k2.5] 决策: select | 选笑话编号: 2

  质量组: low (4个候选笑话)
    评估模型: qwen3-max
    [qwen3-max] 决策: select | 选笑话编号: 1
    评估模型: deepseek-v3.2
    [deepseek-v3.2] 决策: select | 选笑话编号: 3
    评估模型: kimi-k2.5
    [kimi-k2.5] 决策: create | 选笑话编号: None

  Item完成: 耗时68.2s | 总耗时600.8min
  速率限制器状态: 可用令牌=48.0/48
  已保存中间结果 (626 条)

============================================================
处理 zh_0727... (627/1174)

  质量组: high (4个候选笑话)
    评估模型: qwen3-max
    [qwen3-max] 决策: select | 选笑话编号: 2
    评估模型: deepseek-v3.2
    [deepseek-v3.2] 决策: select | 选笑话编号: 4
    评估模型: kimi-k2.5
    [kimi-k2.5] 决策: select | 选笑话编号: 2

  质量组: medium (4个候选笑话)
    评估模型: qwen3-max
    [qwen3-max] 决策: select | 选笑话编号: 1
    评估模型: deepseek-v3.2
    [deepseek-v3.2] 决策: select | 选笑话编号: 4
    评估模型: kimi-k2.5
    [kimi-k2.5] 决策: create | 选笑话编号: None

  质量组: low (4个候选笑话)
    评估模型: qwen3-max
    [qwen3-max] 决策: create | 选笑话编号: None
    评估模型: deepseek-v3.2
    [deepseek-v3.2] 决策: select | 选笑话编号: 1
    评估模型: kimi-k2.5
    [kimi-k2.5] 决策: create | 选笑话编号: None

  Item完成: 耗时55.2s | 总耗时601.7min
  速率限制器状态: 可用令牌=48.0/48
  已保存中间结果 (627 条)

============================================================
处理 zh_0728... (628/1174)

  质量组: high (4个候选笑话)
    评估模型: qwen3-max
    [qwen3-max] 决策: select | 选笑话编号: 2
    评估模型: deepseek-v3.2
    [deepseek-v3.2] 决策: select | 选笑话编号: 2
    评估模型: kimi-k2.5
    [kimi-k2.5] 决策: create | 选笑话编号: None

  质量组: medium (4个候选笑话)
    评估模型: qwen3-max
    [qwen3-max] 决策: select | 选笑话编号: 4
    评估模型: deepseek-v3.2
    [deepseek-v3.2] 决策: select | 选笑话编号: 4
    评估模型: kimi-k2.5
    [kimi-k2.5] 决策: create | 选笑话编号: None

  质量组: low (4个候选笑话)
    评估模型: qwen3-max
    [qwen3-max] 决策: create | 选笑话编号: None
    评估模型: deepseek-v3.2
    [deepseek-v3.2] 决策: create | 选笑话编号: None
    评估模型: kimi-k2.5
    [API] JSON解析失败: JSON解析失败: Expecting ',' delimiter: line 4 column 78 (char 135), model=kimi-k2.5
    [kimi-k2.5] 决策:  | 选笑话编号: ?

  Item完成: 耗时54.7s | 总耗时602.6min
  速率限制器状态: 可用令牌=48.0/48
  已保存中间结果 (628 条)

============================================================
处理 zh_0729... (629/1174)

  质量组: high (4个候选笑话)
    评估模型: qwen3-max
    [qwen3-max] 决策: select | 选笑话编号: 2
    评估模型: deepseek-v3.2
    [deepseek-v3.2] 决策: select | 选笑话编号: 2
    评估模型: kimi-k2.5
    [kimi-k2.5] 决策: create | 选笑话编号: None

  质量组: medium (4个候选笑话)
    评估模型: qwen3-max
    [qwen3-max] 决策: select | 选笑话编号: 2
    评估模型: deepseek-v3.2
    [deepseek-v3.2] 决策: select | 选笑话编号: 1
    评估模型: kimi-k2.5
    [kimi-k2.5] 决策: create | 选笑话编号: None

  质量组: low (4个候选笑话)
    评估模型: qwen3-max
    [qwen3-max] 决策: select | 选笑话编号: 4
    评估模型: deepseek-v3.2
    [deepseek-v3.2] 决策: create | 选笑话编号: None
    评估模型: kimi-k2.5
    [kimi-k2.5] 决策: create | 选笑话编号: None

  Item完成: 耗时62.7s | 总耗时603.7min
  速率限制器状态: 可用令牌=48.0/48
  已保存中间结果 (629 条)

============================================================
处理 zh_0730... (630/1174)

  质量组: high (4个候选笑话)
    评估模型: qwen3-max
    [qwen3-max] 决策: select | 选笑话编号: 3
    评估模型: deepseek-v3.2
    [deepseek-v3.2] 决策: select | 选笑话编号: 3
    评估模型: kimi-k2.5
    [kimi-k2.5] 决策: create | 选笑话编号: None

  质量组: medium (4个候选笑话)
    评估模型: qwen3-max
    [qwen3-max] 决策: select | 选笑话编号: 1
    评估模型: deepseek-v3.2
    [deepseek-v3.2] 决策: select | 选笑话编号: 4
    评估模型: kimi-k2.5
    [API] JSON解析失败: JSON解析失败: Expecting ',' delimiter: line 4 column 35 (char 92), model=kimi-k2.5
    [kimi-k2.5] 决策:  | 选笑话编号: ?

  质量组: low (4个候选笑话)
    评估模型: qwen3-max
    [qwen3-max] 决策: create | 选笑话编号: None
    评估模型: deepseek-v3.2
    [deepseek-v3.2] 决策: create | 选笑话编号: None
    评估模型: kimi-k2.5
    [kimi-k2.5] 决策: create | 选笑话编号: None

  Item完成: 耗时47.5s | 总耗时604.5min
  速率限制器状态: 可用令牌=48.0/48
  已保存中间结果 (630 条)

============================================================
处理 zh_0731... (631/1174)

  质量组: high (4个候选笑话)
    评估模型: qwen3-max
    [qwen3-max] 决策: select | 选笑话编号: 2
    评估模型: deepseek-v3.2
    [deepseek-v3.2] 决策: select | 选笑话编号: 4
    评估模型: kimi-k2.5
    [kimi-k2.5] 决策: create | 选笑话编号: None

  质量组: medium (4个候选笑话)
    评估模型: qwen3-max
    [qwen3-max] 决策: select | 选笑话编号: 1
    评估模型: deepseek-v3.2
    [deepseek-v3.2] 决策: select | 选笑话编号: 3
    评估模型: kimi-k2.5
    [kimi-k2.5] 决策: create | 选笑话编号: None

  质量组: low (4个候选笑话)
    评估模型: qwen3-max
    [qwen3-max] 决策: create | 选笑话编号: None
    评估模型: deepseek-v3.2
    [deepseek-v3.2] 决策: select | 选笑话编号: 4
    评估模型: kimi-k2.5
    [kimi-k2.5] 决策: create | 选笑话编号: None

  Item完成: 耗时59.4s | 总耗时605.5min
  速率限制器状态: 可用令牌=48.0/48
  已保存中间结果 (631 条)

============================================================
处理 zh_0732... (632/1174)

  质量组: high (4个候选笑话)
    评估模型: qwen3-max
    [qwen3-max] 决策: select | 选笑话编号: 2
    评估模型: deepseek-v3.2
    [deepseek-v3.2] 决策: select | 选笑话编号: 2
    评估模型: kimi-k2.5
    [kimi-k2.5] 决策: create | 选笑话编号: None

  质量组: medium (4个候选笑话)
    评估模型: qwen3-max
    [qwen3-max] 决策: select | 选笑话编号: 1
    评估模型: deepseek-v3.2
    [deepseek-v3.2] 决策: select | 选笑话编号: 1
    评估模型: kimi-k2.5
    [kimi-k2.5] 决策: create | 选笑话编号: None

  质量组: low (4个候选笑话)
    评估模型: qwen3-max
    [qwen3-max] 决策: select | 选笑话编号: 1
    评估模型: deepseek-v3.2
    [deepseek-v3.2] 决策: create | 选笑话编号: None
    评估模型: kimi-k2.5
    [kimi-k2.5] 决策: create | 选笑话编号: None

  Item完成: 耗时60.6s | 总耗时606.5min
  速率限制器状态: 可用令牌=48.0/48
  已保存中间结果 (632 条)

============================================================
处理 zh_0733... (633/1174)

  质量组: high (4个候选笑话)
    评估模型: qwen3-max
    [qwen3-max] 决策: select | 选笑话编号: 2
    评估模型: deepseek-v3.2
    [deepseek-v3.2] 决策: select | 选笑话编号: 2
    评估模型: kimi-k2.5
    [kimi-k2.5] 决策: create | 选笑话编号: None

  质量组: medium (4个候选笑话)
    评估模型: qwen3-max
    [qwen3-max] 决策: select | 选笑话编号: 1
    评估模型: deepseek-v3.2
    [deepseek-v3.2] 决策: select | 选笑话编号: 1
    评估模型: kimi-k2.5
    [kimi-k2.5] 决策: create | 选笑话编号: None

  质量组: low (4个候选笑话)
    评估模型: qwen3-max
    [qwen3-max] 决策: create | 选笑话编号: None
    评估模型: deepseek-v3.2
    [deepseek-v3.2] 决策: select | 选笑话编号: 1
    评估模型: kimi-k2.5
    [kimi-k2.5] 决策: create | 选笑话编号: None

  Item完成: 耗时57.2s | 总耗时607.5min
  速率限制器状态: 可用令牌=48.0/48
  已保存中间结果 (633 条)

============================================================
处理 zh_0734... (634/1174)

  质量组: high (4个候选笑话)
    评估模型: qwen3-max
    [qwen3-max] 决策: create | 选笑话编号: None
    评估模型: deepseek-v3.2
    [deepseek-v3.2] 决策: select | 选笑话编号: 2
    评估模型: kimi-k2.5
    [kimi-k2.5] 决策: create | 选笑话编号: None

  质量组: medium (4个候选笑话)
    评估模型: qwen3-max
    [qwen3-max] 决策: create | 选笑话编号: None
    评估模型: deepseek-v3.2
    [deepseek-v3.2] 决策: select | 选笑话编号: 2
    评估模型: kimi-k2.5
    [kimi-k2.5] 决策: create | 选笑话编号: None

  质量组: low (4个候选笑话)
    评估模型: qwen3-max
    [qwen3-max] 决策: create | 选笑话编号: None
    评估模型: deepseek-v3.2
    [deepseek-v3.2] 决策: select | 选笑话编号: 1
    评估模型: kimi-k2.5
    [kimi-k2.5] 决策: create | 选笑话编号: None

  Item完成: 耗时68.8s | 总耗时608.6min
  速率限制器状态: 可用令牌=48.0/48
  已保存中间结果 (634 条)

============================================================
处理 zh_0735... (635/1174)

  质量组: high (4个候选笑话)
    评估模型: qwen3-max
    [qwen3-max] 决策: select | 选笑话编号: 2
    评估模型: deepseek-v3.2
    [deepseek-v3.2] 决策: select | 选笑话编号: 4
    评估模型: kimi-k2.5
    [kimi-k2.5] 决策: create | 选笑话编号: None

  质量组: medium (4个候选笑话)
    评估模型: qwen3-max
    [qwen3-max] 决策: select | 选笑话编号: 2
    评估模型: deepseek-v3.2
    [deepseek-v3.2] 决策: select | 选笑话编号: 2
    评估模型: kimi-k2.5
    [kimi-k2.5] 决策: create | 选笑话编号: None

  质量组: low (4个候选笑话)
    评估模型: qwen3-max
    [qwen3-max] 决策: select | 选笑话编号: 1
    评估模型: deepseek-v3.2
    [deepseek-v3.2] 决策: select | 选笑话编号: 4
    评估模型: kimi-k2.5
    [kimi-k2.5] 决策: create | 选笑话编号: None

  Item完成: 耗时58.5s | 总耗时609.6min
  速率限制器状态: 可用令牌=48.0/48
  已保存中间结果 (635 条)

============================================================
处理 zh_0736... (636/1174)

  质量组: high (4个候选笑话)
    评估模型: qwen3-max
    [qwen3-max] 决策: select | 选笑话编号: 2
    评估模型: deepseek-v3.2
    [deepseek-v3.2] 决策: select | 选笑话编号: 2
    评估模型: kimi-k2.5
    [kimi-k2.5] 决策: create | 选笑话编号: None

  质量组: medium (4个候选笑话)
    评估模型: qwen3-max
    [qwen3-max] 决策: select | 选笑话编号: 2
    评估模型: deepseek-v3.2
    [deepseek-v3.2] 决策: select | 选笑话编号: 2
    评估模型: kimi-k2.5
    [kimi-k2.5] 决策: create | 选笑话编号: None

  质量组: low (4个候选笑话)
    评估模型: qwen3-max
    [qwen3-max] 决策: select | 选笑话编号: 4
    评估模型: deepseek-v3.2
    [deepseek-v3.2] 决策: select | 选笑话编号: 2
    评估模型: kimi-k2.5
    [kimi-k2.5] 决策: create | 选笑话编号: None

  Item完成: 耗时65.4s | 总耗时610.7min
  速率限制器状态: 可用令牌=48.0/48
  已保存中间结果 (636 条)

============================================================
处理 zh_0737... (637/1174)

  质量组: high (4个候选笑话)
    评估模型: qwen3-max
    [qwen3-max] 决策: select | 选笑话编号: 1
    评估模型: deepseek-v3.2
    [deepseek-v3.2] 决策: select | 选笑话编号: 1
    评估模型: kimi-k2.5
    [kimi-k2.5] 决策: create | 选笑话编号: None

  质量组: medium (4个候选笑话)
    评估模型: qwen3-max
    [qwen3-max] 决策: select | 选笑话编号: 2
    评估模型: deepseek-v3.2
    [deepseek-v3.2] 决策: select | 选笑话编号: 2
    评估模型: kimi-k2.5
    [kimi-k2.5] 决策: create | 选笑话编号: None

  质量组: low (4个候选笑话)
    评估模型: qwen3-max
    [qwen3-max] 决策: create | 选笑话编号: None
    评估模型: deepseek-v3.2
    [deepseek-v3.2] 决策: select | 选笑话编号: 1
    评估模型: kimi-k2.5
    [API] JSON解析失败: JSON解析失败: Expecting ',' delimiter: line 4 column 113 (char 170), model=kimi-k2.5
    [kimi-k2.5] 决策:  | 选笑话编号: ?

  Item完成: 耗时55.4s | 总耗时611.6min
  速率限制器状态: 可用令牌=48.0/48
  已保存中间结果 (637 条)

============================================================
处理 zh_0738... (638/1174)

  质量组: high (4个候选笑话)
    评估模型: qwen3-max
    [qwen3-max] 决策: select | 选笑话编号: 1
    评估模型: deepseek-v3.2
    [deepseek-v3.2] 决策: select | 选笑话编号: 1
    评估模型: kimi-k2.5
    [kimi-k2.5] 决策: select | 选笑话编号: 1

  质量组: medium (4个候选笑话)
    评估模型: qwen3-max
    [qwen3-max] 决策: select | 选笑话编号: 1
    评估模型: deepseek-v3.2
    [deepseek-v3.2] 决策: select | 选笑话编号: 4
    评估模型: kimi-k2.5
    [kimi-k2.5] 决策: select | 选笑话编号: 4

  质量组: low (4个候选笑话)
    评估模型: qwen3-max
    [qwen3-max] 决策: create | 选笑话编号: None
    评估模型: deepseek-v3.2
    [deepseek-v3.2] 决策: create | 选笑话编号: None
    评估模型: kimi-k2.5
    [kimi-k2.5] 决策: create | 选笑话编号: None

  Item完成: 耗时60.3s | 总耗时612.6min
  速率限制器状态: 可用令牌=48.0/48
  已保存中间结果 (638 条)

============================================================
处理 zh_0739... (639/1174)

  质量组: high (4个候选笑话)
    评估模型: qwen3-max
    [qwen3-max] 决策: select | 选笑话编号: 4
    评估模型: deepseek-v3.2
    [deepseek-v3.2] 决策: select | 选笑话编号: 4
    评估模型: kimi-k2.5
    [kimi-k2.5] 决策: select | 选笑话编号: 4

  质量组: medium (4个候选笑话)
    评估模型: qwen3-max
    [qwen3-max] 决策: select | 选笑话编号: 2
    评估模型: deepseek-v3.2
    [deepseek-v3.2] 决策: select | 选笑话编号: 3
    评估模型: kimi-k2.5
    [kimi-k2.5] 决策: create | 选笑话编号: None

  质量组: low (4个候选笑话)
    评估模型: qwen3-max
    [qwen3-max] 决策: select | 选笑话编号: 1
    评估模型: deepseek-v3.2
    [deepseek-v3.2] 决策: select | 选笑话编号: 1
    评估模型: kimi-k2.5
    [kimi-k2.5] 决策: create | 选笑话编号: None

  Item完成: 耗时65.0s | 总耗时613.7min
  速率限制器状态: 可用令牌=48.0/48
  已保存中间结果 (639 条)

============================================================
处理 zh_0740... (640/1174)

  质量组: high (4个候选笑话)
    评估模型: qwen3-max
    [qwen3-max] 决策: select | 选笑话编号: 3
    评估模型: deepseek-v3.2
    [deepseek-v3.2] 决策: select | 选笑话编号: 2
    评估模型: kimi-k2.5
    [kimi-k2.5] 决策: create | 选笑话编号: None

  质量组: medium (4个候选笑话)
    评估模型: qwen3-max
    [qwen3-max] 决策: select | 选笑话编号: 2
    评估模型: deepseek-v3.2
    [deepseek-v3.2] 决策: select | 选笑话编号: 4
    评估模型: kimi-k2.5
    [kimi-k2.5] 决策: create | 选笑话编号: None

  质量组: low (4个候选笑话)
    评估模型: qwen3-max
    [qwen3-max] 决策: create | 选笑话编号: None
    评估模型: deepseek-v3.2
    [deepseek-v3.2] 决策: select | 选笑话编号: 2
    评估模型: kimi-k2.5
    [kimi-k2.5] 决策: create | 选笑话编号: None

  Item完成: 耗时62.1s | 总耗时614.7min
  速率限制器状态: 可用令牌=48.0/48
  已保存中间结果 (640 条)

============================================================
处理 zh_0741... (641/1174)

  质量组: high (4个候选笑话)
    评估模型: qwen3-max
    [qwen3-max] 决策: select | 选笑话编号: 2
    评估模型: deepseek-v3.2
    [deepseek-v3.2] 决策: select | 选笑话编号: 4
    评估模型: kimi-k2.5
    [kimi-k2.5] 决策: create | 选笑话编号: None

  质量组: medium (4个候选笑话)
    评估模型: qwen3-max
    [qwen3-max] 决策: select | 选笑话编号: 1
    评估模型: deepseek-v3.2
    [deepseek-v3.2] 决策: select | 选笑话编号: 1
    评估模型: kimi-k2.5
    [kimi-k2.5] 决策: create | 选笑话编号: None

  质量组: low (4个候选笑话)
    评估模型: qwen3-max
    [qwen3-max] 决策: select | 选笑话编号: 1
    评估模型: deepseek-v3.2
    [deepseek-v3.2] 决策: select | 选笑话编号: 1
    评估模型: kimi-k2.5
    [kimi-k2.5] 决策: create | 选笑话编号: None

  Item完成: 耗时57.8s | 总耗时615.7min
  速率限制器状态: 可用令牌=48.0/48
  已保存中间结果 (641 条)

============================================================
处理 zh_0742... (642/1174)

  质量组: high (4个候选笑话)
    评估模型: qwen3-max
    [qwen3-max] 决策: select | 选笑话编号: 4
    评估模型: deepseek-v3.2
    [deepseek-v3.2] 决策: select | 选笑话编号: 4
    评估模型: kimi-k2.5
    [API] JSON解析失败: JSON解析失败: Expecting ',' delimiter: line 4 column 88 (char 145), model=kimi-k2.5
    [kimi-k2.5] 决策:  | 选笑话编号: ?

  质量组: medium (4个候选笑话)
    评估模型: qwen3-max
    [qwen3-max] 决策: select | 选笑话编号: 4
    评估模型: deepseek-v3.2
    [deepseek-v3.2] 决策: select | 选笑话编号: 2
    评估模型: kimi-k2.5
    [kimi-k2.5] 决策: create | 选笑话编号: None

  质量组: low (4个候选笑话)
    评估模型: qwen3-max
    [qwen3-max] 决策: create | 选笑话编号: None
    评估模型: deepseek-v3.2
    [deepseek-v3.2] 决策: create | 选笑话编号: None
    评估模型: kimi-k2.5
    [kimi-k2.5] 决策: create | 选笑话编号: None

  Item完成: 耗时61.3s | 总耗时616.7min
  速率限制器状态: 可用令牌=48.0/48
  已保存中间结果 (642 条)

============================================================
处理 zh_0743... (643/1174)

  质量组: high (4个候选笑话)
    评估模型: qwen3-max
    [qwen3-max] 决策: create | 选笑话编号: None
    评估模型: deepseek-v3.2
    [deepseek-v3.2] 决策: select | 选笑话编号: 4
    评估模型: kimi-k2.5
    [kimi-k2.5] 决策: create | 选笑话编号: None

  质量组: medium (4个候选笑话)
    评估模型: qwen3-max
    [qwen3-max] 决策: select | 选笑话编号: 2
    评估模型: deepseek-v3.2
    [deepseek-v3.2] 决策: select | 选笑话编号: 2
    评估模型: kimi-k2.5
    [kimi-k2.5] 决策: create | 选笑话编号: None

  质量组: low (4个候选笑话)
    评估模型: qwen3-max
    [qwen3-max] 决策: create | 选笑话编号: None
    评估模型: deepseek-v3.2
    [deepseek-v3.2] 决策: create | 选笑话编号: None
    评估模型: kimi-k2.5
    [kimi-k2.5] 决策: create | 选笑话编号: None

  Item完成: 耗时71.7s | 总耗时617.9min
  速率限制器状态: 可用令牌=48.0/48
  已保存中间结果 (643 条)

============================================================
处理 zh_0744... (644/1174)

  质量组: high (4个候选笑话)
    评估模型: qwen3-max
    [qwen3-max] 决策: select | 选笑话编号: 4
    评估模型: deepseek-v3.2
    [deepseek-v3.2] 决策: select | 选笑话编号: 4
    评估模型: kimi-k2.5
    [kimi-k2.5] 决策: create | 选笑话编号: None

  质量组: medium (4个候选笑话)
    评估模型: qwen3-max
    [qwen3-max] 决策: select | 选笑话编号: 1
    评估模型: deepseek-v3.2
    [deepseek-v3.2] 决策: select | 选笑话编号: 1
    评估模型: kimi-k2.5
    [kimi-k2.5] 决策: create | 选笑话编号: None

  质量组: low (4个候选笑话)
    评估模型: qwen3-max
    [qwen3-max] 决策: create | 选笑话编号: None
    评估模型: deepseek-v3.2
    [deepseek-v3.2] 决策: create | 选笑话编号: None
    评估模型: kimi-k2.5
    [kimi-k2.5] 决策: create | 选笑话编号: None

  Item完成: 耗时75.8s | 总耗时619.2min
  速率限制器状态: 可用令牌=48.0/48
  已保存中间结果 (644 条)

============================================================
处理 zh_0745... (645/1174)

  质量组: high (4个候选笑话)
    评估模型: qwen3-max
    [qwen3-max] 决策: select | 选笑话编号: 2
    评估模型: deepseek-v3.2
    [deepseek-v3.2] 决策: select | 选笑话编号: 2
    评估模型: kimi-k2.5
    [kimi-k2.5] 决策: create | 选笑话编号: None

  质量组: medium (4个候选笑话)
    评估模型: qwen3-max
    [qwen3-max] 决策: select | 选笑话编号: 1
    评估模型: deepseek-v3.2
    [deepseek-v3.2] 决策: select | 选笑话编号: 1
    评估模型: kimi-k2.5
    [kimi-k2.5] 决策: create | 选笑话编号: None

  质量组: low (4个候选笑话)
    评估模型: qwen3-max
    [qwen3-max] 决策: create | 选笑话编号: None
    评估模型: deepseek-v3.2
    [deepseek-v3.2] 决策: create | 选笑话编号: None
    评估模型: kimi-k2.5
    [kimi-k2.5] 决策: create | 选笑话编号: None

  Item完成: 耗时56.2s | 总耗时620.1min
  速率限制器状态: 可用令牌=48.0/48
  已保存中间结果 (645 条)

============================================================
处理 zh_0746... (646/1174)

  质量组: high (4个候选笑话)
    评估模型: qwen3-max
    [qwen3-max] 决策: select | 选笑话编号: 2
    评估模型: deepseek-v3.2
    [deepseek-v3.2] 决策: select | 选笑话编号: 2
    评估模型: kimi-k2.5
    [kimi-k2.5] 决策: create | 选笑话编号: None

  质量组: medium (4个候选笑话)
    评估模型: qwen3-max
    [qwen3-max] 决策: select | 选笑话编号: 4
    评估模型: deepseek-v3.2
    [deepseek-v3.2] 决策: select | 选笑话编号: 4
    评估模型: kimi-k2.5
    [kimi-k2.5] 决策: create | 选笑话编号: None

  质量组: low (4个候选笑话)
    评估模型: qwen3-max
    [qwen3-max] 决策: create | 选笑话编号: None
    评估模型: deepseek-v3.2
    [deepseek-v3.2] 决策: create | 选笑话编号: None
    评估模型: kimi-k2.5
    [kimi-k2.5] 决策: create | 选笑话编号: None

  Item完成: 耗时68.2s | 总耗时621.3min
  速率限制器状态: 可用令牌=48.0/48
  已保存中间结果 (646 条)

============================================================
处理 zh_0747... (647/1174)

  质量组: high (4个候选笑话)
    评估模型: qwen3-max
    [qwen3-max] 决策: select | 选笑话编号: 2
    评估模型: deepseek-v3.2
    [deepseek-v3.2] 决策: select | 选笑话编号: 2
    评估模型: kimi-k2.5
    [kimi-k2.5] 决策: create | 选笑话编号: None

  质量组: medium (4个候选笑话)
    评估模型: qwen3-max
    [qwen3-max] 决策: create | 选笑话编号: None
    评估模型: deepseek-v3.2
    [deepseek-v3.2] 决策: select | 选笑话编号: 1
    评估模型: kimi-k2.5
    [API] JSON解析失败: JSON解析失败: Expecting ',' delimiter: line 5 column 45 (char 199), model=kimi-k2.5
    [kimi-k2.5] 决策:  | 选笑话编号: ?

  质量组: low (4个候选笑话)
    评估模型: qwen3-max
    [qwen3-max] 决策: create | 选笑话编号: None
    评估模型: deepseek-v3.2
    [deepseek-v3.2] 决策: select | 选笑话编号: 1
    评估模型: kimi-k2.5
    [kimi-k2.5] 决策: create | 选笑话编号: None

  Item完成: 耗时86.5s | 总耗时622.7min
  速率限制器状态: 可用令牌=48.0/48
  已保存中间结果 (647 条)

============================================================
处理 zh_0748... (648/1174)

  质量组: high (4个候选笑话)
    评估模型: qwen3-max
    [qwen3-max] 决策: select | 选笑话编号: 2
    评估模型: deepseek-v3.2
    [deepseek-v3.2] 决策: select | 选笑话编号: 2
    评估模型: kimi-k2.5
    [kimi-k2.5] 决策: create | 选笑话编号: None

  质量组: medium (4个候选笑话)
    评估模型: qwen3-max
    [qwen3-max] 决策: create | 选笑话编号: None
    评估模型: deepseek-v3.2
    [deepseek-v3.2] 决策: create | 选笑话编号: None
    评估模型: kimi-k2.5
    [kimi-k2.5] 决策: create | 选笑话编号: None

  质量组: low (4个候选笑话)
    评估模型: qwen3-max
    [qwen3-max] 决策: create | 选笑话编号: None
    评估模型: deepseek-v3.2
    [deepseek-v3.2] 决策: create | 选笑话编号: None
    评估模型: kimi-k2.5
    [kimi-k2.5] 决策: create | 选笑话编号: None

  Item完成: 耗时55.7s | 总耗时623.7min
  速率限制器状态: 可用令牌=48.0/48
  已保存中间结果 (648 条)

============================================================
处理 zh_0749... (649/1174)

  质量组: high (4个候选笑话)
    评估模型: qwen3-max
    [qwen3-max] 决策: select | 选笑话编号: 1
    评估模型: deepseek-v3.2
    [deepseek-v3.2] 决策: select | 选笑话编号: 1
    评估模型: kimi-k2.5
    [API] JSON解析失败: JSON解析失败: Expecting ',' delimiter: line 4 column 56 (char 113), model=kimi-k2.5
    [kimi-k2.5] 决策:  | 选笑话编号: ?

  质量组: medium (4个候选笑话)
    评估模型: qwen3-max
    [qwen3-max] 决策: select | 选笑话编号: 2
    评估模型: deepseek-v3.2
    [deepseek-v3.2] 决策: select | 选笑话编号: 2
    评估模型: kimi-k2.5
    [API] JSON解析失败: JSON解析失败: Expecting ',' delimiter: line 4 column 47 (char 101), model=kimi-k2.5
    [kimi-k2.5] 决策:  | 选笑话编号: ?

  质量组: low (4个候选笑话)
    评估模型: qwen3-max
    [qwen3-max] 决策: create | 选笑话编号: None
    评估模型: deepseek-v3.2
    [deepseek-v3.2] 决策: create | 选笑话编号: None
    评估模型: kimi-k2.5
    [kimi-k2.5] 决策: create | 选笑话编号: None

  Item完成: 耗时92.2s | 总耗时625.2min
  速率限制器状态: 可用令牌=48.0/48
  已保存中间结果 (649 条)

============================================================
处理 zh_0750... (650/1174)

  质量组: high (4个候选笑话)
    评估模型: qwen3-max
    [qwen3-max] 决策: select | 选笑话编号: 2
    评估模型: deepseek-v3.2
    [deepseek-v3.2] 决策: select | 选笑话编号: 2
    评估模型: kimi-k2.5
    [kimi-k2.5] 决策: select | 选笑话编号: 2

  质量组: medium (4个候选笑话)
    评估模型: qwen3-max
    [qwen3-max] 决策: select | 选笑话编号: 1
    评估模型: deepseek-v3.2
    [deepseek-v3.2] 决策: select | 选笑话编号: 1
    评估模型: kimi-k2.5
    [kimi-k2.5] 决策: select | 选笑话编号: 1

  质量组: low (4个候选笑话)
    评估模型: qwen3-max
    [qwen3-max] 决策: select | 选笑话编号: 1
    评估模型: deepseek-v3.2
    [deepseek-v3.2] 决策: select | 选笑话编号: 2
    评估模型: kimi-k2.5
    [kimi-k2.5] 决策: create | 选笑话编号: None

  Item完成: 耗时85.6s | 总耗时626.6min
  速率限制器状态: 可用令牌=48.0/48
  已保存中间结果 (650 条)

============================================================
处理 zh_0751... (651/1174)

  质量组: high (4个候选笑话)
    评估模型: qwen3-max
    [qwen3-max] 决策: select | 选笑话编号: 3
    评估模型: deepseek-v3.2
    [deepseek-v3.2] 决策: select | 选笑话编号: 3
    评估模型: kimi-k2.5
    [API] JSON解析失败: JSON解析失败: Expecting ',' delimiter: line 5 column 33 (char 207), model=kimi-k2.5
    [kimi-k2.5] 决策:  | 选笑话编号: ?

  质量组: medium (4个候选笑话)
    评估模型: qwen3-max
    [qwen3-max] 决策: select | 选笑话编号: 2
    评估模型: deepseek-v3.2
    [deepseek-v3.2] 决策: select | 选笑话编号: 1
    评估模型: kimi-k2.5
    [API] JSON解析失败: JSON解析失败: Expecting ',' delimiter: line 5 column 35 (char 224), model=kimi-k2.5
    [kimi-k2.5] 决策:  | 选笑话编号: ?

  质量组: low (4个候选笑话)
    评估模型: qwen3-max
    [qwen3-max] 决策: create | 选笑话编号: None
    评估模型: deepseek-v3.2
    [deepseek-v3.2] 决策: create | 选笑话编号: None
    评估模型: kimi-k2.5
    [API] JSON解析失败: JSON解析失败: Expecting ',' delimiter: line 4 column 33 (char 90), model=kimi-k2.5
    [kimi-k2.5] 决策:  | 选笑话编号: ?

  Item完成: 耗时74.5s | 总耗时627.9min
  速率限制器状态: 可用令牌=48.0/48
  已保存中间结果 (651 条)

============================================================
处理 zh_0752... (652/1174)

  质量组: high (4个候选笑话)
    评估模型: qwen3-max
    [qwen3-max] 决策: select | 选笑话编号: 2
    评估模型: deepseek-v3.2
    [deepseek-v3.2] 决策: select | 选笑话编号: 2
    评估模型: kimi-k2.5
    [kimi-k2.5] 决策: select | 选笑话编号: 2

  质量组: medium (4个候选笑话)
    评估模型: qwen3-max
    [qwen3-max] 决策: select | 选笑话编号: 2
    评估模型: deepseek-v3.2
    [deepseek-v3.2] 决策: select | 选笑话编号: 2
    评估模型: kimi-k2.5
    [kimi-k2.5] 决策: create | 选笑话编号: None

  质量组: low (4个候选笑话)
    评估模型: qwen3-max
    [qwen3-max] 决策: create | 选笑话编号: None
    评估模型: deepseek-v3.2
    [deepseek-v3.2] 决策: create | 选笑话编号: None
    评估模型: kimi-k2.5
    [kimi-k2.5] 决策: create | 选笑话编号: None

  Item完成: 耗时89.3s | 总耗时629.4min
  速率限制器状态: 可用令牌=48.0/48
  已保存中间结果 (652 条)

============================================================
处理 zh_0753... (653/1174)

  质量组: high (4个候选笑话)
    评估模型: qwen3-max
    [qwen3-max] 决策: select | 选笑话编号: 2
    评估模型: deepseek-v3.2
    [deepseek-v3.2] 决策: select | 选笑话编号: 2
    评估模型: kimi-k2.5
    [kimi-k2.5] 决策: select | 选笑话编号: 2

  质量组: medium (4个候选笑话)
    评估模型: qwen3-max
    [qwen3-max] 决策: select | 选笑话编号: 2
    评估模型: deepseek-v3.2
    [deepseek-v3.2] 决策: select | 选笑话编号: 4
    评估模型: kimi-k2.5
    [kimi-k2.5] 决策: create | 选笑话编号: None

  质量组: low (4个候选笑话)
    评估模型: qwen3-max
    [qwen3-max] 决策: select | 选笑话编号: 2
    评估模型: deepseek-v3.2
    [deepseek-v3.2] 决策: select | 选笑话编号: 1
    评估模型: kimi-k2.5
    [kimi-k2.5] 决策: create | 选笑话编号: None

  Item完成: 耗时57.9s | 总耗时630.3min
  速率限制器状态: 可用令牌=48.0/48
  已保存中间结果 (653 条)

============================================================
处理 zh_0754... (654/1174)

  质量组: high (4个候选笑话)
    评估模型: qwen3-max
    [qwen3-max] 决策: select | 选笑话编号: 2
    评估模型: deepseek-v3.2
    [deepseek-v3.2] 决策: select | 选笑话编号: 4
    评估模型: kimi-k2.5
    [kimi-k2.5] 决策: select | 选笑话编号: 2

  质量组: medium (4个候选笑话)
    评估模型: qwen3-max
    [qwen3-max] 决策: select | 选笑话编号: 1
    评估模型: deepseek-v3.2
    [deepseek-v3.2] 决策: select | 选笑话编号: 4
    评估模型: kimi-k2.5
    [kimi-k2.5] 决策: create | 选笑话编号: None

  质量组: low (4个候选笑话)
    评估模型: qwen3-max
    [qwen3-max] 决策: select | 选笑话编号: 2
    评估模型: deepseek-v3.2
    [deepseek-v3.2] 决策: select | 选笑话编号: 2
    评估模型: kimi-k2.5
    [kimi-k2.5] 决策: create | 选笑话编号: None

  Item完成: 耗时55.7s | 总耗时631.3min
  速率限制器状态: 可用令牌=48.0/48
  已保存中间结果 (654 条)

============================================================
处理 zh_0755... (655/1174)

  质量组: high (4个候选笑话)
    评估模型: qwen3-max
    [qwen3-max] 决策: select | 选笑话编号: 1
    评估模型: deepseek-v3.2
    [deepseek-v3.2] 决策: select | 选笑话编号: 1
    评估模型: kimi-k2.5
    [kimi-k2.5] 决策: create | 选笑话编号: None

  质量组: medium (4个候选笑话)
    评估模型: qwen3-max
    [qwen3-max] 决策: select | 选笑话编号: 4
    评估模型: deepseek-v3.2
    [deepseek-v3.2] 决策: select | 选笑话编号: 4
    评估模型: kimi-k2.5
    [kimi-k2.5] 决策: select | 选笑话编号: 4

  质量组: low (4个候选笑话)
    评估模型: qwen3-max
    [qwen3-max] 决策: select | 选笑话编号: 2
    评估模型: deepseek-v3.2
    [deepseek-v3.2] 决策: select | 选笑话编号: 2
    评估模型: kimi-k2.5
    [kimi-k2.5] 决策: create | 选笑话编号: None

  Item完成: 耗时67.2s | 总耗时632.4min
  速率限制器状态: 可用令牌=48.0/48
  已保存中间结果 (655 条)

============================================================
处理 zh_0756... (656/1174)

  质量组: high (4个候选笑话)
    评估模型: qwen3-max
    [qwen3-max] 决策: select | 选笑话编号: 2
    评估模型: deepseek-v3.2
    [deepseek-v3.2] 决策: select | 选笑话编号: 1
    评估模型: kimi-k2.5
    [kimi-k2.5] 决策: create | 选笑话编号: None

  质量组: medium (4个候选笑话)
    评估模型: qwen3-max
    [qwen3-max] 决策: select | 选笑话编号: 1
    评估模型: deepseek-v3.2
    [deepseek-v3.2] 决策: select | 选笑话编号: 2
    评估模型: kimi-k2.5
    [kimi-k2.5] 决策: create | 选笑话编号: None

  质量组: low (4个候选笑话)
    评估模型: qwen3-max
    [qwen3-max] 决策: select | 选笑话编号: 1
    评估模型: deepseek-v3.2
    [deepseek-v3.2] 决策: create | 选笑话编号: None
    评估模型: kimi-k2.5
    [kimi-k2.5] 决策: create | 选笑话编号: None

  Item完成: 耗时63.9s | 总耗时633.5min
  速率限制器状态: 可用令牌=48.0/48
  已保存中间结果 (656 条)

============================================================
处理 zh_0757... (657/1174)

  质量组: high (4个候选笑话)
    评估模型: qwen3-max
    [qwen3-max] 决策: select | 选笑话编号: 2
    评估模型: deepseek-v3.2
    [deepseek-v3.2] 决策: select | 选笑话编号: 2
    评估模型: kimi-k2.5
    [kimi-k2.5] 决策: select | 选笑话编号: 1

  质量组: medium (4个候选笑话)
    评估模型: qwen3-max
    [qwen3-max] 决策: select | 选笑话编号: 1
    评估模型: deepseek-v3.2
    [deepseek-v3.2] 决策: select | 选笑话编号: 1
    评估模型: kimi-k2.5
    [kimi-k2.5] 决策: create | 选笑话编号: None

  质量组: low (4个候选笑话)
    评估模型: qwen3-max
    [qwen3-max] 决策: select | 选笑话编号: 1
    评估模型: deepseek-v3.2
    [deepseek-v3.2] 决策: select | 选笑话编号: 1
    评估模型: kimi-k2.5
    [kimi-k2.5] 决策: create | 选笑话编号: None

  Item完成: 耗时68.5s | 总耗时634.6min
  速率限制器状态: 可用令牌=48.0/48
  已保存中间结果 (657 条)

============================================================
处理 zh_0758... (658/1174)

  质量组: high (4个候选笑话)
    评估模型: qwen3-max
    [qwen3-max] 决策: select | 选笑话编号: 2
    评估模型: deepseek-v3.2
    [deepseek-v3.2] 决策: select | 选笑话编号: 2
    评估模型: kimi-k2.5
    [kimi-k2.5] 决策: select | 选笑话编号: 2

  质量组: medium (4个候选笑话)
    评估模型: qwen3-max
    [qwen3-max] 决策: select | 选笑话编号: 1
    评估模型: deepseek-v3.2
    [deepseek-v3.2] 决策: select | 选笑话编号: 1
    评估模型: kimi-k2.5
    [kimi-k2.5] 决策: create | 选笑话编号: None

  质量组: low (4个候选笑话)
    评估模型: qwen3-max
    [qwen3-max] 决策: select | 选笑话编号: 1
    评估模型: deepseek-v3.2
    [deepseek-v3.2] 决策: select | 选笑话编号: 1
    评估模型: kimi-k2.5
    [kimi-k2.5] 决策: create | 选笑话编号: None

  Item完成: 耗时75.2s | 总耗时635.9min
  速率限制器状态: 可用令牌=48.0/48
  已保存中间结果 (658 条)

============================================================
处理 zh_0759... (659/1174)

  质量组: high (4个候选笑话)
    评估模型: qwen3-max
    [qwen3-max] 决策: select | 选笑话编号: 2
    评估模型: deepseek-v3.2
    [deepseek-v3.2] 决策: select | 选笑话编号: 4
    评估模型: kimi-k2.5
    [kimi-k2.5] 决策: create | 选笑话编号: None

  质量组: medium (4个候选笑话)
    评估模型: qwen3-max
    [qwen3-max] 决策: select | 选笑话编号: 4
    评估模型: deepseek-v3.2
    [deepseek-v3.2] 决策: select | 选笑话编号: 4
    评估模型: kimi-k2.5
    [kimi-k2.5] 决策: create | 选笑话编号: None

  质量组: low (4个候选笑话)
    评估模型: qwen3-max
    [qwen3-max] 决策: create | 选笑话编号: None
    评估模型: deepseek-v3.2
    [deepseek-v3.2] 决策: select | 选笑话编号: 2
    评估模型: kimi-k2.5
    [kimi-k2.5] 决策: create | 选笑话编号: None

  Item完成: 耗时48.5s | 总耗时636.7min
  速率限制器状态: 可用令牌=48.0/48
  已保存中间结果 (659 条)

============================================================
处理 zh_0760... (660/1174)

  质量组: high (4个候选笑话)
    评估模型: qwen3-max
    [qwen3-max] 决策: select | 选笑话编号: 2
    评估模型: deepseek-v3.2
    [deepseek-v3.2] 决策: select | 选笑话编号: 4
    评估模型: kimi-k2.5
    [kimi-k2.5] 决策: select | 选笑话编号: 4

  质量组: medium (4个候选笑话)
    评估模型: qwen3-max
    [qwen3-max] 决策: create | 选笑话编号: None
    评估模型: deepseek-v3.2
    [deepseek-v3.2] 决策: select | 选笑话编号: 1
    评估模型: kimi-k2.5
    [kimi-k2.5] 决策: create | 选笑话编号: None

  质量组: low (4个候选笑话)
    评估模型: qwen3-max
    [qwen3-max] 决策: create | 选笑话编号: None
    评估模型: deepseek-v3.2
    [deepseek-v3.2] 决策: select | 选笑话编号: 2
    评估模型: kimi-k2.5
    [kimi-k2.5] 决策: create | 选笑话编号: None

  Item完成: 耗时62.1s | 总耗时637.7min
  速率限制器状态: 可用令牌=48.0/48
  已保存中间结果 (660 条)

============================================================
处理 zh_0761... (661/1174)

  质量组: high (4个候选笑话)
    评估模型: qwen3-max
    [qwen3-max] 决策: select | 选笑话编号: 2
    评估模型: deepseek-v3.2
    [deepseek-v3.2] 决策: select | 选笑话编号: 3
    评估模型: kimi-k2.5
    [kimi-k2.5] 决策: select | 选笑话编号: 2

  质量组: medium (4个候选笑话)
    评估模型: qwen3-max
    [qwen3-max] 决策: select | 选笑话编号: 2
    评估模型: deepseek-v3.2
    [deepseek-v3.2] 决策: select | 选笑话编号: 2
    评估模型: kimi-k2.5
    [kimi-k2.5] 决策: create | 选笑话编号: None

  质量组: low (4个候选笑话)
    评估模型: qwen3-max
    [qwen3-max] 决策: create | 选笑话编号: None
    评估模型: deepseek-v3.2
    [deepseek-v3.2] 决策: select | 选笑话编号: 1
    评估模型: kimi-k2.5
    [kimi-k2.5] 决策: create | 选笑话编号: None

  Item完成: 耗时61.2s | 总耗时638.8min
  速率限制器状态: 可用令牌=48.0/48
  已保存中间结果 (661 条)

============================================================
处理 zh_0762... (662/1174)

  质量组: high (4个候选笑话)
    评估模型: qwen3-max
    [qwen3-max] 决策: select | 选笑话编号: 2
    评估模型: deepseek-v3.2
    [deepseek-v3.2] 决策: select | 选笑话编号: 1
    评估模型: kimi-k2.5
    [kimi-k2.5] 决策: create | 选笑话编号: None

  质量组: medium (4个候选笑话)
    评估模型: qwen3-max
    [qwen3-max] 决策: select | 选笑话编号: 3
    评估模型: deepseek-v3.2
    [deepseek-v3.2] 决策: select | 选笑话编号: 4
    评估模型: kimi-k2.5
    [kimi-k2.5] 决策: create | 选笑话编号: None

  质量组: low (4个候选笑话)
    评估模型: qwen3-max
    [qwen3-max] 决策: create | 选笑话编号: None
    评估模型: deepseek-v3.2
    [deepseek-v3.2] 决策: select | 选笑话编号: 1
    评估模型: kimi-k2.5
    [kimi-k2.5] 决策: create | 选笑话编号: None

  Item完成: 耗时56.1s | 总耗时639.7min
  速率限制器状态: 可用令牌=48.0/48
  已保存中间结果 (662 条)

============================================================
处理 zh_0763... (663/1174)

  质量组: high (4个候选笑话)
    评估模型: qwen3-max
    [qwen3-max] 决策: select | 选笑话编号: 2
    评估模型: deepseek-v3.2
    [deepseek-v3.2] 决策: select | 选笑话编号: 2
    评估模型: kimi-k2.5
    [kimi-k2.5] 决策: create | 选笑话编号: None

  质量组: medium (4个候选笑话)
    评估模型: qwen3-max
    [qwen3-max] 决策: select | 选笑话编号: 2
    评估模型: deepseek-v3.2
    [deepseek-v3.2] 决策: select | 选笑话编号: 2
    评估模型: kimi-k2.5
    [kimi-k2.5] 决策: create | 选笑话编号: None

  质量组: low (4个候选笑话)
    评估模型: qwen3-max
    [qwen3-max] 决策: create | 选笑话编号: None
    评估模型: deepseek-v3.2
    [deepseek-v3.2] 决策: create | 选笑话编号: None
    评估模型: kimi-k2.5
    [kimi-k2.5] 决策: create | 选笑话编号: None

  Item完成: 耗时62.4s | 总耗时640.7min
  速率限制器状态: 可用令牌=48.0/48
  已保存中间结果 (663 条)

============================================================
处理 zh_0764... (664/1174)

  质量组: high (4个候选笑话)
    评估模型: qwen3-max
    [qwen3-max] 决策: select | 选笑话编号: 2
    评估模型: deepseek-v3.2
    [deepseek-v3.2] 决策: select | 选笑话编号: 2
    评估模型: kimi-k2.5
    [kimi-k2.5] 决策: select | 选笑话编号: 2

  质量组: medium (4个候选笑话)
    评估模型: qwen3-max
    [qwen3-max] 决策: select | 选笑话编号: 2
    评估模型: deepseek-v3.2
    [deepseek-v3.2] 决策: select | 选笑话编号: 2
    评估模型: kimi-k2.5
    [kimi-k2.5] 决策: create | 选笑话编号: None

  质量组: low (4个候选笑话)
    评估模型: qwen3-max
    [qwen3-max] 决策: create | 选笑话编号: None
    评估模型: deepseek-v3.2
    [deepseek-v3.2] 决策: select | 选笑话编号: 2
    评估模型: kimi-k2.5
    [kimi-k2.5] 决策: create | 选笑话编号: None

  Item完成: 耗时57.4s | 总耗时641.7min
  速率限制器状态: 可用令牌=48.0/48
  已保存中间结果 (664 条)

============================================================
处理 zh_0765... (665/1174)

  质量组: high (4个候选笑话)
    评估模型: qwen3-max
    [qwen3-max] 决策: select | 选笑话编号: 2
    评估模型: deepseek-v3.2
    [deepseek-v3.2] 决策: select | 选笑话编号: 2
    评估模型: kimi-k2.5
    [kimi-k2.5] 决策: select | 选笑话编号: 2

  质量组: medium (4个候选笑话)
    评估模型: qwen3-max
    [qwen3-max] 决策: select | 选笑话编号: 4
    评估模型: deepseek-v3.2
    [deepseek-v3.2] 决策: select | 选笑话编号: 4
    评估模型: kimi-k2.5
    [kimi-k2.5] 决策: create | 选笑话编号: None

  质量组: low (4个候选笑话)
    评估模型: qwen3-max
    [qwen3-max] 决策: create | 选笑话编号: None
    评估模型: deepseek-v3.2
    [deepseek-v3.2] 决策: select | 选笑话编号: 1
    评估模型: kimi-k2.5
    [kimi-k2.5] 决策: create | 选笑话编号: None

  Item完成: 耗时49.8s | 总耗时642.5min
  速率限制器状态: 可用令牌=48.0/48
  已保存中间结果 (665 条)

============================================================
处理 zh_0766... (666/1174)

  质量组: high (4个候选笑话)
    评估模型: qwen3-max
    [qwen3-max] 决策: select | 选笑话编号: 3
    评估模型: deepseek-v3.2
    [deepseek-v3.2] 决策: select | 选笑话编号: 4
    评估模型: kimi-k2.5
    [kimi-k2.5] 决策: create | 选笑话编号: None

  质量组: medium (4个候选笑话)
    评估模型: qwen3-max
    [qwen3-max] 决策: select | 选笑话编号: 1
    评估模型: deepseek-v3.2
    [deepseek-v3.2] 决策: select | 选笑话编号: 4
    评估模型: kimi-k2.5
    [kimi-k2.5] 决策: create | 选笑话编号: None

  质量组: low (4个候选笑话)
    评估模型: qwen3-max
    [qwen3-max] 决策: create | 选笑话编号: None
    评估模型: deepseek-v3.2
    [deepseek-v3.2] 决策: create | 选笑话编号: None
    评估模型: kimi-k2.5
    [API] JSON解析失败: JSON解析失败: Expecting ',' delimiter: line 4 column 99 (char 156), model=kimi-k2.5
    [kimi-k2.5] 决策:  | 选笑话编号: ?

  Item完成: 耗时55.6s | 总耗时643.5min
  速率限制器状态: 可用令牌=48.0/48
  已保存中间结果 (666 条)

============================================================
处理 zh_0767... (667/1174)

  质量组: high (4个候选笑话)
    评估模型: qwen3-max
    [qwen3-max] 决策: select | 选笑话编号: 3
    评估模型: deepseek-v3.2
    [deepseek-v3.2] 决策: select | 选笑话编号: 4
    评估模型: kimi-k2.5
    [kimi-k2.5] 决策: select | 选笑话编号: 2

  质量组: medium (4个候选笑话)
    评估模型: qwen3-max
    [qwen3-max] 决策: select | 选笑话编号: 2
    评估模型: deepseek-v3.2
    [deepseek-v3.2] 决策: select | 选笑话编号: 2
    评估模型: kimi-k2.5
    [kimi-k2.5] 决策: select | 选笑话编号: 2

  质量组: low (4个候选笑话)
    评估模型: qwen3-max
    [qwen3-max] 决策: select | 选笑话编号: 1
    评估模型: deepseek-v3.2
    [deepseek-v3.2] 决策: select | 选笑话编号: 2
    评估模型: kimi-k2.5
    [kimi-k2.5] 决策: create | 选笑话编号: None

  Item完成: 耗时58.7s | 总耗时644.5min
  速率限制器状态: 可用令牌=48.0/48
  已保存中间结果 (667 条)

============================================================
处理 zh_0768... (668/1174)

  质量组: high (4个候选笑话)
    评估模型: qwen3-max
    [qwen3-max] 决策: select | 选笑话编号: 4
    评估模型: deepseek-v3.2
    [deepseek-v3.2] 决策: select | 选笑话编号: 4
    评估模型: kimi-k2.5
    [kimi-k2.5] 决策: create | 选笑话编号: None

  质量组: medium (4个候选笑话)
    评估模型: qwen3-max
    [qwen3-max] 决策: select | 选笑话编号: 1
    评估模型: deepseek-v3.2
    [deepseek-v3.2] 决策: select | 选笑话编号: 4
    评估模型: kimi-k2.5
    [kimi-k2.5] 决策: create | 选笑话编号: None

  质量组: low (4个候选笑话)
    评估模型: qwen3-max
    [qwen3-max] 决策: create | 选笑话编号: None
    评估模型: deepseek-v3.2
    [deepseek-v3.2] 决策: select | 选笑话编号: 2
    评估模型: kimi-k2.5
    [kimi-k2.5] 决策: create | 选笑话编号: None

  Item完成: 耗时59.7s | 总耗时645.5min
  速率限制器状态: 可用令牌=48.0/48
  已保存中间结果 (668 条)

============================================================
处理 zh_0769... (669/1174)

  质量组: high (4个候选笑话)
    评估模型: qwen3-max
    [qwen3-max] 决策: select | 选笑话编号: 2
    评估模型: deepseek-v3.2
    [deepseek-v3.2] 决策: select | 选笑话编号: 2
    评估模型: kimi-k2.5
    [kimi-k2.5] 决策: create | 选笑话编号: None

  质量组: medium (4个候选笑话)
    评估模型: qwen3-max
    [qwen3-max] 决策: select | 选笑话编号: 1
    评估模型: deepseek-v3.2
    [deepseek-v3.2] 决策: select | 选笑话编号: 2
    评估模型: kimi-k2.5
    [kimi-k2.5] 决策: create | 选笑话编号: None

  质量组: low (4个候选笑话)
    评估模型: qwen3-max
    [qwen3-max] 决策: create | 选笑话编号: None
    评估模型: deepseek-v3.2
    [deepseek-v3.2] 决策: select | 选笑话编号: 2
    评估模型: kimi-k2.5
    [API] JSON解析失败: JSON解析失败: Expecting ',' delimiter: line 4 column 91 (char 148), model=kimi-k2.5
    [kimi-k2.5] 决策:  | 选笑话编号: ?

  Item完成: 耗时54.1s | 总耗时646.4min
  速率限制器状态: 可用令牌=48.0/48
  已保存中间结果 (669 条)

============================================================
处理 zh_0770... (670/1174)

  质量组: high (4个候选笑话)
    评估模型: qwen3-max
    [qwen3-max] 决策: select | 选笑话编号: 1
    评估模型: deepseek-v3.2
    [deepseek-v3.2] 决策: select | 选笑话编号: 2
    评估模型: kimi-k2.5
    [kimi-k2.5] 决策: create | 选笑话编号: None

  质量组: medium (4个候选笑话)
    评估模型: qwen3-max
    [qwen3-max] 决策: select | 选笑话编号: 2
    评估模型: deepseek-v3.2
    [deepseek-v3.2] 决策: select | 选笑话编号: 4
    评估模型: kimi-k2.5
    [kimi-k2.5] 决策: create | 选笑话编号: None

  质量组: low (4个候选笑话)
    评估模型: qwen3-max
    [qwen3-max] 决策: select | 选笑话编号: 1
    评估模型: deepseek-v3.2
    [deepseek-v3.2] 决策: select | 选笑话编号: 1
    评估模型: kimi-k2.5
    [API] JSON解析失败: JSON解析失败: Expecting ',' delimiter: line 4 column 85 (char 142), model=kimi-k2.5
    [kimi-k2.5] 决策:  | 选笑话编号: ?

  Item完成: 耗时59.9s | 总耗时647.4min
  速率限制器状态: 可用令牌=48.0/48
  已保存中间结果 (670 条)

============================================================
处理 zh_0771... (671/1174)

  质量组: high (4个候选笑话)
    评估模型: qwen3-max
    [qwen3-max] 决策: select | 选笑话编号: 2
    评估模型: deepseek-v3.2
    [deepseek-v3.2] 决策: select | 选笑话编号: 2
    评估模型: kimi-k2.5
    [kimi-k2.5] 决策: create | 选笑话编号: None

  质量组: medium (4个候选笑话)
    评估模型: qwen3-max
    [qwen3-max] 决策: select | 选笑话编号: 2
    评估模型: deepseek-v3.2
    [deepseek-v3.2] 决策: select | 选笑话编号: 4
    评估模型: kimi-k2.5
    [kimi-k2.5] 决策: create | 选笑话编号: None

  质量组: low (4个候选笑话)
    评估模型: qwen3-max
    [qwen3-max] 决策: create | 选笑话编号: None
    评估模型: deepseek-v3.2
    [deepseek-v3.2] 决策: create | 选笑话编号: None
    评估模型: kimi-k2.5
    [kimi-k2.5] 决策: create | 选笑话编号: None

  Item完成: 耗时52.3s | 总耗时648.2min
  速率限制器状态: 可用令牌=48.0/48
  已保存中间结果 (671 条)

============================================================
处理 zh_0772... (672/1174)

  质量组: high (4个候选笑话)
    评估模型: qwen3-max
    [qwen3-max] 决策: select | 选笑话编号: 2
    评估模型: deepseek-v3.2
    [deepseek-v3.2] 决策: select | 选笑话编号: 2
    评估模型: kimi-k2.5
    [kimi-k2.5] 决策: select | 选笑话编号: 2

  质量组: medium (4个候选笑话)
    评估模型: qwen3-max
    [qwen3-max] 决策: select | 选笑话编号: 1
    评估模型: deepseek-v3.2
    [deepseek-v3.2] 决策: select | 选笑话编号: 1
    评估模型: kimi-k2.5
    [kimi-k2.5] 决策: create | 选笑话编号: None

  质量组: low (4个候选笑话)
    评估模型: qwen3-max
    [qwen3-max] 决策: create | 选笑话编号: None
    评估模型: deepseek-v3.2
    [deepseek-v3.2] 决策: create | 选笑话编号: None
    评估模型: kimi-k2.5
    [kimi-k2.5] 决策: create | 选笑话编号: None

  Item完成: 耗时56.1s | 总耗时649.2min
  速率限制器状态: 可用令牌=48.0/48
  已保存中间结果 (672 条)

============================================================
处理 zh_0773... (673/1174)

  质量组: high (4个候选笑话)
    评估模型: qwen3-max
    [qwen3-max] 决策: select | 选笑话编号: 1
    评估模型: deepseek-v3.2
    [deepseek-v3.2] 决策: select | 选笑话编号: 2
    评估模型: kimi-k2.5
    [kimi-k2.5] 决策: select | 选笑话编号: 4

  质量组: medium (4个候选笑话)
    评估模型: qwen3-max
    [qwen3-max] 决策: select | 选笑话编号: 2
    评估模型: deepseek-v3.2
    [deepseek-v3.2] 决策: select | 选笑话编号: 1
    评估模型: kimi-k2.5
    [kimi-k2.5] 决策: create | 选笑话编号: None

  质量组: low (4个候选笑话)
    评估模型: qwen3-max
    [qwen3-max] 决策: create | 选笑话编号: None
    评估模型: deepseek-v3.2
    [deepseek-v3.2] 决策: create | 选笑话编号: None
    评估模型: kimi-k2.5
    [kimi-k2.5] 决策: create | 选笑话编号: None

  Item完成: 耗时64.8s | 总耗时650.3min
  速率限制器状态: 可用令牌=48.0/48
  已保存中间结果 (673 条)

============================================================
处理 zh_0774... (674/1174)

  质量组: high (4个候选笑话)
    评估模型: qwen3-max
    [qwen3-max] 决策: select | 选笑话编号: 2
    评估模型: deepseek-v3.2
    [deepseek-v3.2] 决策: select | 选笑话编号: 4
    评估模型: kimi-k2.5
    [kimi-k2.5] 决策: create | 选笑话编号: None

  质量组: medium (4个候选笑话)
    评估模型: qwen3-max
    [qwen3-max] 决策: select | 选笑话编号: 4
    评估模型: deepseek-v3.2
    [deepseek-v3.2] 决策: select | 选笑话编号: 2
    评估模型: kimi-k2.5
    [kimi-k2.5] 决策: create | 选笑话编号: None

  质量组: low (4个候选笑话)
    评估模型: qwen3-max
    [qwen3-max] 决策: select | 选笑话编号: 3
    评估模型: deepseek-v3.2
    [deepseek-v3.2] 决策: select | 选笑话编号: 4
    评估模型: kimi-k2.5
    [kimi-k2.5] 决策: create | 选笑话编号: None

  Item完成: 耗时49.5s | 总耗时651.1min
  速率限制器状态: 可用令牌=48.0/48
  已保存中间结果 (674 条)

============================================================
处理 zh_0775... (675/1174)

  质量组: high (4个候选笑话)
    评估模型: qwen3-max
    [qwen3-max] 决策: select | 选笑话编号: 2
    评估模型: deepseek-v3.2
    [deepseek-v3.2] 决策: select | 选笑话编号: 3
    评估模型: kimi-k2.5
    [kimi-k2.5] 决策: create | 选笑话编号: None

  质量组: medium (4个候选笑话)
    评估模型: qwen3-max
    [qwen3-max] 决策: select | 选笑话编号: 2
    评估模型: deepseek-v3.2
    [deepseek-v3.2] 决策: select | 选笑话编号: 2
    评估模型: kimi-k2.5
    [kimi-k2.5] 决策: create | 选笑话编号: None

  质量组: low (4个候选笑话)
    评估模型: qwen3-max
    [qwen3-max] 决策: select | 选笑话编号: 1
    评估模型: deepseek-v3.2
    [deepseek-v3.2] 决策: create | 选笑话编号: None
    评估模型: kimi-k2.5
    [kimi-k2.5] 决策: create | 选笑话编号: None

  Item完成: 耗时63.2s | 总耗时652.2min
  速率限制器状态: 可用令牌=48.0/48
  已保存中间结果 (675 条)

============================================================
处理 zh_0776... (676/1174)

  质量组: high (4个候选笑话)
    评估模型: qwen3-max
    [qwen3-max] 决策: select | 选笑话编号: 2
    评估模型: deepseek-v3.2
    [deepseek-v3.2] 决策: select | 选笑话编号: 1
    评估模型: kimi-k2.5
    [kimi-k2.5] 决策: create | 选笑话编号: None

  质量组: medium (4个候选笑话)
    评估模型: qwen3-max
    [qwen3-max] 决策: select | 选笑话编号: 3
    评估模型: deepseek-v3.2
    [deepseek-v3.2] 决策: select | 选笑话编号: 4
    评估模型: kimi-k2.5
    [kimi-k2.5] 决策: create | 选笑话编号: None

  质量组: low (4个候选笑话)
    评估模型: qwen3-max
    [qwen3-max] 决策: select | 选笑话编号: 1
    评估模型: deepseek-v3.2
    [deepseek-v3.2] 决策: select | 选笑话编号: 1
    评估模型: kimi-k2.5
    [kimi-k2.5] 决策: create | 选笑话编号: None

  Item完成: 耗时68.7s | 总耗时653.3min
  速率限制器状态: 可用令牌=48.0/48
  已保存中间结果 (676 条)

============================================================
处理 zh_0777... (677/1174)

  质量组: high (4个候选笑话)
    评估模型: qwen3-max
    [qwen3-max] 决策: create | 选笑话编号: None
    评估模型: deepseek-v3.2
    [deepseek-v3.2] 决策: create | 选笑话编号: None
    评估模型: kimi-k2.5
    [kimi-k2.5] 决策: create | 选笑话编号: None

  质量组: medium (4个候选笑话)
    评估模型: qwen3-max
    [qwen3-max] 决策: create | 选笑话编号: None
    评估模型: deepseek-v3.2
    [deepseek-v3.2] 决策: select | 选笑话编号: 2
    评估模型: kimi-k2.5
    [kimi-k2.5] 决策: create | 选笑话编号: None

  质量组: low (4个候选笑话)
    评估模型: qwen3-max
    [qwen3-max] 决策: create | 选笑话编号: None
    评估模型: deepseek-v3.2
    [deepseek-v3.2] 决策: create | 选笑话编号: None
    评估模型: kimi-k2.5
    [kimi-k2.5] 决策: create | 选笑话编号: None

  Item完成: 耗时57.2s | 总耗时654.3min
  速率限制器状态: 可用令牌=48.0/48
  已保存中间结果 (677 条)

============================================================
处理 zh_0778... (678/1174)

  质量组: high (4个候选笑话)
    评估模型: qwen3-max
    [qwen3-max] 决策: select | 选笑话编号: 2
    评估模型: deepseek-v3.2
    [deepseek-v3.2] 决策: select | 选笑话编号: 3
    评估模型: kimi-k2.5
    [API] JSON解析失败: JSON解析失败: Expecting ',' delimiter: line 4 column 36 (char 93), model=kimi-k2.5
    [kimi-k2.5] 决策:  | 选笑话编号: ?

  质量组: medium (4个候选笑话)
    评估模型: qwen3-max
    [qwen3-max] 决策: select | 选笑话编号: 1
    评估模型: deepseek-v3.2
    [deepseek-v3.2] 决策: select | 选笑话编号: 4
    评估模型: kimi-k2.5
    [kimi-k2.5] 决策: create | 选笑话编号: None

  质量组: low (4个候选笑话)
    评估模型: qwen3-max
    [qwen3-max] 决策: create | 选笑话编号: None
    评估模型: deepseek-v3.2
    [deepseek-v3.2] 决策: select | 选笑话编号: 2
    评估模型: kimi-k2.5
    [kimi-k2.5] 决策: create | 选笑话编号: None

  Item完成: 耗时55.2s | 总耗时655.2min
  速率限制器状态: 可用令牌=48.0/48
  已保存中间结果 (678 条)

============================================================
处理 zh_0779... (679/1174)

  质量组: high (4个候选笑话)
    评估模型: qwen3-max
    [qwen3-max] 决策: select | 选笑话编号: 2
    评估模型: deepseek-v3.2
    [deepseek-v3.2] 决策: select | 选笑话编号: 2
    评估模型: kimi-k2.5
    [kimi-k2.5] 决策: create | 选笑话编号: None

  质量组: medium (4个候选笑话)
    评估模型: qwen3-max
    [qwen3-max] 决策: select | 选笑话编号: 4
    评估模型: deepseek-v3.2
    [deepseek-v3.2] 决策: select | 选笑话编号: 4
    评估模型: kimi-k2.5
    [kimi-k2.5] 决策: create | 选笑话编号: None

  质量组: low (4个候选笑话)
    评估模型: qwen3-max
    [qwen3-max] 决策: select | 选笑话编号: 4
    评估模型: deepseek-v3.2
    [deepseek-v3.2] 决策: select | 选笑话编号: 4
    评估模型: kimi-k2.5
    [kimi-k2.5] 决策: create | 选笑话编号: None

  Item完成: 耗时56.8s | 总耗时656.1min
  速率限制器状态: 可用令牌=48.0/48
  已保存中间结果 (679 条)

============================================================
处理 zh_0780... (680/1174)

  质量组: high (4个候选笑话)
    评估模型: qwen3-max
    [qwen3-max] 决策: select | 选笑话编号: 2
    评估模型: deepseek-v3.2
    [deepseek-v3.2] 决策: select | 选笑话编号: 1
    评估模型: kimi-k2.5
    [kimi-k2.5] 决策: create | 选笑话编号: None

  质量组: medium (4个候选笑话)
    评估模型: qwen3-max
    [qwen3-max] 决策: select | 选笑话编号: 2
    评估模型: deepseek-v3.2
    [deepseek-v3.2] 决策: select | 选笑话编号: 2
    评估模型: kimi-k2.5
    [kimi-k2.5] 决策: create | 选笑话编号: None

  质量组: low (4个候选笑话)
    评估模型: qwen3-max
    [qwen3-max] 决策: create | 选笑话编号: None
    评估模型: deepseek-v3.2
    [deepseek-v3.2] 决策: create | 选笑话编号: None
    评估模型: kimi-k2.5
    [kimi-k2.5] 决策: create | 选笑话编号: None

  Item完成: 耗时61.0s | 总耗时657.2min
  速率限制器状态: 可用令牌=48.0/48
  已保存中间结果 (680 条)

============================================================
处理 zh_0781... (681/1174)

  质量组: high (4个候选笑话)
    评估模型: qwen3-max
    [qwen3-max] 决策: select | 选笑话编号: 2
    评估模型: deepseek-v3.2
    [deepseek-v3.2] 决策: select | 选笑话编号: 4
    评估模型: kimi-k2.5
    [kimi-k2.5] 决策: create | 选笑话编号: None

  质量组: medium (4个候选笑话)
    评估模型: qwen3-max
    [qwen3-max] 决策: select | 选笑话编号: 1
    评估模型: deepseek-v3.2
    [deepseek-v3.2] 决策: select | 选笑话编号: 1
    评估模型: kimi-k2.5
    [kimi-k2.5] 决策: create | 选笑话编号: None

  质量组: low (4个候选笑话)
    评估模型: qwen3-max
    [qwen3-max] 决策: create | 选笑话编号: None
    评估模型: deepseek-v3.2
    [deepseek-v3.2] 决策: select | 选笑话编号: 4
    评估模型: kimi-k2.5
    [kimi-k2.5] 决策: create | 选笑话编号: None

  Item完成: 耗时56.2s | 总耗时658.1min
  速率限制器状态: 可用令牌=48.0/48
  已保存中间结果 (681 条)

============================================================
处理 zh_0782... (682/1174)

  质量组: high (4个候选笑话)
    评估模型: qwen3-max
    [qwen3-max] 决策: select | 选笑话编号: 2
    评估模型: deepseek-v3.2
    [deepseek-v3.2] 决策: select | 选笑话编号: 2
    评估模型: kimi-k2.5
    [kimi-k2.5] 决策: create | 选笑话编号: None

  质量组: medium (4个候选笑话)
    评估模型: qwen3-max
    [qwen3-max] 决策: select | 选笑话编号: 2
    评估模型: deepseek-v3.2
    [deepseek-v3.2] 决策: select | 选笑话编号: 4
    评估模型: kimi-k2.5
    [API] JSON解析失败: JSON解析失败: Expecting ',' delimiter: line 4 column 52 (char 109), model=kimi-k2.5
    [kimi-k2.5] 决策:  | 选笑话编号: ?

  质量组: low (4个候选笑话)
    评估模型: qwen3-max
    [qwen3-max] 决策: select | 选笑话编号: 2
    评估模型: deepseek-v3.2
    [deepseek-v3.2] 决策: select | 选笑话编号: 2
    评估模型: kimi-k2.5
    [API] JSON解析失败: JSON解析失败: Expecting ',' delimiter: line 5 column 36 (char 205), model=kimi-k2.5
    [kimi-k2.5] 决策:  | 选笑话编号: ?

  Item完成: 耗时56.0s | 总耗时659.0min
  速率限制器状态: 可用令牌=48.0/48
  已保存中间结果 (682 条)

============================================================
处理 zh_0783... (683/1174)

  质量组: high (4个候选笑话)
    评估模型: qwen3-max
    [qwen3-max] 决策: select | 选笑话编号: 2
    评估模型: deepseek-v3.2
    [deepseek-v3.2] 决策: select | 选笑话编号: 2
    评估模型: kimi-k2.5
    [kimi-k2.5] 决策: select | 选笑话编号: 2

  质量组: medium (4个候选笑话)
    评估模型: qwen3-max
    [qwen3-max] 决策: select | 选笑话编号: 1
    评估模型: deepseek-v3.2
    [deepseek-v3.2] 决策: select | 选笑话编号: 1
    评估模型: kimi-k2.5
    [kimi-k2.5] 决策: create | 选笑话编号: None

  质量组: low (4个候选笑话)
    评估模型: qwen3-max
    [qwen3-max] 决策: create | 选笑话编号: None
    评估模型: deepseek-v3.2
    [deepseek-v3.2] 决策: select | 选笑话编号: 2
    评估模型: kimi-k2.5
    [kimi-k2.5] 决策: create | 选笑话编号: None

  Item完成: 耗时57.1s | 总耗时660.0min
  速率限制器状态: 可用令牌=48.0/48
  已保存中间结果 (683 条)

============================================================
处理 zh_0784... (684/1174)

  质量组: high (4个候选笑话)
    评估模型: qwen3-max
    [qwen3-max] 决策: select | 选笑话编号: 2
    评估模型: deepseek-v3.2
    [deepseek-v3.2] 决策: select | 选笑话编号: 3
    评估模型: kimi-k2.5
    [kimi-k2.5] 决策: create | 选笑话编号: None

  质量组: medium (4个候选笑话)
    评估模型: qwen3-max
    [qwen3-max] 决策: select | 选笑话编号: 1
    评估模型: deepseek-v3.2
    [deepseek-v3.2] 决策: select | 选笑话编号: 1
    评估模型: kimi-k2.5
    [kimi-k2.5] 决策: create | 选笑话编号: None

  质量组: low (4个候选笑话)
    评估模型: qwen3-max
    [qwen3-max] 决策: select | 选笑话编号: 4
    评估模型: deepseek-v3.2
    [deepseek-v3.2] 决策: select | 选笑话编号: 4
    评估模型: kimi-k2.5
    [kimi-k2.5] 决策: create | 选笑话编号: None

  Item完成: 耗时58.7s | 总耗时661.0min
  速率限制器状态: 可用令牌=48.0/48
  已保存中间结果 (684 条)

============================================================
处理 zh_0785... (685/1174)

  质量组: high (4个候选笑话)
    评估模型: qwen3-max
    [qwen3-max] 决策: select | 选笑话编号: 2
    评估模型: deepseek-v3.2
    [deepseek-v3.2] 决策: select | 选笑话编号: 4
    评估模型: kimi-k2.5
    [kimi-k2.5] 决策: select | 选笑话编号: 2

  质量组: medium (4个候选笑话)
    评估模型: qwen3-max
    [qwen3-max] 决策: select | 选笑话编号: 2
    评估模型: deepseek-v3.2
    [deepseek-v3.2] 决策: select | 选笑话编号: 2
    评估模型: kimi-k2.5
    [kimi-k2.5] 决策: create | 选笑话编号: None

  质量组: low (4个候选笑话)
    评估模型: qwen3-max
    [qwen3-max] 决策: create | 选笑话编号: None
    评估模型: deepseek-v3.2
    [deepseek-v3.2] 决策: select | 选笑话编号: 2
    评估模型: kimi-k2.5
    [kimi-k2.5] 决策: create | 选笑话编号: None

  Item完成: 耗时53.0s | 总耗时661.9min
  速率限制器状态: 可用令牌=48.0/48
  已保存中间结果 (685 条)

============================================================
处理 zh_0786... (686/1174)

  质量组: high (4个候选笑话)
    评估模型: qwen3-max
    [qwen3-max] 决策: select | 选笑话编号: 4
    评估模型: deepseek-v3.2
    [deepseek-v3.2] 决策: select | 选笑话编号: 1
    评估模型: kimi-k2.5
    [kimi-k2.5] 决策: create | 选笑话编号: None

  质量组: medium (4个候选笑话)
    评估模型: qwen3-max
    [qwen3-max] 决策: select | 选笑话编号: 2
    评估模型: deepseek-v3.2
    [deepseek-v3.2] 决策: select | 选笑话编号: 2
    评估模型: kimi-k2.5
    [kimi-k2.5] 决策: create | 选笑话编号: None

  质量组: low (4个候选笑话)
    评估模型: qwen3-max
    [qwen3-max] 决策: create | 选笑话编号: None
    评估模型: deepseek-v3.2
    [deepseek-v3.2] 决策: select | 选笑话编号: 1
    评估模型: kimi-k2.5
    [kimi-k2.5] 决策: create | 选笑话编号: None

  Item完成: 耗时66.1s | 总耗时663.0min
  速率限制器状态: 可用令牌=48.0/48
  已保存中间结果 (686 条)

============================================================
处理 zh_0787... (687/1174)

  质量组: high (4个候选笑话)
    评估模型: qwen3-max
    [qwen3-max] 决策: select | 选笑话编号: 2
    评估模型: deepseek-v3.2
    [deepseek-v3.2] 决策: select | 选笑话编号: 2
    评估模型: kimi-k2.5
    [kimi-k2.5] 决策: create | 选笑话编号: None

  质量组: medium (4个候选笑话)
    评估模型: qwen3-max
    [qwen3-max] 决策: select | 选笑话编号: 2
    评估模型: deepseek-v3.2
    [deepseek-v3.2] 决策: select | 选笑话编号: 3
    评估模型: kimi-k2.5
    [kimi-k2.5] 决策: create | 选笑话编号: None

  质量组: low (4个候选笑话)
    评估模型: qwen3-max
    [qwen3-max] 决策: create | 选笑话编号: None
    评估模型: deepseek-v3.2
    [deepseek-v3.2] 决策: create | 选笑话编号: None
    评估模型: kimi-k2.5
    [API] JSON解析失败: JSON解析失败: Expecting ',' delimiter: line 4 column 59 (char 116), model=kimi-k2.5
    [kimi-k2.5] 决策:  | 选笑话编号: ?

  Item完成: 耗时54.3s | 总耗时663.9min
  速率限制器状态: 可用令牌=48.0/48
  已保存中间结果 (687 条)

============================================================
处理 zh_0788... (688/1174)

  质量组: high (4个候选笑话)
    评估模型: qwen3-max
    [qwen3-max] 决策: select | 选笑话编号: 2
    评估模型: deepseek-v3.2
    [deepseek-v3.2] 决策: select | 选笑话编号: 4
    评估模型: kimi-k2.5
    [kimi-k2.5] 决策: create | 选笑话编号: None

  质量组: medium (4个候选笑话)
    评估模型: qwen3-max
    [qwen3-max] 决策: select | 选笑话编号: 1
    评估模型: deepseek-v3.2
    [deepseek-v3.2] 决策: select | 选笑话编号: 4
    评估模型: kimi-k2.5
    [kimi-k2.5] 决策: create | 选笑话编号: None

  质量组: low (4个候选笑话)
    评估模型: qwen3-max
    [qwen3-max] 决策: create | 选笑话编号: None
    评估模型: deepseek-v3.2
    [deepseek-v3.2] 决策: select | 选笑话编号: 1
    评估模型: kimi-k2.5
    [kimi-k2.5] 决策: create | 选笑话编号: None

  Item完成: 耗时56.7s | 总耗时664.8min
  速率限制器状态: 可用令牌=48.0/48
  已保存中间结果 (688 条)

============================================================
处理 zh_0789... (689/1174)

  质量组: high (4个候选笑话)
    评估模型: qwen3-max
    [qwen3-max] 决策: select | 选笑话编号: 2
    评估模型: deepseek-v3.2
    [deepseek-v3.2] 决策: select | 选笑话编号: 2
    评估模型: kimi-k2.5
    [API] JSON解析失败: JSON解析失败: Expecting ',' delimiter: line 4 column 22 (char 76), model=kimi-k2.5
    [kimi-k2.5] 决策:  | 选笑话编号: ?

  质量组: medium (4个候选笑话)
    评估模型: qwen3-max
    [qwen3-max] 决策: select | 选笑话编号: 2
    评估模型: deepseek-v3.2
    [deepseek-v3.2] 决策: select | 选笑话编号: 2
    评估模型: kimi-k2.5
    [API] JSON解析失败: JSON解析失败: Expecting ',' delimiter: line 5 column 26 (char 186), model=kimi-k2.5
    [kimi-k2.5] 决策:  | 选笑话编号: ?

  质量组: low (4个候选笑话)
    评估模型: qwen3-max
    [qwen3-max] 决策: select | 选笑话编号: 1
    评估模型: deepseek-v3.2
    [deepseek-v3.2] 决策: create | 选笑话编号: None
    评估模型: kimi-k2.5
    [API] JSON解析失败: JSON解析失败: Expecting ',' delimiter: line 5 column 87 (char 298), model=kimi-k2.5
    [kimi-k2.5] 决策:  | 选笑话编号: ?

  Item完成: 耗时56.4s | 总耗时665.8min
  速率限制器状态: 可用令牌=48.0/48
  已保存中间结果 (689 条)

============================================================
处理 zh_0790... (690/1174)

  质量组: high (4个候选笑话)
    评估模型: qwen3-max
    [qwen3-max] 决策: select | 选笑话编号: 2
    评估模型: deepseek-v3.2
    [deepseek-v3.2] 决策: select | 选笑话编号: 2
    评估模型: kimi-k2.5
    [kimi-k2.5] 决策: select | 选笑话编号: 2

  质量组: medium (4个候选笑话)
    评估模型: qwen3-max
    [qwen3-max] 决策: select | 选笑话编号: 4
    评估模型: deepseek-v3.2
    [deepseek-v3.2] 决策: select | 选笑话编号: 4
    评估模型: kimi-k2.5
    [kimi-k2.5] 决策: create | 选笑话编号: None

  质量组: low (4个候选笑话)
    评估模型: qwen3-max
    [qwen3-max] 决策: create | 选笑话编号: None
    评估模型: deepseek-v3.2
    [deepseek-v3.2] 决策: select | 选笑话编号: 4
    评估模型: kimi-k2.5
    [kimi-k2.5] 决策: create | 选笑话编号: None

  Item完成: 耗时68.9s | 总耗时666.9min
  速率限制器状态: 可用令牌=48.0/48
  已保存中间结果 (690 条)

============================================================
处理 zh_0791... (691/1174)

  质量组: high (4个候选笑话)
    评估模型: qwen3-max
    [qwen3-max] 决策: select | 选笑话编号: 2
    评估模型: deepseek-v3.2
    [deepseek-v3.2] 决策: select | 选笑话编号: 4
    评估模型: kimi-k2.5
    [API] JSON解析失败: JSON解析失败: Expecting ',' delimiter: line 5 column 21 (char 170), model=kimi-k2.5
    [kimi-k2.5] 决策:  | 选笑话编号: ?

  质量组: medium (4个候选笑话)
    评估模型: qwen3-max
    [qwen3-max] 决策: select | 选笑话编号: 1
    评估模型: deepseek-v3.2
    [deepseek-v3.2] 决策: select | 选笑话编号: 4
    评估模型: kimi-k2.5
    [kimi-k2.5] 决策: select | 选笑话编号: 4

  质量组: low (4个候选笑话)
    评估模型: qwen3-max
    [qwen3-max] 决策: select | 选笑话编号: 2
    评估模型: deepseek-v3.2
    [deepseek-v3.2] 决策: select | 选笑话编号: 2
    评估模型: kimi-k2.5
    [kimi-k2.5] 决策: create | 选笑话编号: None

  Item完成: 耗时48.3s | 总耗时667.7min
  速率限制器状态: 可用令牌=48.0/48
  已保存中间结果 (691 条)

============================================================
处理 zh_0792... (692/1174)

  质量组: high (4个候选笑话)
    评估模型: qwen3-max
    [qwen3-max] 决策: create | 选笑话编号: None
    评估模型: deepseek-v3.2
    [deepseek-v3.2] 决策: select | 选笑话编号: 4
    评估模型: kimi-k2.5
    [kimi-k2.5] 决策: create | 选笑话编号: None

  质量组: medium (4个候选笑话)
    评估模型: qwen3-max
    [qwen3-max] 决策: create | 选笑话编号: None
    评估模型: deepseek-v3.2
    [deepseek-v3.2] 决策: create | 选笑话编号: None
    评估模型: kimi-k2.5
    [kimi-k2.5] 决策: create | 选笑话编号: None

  质量组: low (4个候选笑话)
    评估模型: qwen3-max
    [qwen3-max] 决策: create | 选笑话编号: None
    评估模型: deepseek-v3.2
    [deepseek-v3.2] 决策: create | 选笑话编号: None
    评估模型: kimi-k2.5
    [kimi-k2.5] 决策: create | 选笑话编号: None

  Item完成: 耗时54.5s | 总耗时668.7min
  速率限制器状态: 可用令牌=48.0/48
  已保存中间结果 (692 条)

============================================================
处理 zh_0793... (693/1174)

  质量组: high (4个候选笑话)
    评估模型: qwen3-max
    [qwen3-max] 决策: create | 选笑话编号: None
    评估模型: deepseek-v3.2
    [deepseek-v3.2] 决策: select | 选笑话编号: 2
    评估模型: kimi-k2.5
    [kimi-k2.5] 决策: create | 选笑话编号: None

  质量组: medium (4个候选笑话)
    评估模型: qwen3-max
    [qwen3-max] 决策: select | 选笑话编号: 3
    评估模型: deepseek-v3.2
    [deepseek-v3.2] 决策: select | 选笑话编号: 1
    评估模型: kimi-k2.5
    [kimi-k2.5] 决策: create | 选笑话编号: None

  质量组: low (4个候选笑话)
    评估模型: qwen3-max
    [qwen3-max] 决策: create | 选笑话编号: None
    评估模型: deepseek-v3.2
    [deepseek-v3.2] 决策: create | 选笑话编号: None
    评估模型: kimi-k2.5
    [kimi-k2.5] 决策: create | 选笑话编号: None

  Item完成: 耗时47.4s | 总耗时669.4min
  速率限制器状态: 可用令牌=48.0/48
  已保存中间结果 (693 条)

============================================================
处理 zh_0794... (694/1174)

  质量组: high (4个候选笑话)
    评估模型: qwen3-max
    [qwen3-max] 决策: select | 选笑话编号: 2
    评估模型: deepseek-v3.2
    [deepseek-v3.2] 决策: select | 选笑话编号: 2
    评估模型: kimi-k2.5
    [kimi-k2.5] 决策: create | 选笑话编号: None

  质量组: medium (4个候选笑话)
    评估模型: qwen3-max
    [qwen3-max] 决策: select | 选笑话编号: 1
    评估模型: deepseek-v3.2
    [deepseek-v3.2] 决策: select | 选笑话编号: 1
    评估模型: kimi-k2.5
    [API] JSON解析失败: JSON解析失败: Expecting ',' delimiter: line 5 column 39 (char 209), model=kimi-k2.5
    [kimi-k2.5] 决策:  | 选笑话编号: ?

  质量组: low (4个候选笑话)
    评估模型: qwen3-max
    [qwen3-max] 决策: select | 选笑话编号: 3
    评估模型: deepseek-v3.2
    [deepseek-v3.2] 决策: create | 选笑话编号: None
    评估模型: kimi-k2.5
    [API] JSON解析失败: JSON解析失败: Expecting ',' delimiter: line 5 column 40 (char 217), model=kimi-k2.5
    [kimi-k2.5] 决策:  | 选笑话编号: ?

  Item完成: 耗时53.4s | 总耗时670.3min
  速率限制器状态: 可用令牌=48.0/48
  已保存中间结果 (694 条)

============================================================
处理 zh_0795... (695/1174)

  质量组: high (4个候选笑话)
    评估模型: qwen3-max
    [qwen3-max] 决策: select | 选笑话编号: 2
    评估模型: deepseek-v3.2
    [deepseek-v3.2] 决策: select | 选笑话编号: 2
    评估模型: kimi-k2.5
    [kimi-k2.5] 决策: create | 选笑话编号: None

  质量组: medium (4个候选笑话)
    评估模型: qwen3-max
    [qwen3-max] 决策: select | 选笑话编号: 1
    评估模型: deepseek-v3.2
    [deepseek-v3.2] 决策: select | 选笑话编号: 1
    评估模型: kimi-k2.5
    [API] JSON解析失败: JSON解析失败: Expecting ',' delimiter: line 4 column 48 (char 102), model=kimi-k2.5
    [kimi-k2.5] 决策:  | 选笑话编号: ?

  质量组: low (4个候选笑话)
    评估模型: qwen3-max
    [qwen3-max] 决策: create | 选笑话编号: None
    评估模型: deepseek-v3.2
    [deepseek-v3.2] 决策: select | 选笑话编号: 2
    评估模型: kimi-k2.5
    [kimi-k2.5] 决策: create | 选笑话编号: None

  Item完成: 耗时50.1s | 总耗时671.2min
  速率限制器状态: 可用令牌=48.0/48
  已保存中间结果 (695 条)

============================================================
处理 zh_0796... (696/1174)

  质量组: high (4个候选笑话)
    评估模型: qwen3-max
    [qwen3-max] 决策: select | 选笑话编号: 2
    评估模型: deepseek-v3.2
    [deepseek-v3.2] 决策: select | 选笑话编号: 2
    评估模型: kimi-k2.5
    [kimi-k2.5] 决策: create | 选笑话编号: None

  质量组: medium (4个候选笑话)
    评估模型: qwen3-max
    [qwen3-max] 决策: select | 选笑话编号: 4
    评估模型: deepseek-v3.2
    [deepseek-v3.2] 决策: select | 选笑话编号: 4
    评估模型: kimi-k2.5
    [kimi-k2.5] 决策: create | 选笑话编号: None

  质量组: low (4个候选笑话)
    评估模型: qwen3-max
    [qwen3-max] 决策: create | 选笑话编号: None
    评估模型: deepseek-v3.2
    [deepseek-v3.2] 决策: select | 选笑话编号: 1
    评估模型: kimi-k2.5
    [kimi-k2.5] 决策: create | 选笑话编号: None

  Item完成: 耗时59.5s | 总耗时672.2min
  速率限制器状态: 可用令牌=48.0/48
  已保存中间结果 (696 条)

============================================================
处理 zh_0797... (697/1174)

  质量组: high (4个候选笑话)
    评估模型: qwen3-max
    [qwen3-max] 决策: select | 选笑话编号: 2
    评估模型: deepseek-v3.2
    [deepseek-v3.2] 决策: select | 选笑话编号: 4
    评估模型: kimi-k2.5
    [kimi-k2.5] 决策: create | 选笑话编号: None

  质量组: medium (4个候选笑话)
    评估模型: qwen3-max
    [qwen3-max] 决策: select | 选笑话编号: 1
    评估模型: deepseek-v3.2
    [deepseek-v3.2] 决策: select | 选笑话编号: 4
    评估模型: kimi-k2.5
    [kimi-k2.5] 决策: create | 选笑话编号: None

  质量组: low (4个候选笑话)
    评估模型: qwen3-max
    [qwen3-max] 决策: select | 选笑话编号: 2
    评估模型: deepseek-v3.2
    [deepseek-v3.2] 决策: create | 选笑话编号: None
    评估模型: kimi-k2.5
    [kimi-k2.5] 决策: create | 选笑话编号: None

  Item完成: 耗时58.6s | 总耗时673.2min
  速率限制器状态: 可用令牌=48.0/48
  已保存中间结果 (697 条)

============================================================
处理 zh_0798... (698/1174)

  质量组: high (4个候选笑话)
    评估模型: qwen3-max
    [qwen3-max] 决策: create | 选笑话编号: None
    评估模型: deepseek-v3.2
    [deepseek-v3.2] 决策: create | 选笑话编号: None
    评估模型: kimi-k2.5
    [kimi-k2.5] 决策: create | 选笑话编号: None

  质量组: medium (4个候选笑话)
    评估模型: qwen3-max
    [qwen3-max] 决策: create | 选笑话编号: None
    评估模型: deepseek-v3.2
    [deepseek-v3.2] 决策: create | 选笑话编号: None
    评估模型: kimi-k2.5
    [kimi-k2.5] 决策: create | 选笑话编号: None

  质量组: low (4个候选笑话)
    评估模型: qwen3-max
    [qwen3-max] 决策: create | 选笑话编号: None
    评估模型: deepseek-v3.2
    [deepseek-v3.2] 决策: create | 选笑话编号: None
    评估模型: kimi-k2.5
    [kimi-k2.5] 决策: create | 选笑话编号: None

  Item完成: 耗时52.5s | 总耗时674.0min
  速率限制器状态: 可用令牌=48.0/48
  已保存中间结果 (698 条)

============================================================
处理 zh_0799... (699/1174)

  质量组: high (4个候选笑话)
    评估模型: qwen3-max
    [qwen3-max] 决策: select | 选笑话编号: 1
    评估模型: deepseek-v3.2
    [deepseek-v3.2] 决策: select | 选笑话编号: 4
    评估模型: kimi-k2.5
    [kimi-k2.5] 决策: create | 选笑话编号: None

  质量组: medium (4个候选笑话)
    评估模型: qwen3-max
    [qwen3-max] 决策: create | 选笑话编号: None
    评估模型: deepseek-v3.2
    [deepseek-v3.2] 决策: create | 选笑话编号: None
    评估模型: kimi-k2.5
    [kimi-k2.5] 决策: create | 选笑话编号: None

  质量组: low (4个候选笑话)
    评估模型: qwen3-max
    [qwen3-max] 决策: create | 选笑话编号: None
    评估模型: deepseek-v3.2
    [deepseek-v3.2] 决策: create | 选笑话编号: None
    评估模型: kimi-k2.5
    [kimi-k2.5] 决策: create | 选笑话编号: None

  Item完成: 耗时58.6s | 总耗时675.0min
  速率限制器状态: 可用令牌=48.0/48
  已保存中间结果 (699 条)

============================================================
处理 zh_0800... (700/1174)

  质量组: high (4个候选笑话)
    评估模型: qwen3-max
    [qwen3-max] 决策: select | 选笑话编号: 2
    评估模型: deepseek-v3.2
    [deepseek-v3.2] 决策: select | 选笑话编号: 2
    评估模型: kimi-k2.5
    [kimi-k2.5] 决策: create | 选笑话编号: None

  质量组: medium (4个候选笑话)
    评估模型: qwen3-max
    [qwen3-max] 决策: select | 选笑话编号: 4
    评估模型: deepseek-v3.2
    [deepseek-v3.2] 决策: select | 选笑话编号: 4
    评估模型: kimi-k2.5
    [kimi-k2.5] 决策: create | 选笑话编号: None

  质量组: low (4个候选笑话)
    评估模型: qwen3-max
    [qwen3-max] 决策: select | 选笑话编号: 1
    评估模型: deepseek-v3.2
    [deepseek-v3.2] 决策: select | 选笑话编号: 1
    评估模型: kimi-k2.5
    [kimi-k2.5] 决策: create | 选笑话编号: None

  Item完成: 耗时65.4s | 总耗时676.1min
  速率限制器状态: 可用令牌=48.0/48
  已保存中间结果 (700 条)

============================================================
处理 zh_0801... (701/1174)

  质量组: high (4个候选笑话)
    评估模型: qwen3-max
    [qwen3-max] 决策: select | 选笑话编号: 1
    评估模型: deepseek-v3.2
    [deepseek-v3.2] 决策: select | 选笑话编号: 4
    评估模型: kimi-k2.5
    [kimi-k2.5] 决策: create | 选笑话编号: None

  质量组: medium (4个候选笑话)
    评估模型: qwen3-max
    [qwen3-max] 决策: select | 选笑话编号: 1
    评估模型: deepseek-v3.2
    [deepseek-v3.2] 决策: select | 选笑话编号: 2
    评估模型: kimi-k2.5
    [kimi-k2.5] 决策: create | 选笑话编号: None

  质量组: low (4个候选笑话)
    评估模型: qwen3-max
    [qwen3-max] 决策: create | 选笑话编号: None
    评估模型: deepseek-v3.2
    [deepseek-v3.2] 决策: create | 选笑话编号: None
    评估模型: kimi-k2.5
    [kimi-k2.5] 决策: create | 选笑话编号: None

  Item完成: 耗时52.7s | 总耗时677.0min
  速率限制器状态: 可用令牌=48.0/48
  已保存中间结果 (701 条)

============================================================
处理 zh_0802... (702/1174)

  质量组: high (4个候选笑话)
    评估模型: qwen3-max
    [qwen3-max] 决策: select | 选笑话编号: 3
    评估模型: deepseek-v3.2
    [deepseek-v3.2] 决策: select | 选笑话编号: 1
    评估模型: kimi-k2.5
    [kimi-k2.5] 决策: create | 选笑话编号: None

  质量组: medium (4个候选笑话)
    评估模型: qwen3-max
    [qwen3-max] 决策: select | 选笑话编号: 4
    评估模型: deepseek-v3.2
    [deepseek-v3.2] 决策: select | 选笑话编号: 4
    评估模型: kimi-k2.5
    [kimi-k2.5] 决策: select | 选笑话编号: 4

  质量组: low (4个候选笑话)
    评估模型: qwen3-max
    [qwen3-max] 决策: create | 选笑话编号: None
    评估模型: deepseek-v3.2
    [deepseek-v3.2] 决策: select | 选笑话编号: 2
    评估模型: kimi-k2.5
    [kimi-k2.5] 决策: create | 选笑话编号: None

  Item完成: 耗时54.1s | 总耗时677.9min
  速率限制器状态: 可用令牌=48.0/48
  已保存中间结果 (702 条)

============================================================
处理 zh_0803... (703/1174)

  质量组: high (4个候选笑话)
    评估模型: qwen3-max
    [qwen3-max] 决策: select | 选笑话编号: 2
    评估模型: deepseek-v3.2
    [deepseek-v3.2] 决策: select | 选笑话编号: 2
    评估模型: kimi-k2.5
    [kimi-k2.5] 决策: create | 选笑话编号: None

  质量组: medium (4个候选笑话)
    评估模型: qwen3-max
    [qwen3-max] 决策: select | 选笑话编号: 2
    评估模型: deepseek-v3.2
    [deepseek-v3.2] 决策: select | 选笑话编号: 2
    评估模型: kimi-k2.5
    [kimi-k2.5] 决策: create | 选笑话编号: None

  质量组: low (4个候选笑话)
    评估模型: qwen3-max
    [qwen3-max] 决策: create | 选笑话编号: None
    评估模型: deepseek-v3.2
    [deepseek-v3.2] 决策: select | 选笑话编号: 1
    评估模型: kimi-k2.5
    [kimi-k2.5] 决策: create | 选笑话编号: None

  Item完成: 耗时63.5s | 总耗时679.0min
  速率限制器状态: 可用令牌=48.0/48
  已保存中间结果 (703 条)

============================================================
处理 zh_0804... (704/1174)

  质量组: high (4个候选笑话)
    评估模型: qwen3-max
    [qwen3-max] 决策: select | 选笑话编号: 1
    评估模型: deepseek-v3.2
    [deepseek-v3.2] 决策: select | 选笑话编号: 1
    评估模型: kimi-k2.5
    [kimi-k2.5] 决策: create | 选笑话编号: None

  质量组: medium (4个候选笑话)
    评估模型: qwen3-max
    [qwen3-max] 决策: select | 选笑话编号: 1
    评估模型: deepseek-v3.2
    [deepseek-v3.2] 决策: select | 选笑话编号: 1
    评估模型: kimi-k2.5
    [kimi-k2.5] 决策: create | 选笑话编号: None

  质量组: low (4个候选笑话)
    评估模型: qwen3-max
    [qwen3-max] 决策: select | 选笑话编号: 1
    评估模型: deepseek-v3.2
    [deepseek-v3.2] 决策: select | 选笑话编号: 1
    评估模型: kimi-k2.5
    [kimi-k2.5] 决策: create | 选笑话编号: None

  Item完成: 耗时61.6s | 总耗时680.0min
  速率限制器状态: 可用令牌=48.0/48
  已保存中间结果 (704 条)

============================================================
处理 zh_0805... (705/1174)

  质量组: high (4个候选笑话)
    评估模型: qwen3-max
    [qwen3-max] 决策: select | 选笑话编号: 2
    评估模型: deepseek-v3.2
    [deepseek-v3.2] 决策: select | 选笑话编号: 2
    评估模型: kimi-k2.5
    [API] JSON解析失败: JSON解析失败: Expecting ',' delimiter: line 4 column 25 (char 79), model=kimi-k2.5
    [kimi-k2.5] 决策:  | 选笑话编号: ?

  质量组: medium (4个候选笑话)
    评估模型: qwen3-max
    [qwen3-max] 决策: select | 选笑话编号: 4
    评估模型: deepseek-v3.2
    [deepseek-v3.2] 决策: select | 选笑话编号: 4
    评估模型: kimi-k2.5
    [API] JSON解析失败: JSON解析失败: Expecting ',' delimiter: line 5 column 24 (char 189), model=kimi-k2.5
    [kimi-k2.5] 决策:  | 选笑话编号: ?

  质量组: low (4个候选笑话)
    评估模型: qwen3-max
    [qwen3-max] 决策: create | 选笑话编号: None
    评估模型: deepseek-v3.2
    [deepseek-v3.2] 决策: select | 选笑话编号: 2
    评估模型: kimi-k2.5
    [API] JSON解析失败: JSON解析失败: Expecting ',' delimiter: line 5 column 26 (char 225), model=kimi-k2.5
    [kimi-k2.5] 决策:  | 选笑话编号: ?

  Item完成: 耗时60.1s | 总耗时681.0min
  速率限制器状态: 可用令牌=48.0/48
  已保存中间结果 (705 条)

============================================================
处理 zh_0806... (706/1174)

  质量组: high (4个候选笑话)
    评估模型: qwen3-max
    [qwen3-max] 决策: select | 选笑话编号: 1
    评估模型: deepseek-v3.2
    [deepseek-v3.2] 决策: select | 选笑话编号: 1
    评估模型: kimi-k2.5
    [kimi-k2.5] 决策: select | 选笑话编号: 1

  质量组: medium (4个候选笑话)
    评估模型: qwen3-max
    [qwen3-max] 决策: select | 选笑话编号: 1
    评估模型: deepseek-v3.2
    [deepseek-v3.2] 决策: select | 选笑话编号: 1
    评估模型: kimi-k2.5
    [kimi-k2.5] 决策: create | 选笑话编号: None

  质量组: low (4个候选笑话)
    评估模型: qwen3-max
    [qwen3-max] 决策: create | 选笑话编号: None
    评估模型: deepseek-v3.2
    [deepseek-v3.2] 决策: create | 选笑话编号: None
    评估模型: kimi-k2.5
    [kimi-k2.5] 决策: create | 选笑话编号: None

  Item完成: 耗时58.1s | 总耗时682.0min
  速率限制器状态: 可用令牌=48.0/48
  已保存中间结果 (706 条)

============================================================
处理 zh_0807... (707/1174)

  质量组: high (4个候选笑话)
    评估模型: qwen3-max
    [qwen3-max] 决策: select | 选笑话编号: 1
    评估模型: deepseek-v3.2
    [deepseek-v3.2] 决策: select | 选笑话编号: 1
    评估模型: kimi-k2.5
    [kimi-k2.5] 决策: select | 选笑话编号: 1

  质量组: medium (4个候选笑话)
    评估模型: qwen3-max
    [qwen3-max] 决策: create | 选笑话编号: None
    评估模型: deepseek-v3.2
    [deepseek-v3.2] 决策: select | 选笑话编号: 4
    评估模型: kimi-k2.5
    [kimi-k2.5] 决策: create | 选笑话编号: None

  质量组: low (4个候选笑话)
    评估模型: qwen3-max
    [qwen3-max] 决策: select | 选笑话编号: 4
    评估模型: deepseek-v3.2
    [deepseek-v3.2] 决策: select | 选笑话编号: 4
    评估模型: kimi-k2.5
    [kimi-k2.5] 决策: create | 选笑话编号: None

  Item完成: 耗时54.2s | 总耗时682.9min
  速率限制器状态: 可用令牌=48.0/48
  已保存中间结果 (707 条)

============================================================
处理 zh_0808... (708/1174)

  质量组: high (4个候选笑话)
    评估模型: qwen3-max
    [qwen3-max] 决策: select | 选笑话编号: 2
    评估模型: deepseek-v3.2
    [deepseek-v3.2] 决策: select | 选笑话编号: 2
    评估模型: kimi-k2.5
    [kimi-k2.5] 决策: create | 选笑话编号: None

  质量组: medium (4个候选笑话)
    评估模型: qwen3-max
    [qwen3-max] 决策: create | 选笑话编号: None
    评估模型: deepseek-v3.2
    [deepseek-v3.2] 决策: create | 选笑话编号: None
    评估模型: kimi-k2.5
    [API] JSON解析失败: JSON解析失败: Expecting ',' delimiter: line 4 column 39 (char 96), model=kimi-k2.5
    [kimi-k2.5] 决策:  | 选笑话编号: ?

  质量组: low (4个候选笑话)
    评估模型: qwen3-max
    [qwen3-max] 决策: select | 选笑话编号: 1
    评估模型: deepseek-v3.2
    [deepseek-v3.2] 决策: create | 选笑话编号: None
    评估模型: kimi-k2.5
    [API] JSON解析失败: JSON解析失败: Expecting ',' delimiter: line 5 column 46 (char 238), model=kimi-k2.5
    [kimi-k2.5] 决策:  | 选笑话编号: ?

  Item完成: 耗时51.2s | 总耗时683.8min
  速率限制器状态: 可用令牌=48.0/48
  已保存中间结果 (708 条)

============================================================
处理 zh_0809... (709/1174)

  质量组: high (4个候选笑话)
    评估模型: qwen3-max
    [qwen3-max] 决策: select | 选笑话编号: 4
    评估模型: deepseek-v3.2
    [deepseek-v3.2] 决策: select | 选笑话编号: 4
    评估模型: kimi-k2.5
    [kimi-k2.5] 决策: create | 选笑话编号: None

  质量组: medium (4个候选笑话)
    评估模型: qwen3-max
    [qwen3-max] 决策: select | 选笑话编号: 1
    评估模型: deepseek-v3.2
    [deepseek-v3.2] 决策: select | 选笑话编号: 1
    评估模型: kimi-k2.5
    [API] JSON解析失败: JSON解析失败: Expecting ',' delimiter: line 4 column 35 (char 92), model=kimi-k2.5
    [kimi-k2.5] 决策:  | 选笑话编号: ?

  质量组: low (4个候选笑话)
    评估模型: qwen3-max
    [qwen3-max] 决策: select | 选笑话编号: 1
    评估模型: deepseek-v3.2
    [deepseek-v3.2] 决策: select | 选笑话编号: 1
    评估模型: kimi-k2.5
    [kimi-k2.5] 决策: create | 选笑话编号: None

  Item完成: 耗时60.4s | 总耗时684.8min
  速率限制器状态: 可用令牌=48.0/48
  已保存中间结果 (709 条)

============================================================
处理 zh_0810... (710/1174)

  质量组: high (4个候选笑话)
    评估模型: qwen3-max
    [qwen3-max] 决策: select | 选笑话编号: 4
    评估模型: deepseek-v3.2
    [deepseek-v3.2] 决策: create | 选笑话编号: None
    评估模型: kimi-k2.5
    [kimi-k2.5] 决策: create | 选笑话编号: None

  质量组: medium (4个候选笑话)
    评估模型: qwen3-max
    [qwen3-max] 决策: select | 选笑话编号: 2
    评估模型: deepseek-v3.2
    [deepseek-v3.2] 决策: select | 选笑话编号: 2
    评估模型: kimi-k2.5
    [kimi-k2.5] 决策: create | 选笑话编号: None

  质量组: low (4个候选笑话)
    评估模型: qwen3-max
    [qwen3-max] 决策: select | 选笑话编号: 1
    评估模型: deepseek-v3.2
    [deepseek-v3.2] 决策: select | 选笑话编号: 1
    评估模型: kimi-k2.5
    [kimi-k2.5] 决策: create | 选笑话编号: None

  Item完成: 耗时58.4s | 总耗时685.7min
  速率限制器状态: 可用令牌=48.0/48
  已保存中间结果 (710 条)

============================================================
处理 zh_0811... (711/1174)

  质量组: high (4个候选笑话)
    评估模型: qwen3-max
    [qwen3-max] 决策: select | 选笑话编号: 2
    评估模型: deepseek-v3.2
    [deepseek-v3.2] 决策: select | 选笑话编号: 1
    评估模型: kimi-k2.5
    [kimi-k2.5] 决策: create | 选笑话编号: None

  质量组: medium (4个候选笑话)
    评估模型: qwen3-max
    [qwen3-max] 决策: create | 选笑话编号: None
    评估模型: deepseek-v3.2
    [deepseek-v3.2] 决策: create | 选笑话编号: None
    评估模型: kimi-k2.5
    [kimi-k2.5] 决策: create | 选笑话编号: None

  质量组: low (4个候选笑话)
    评估模型: qwen3-max
    [qwen3-max] 决策: create | 选笑话编号: None
    评估模型: deepseek-v3.2
    [deepseek-v3.2] 决策: create | 选笑话编号: None
    评估模型: kimi-k2.5
    [kimi-k2.5] 决策: create | 选笑话编号: None

  Item完成: 耗时59.8s | 总耗时686.7min
  速率限制器状态: 可用令牌=48.0/48
  已保存中间结果 (711 条)

============================================================
处理 zh_0812... (712/1174)

  质量组: high (4个候选笑话)
    评估模型: qwen3-max
    [qwen3-max] 决策: select | 选笑话编号: 2
    评估模型: deepseek-v3.2
    [deepseek-v3.2] 决策: select | 选笑话编号: 2
    评估模型: kimi-k2.5
    [kimi-k2.5] 决策: create | 选笑话编号: None

  质量组: medium (4个候选笑话)
    评估模型: qwen3-max
    [qwen3-max] 决策: create | 选笑话编号: None
    评估模型: deepseek-v3.2
    [deepseek-v3.2] 决策: select | 选笑话编号: 1
    评估模型: kimi-k2.5
    [kimi-k2.5] 决策: create | 选笑话编号: None

  质量组: low (4个候选笑话)
    评估模型: qwen3-max
    [qwen3-max] 决策: create | 选笑话编号: None
    评估模型: deepseek-v3.2
    [deepseek-v3.2] 决策: select | 选笑话编号: 1
    评估模型: kimi-k2.5
    [kimi-k2.5] 决策: create | 选笑话编号: None

  Item完成: 耗时64.3s | 总耗时687.8min
  速率限制器状态: 可用令牌=48.0/48
  已保存中间结果 (712 条)

============================================================
处理 zh_0813... (713/1174)

  质量组: high (4个候选笑话)
    评估模型: qwen3-max
    [qwen3-max] 决策: select | 选笑话编号: 4
    评估模型: deepseek-v3.2
    [deepseek-v3.2] 决策: select | 选笑话编号: 4
    评估模型: kimi-k2.5
    [kimi-k2.5] 决策: create | 选笑话编号: None

  质量组: medium (4个候选笑话)
    评估模型: qwen3-max
    [qwen3-max] 决策: select | 选笑话编号: 2
    评估模型: deepseek-v3.2
    [deepseek-v3.2] 决策: select | 选笑话编号: 2
    评估模型: kimi-k2.5
    [kimi-k2.5] 决策: select | 选笑话编号: 2

  质量组: low (4个候选笑话)
    评估模型: qwen3-max
    [qwen3-max] 决策: create | 选笑话编号: None
    评估模型: deepseek-v3.2
    [deepseek-v3.2] 决策: select | 选笑话编号: 4
    评估模型: kimi-k2.5
    [kimi-k2.5] 决策: create | 选笑话编号: None

  Item完成: 耗时59.5s | 总耗时688.8min
  速率限制器状态: 可用令牌=48.0/48
  已保存中间结果 (713 条)

============================================================
处理 zh_0814... (714/1174)

  质量组: high (4个候选笑话)
    评估模型: qwen3-max
    [qwen3-max] 决策: select | 选笑话编号: 1
    评估模型: deepseek-v3.2
    [deepseek-v3.2] 决策: select | 选笑话编号: 1
    评估模型: kimi-k2.5
    [kimi-k2.5] 决策: create | 选笑话编号: None

  质量组: medium (4个候选笑话)
    评估模型: qwen3-max
    [qwen3-max] 决策: select | 选笑话编号: 2
    评估模型: deepseek-v3.2
    [deepseek-v3.2] 决策: select | 选笑话编号: 1
    评估模型: kimi-k2.5
    [kimi-k2.5] 决策: create | 选笑话编号: None

  质量组: low (4个候选笑话)
    评估模型: qwen3-max
    [qwen3-max] 决策: create | 选笑话编号: None
    评估模型: deepseek-v3.2
    [deepseek-v3.2] 决策: create | 选笑话编号: None
    评估模型: kimi-k2.5
    [kimi-k2.5] 决策: create | 选笑话编号: None

  Item完成: 耗时68.1s | 总耗时690.0min
  速率限制器状态: 可用令牌=48.0/48
  已保存中间结果 (714 条)

============================================================
处理 zh_0815... (715/1174)

  质量组: high (4个候选笑话)
    评估模型: qwen3-max
    [qwen3-max] 决策: select | 选笑话编号: 2
    评估模型: deepseek-v3.2
    [deepseek-v3.2] 决策: select | 选笑话编号: 2
    评估模型: kimi-k2.5
    [kimi-k2.5] 决策: create | 选笑话编号: None

  质量组: medium (4个候选笑话)
    评估模型: qwen3-max
    [qwen3-max] 决策: select | 选笑话编号: 2
    评估模型: deepseek-v3.2
    [deepseek-v3.2] 决策: select | 选笑话编号: 2
    评估模型: kimi-k2.5
    [kimi-k2.5] 决策: create | 选笑话编号: None

  质量组: low (4个候选笑话)
    评估模型: qwen3-max
    [qwen3-max] 决策: select | 选笑话编号: 1
    评估模型: deepseek-v3.2
    [deepseek-v3.2] 决策: create | 选笑话编号: None
    评估模型: kimi-k2.5
    [kimi-k2.5] 决策: create | 选笑话编号: None

  Item完成: 耗时67.0s | 总耗时691.1min
  速率限制器状态: 可用令牌=48.0/48
  已保存中间结果 (715 条)

============================================================
处理 zh_0816... (716/1174)

  质量组: high (4个候选笑话)
    评估模型: qwen3-max
    [qwen3-max] 决策: create | 选笑话编号: None
    评估模型: deepseek-v3.2
    [deepseek-v3.2] 决策: select | 选笑话编号: 3
    评估模型: kimi-k2.5
    [kimi-k2.5] 决策: create | 选笑话编号: None

  质量组: medium (4个候选笑话)
    评估模型: qwen3-max
    [qwen3-max] 决策: create | 选笑话编号: None
    评估模型: deepseek-v3.2
    [deepseek-v3.2] 决策: select | 选笑话编号: 2
    评估模型: kimi-k2.5
    [kimi-k2.5] 决策: create | 选笑话编号: None

  质量组: low (4个候选笑话)
    评估模型: qwen3-max
    [qwen3-max] 决策: create | 选笑话编号: None
    评估模型: deepseek-v3.2
    [deepseek-v3.2] 决策: create | 选笑话编号: None
    评估模型: kimi-k2.5
    [kimi-k2.5] 决策: create | 选笑话编号: None

  Item完成: 耗时52.1s | 总耗时692.0min
  速率限制器状态: 可用令牌=48.0/48
  已保存中间结果 (716 条)

============================================================
处理 zh_0817... (717/1174)

  质量组: high (4个候选笑话)
    评估模型: qwen3-max
    [qwen3-max] 决策: select | 选笑话编号: 1
    评估模型: deepseek-v3.2
    [deepseek-v3.2] 决策: select | 选笑话编号: 1
    评估模型: kimi-k2.5
    [kimi-k2.5] 决策: create | 选笑话编号: None

  质量组: medium (4个候选笑话)
    评估模型: qwen3-max
    [qwen3-max] 决策: select | 选笑话编号: 1
    评估模型: deepseek-v3.2
    [deepseek-v3.2] 决策: select | 选笑话编号: 1
    评估模型: kimi-k2.5
    [kimi-k2.5] 决策: create | 选笑话编号: None

  质量组: low (4个候选笑话)
    评估模型: qwen3-max
    [qwen3-max] 决策: select | 选笑话编号: 1
    评估模型: deepseek-v3.2
    [deepseek-v3.2] 决策: select | 选笑话编号: 4
    评估模型: kimi-k2.5
    [kimi-k2.5] 决策: create | 选笑话编号: None

  Item完成: 耗时53.5s | 总耗时692.9min
  速率限制器状态: 可用令牌=48.0/48
  已保存中间结果 (717 条)

============================================================
处理 zh_0818... (718/1174)

  质量组: high (4个候选笑话)
    评估模型: qwen3-max
    [qwen3-max] 决策: select | 选笑话编号: 2
    评估模型: deepseek-v3.2
    [deepseek-v3.2] 决策: select | 选笑话编号: 2
    评估模型: kimi-k2.5
    [kimi-k2.5] 决策: create | 选笑话编号: None

  质量组: medium (4个候选笑话)
    评估模型: qwen3-max
    [qwen3-max] 决策: select | 选笑话编号: 1
    评估模型: deepseek-v3.2
    [deepseek-v3.2] 决策: select | 选笑话编号: 1
    评估模型: kimi-k2.5
    [kimi-k2.5] 决策: create | 选笑话编号: None

  质量组: low (4个候选笑话)
    评估模型: qwen3-max
    [qwen3-max] 决策: create | 选笑话编号: None
    评估模型: deepseek-v3.2
    [deepseek-v3.2] 决策: create | 选笑话编号: None
    评估模型: kimi-k2.5
    [kimi-k2.5] 决策: create | 选笑话编号: None

  Item完成: 耗时54.2s | 总耗时693.8min
  速率限制器状态: 可用令牌=48.0/48
  已保存中间结果 (718 条)

============================================================
处理 zh_0819... (719/1174)

  质量组: high (4个候选笑话)
    评估模型: qwen3-max
    [qwen3-max] 决策: select | 选笑话编号: 2
    评估模型: deepseek-v3.2
    [deepseek-v3.2] 决策: select | 选笑话编号: 4
    评估模型: kimi-k2.5
    [kimi-k2.5] 决策: select | 选笑话编号: 2

  质量组: medium (4个候选笑话)
    评估模型: qwen3-max
    [qwen3-max] 决策: select | 选笑话编号: 1
    评估模型: deepseek-v3.2
    [deepseek-v3.2] 决策: select | 选笑话编号: 3
    评估模型: kimi-k2.5
    [kimi-k2.5] 决策: create | 选笑话编号: None

  质量组: low (4个候选笑话)
    评估模型: qwen3-max
    [qwen3-max] 决策: create | 选笑话编号: None
    评估模型: deepseek-v3.2
    [deepseek-v3.2] 决策: create | 选笑话编号: None
    评估模型: kimi-k2.5
    [kimi-k2.5] 决策: create | 选笑话编号: None

  Item完成: 耗时52.8s | 总耗时694.6min
  速率限制器状态: 可用令牌=48.0/48
  已保存中间结果 (719 条)

============================================================
处理 zh_0820... (720/1174)

  质量组: high (4个候选笑话)
    评估模型: qwen3-max
    [qwen3-max] 决策: select | 选笑话编号: 2
    评估模型: deepseek-v3.2
    [deepseek-v3.2] 决策: select | 选笑话编号: 2
    评估模型: kimi-k2.5
    [kimi-k2.5] 决策: select | 选笑话编号: 2

  质量组: medium (4个候选笑话)
    评估模型: qwen3-max
    [qwen3-max] 决策: select | 选笑话编号: 1
    评估模型: deepseek-v3.2
    [deepseek-v3.2] 决策: select | 选笑话编号: 1
    评估模型: kimi-k2.5
    [kimi-k2.5] 决策: create | 选笑话编号: None

  质量组: low (4个候选笑话)
    评估模型: qwen3-max
    [qwen3-max] 决策: select | 选笑话编号: 1
    评估模型: deepseek-v3.2
    [deepseek-v3.2] 决策: select | 选笑话编号: 1
    评估模型: kimi-k2.5
    [kimi-k2.5] 决策: create | 选笑话编号: None

  Item完成: 耗时59.8s | 总耗时695.6min
  速率限制器状态: 可用令牌=48.0/48
  已保存中间结果 (720 条)

============================================================
处理 zh_0821... (721/1174)

  质量组: high (4个候选笑话)
    评估模型: qwen3-max
    [qwen3-max] 决策: create | 选笑话编号: None
    评估模型: deepseek-v3.2
    [deepseek-v3.2] 决策: create | 选笑话编号: None
    评估模型: kimi-k2.5
    [kimi-k2.5] 决策: create | 选笑话编号: None

  质量组: medium (4个候选笑话)
    评估模型: qwen3-max
    [qwen3-max] 决策: create | 选笑话编号: None
    评估模型: deepseek-v3.2
    [deepseek-v3.2] 决策: select | 选笑话编号: 2
    评估模型: kimi-k2.5
    [kimi-k2.5] 决策: create | 选笑话编号: None

  质量组: low (4个候选笑话)
    评估模型: qwen3-max
    [qwen3-max] 决策: create | 选笑话编号: None
    评估模型: deepseek-v3.2
    [deepseek-v3.2] 决策: create | 选笑话编号: None
    评估模型: kimi-k2.5
    [kimi-k2.5] 决策: create | 选笑话编号: None

  Item完成: 耗时56.6s | 总耗时696.6min
  速率限制器状态: 可用令牌=48.0/48
  已保存中间结果 (721 条)

============================================================
处理 zh_0822... (722/1174)

  质量组: high (4个候选笑话)
    评估模型: qwen3-max
    [qwen3-max] 决策: select | 选笑话编号: 2
    评估模型: deepseek-v3.2
    [deepseek-v3.2] 决策: select | 选笑话编号: 2
    评估模型: kimi-k2.5
    [kimi-k2.5] 决策: create | 选笑话编号: None

  质量组: medium (4个候选笑话)
    评估模型: qwen3-max
    [qwen3-max] 决策: select | 选笑话编号: 4
    评估模型: deepseek-v3.2
    [deepseek-v3.2] 决策: select | 选笑话编号: 4
    评估模型: kimi-k2.5
    [kimi-k2.5] 决策: create | 选笑话编号: None

  质量组: low (4个候选笑话)
    评估模型: qwen3-max
    [qwen3-max] 决策: create | 选笑话编号: None
    评估模型: deepseek-v3.2
    [deepseek-v3.2] 决策: select | 选笑话编号: 1
    评估模型: kimi-k2.5
    [kimi-k2.5] 决策: create | 选笑话编号: None

  Item完成: 耗时60.1s | 总耗时697.6min
  速率限制器状态: 可用令牌=48.0/48
  已保存中间结果 (722 条)

============================================================
处理 zh_0823... (723/1174)

  质量组: high (4个候选笑话)
    评估模型: qwen3-max
    [qwen3-max] 决策: select | 选笑话编号: 2
    评估模型: deepseek-v3.2
    [deepseek-v3.2] 决策: select | 选笑话编号: 4
    评估模型: kimi-k2.5
    [kimi-k2.5] 决策: select | 选笑话编号: 1

  质量组: medium (4个候选笑话)
    评估模型: qwen3-max
    [qwen3-max] 决策: select | 选笑话编号: 2
    评估模型: deepseek-v3.2
    [deepseek-v3.2] 决策: select | 选笑话编号: 2
    评估模型: kimi-k2.5
    [kimi-k2.5] 决策: create | 选笑话编号: None

  质量组: low (4个候选笑话)
    评估模型: qwen3-max
    [qwen3-max] 决策: select | 选笑话编号: 2
    评估模型: deepseek-v3.2
    [deepseek-v3.2] 决策: select | 选笑话编号: 2
    评估模型: kimi-k2.5
    [kimi-k2.5] 决策: select | 选笑话编号: 2

  Item完成: 耗时51.9s | 总耗时698.5min
  速率限制器状态: 可用令牌=48.0/48
  已保存中间结果 (723 条)

============================================================
处理 zh_0824... (724/1174)

  质量组: high (4个候选笑话)
    评估模型: qwen3-max
    [qwen3-max] 决策: select | 选笑话编号: 1
    评估模型: deepseek-v3.2
    [deepseek-v3.2] 决策: select | 选笑话编号: 1
    评估模型: kimi-k2.5
    [API] JSON解析失败: JSON解析失败: Expecting ',' delimiter: line 4 column 53 (char 110), model=kimi-k2.5
    [kimi-k2.5] 决策:  | 选笑话编号: ?

  质量组: medium (4个候选笑话)
    评估模型: qwen3-max
    [qwen3-max] 决策: select | 选笑话编号: 2
    评估模型: deepseek-v3.2
    [deepseek-v3.2] 决策: select | 选笑话编号: 1
    评估模型: kimi-k2.5
    [kimi-k2.5] 决策: create | 选笑话编号: None

  质量组: low (4个候选笑话)
    评估模型: qwen3-max
    [qwen3-max] 决策: select | 选笑话编号: 1
    评估模型: deepseek-v3.2
    [deepseek-v3.2] 决策: select | 选笑话编号: 1
    评估模型: kimi-k2.5
    [kimi-k2.5] 决策: create | 选笑话编号: None

  Item完成: 耗时57.8s | 总耗时699.4min
  速率限制器状态: 可用令牌=48.0/48
  已保存中间结果 (724 条)

============================================================
处理 zh_0825... (725/1174)

  质量组: high (4个候选笑话)
    评估模型: qwen3-max
    [qwen3-max] 决策: select | 选笑话编号: 3
    评估模型: deepseek-v3.2
    [deepseek-v3.2] 决策: select | 选笑话编号: 3
    评估模型: kimi-k2.5
    [API] JSON解析失败: JSON解析失败: Expecting ',' delimiter: line 4 column 39 (char 96), model=kimi-k2.5
    [kimi-k2.5] 决策:  | 选笑话编号: ?

  质量组: medium (4个候选笑话)
    评估模型: qwen3-max
    [qwen3-max] 决策: create | 选笑话编号: None
    评估模型: deepseek-v3.2
    [deepseek-v3.2] 决策: select | 选笑话编号: 4
    评估模型: kimi-k2.5
    [kimi-k2.5] 决策: create | 选笑话编号: None

  质量组: low (4个候选笑话)
    评估模型: qwen3-max
    [qwen3-max] 决策: select | 选笑话编号: 1
    评估模型: deepseek-v3.2
    [deepseek-v3.2] 决策: create | 选笑话编号: None
    评估模型: kimi-k2.5
    [kimi-k2.5] 决策: create | 选笑话编号: None

  Item完成: 耗时53.1s | 总耗时700.3min
  速率限制器状态: 可用令牌=48.0/48
  已保存中间结果 (725 条)

============================================================
处理 zh_0826... (726/1174)

  质量组: high (4个候选笑话)
    评估模型: qwen3-max
    [qwen3-max] 决策: select | 选笑话编号: 2
    评估模型: deepseek-v3.2
    [deepseek-v3.2] 决策: select | 选笑话编号: 2
    评估模型: kimi-k2.5
    [kimi-k2.5] 决策: create | 选笑话编号: None

  质量组: medium (4个候选笑话)
    评估模型: qwen3-max
    [qwen3-max] 决策: select | 选笑话编号: 2
    评估模型: deepseek-v3.2
    [deepseek-v3.2] 决策: select | 选笑话编号: 2
    评估模型: kimi-k2.5
    [kimi-k2.5] 决策: create | 选笑话编号: None

  质量组: low (4个候选笑话)
    评估模型: qwen3-max
    [qwen3-max] 决策: create | 选笑话编号: None
    评估模型: deepseek-v3.2
    [deepseek-v3.2] 决策: create | 选笑话编号: None
    评估模型: kimi-k2.5
    [kimi-k2.5] 决策: create | 选笑话编号: None

  Item完成: 耗时50.5s | 总耗时701.2min
  速率限制器状态: 可用令牌=48.0/48
  已保存中间结果 (726 条)

============================================================
处理 zh_0827... (727/1174)

  质量组: high (4个候选笑话)
    评估模型: qwen3-max
    [qwen3-max] 决策: select | 选笑话编号: 4
    评估模型: deepseek-v3.2
    [deepseek-v3.2] 决策: select | 选笑话编号: 2
    评估模型: kimi-k2.5
    [kimi-k2.5] 决策: create | 选笑话编号: None

  质量组: medium (4个候选笑话)
    评估模型: qwen3-max
    [qwen3-max] 决策: select | 选笑话编号: 4
    评估模型: deepseek-v3.2
    [deepseek-v3.2] 决策: select | 选笑话编号: 4
    评估模型: kimi-k2.5
    [kimi-k2.5] 决策: create | 选笑话编号: None

  质量组: low (4个候选笑话)
    评估模型: qwen3-max
    [qwen3-max] 决策: create | 选笑话编号: None
    评估模型: deepseek-v3.2
    [deepseek-v3.2] 决策: create | 选笑话编号: None
    评估模型: kimi-k2.5
    [API] JSON解析失败: JSON解析失败: Expecting ',' delimiter: line 4 column 91 (char 148), model=kimi-k2.5
    [kimi-k2.5] 决策:  | 选笑话编号: ?

  Item完成: 耗时48.8s | 总耗时702.0min
  速率限制器状态: 可用令牌=48.0/48
  已保存中间结果 (727 条)

============================================================
处理 zh_0828... (728/1174)

  质量组: high (4个候选笑话)
    评估模型: qwen3-max
    [qwen3-max] 决策: select | 选笑话编号: 2
    评估模型: deepseek-v3.2
    [deepseek-v3.2] 决策: select | 选笑话编号: 2
    评估模型: kimi-k2.5
    [kimi-k2.5] 决策: create | 选笑话编号: None

  质量组: medium (4个候选笑话)
    评估模型: qwen3-max
    [qwen3-max] 决策: select | 选笑话编号: 2
    评估模型: deepseek-v3.2
    [deepseek-v3.2] 决策: select | 选笑话编号: 1
    评估模型: kimi-k2.5
    [API] JSON解析失败: JSON解析失败: Expecting ',' delimiter: line 4 column 22 (char 76), model=kimi-k2.5
    [kimi-k2.5] 决策:  | 选笑话编号: ?

  质量组: low (4个候选笑话)
    评估模型: qwen3-max
    [qwen3-max] 决策: create | 选笑话编号: None
    评估模型: deepseek-v3.2
    [deepseek-v3.2] 决策: create | 选笑话编号: None
    评估模型: kimi-k2.5
    [API] JSON解析失败: JSON解析失败: Expecting ',' delimiter: line 4 column 86 (char 143), model=kimi-k2.5
    [kimi-k2.5] 决策:  | 选笑话编号: ?

  Item完成: 耗时56.3s | 总耗时702.9min
  速率限制器状态: 可用令牌=48.0/48
  已保存中间结果 (728 条)

============================================================
处理 zh_0829... (729/1174)

  质量组: high (4个候选笑话)
    评估模型: qwen3-max
    [qwen3-max] 决策: select | 选笑话编号: 2
    评估模型: deepseek-v3.2
    [deepseek-v3.2] 决策: select | 选笑话编号: 1
    评估模型: kimi-k2.5
    [kimi-k2.5] 决策: create | 选笑话编号: None

  质量组: medium (4个候选笑话)
    评估模型: qwen3-max
    [qwen3-max] 决策: select | 选笑话编号: 2
    评估模型: deepseek-v3.2
    [deepseek-v3.2] 决策: select | 选笑话编号: 2
    评估模型: kimi-k2.5
    [kimi-k2.5] 决策: select | 选笑话编号: 2

  质量组: low (4个候选笑话)
    评估模型: qwen3-max
    [qwen3-max] 决策: select | 选笑话编号: 1
    评估模型: deepseek-v3.2
    [deepseek-v3.2] 决策: select | 选笑话编号: 1
    评估模型: kimi-k2.5
    [kimi-k2.5] 决策: create | 选笑话编号: None

  Item完成: 耗时70.4s | 总耗时704.1min
  速率限制器状态: 可用令牌=48.0/48
  已保存中间结果 (729 条)

============================================================
处理 zh_0830... (730/1174)

  质量组: high (4个候选笑话)
    评估模型: qwen3-max
    [qwen3-max] 决策: select | 选笑话编号: 2
    评估模型: deepseek-v3.2
    [deepseek-v3.2] 决策: select | 选笑话编号: 2
    评估模型: kimi-k2.5
    [API] JSON解析失败: JSON解析失败: Expecting ',' delimiter: line 4 column 47 (char 104), model=kimi-k2.5
    [kimi-k2.5] 决策:  | 选笑话编号: ?

  质量组: medium (4个候选笑话)
    评估模型: qwen3-max
    [qwen3-max] 决策: select | 选笑话编号: 4
    评估模型: deepseek-v3.2
    [deepseek-v3.2] 决策: select | 选笑话编号: 4
    评估模型: kimi-k2.5
    [kimi-k2.5] 决策: create | 选笑话编号: None

  质量组: low (4个候选笑话)
    评估模型: qwen3-max
    [qwen3-max] 决策: create | 选笑话编号: None
    评估模型: deepseek-v3.2
    [deepseek-v3.2] 决策: select | 选笑话编号: 2
    评估模型: kimi-k2.5
    [kimi-k2.5] 决策: create | 选笑话编号: None

  Item完成: 耗时49.2s | 总耗时704.9min
  速率限制器状态: 可用令牌=48.0/48
  已保存中间结果 (730 条)

============================================================
处理 zh_0831... (731/1174)

  质量组: high (4个候选笑话)
    评估模型: qwen3-max
    [qwen3-max] 决策: select | 选笑话编号: 2
    评估模型: deepseek-v3.2
    [deepseek-v3.2] 决策: select | 选笑话编号: 2
    评估模型: kimi-k2.5
    [kimi-k2.5] 决策: create | 选笑话编号: None

  质量组: medium (4个候选笑话)
    评估模型: qwen3-max
    [qwen3-max] 决策: select | 选笑话编号: 2
    评估模型: deepseek-v3.2
    [deepseek-v3.2] 决策: create | 选笑话编号: None
    评估模型: kimi-k2.5
    [kimi-k2.5] 决策: create | 选笑话编号: None

  质量组: low (4个候选笑话)
    评估模型: qwen3-max
    [qwen3-max] 决策: create | 选笑话编号: None
    评估模型: deepseek-v3.2
    [deepseek-v3.2] 决策: select | 选笑话编号: 1
    评估模型: kimi-k2.5
    [kimi-k2.5] 决策: create | 选笑话编号: None

  Item完成: 耗时64.2s | 总耗时706.0min
  速率限制器状态: 可用令牌=48.0/48
  已保存中间结果 (731 条)

============================================================
处理 zh_0832... (732/1174)

  质量组: high (4个候选笑话)
    评估模型: qwen3-max
    [qwen3-max] 决策: select | 选笑话编号: 2
    评估模型: deepseek-v3.2
    [deepseek-v3.2] 决策: select | 选笑话编号: 2
    评估模型: kimi-k2.5
    [kimi-k2.5] 决策: create | 选笑话编号: None

  质量组: medium (4个候选笑话)
    评估模型: qwen3-max
    [qwen3-max] 决策: select | 选笑话编号: 2
    评估模型: deepseek-v3.2
    [deepseek-v3.2] 决策: select | 选笑话编号: 2
    评估模型: kimi-k2.5
    [API] JSON解析失败: JSON解析失败: Expecting ',' delimiter: line 4 column 39 (char 93), model=kimi-k2.5
    [kimi-k2.5] 决策:  | 选笑话编号: ?

  质量组: low (4个候选笑话)
    评估模型: qwen3-max
    [qwen3-max] 决策: create | 选笑话编号: None
    评估模型: deepseek-v3.2
    [deepseek-v3.2] 决策: select | 选笑话编号: 1
    评估模型: kimi-k2.5
    [kimi-k2.5] 决策: create | 选笑话编号: None

  Item完成: 耗时58.4s | 总耗时707.0min
  速率限制器状态: 可用令牌=48.0/48
  已保存中间结果 (732 条)

============================================================
处理 zh_0833... (733/1174)

  质量组: high (4个候选笑话)
    评估模型: qwen3-max
    [qwen3-max] 决策: select | 选笑话编号: 2
    评估模型: deepseek-v3.2
    [deepseek-v3.2] 决策: select | 选笑话编号: 2
    评估模型: kimi-k2.5
    [API] JSON解析失败: JSON解析失败: Expecting ',' delimiter: line 5 column 23 (char 192), model=kimi-k2.5
    [kimi-k2.5] 决策:  | 选笑话编号: ?

  质量组: medium (4个候选笑话)
    评估模型: qwen3-max
    [qwen3-max] 决策: select | 选笑话编号: 2
    评估模型: deepseek-v3.2
    [deepseek-v3.2] 决策: select | 选笑话编号: 4
    评估模型: kimi-k2.5
    [kimi-k2.5] 决策: create | 选笑话编号: None

  质量组: low (4个候选笑话)
    评估模型: qwen3-max
    [qwen3-max] 决策: select | 选笑话编号: 4
    评估模型: deepseek-v3.2
    [deepseek-v3.2] 决策: create | 选笑话编号: None
    评估模型: kimi-k2.5
    [API] JSON解析失败: JSON解析失败: Expecting ',' delimiter: line 5 column 60 (char 215), model=kimi-k2.5
    [kimi-k2.5] 决策:  | 选笑话编号: ?

  Item完成: 耗时50.7s | 总耗时707.8min
  速率限制器状态: 可用令牌=48.0/48
  已保存中间结果 (733 条)

============================================================
处理 zh_0834... (734/1174)

  质量组: high (4个候选笑话)
    评估模型: qwen3-max
    [qwen3-max] 决策: select | 选笑话编号: 2
    评估模型: deepseek-v3.2
    [deepseek-v3.2] 决策: select | 选笑话编号: 1
    评估模型: kimi-k2.5
    [kimi-k2.5] 决策: create | 选笑话编号: None

  质量组: medium (4个候选笑话)
    评估模型: qwen3-max
    [qwen3-max] 决策: select | 选笑话编号: 1
    评估模型: deepseek-v3.2
    [deepseek-v3.2] 决策: select | 选笑话编号: 1
    评估模型: kimi-k2.5
    [kimi-k2.5] 决策: create | 选笑话编号: None

  质量组: low (4个候选笑话)
    评估模型: qwen3-max
    [qwen3-max] 决策: create | 选笑话编号: None
    评估模型: deepseek-v3.2
    [deepseek-v3.2] 决策: select | 选笑话编号: 3
    评估模型: kimi-k2.5
    [API] JSON解析失败: JSON解析失败: Expecting ',' delimiter: line 4 column 87 (char 144), model=kimi-k2.5
    [kimi-k2.5] 决策:  | 选笑话编号: ?

  Item完成: 耗时54.7s | 总耗时708.8min
  速率限制器状态: 可用令牌=48.0/48
  已保存中间结果 (734 条)

============================================================
处理 zh_0835... (735/1174)

  质量组: high (4个候选笑话)
    评估模型: qwen3-max
    [qwen3-max] 决策: select | 选笑话编号: 2
    评估模型: deepseek-v3.2
    [deepseek-v3.2] 决策: select | 选笑话编号: 2
    评估模型: kimi-k2.5
    [kimi-k2.5] 决策: create | 选笑话编号: None

  质量组: medium (4个候选笑话)
    评估模型: qwen3-max
    [qwen3-max] 决策: select | 选笑话编号: 1
    评估模型: deepseek-v3.2
    [deepseek-v3.2] 决策: select | 选笑话编号: 2
    评估模型: kimi-k2.5
    [kimi-k2.5] 决策: create | 选笑话编号: None

  质量组: low (4个候选笑话)
    评估模型: qwen3-max
    [qwen3-max] 决策: create | 选笑话编号: None
    评估模型: deepseek-v3.2
    [deepseek-v3.2] 决策: create | 选笑话编号: None
    评估模型: kimi-k2.5
    [kimi-k2.5] 决策: create | 选笑话编号: None

  Item完成: 耗时60.3s | 总耗时709.8min
  速率限制器状态: 可用令牌=48.0/48
  已保存中间结果 (735 条)

============================================================
处理 zh_0836... (736/1174)

  质量组: high (4个候选笑话)
    评估模型: qwen3-max
    [qwen3-max] 决策: select | 选笑话编号: 2
    评估模型: deepseek-v3.2
    [deepseek-v3.2] 决策: select | 选笑话编号: 2
    评估模型: kimi-k2.5
    [kimi-k2.5] 决策: create | 选笑话编号: None

  质量组: medium (4个候选笑话)
    评估模型: qwen3-max
    [qwen3-max] 决策: create | 选笑话编号: None
    评估模型: deepseek-v3.2
    [deepseek-v3.2] 决策: select | 选笑话编号: 1
    评估模型: kimi-k2.5
    [kimi-k2.5] 决策: create | 选笑话编号: None

  质量组: low (4个候选笑话)
    评估模型: qwen3-max
    [qwen3-max] 决策: create | 选笑话编号: None
    评估模型: deepseek-v3.2
    [deepseek-v3.2] 决策: select | 选笑话编号: 1
    评估模型: kimi-k2.5
    [API] JSON解析失败: JSON解析失败: Expecting ',' delimiter: line 4 column 81 (char 138), model=kimi-k2.5
    [kimi-k2.5] 决策:  | 选笑话编号: ?

  Item完成: 耗时55.3s | 总耗时710.7min
  速率限制器状态: 可用令牌=48.0/48
  已保存中间结果 (736 条)

============================================================
处理 zh_0837... (737/1174)

  质量组: high (4个候选笑话)
    评估模型: qwen3-max
    [qwen3-max] 决策: select | 选笑话编号: 1
    评估模型: deepseek-v3.2
    [deepseek-v3.2] 决策: select | 选笑话编号: 1
    评估模型: kimi-k2.5
    [kimi-k2.5] 决策: create | 选笑话编号: None

  质量组: medium (4个候选笑话)
    评估模型: qwen3-max
    [qwen3-max] 决策: select | 选笑话编号: 1
    评估模型: deepseek-v3.2
    [deepseek-v3.2] 决策: select | 选笑话编号: 2
    评估模型: kimi-k2.5
    [kimi-k2.5] 决策: create | 选笑话编号: None

  质量组: low (4个候选笑话)
    评估模型: qwen3-max
    [qwen3-max] 决策: create | 选笑话编号: None
    评估模型: deepseek-v3.2
    [deepseek-v3.2] 决策: select | 选笑话编号: 2
    评估模型: kimi-k2.5
    [kimi-k2.5] 决策: create | 选笑话编号: None

  Item完成: 耗时58.9s | 总耗时711.7min
  速率限制器状态: 可用令牌=48.0/48
  已保存中间结果 (737 条)

============================================================
处理 zh_0838... (738/1174)

  质量组: high (4个候选笑话)
    评估模型: qwen3-max
    [qwen3-max] 决策: create | 选笑话编号: None
    评估模型: deepseek-v3.2
    [deepseek-v3.2] 决策: select | 选笑话编号: 2
    评估模型: kimi-k2.5
    [kimi-k2.5] 决策: create | 选笑话编号: None

  质量组: medium (4个候选笑话)
    评估模型: qwen3-max
    [qwen3-max] 决策: select | 选笑话编号: 1
    评估模型: deepseek-v3.2
    [deepseek-v3.2] 决策: select | 选笑话编号: 2
    评估模型: kimi-k2.5
    [kimi-k2.5] 决策: create | 选笑话编号: None

  质量组: low (4个候选笑话)
    评估模型: qwen3-max
    [qwen3-max] 决策: create | 选笑话编号: None
    评估模型: deepseek-v3.2
    [deepseek-v3.2] 决策: create | 选笑话编号: None
    评估模型: kimi-k2.5
    [kimi-k2.5] 决策: create | 选笑话编号: None

  Item完成: 耗时51.8s | 总耗时712.6min
  速率限制器状态: 可用令牌=48.0/48
  已保存中间结果 (738 条)

============================================================
处理 zh_0839... (739/1174)

  质量组: high (4个候选笑话)
    评估模型: qwen3-max
    [qwen3-max] 决策: select | 选笑话编号: 2
    评估模型: deepseek-v3.2
    [deepseek-v3.2] 决策: create | 选笑话编号: None
    评估模型: kimi-k2.5
    [kimi-k2.5] 决策: create | 选笑话编号: None

  质量组: medium (4个候选笑话)
    评估模型: qwen3-max
    [qwen3-max] 决策: select | 选笑话编号: 4
    评估模型: deepseek-v3.2
    [deepseek-v3.2] 决策: select | 选笑话编号: 4
    评估模型: kimi-k2.5
    [kimi-k2.5] 决策: create | 选笑话编号: None

  质量组: low (4个候选笑话)
    评估模型: qwen3-max
    [qwen3-max] 决策: create | 选笑话编号: None
    评估模型: deepseek-v3.2
    [deepseek-v3.2] 决策: create | 选笑话编号: None
    评估模型: kimi-k2.5
    [kimi-k2.5] 决策: create | 选笑话编号: None

  Item完成: 耗时52.2s | 总耗时713.4min
  速率限制器状态: 可用令牌=48.0/48
  已保存中间结果 (739 条)

============================================================
处理 zh_0840... (740/1174)

  质量组: high (4个候选笑话)
    评估模型: qwen3-max
    [qwen3-max] 决策: select | 选笑话编号: 2
    评估模型: deepseek-v3.2
    [deepseek-v3.2] 决策: select | 选笑话编号: 3
    评估模型: kimi-k2.5
    [API] JSON解析失败: JSON解析失败: Expecting ',' delimiter: line 5 column 73 (char 237), model=kimi-k2.5
    [kimi-k2.5] 决策:  | 选笑话编号: ?

  质量组: medium (4个候选笑话)
    评估模型: qwen3-max
    [qwen3-max] 决策: select | 选笑话编号: 1
    评估模型: deepseek-v3.2
    [deepseek-v3.2] 决策: select | 选笑话编号: 4
    评估模型: kimi-k2.5
    [kimi-k2.5] 决策: create | 选笑话编号: None

  质量组: low (4个候选笑话)
    评估模型: qwen3-max
    [qwen3-max] 决策: create | 选笑话编号: None
    评估模型: deepseek-v3.2
    [deepseek-v3.2] 决策: create | 选笑话编号: None
    评估模型: kimi-k2.5
    [kimi-k2.5] 决策: create | 选笑话编号: None

  Item完成: 耗时55.3s | 总耗时714.4min
  速率限制器状态: 可用令牌=48.0/48
  已保存中间结果 (740 条)

============================================================
处理 zh_0841... (741/1174)

  质量组: high (4个候选笑话)
    评估模型: qwen3-max
    [qwen3-max] 决策: select | 选笑话编号: 2
    评估模型: deepseek-v3.2
    [deepseek-v3.2] 决策: select | 选笑话编号: 2
    评估模型: kimi-k2.5
    [kimi-k2.5] 决策: create | 选笑话编号: None

  质量组: medium (4个候选笑话)
    评估模型: qwen3-max
    [qwen3-max] 决策: select | 选笑话编号: 1
    评估模型: deepseek-v3.2
    [deepseek-v3.2] 决策: select | 选笑话编号: 1
    评估模型: kimi-k2.5
    [kimi-k2.5] 决策: create | 选笑话编号: None

  质量组: low (4个候选笑话)
    评估模型: qwen3-max
    [qwen3-max] 决策: create | 选笑话编号: None
    评估模型: deepseek-v3.2
    [deepseek-v3.2] 决策: select | 选笑话编号: 2
    评估模型: kimi-k2.5
    [kimi-k2.5] 决策: create | 选笑话编号: None

  Item完成: 耗时56.1s | 总耗时715.3min
  速率限制器状态: 可用令牌=48.0/48
  已保存中间结果 (741 条)

============================================================
处理 zh_0842... (742/1174)

  质量组: high (4个候选笑话)
    评估模型: qwen3-max
    [qwen3-max] 决策: select | 选笑话编号: 2
    评估模型: deepseek-v3.2
    [deepseek-v3.2] 决策: select | 选笑话编号: 4
    评估模型: kimi-k2.5
    [kimi-k2.5] 决策: create | 选笑话编号: None

  质量组: medium (4个候选笑话)
    评估模型: qwen3-max
    [qwen3-max] 决策: select | 选笑话编号: 2
    评估模型: deepseek-v3.2
    [deepseek-v3.2] 决策: select | 选笑话编号: 2
    评估模型: kimi-k2.5
    [kimi-k2.5] 决策: create | 选笑话编号: None

  质量组: low (4个候选笑话)
    评估模型: qwen3-max
    [qwen3-max] 决策: select | 选笑话编号: 1
    评估模型: deepseek-v3.2
    [deepseek-v3.2] 决策: select | 选笑话编号: 1
    评估模型: kimi-k2.5
    [kimi-k2.5] 决策: create | 选笑话编号: None

  Item完成: 耗时62.0s | 总耗时716.3min
  速率限制器状态: 可用令牌=48.0/48
  已保存中间结果 (742 条)

============================================================
处理 zh_0843... (743/1174)

  质量组: high (4个候选笑话)
    评估模型: qwen3-max
    [qwen3-max] 决策: select | 选笑话编号: 2
    评估模型: deepseek-v3.2
    [deepseek-v3.2] 决策: select | 选笑话编号: 2
    评估模型: kimi-k2.5
    [kimi-k2.5] 决策: select | 选笑话编号: 2

  质量组: medium (4个候选笑话)
    评估模型: qwen3-max
    [qwen3-max] 决策: select | 选笑话编号: 1
    评估模型: deepseek-v3.2
    [deepseek-v3.2] 决策: select | 选笑话编号: 1
    评估模型: kimi-k2.5
    [kimi-k2.5] 决策: create | 选笑话编号: None

  质量组: low (4个候选笑话)
    评估模型: qwen3-max
    [qwen3-max] 决策: create | 选笑话编号: None
    评估模型: deepseek-v3.2
    [deepseek-v3.2] 决策: select | 选笑话编号: 1
    评估模型: kimi-k2.5
    [kimi-k2.5] 决策: create | 选笑话编号: None

  Item完成: 耗时64.3s | 总耗时717.4min
  速率限制器状态: 可用令牌=48.0/48
  已保存中间结果 (743 条)

============================================================
处理 zh_0844... (744/1174)

  质量组: high (4个候选笑话)
    评估模型: qwen3-max
    [qwen3-max] 决策: select | 选笑话编号: 2
    评估模型: deepseek-v3.2
    [deepseek-v3.2] 决策: select | 选笑话编号: 4
    评估模型: kimi-k2.5
    [kimi-k2.5] 决策: create | 选笑话编号: None

  质量组: medium (4个候选笑话)
    评估模型: qwen3-max
    [qwen3-max] 决策: select | 选笑话编号: 1
    评估模型: deepseek-v3.2
    [deepseek-v3.2] 决策: select | 选笑话编号: 2
    评估模型: kimi-k2.5
    [kimi-k2.5] 决策: create | 选笑话编号: None

  质量组: low (4个候选笑话)
    评估模型: qwen3-max
    [qwen3-max] 决策: create | 选笑话编号: None
    评估模型: deepseek-v3.2
    [deepseek-v3.2] 决策: select | 选笑话编号: 2
    评估模型: kimi-k2.5
    [kimi-k2.5] 决策: create | 选笑话编号: None

  Item完成: 耗时53.4s | 总耗时718.3min
  速率限制器状态: 可用令牌=48.0/48
  已保存中间结果 (744 条)

============================================================
处理 zh_0845... (745/1174)

  质量组: high (4个候选笑话)
    评估模型: qwen3-max
    [qwen3-max] 决策: select | 选笑话编号: 2
    评估模型: deepseek-v3.2
    [deepseek-v3.2] 决策: select | 选笑话编号: 3
    评估模型: kimi-k2.5
    [kimi-k2.5] 决策: create | 选笑话编号: None

  质量组: medium (4个候选笑话)
    评估模型: qwen3-max
    [qwen3-max] 决策: select | 选笑话编号: 2
    评估模型: deepseek-v3.2
    [deepseek-v3.2] 决策: select | 选笑话编号: 4
    评估模型: kimi-k2.5
    [API] JSON解析失败: JSON解析失败: Expecting ',' delimiter: line 4 column 32 (char 86), model=kimi-k2.5
    [kimi-k2.5] 决策:  | 选笑话编号: ?

  质量组: low (4个候选笑话)
    评估模型: qwen3-max
    [qwen3-max] 决策: select | 选笑话编号: 2
    评估模型: deepseek-v3.2
    [deepseek-v3.2] 决策: select | 选笑话编号: 1
    评估模型: kimi-k2.5
    [kimi-k2.5] 决策: create | 选笑话编号: None

  Item完成: 耗时57.4s | 总耗时719.3min
  速率限制器状态: 可用令牌=48.0/48
  已保存中间结果 (745 条)

============================================================
处理 zh_0846... (746/1174)

  质量组: high (4个候选笑话)
    评估模型: qwen3-max
    [qwen3-max] 决策: select | 选笑话编号: 2
    评估模型: deepseek-v3.2
    [deepseek-v3.2] 决策: select | 选笑话编号: 3
    评估模型: kimi-k2.5
    [kimi-k2.5] 决策: create | 选笑话编号: None

  质量组: medium (4个候选笑话)
    评估模型: qwen3-max
    [qwen3-max] 决策: select | 选笑话编号: 4
    评估模型: deepseek-v3.2
    [deepseek-v3.2] 决策: select | 选笑话编号: 4
    评估模型: kimi-k2.5
    [kimi-k2.5] 决策: create | 选笑话编号: None

  质量组: low (4个候选笑话)
    评估模型: qwen3-max
    [qwen3-max] 决策: create | 选笑话编号: None
    评估模型: deepseek-v3.2
    [deepseek-v3.2] 决策: create | 选笑话编号: None
    评估模型: kimi-k2.5
    [kimi-k2.5] 决策: create | 选笑话编号: None

  Item完成: 耗时57.6s | 总耗时720.2min
  速率限制器状态: 可用令牌=48.0/48
  已保存中间结果 (746 条)

============================================================
处理 zh_0847... (747/1174)

  质量组: high (4个候选笑话)
    评估模型: qwen3-max
    [qwen3-max] 决策: select | 选笑话编号: 2
    评估模型: deepseek-v3.2
    [deepseek-v3.2] 决策: select | 选笑话编号: 2
    评估模型: kimi-k2.5
    [kimi-k2.5] 决策: select | 选笑话编号: 2

  质量组: medium (4个候选笑话)
    评估模型: qwen3-max
    [qwen3-max] 决策: select | 选笑话编号: 2
    评估模型: deepseek-v3.2
    [deepseek-v3.2] 决策: select | 选笑话编号: 4
    评估模型: kimi-k2.5
    [kimi-k2.5] 决策: create | 选笑话编号: None

  质量组: low (4个候选笑话)
    评估模型: qwen3-max
    [qwen3-max] 决策: select | 选笑话编号: 3
    评估模型: deepseek-v3.2
    [deepseek-v3.2] 决策: select | 选笑话编号: 3
    评估模型: kimi-k2.5
    [kimi-k2.5] 决策: create | 选笑话编号: None

  Item完成: 耗时52.1s | 总耗时721.1min
  速率限制器状态: 可用令牌=48.0/48
  已保存中间结果 (747 条)

============================================================
处理 zh_0848... (748/1174)

  质量组: high (4个候选笑话)
    评估模型: qwen3-max
    [qwen3-max] 决策: select | 选笑话编号: 3
    评估模型: deepseek-v3.2
    [deepseek-v3.2] 决策: select | 选笑话编号: 3
    评估模型: kimi-k2.5
    [kimi-k2.5] 决策: create | 选笑话编号: None

  质量组: medium (4个候选笑话)
    评估模型: qwen3-max
    [qwen3-max] 决策: select | 选笑话编号: 2
    评估模型: deepseek-v3.2
    [deepseek-v3.2] 决策: create | 选笑话编号: None
    评估模型: kimi-k2.5
    [kimi-k2.5] 决策: create | 选笑话编号: None

  质量组: low (4个候选笑话)
    评估模型: qwen3-max
    [qwen3-max] 决策: create | 选笑话编号: None
    评估模型: deepseek-v3.2
    [deepseek-v3.2] 决策: create | 选笑话编号: None
    评估模型: kimi-k2.5
    [kimi-k2.5] 决策: create | 选笑话编号: None

  Item完成: 耗时49.0s | 总耗时721.9min
  速率限制器状态: 可用令牌=48.0/48
  已保存中间结果 (748 条)

============================================================
处理 zh_0849... (749/1174)

  质量组: high (4个候选笑话)
    评估模型: qwen3-max
    [qwen3-max] 决策: select | 选笑话编号: 1
    评估模型: deepseek-v3.2
    [deepseek-v3.2] 决策: select | 选笑话编号: 3
    评估模型: kimi-k2.5
    [kimi-k2.5] 决策: create | 选笑话编号: None

  质量组: medium (4个候选笑话)
    评估模型: qwen3-max
    [qwen3-max] 决策: select | 选笑话编号: 2
    评估模型: deepseek-v3.2
    [deepseek-v3.2] 决策: select | 选笑话编号: 2
    评估模型: kimi-k2.5
    [kimi-k2.5] 决策: create | 选笑话编号: None

  质量组: low (4个候选笑话)
    评估模型: qwen3-max
    [qwen3-max] 决策: select | 选笑话编号: 4
    评估模型: deepseek-v3.2
    [deepseek-v3.2] 决策: select | 选笑话编号: 4
    评估模型: kimi-k2.5
    [kimi-k2.5] 决策: create | 选笑话编号: None

  Item完成: 耗时55.7s | 总耗时722.9min
  速率限制器状态: 可用令牌=48.0/48
  已保存中间结果 (749 条)

============================================================
处理 zh_0850... (750/1174)

  质量组: high (4个候选笑话)
    评估模型: qwen3-max
    [qwen3-max] 决策: select | 选笑话编号: 1
    评估模型: deepseek-v3.2
    [deepseek-v3.2] 决策: select | 选笑话编号: 4
    评估模型: kimi-k2.5
    [kimi-k2.5] 决策: create | 选笑话编号: None

  质量组: medium (4个候选笑话)
    评估模型: qwen3-max
    [qwen3-max] 决策: select | 选笑话编号: 3
    评估模型: deepseek-v3.2
    [deepseek-v3.2] 决策: select | 选笑话编号: 4
    评估模型: kimi-k2.5
    [kimi-k2.5] 决策: create | 选笑话编号: None

  质量组: low (4个候选笑话)
    评估模型: qwen3-max
    [qwen3-max] 决策: select | 选笑话编号: 2
    评估模型: deepseek-v3.2
    [deepseek-v3.2] 决策: select | 选笑话编号: 3
    评估模型: kimi-k2.5
    [kimi-k2.5] 决策: create | 选笑话编号: None

  Item完成: 耗时54.4s | 总耗时723.8min
  速率限制器状态: 可用令牌=48.0/48
  已保存中间结果 (750 条)

============================================================
处理 zh_0851... (751/1174)

  质量组: high (4个候选笑话)
    评估模型: qwen3-max
    [qwen3-max] 决策: select | 选笑话编号: 4
    评估模型: deepseek-v3.2
    [deepseek-v3.2] 决策: select | 选笑话编号: 4
    评估模型: kimi-k2.5
    [kimi-k2.5] 决策: create | 选笑话编号: None

  质量组: medium (4个候选笑话)
    评估模型: qwen3-max
    [qwen3-max] 决策: select | 选笑话编号: 2
    评估模型: deepseek-v3.2
    [deepseek-v3.2] 决策: select | 选笑话编号: 2
    评估模型: kimi-k2.5
    [kimi-k2.5] 决策: create | 选笑话编号: None

  质量组: low (4个候选笑话)
    评估模型: qwen3-max
    [qwen3-max] 决策: select | 选笑话编号: 4
    评估模型: deepseek-v3.2
    [deepseek-v3.2] 决策: select | 选笑话编号: 2
    评估模型: kimi-k2.5
    [kimi-k2.5] 决策: create | 选笑话编号: None

  Item完成: 耗时64.4s | 总耗时724.9min
  速率限制器状态: 可用令牌=48.0/48
  已保存中间结果 (751 条)

============================================================
处理 zh_0852... (752/1174)

  质量组: high (4个候选笑话)
    评估模型: qwen3-max
    [qwen3-max] 决策: select | 选笑话编号: 1
    评估模型: deepseek-v3.2
    [deepseek-v3.2] 决策: select | 选笑话编号: 4
    评估模型: kimi-k2.5
    [kimi-k2.5] 决策: create | 选笑话编号: None

  质量组: medium (4个候选笑话)
    评估模型: qwen3-max
    [qwen3-max] 决策: select | 选笑话编号: 4
    评估模型: deepseek-v3.2
    [deepseek-v3.2] 决策: select | 选笑话编号: 2
    评估模型: kimi-k2.5
    [kimi-k2.5] 决策: create | 选笑话编号: None

  质量组: low (4个候选笑话)
    评估模型: qwen3-max
    [qwen3-max] 决策: select | 选笑话编号: 2
    评估模型: deepseek-v3.2
    [deepseek-v3.2] 决策: select | 选笑话编号: 2
    评估模型: kimi-k2.5
    [kimi-k2.5] 决策: create | 选笑话编号: None

  Item完成: 耗时51.5s | 总耗时725.7min
  速率限制器状态: 可用令牌=48.0/48
  已保存中间结果 (752 条)

============================================================
处理 zh_0853... (753/1174)

  质量组: high (4个候选笑话)
    评估模型: qwen3-max
    [qwen3-max] 决策: select | 选笑话编号: 4
    评估模型: deepseek-v3.2
    [deepseek-v3.2] 决策: select | 选笑话编号: 4
    评估模型: kimi-k2.5
    [kimi-k2.5] 决策: select | 选笑话编号: 4

  质量组: medium (4个候选笑话)
    评估模型: qwen3-max
    [qwen3-max] 决策: select | 选笑话编号: 4
    评估模型: deepseek-v3.2
    [deepseek-v3.2] 决策: select | 选笑话编号: 4
    评估模型: kimi-k2.5
    [kimi-k2.5] 决策: create | 选笑话编号: None

  质量组: low (4个候选笑话)
    评估模型: qwen3-max
    [qwen3-max] 决策: create | 选笑话编号: None
    评估模型: deepseek-v3.2
    [deepseek-v3.2] 决策: select | 选笑话编号: 1
    评估模型: kimi-k2.5
    [kimi-k2.5] 决策: create | 选笑话编号: None

  Item完成: 耗时53.7s | 总耗时726.6min
  速率限制器状态: 可用令牌=48.0/48
  已保存中间结果 (753 条)

============================================================
处理 zh_0854... (754/1174)

  质量组: high (4个候选笑话)
    评估模型: qwen3-max
    [qwen3-max] 决策: select | 选笑话编号: 3
    评估模型: deepseek-v3.2
    [deepseek-v3.2] 决策: create | 选笑话编号: None
    评估模型: kimi-k2.5
    [kimi-k2.5] 决策: create | 选笑话编号: None

  质量组: medium (4个候选笑话)
    评估模型: qwen3-max
    [qwen3-max] 决策: create | 选笑话编号: None
    评估模型: deepseek-v3.2
    [deepseek-v3.2] 决策: select | 选笑话编号: 3
    评估模型: kimi-k2.5
    [kimi-k2.5] 决策: create | 选笑话编号: None

  质量组: low (4个候选笑话)
    评估模型: qwen3-max
    [qwen3-max] 决策: create | 选笑话编号: None
    评估模型: deepseek-v3.2
    [deepseek-v3.2] 决策: create | 选笑话编号: None
    评估模型: kimi-k2.5
    [kimi-k2.5] 决策: create | 选笑话编号: None

  Item完成: 耗时59.5s | 总耗时727.6min
  速率限制器状态: 可用令牌=48.0/48
  已保存中间结果 (754 条)

============================================================
处理 zh_0855... (755/1174)

  质量组: high (4个候选笑话)
    评估模型: qwen3-max
    [qwen3-max] 决策: select | 选笑话编号: 1
    评估模型: deepseek-v3.2
    [deepseek-v3.2] 决策: select | 选笑话编号: 1
    评估模型: kimi-k2.5
    [kimi-k2.5] 决策: create | 选笑话编号: None

  质量组: medium (4个候选笑话)
    评估模型: qwen3-max
    [qwen3-max] 决策: select | 选笑话编号: 2
    评估模型: deepseek-v3.2
    [deepseek-v3.2] 决策: select | 选笑话编号: 4
    评估模型: kimi-k2.5
    [kimi-k2.5] 决策: create | 选笑话编号: None

  质量组: low (4个候选笑话)
    评估模型: qwen3-max
    [qwen3-max] 决策: create | 选笑话编号: None
    评估模型: deepseek-v3.2
    [deepseek-v3.2] 决策: select | 选笑话编号: 4
    评估模型: kimi-k2.5
    [kimi-k2.5] 决策: create | 选笑话编号: None

  Item完成: 耗时63.7s | 总耗时728.7min
  速率限制器状态: 可用令牌=48.0/48
  已保存中间结果 (755 条)

============================================================
处理 zh_0856... (756/1174)

  质量组: high (4个候选笑话)
    评估模型: qwen3-max
    [qwen3-max] 决策: select | 选笑话编号: 2
    评估模型: deepseek-v3.2
    [deepseek-v3.2] 决策: select | 选笑话编号: 2
    评估模型: kimi-k2.5
    [API] 速率限制错误 (状态码=400), 等待1.9s后重试 (1/5), model=kimi-k2.5
    [kimi-k2.5] 决策: create | 选笑话编号: None

  质量组: medium (4个候选笑话)
    评估模型: qwen3-max
    [qwen3-max] 决策: select | 选笑话编号: 2
    评估模型: deepseek-v3.2
    [deepseek-v3.2] 决策: select | 选笑话编号: 2
    评估模型: kimi-k2.5
    [kimi-k2.5] 决策: create | 选笑话编号: None

  质量组: low (4个候选笑话)
    评估模型: qwen3-max
    [qwen3-max] 决策: select | 选笑话编号: 4
    评估模型: deepseek-v3.2
    [deepseek-v3.2] 决策: create | 选笑话编号: None
    评估模型: kimi-k2.5
    [kimi-k2.5] 决策: create | 选笑话编号: None

  Item完成: 耗时64.6s | 总耗时729.8min
  速率限制器状态: 可用令牌=48.0/48
  已保存中间结果 (756 条)

============================================================
处理 zh_0857... (757/1174)

  质量组: high (4个候选笑话)
    评估模型: qwen3-max
    [qwen3-max] 决策: select | 选笑话编号: 2
    评估模型: deepseek-v3.2
    [deepseek-v3.2] 决策: select | 选笑话编号: 2
    评估模型: kimi-k2.5
    [kimi-k2.5] 决策: create | 选笑话编号: None

  质量组: medium (4个候选笑话)
    评估模型: qwen3-max
    [qwen3-max] 决策: create | 选笑话编号: None
    评估模型: deepseek-v3.2
    [deepseek-v3.2] 决策: create | 选笑话编号: None
    评估模型: kimi-k2.5
    [kimi-k2.5] 决策: create | 选笑话编号: None

  质量组: low (4个候选笑话)
    评估模型: qwen3-max
    [qwen3-max] 决策: create | 选笑话编号: None
    评估模型: deepseek-v3.2
    [deepseek-v3.2] 决策: select | 选笑话编号: 2
    评估模型: kimi-k2.5
    [API] JSON解析失败: JSON解析失败: Expecting ',' delimiter: line 4 column 85 (char 142), model=kimi-k2.5
    [kimi-k2.5] 决策:  | 选笑话编号: ?

  Item完成: 耗时56.4s | 总耗时730.7min
  速率限制器状态: 可用令牌=48.0/48
  已保存中间结果 (757 条)

============================================================
处理 zh_0858... (758/1174)

  质量组: high (4个候选笑话)
    评估模型: qwen3-max
    [qwen3-max] 决策: select | 选笑话编号: 4
    评估模型: deepseek-v3.2
    [deepseek-v3.2] 决策: select | 选笑话编号: 4
    评估模型: kimi-k2.5
    [kimi-k2.5] 决策: create | 选笑话编号: None

  质量组: medium (4个候选笑话)
    评估模型: qwen3-max
    [qwen3-max] 决策: select | 选笑话编号: 2
    评估模型: deepseek-v3.2
    [deepseek-v3.2] 决策: select | 选笑话编号: 2
    评估模型: kimi-k2.5
    [kimi-k2.5] 决策: create | 选笑话编号: None

  质量组: low (4个候选笑话)
    评估模型: qwen3-max
    [qwen3-max] 决策: create | 选笑话编号: None
    评估模型: deepseek-v3.2
    [deepseek-v3.2] 决策: create | 选笑话编号: None
    评估模型: kimi-k2.5
    [kimi-k2.5] 决策: create | 选笑话编号: None

  Item完成: 耗时53.5s | 总耗时731.6min
  速率限制器状态: 可用令牌=48.0/48
  已保存中间结果 (758 条)

============================================================
处理 zh_0859... (759/1174)

  质量组: high (4个候选笑话)
    评估模型: qwen3-max
    [qwen3-max] 决策: select | 选笑话编号: 2
    评估模型: deepseek-v3.2
    [deepseek-v3.2] 决策: select | 选笑话编号: 2
    评估模型: kimi-k2.5
    [kimi-k2.5] 决策: create | 选笑话编号: None

  质量组: medium (4个候选笑话)
    评估模型: qwen3-max
    [qwen3-max] 决策: select | 选笑话编号: 2
    评估模型: deepseek-v3.2
    [deepseek-v3.2] 决策: select | 选笑话编号: 1
    评估模型: kimi-k2.5
    [kimi-k2.5] 决策: create | 选笑话编号: None

  质量组: low (4个候选笑话)
    评估模型: qwen3-max
    [qwen3-max] 决策: select | 选笑话编号: 2
    评估模型: deepseek-v3.2
    [deepseek-v3.2] 决策: create | 选笑话编号: None
    评估模型: kimi-k2.5
    [kimi-k2.5] 决策: create | 选笑话编号: None

  Item完成: 耗时60.7s | 总耗时732.6min
  速率限制器状态: 可用令牌=48.0/48
  已保存中间结果 (759 条)

============================================================
处理 zh_0860... (760/1174)

  质量组: high (4个候选笑话)
    评估模型: qwen3-max
    [qwen3-max] 决策: select | 选笑话编号: 2
    评估模型: deepseek-v3.2
    [deepseek-v3.2] 决策: select | 选笑话编号: 2
    评估模型: kimi-k2.5
    [kimi-k2.5] 决策: select | 选笑话编号: 2

  质量组: medium (4个候选笑话)
    评估模型: qwen3-max
    [qwen3-max] 决策: select | 选笑话编号: 2
    评估模型: deepseek-v3.2
    [deepseek-v3.2] 决策: select | 选笑话编号: 1
    评估模型: kimi-k2.5
    [kimi-k2.5] 决策: create | 选笑话编号: None

  质量组: low (4个候选笑话)
    评估模型: qwen3-max
    [qwen3-max] 决策: select | 选笑话编号: 1
    评估模型: deepseek-v3.2
    [deepseek-v3.2] 决策: select | 选笑话编号: 1
    评估模型: kimi-k2.5
    [kimi-k2.5] 决策: create | 选笑话编号: None

  Item完成: 耗时61.6s | 总耗时733.7min
  速率限制器状态: 可用令牌=48.0/48
  已保存中间结果 (760 条)

============================================================
处理 zh_0861... (761/1174)

  质量组: high (4个候选笑话)
    评估模型: qwen3-max
    [qwen3-max] 决策: select | 选笑话编号: 2
    评估模型: deepseek-v3.2
    [deepseek-v3.2] 决策: select | 选笑话编号: 1
    评估模型: kimi-k2.5
    [kimi-k2.5] 决策: create | 选笑话编号: None

  质量组: medium (4个候选笑话)
    评估模型: qwen3-max
    [qwen3-max] 决策: select | 选笑话编号: 4
    评估模型: deepseek-v3.2
    [deepseek-v3.2] 决策: select | 选笑话编号: 4
    评估模型: kimi-k2.5
    [kimi-k2.5] 决策: select | 选笑话编号: 4

  质量组: low (4个候选笑话)
    评估模型: qwen3-max
    [qwen3-max] 决策: create | 选笑话编号: None
    评估模型: deepseek-v3.2
    [deepseek-v3.2] 决策: select | 选笑话编号: 3
    评估模型: kimi-k2.5
    [kimi-k2.5] 决策: create | 选笑话编号: None

  Item完成: 耗时64.0s | 总耗时734.7min
  速率限制器状态: 可用令牌=48.0/48
  已保存中间结果 (761 条)

============================================================
处理 zh_0862... (762/1174)

  质量组: high (4个候选笑话)
    评估模型: qwen3-max
    [qwen3-max] 决策: select | 选笑话编号: 4
    评估模型: deepseek-v3.2
    [deepseek-v3.2] 决策: select | 选笑话编号: 2
    评估模型: kimi-k2.5
    [kimi-k2.5] 决策: create | 选笑话编号: None

  质量组: medium (4个候选笑话)
    评估模型: qwen3-max
    [qwen3-max] 决策: select | 选笑话编号: 2
    评估模型: deepseek-v3.2
    [deepseek-v3.2] 决策: select | 选笑话编号: 2
    评估模型: kimi-k2.5
    [kimi-k2.5] 决策: create | 选笑话编号: None

  质量组: low (4个候选笑话)
    评估模型: qwen3-max
    [qwen3-max] 决策: create | 选笑话编号: None
    评估模型: deepseek-v3.2
    [deepseek-v3.2] 决策: select | 选笑话编号: 1
    评估模型: kimi-k2.5
    [kimi-k2.5] 决策: create | 选笑话编号: None

  Item完成: 耗时59.1s | 总耗时735.7min
  速率限制器状态: 可用令牌=48.0/48
  已保存中间结果 (762 条)

============================================================
处理 zh_0863... (763/1174)

  质量组: high (4个候选笑话)
    评估模型: qwen3-max
    [qwen3-max] 决策: select | 选笑话编号: 1
    评估模型: deepseek-v3.2
    [deepseek-v3.2] 决策: select | 选笑话编号: 2
    评估模型: kimi-k2.5
    [kimi-k2.5] 决策: create | 选笑话编号: None

  质量组: medium (4个候选笑话)
    评估模型: qwen3-max
    [qwen3-max] 决策: select | 选笑话编号: 4
    评估模型: deepseek-v3.2
    [deepseek-v3.2] 决策: select | 选笑话编号: 4
    评估模型: kimi-k2.5
    [kimi-k2.5] 决策: create | 选笑话编号: None

  质量组: low (4个候选笑话)
    评估模型: qwen3-max
    [qwen3-max] 决策: select | 选笑话编号: 1
    评估模型: deepseek-v3.2
    [deepseek-v3.2] 决策: select | 选笑话编号: 1
    评估模型: kimi-k2.5
    [API] JSON解析失败: JSON解析失败: Expecting ',' delimiter: line 4 column 39 (char 96), model=kimi-k2.5
    [kimi-k2.5] 决策:  | 选笑话编号: ?

  Item完成: 耗时56.4s | 总耗时736.7min
  速率限制器状态: 可用令牌=48.0/48
  已保存中间结果 (763 条)

============================================================
处理 zh_0864... (764/1174)

  质量组: high (4个候选笑话)
    评估模型: qwen3-max
    [qwen3-max] 决策: select | 选笑话编号: 2
    评估模型: deepseek-v3.2
    [deepseek-v3.2] 决策: select | 选笑话编号: 4
    评估模型: kimi-k2.5
    [kimi-k2.5] 决策: select | 选笑话编号: 2

  质量组: medium (4个候选笑话)
    评估模型: qwen3-max
    [qwen3-max] 决策: select | 选笑话编号: 2
    评估模型: deepseek-v3.2
    [deepseek-v3.2] 决策: select | 选笑话编号: 1
    评估模型: kimi-k2.5
    [kimi-k2.5] 决策: create | 选笑话编号: None

  质量组: low (4个候选笑话)
    评估模型: qwen3-max
    [qwen3-max] 决策: create | 选笑话编号: None
    评估模型: deepseek-v3.2
    [deepseek-v3.2] 决策: create | 选笑话编号: None
    评估模型: kimi-k2.5
    [kimi-k2.5] 决策: create | 选笑话编号: None

  Item完成: 耗时58.0s | 总耗时737.6min
  速率限制器状态: 可用令牌=48.0/48
  已保存中间结果 (764 条)

============================================================
处理 zh_0865... (765/1174)

  质量组: high (4个候选笑话)
    评估模型: qwen3-max
    [qwen3-max] 决策: select | 选笑话编号: 2
    评估模型: deepseek-v3.2
    [deepseek-v3.2] 决策: select | 选笑话编号: 2
    评估模型: kimi-k2.5
    [kimi-k2.5] 决策: select | 选笑话编号: 2

  质量组: medium (4个候选笑话)
    评估模型: qwen3-max
    [qwen3-max] 决策: select | 选笑话编号: 1
    评估模型: deepseek-v3.2
    [deepseek-v3.2] 决策: select | 选笑话编号: 1
    评估模型: kimi-k2.5
    [kimi-k2.5] 决策: create | 选笑话编号: None

  质量组: low (4个候选笑话)
    评估模型: qwen3-max
    [qwen3-max] 决策: create | 选笑话编号: None
    评估模型: deepseek-v3.2
    [deepseek-v3.2] 决策: create | 选笑话编号: None
    评估模型: kimi-k2.5
    [kimi-k2.5] 决策: create | 选笑话编号: None

  Item完成: 耗时55.0s | 总耗时738.6min
  速率限制器状态: 可用令牌=48.0/48
  已保存中间结果 (765 条)

============================================================
处理 zh_0866... (766/1174)

  质量组: high (4个候选笑话)
    评估模型: qwen3-max
    [qwen3-max] 决策: select | 选笑话编号: 1
    评估模型: deepseek-v3.2
    [deepseek-v3.2] 决策: select | 选笑话编号: 4
    评估模型: kimi-k2.5
    [API] JSON解析失败: JSON解析失败: Expecting ',' delimiter: line 4 column 51 (char 108), model=kimi-k2.5
    [kimi-k2.5] 决策:  | 选笑话编号: ?

  质量组: medium (4个候选笑话)
    评估模型: qwen3-max
    [qwen3-max] 决策: select | 选笑话编号: 1
    评估模型: deepseek-v3.2
    [deepseek-v3.2] 决策: select | 选笑话编号: 2
    评估模型: kimi-k2.5
    [API] JSON解析失败: JSON解析失败: Expecting ',' delimiter: line 4 column 34 (char 88), model=kimi-k2.5
    [kimi-k2.5] 决策:  | 选笑话编号: ?

  质量组: low (4个候选笑话)
    评估模型: qwen3-max
    [qwen3-max] 决策: create | 选笑话编号: None
    评估模型: deepseek-v3.2
    [deepseek-v3.2] 决策: select | 选笑话编号: 1
    评估模型: kimi-k2.5
    [kimi-k2.5] 决策: create | 选笑话编号: None

  Item完成: 耗时48.7s | 总耗时739.4min
  速率限制器状态: 可用令牌=48.0/48
  已保存中间结果 (766 条)

============================================================
处理 zh_0867... (767/1174)

  质量组: high (4个候选笑话)
    评估模型: qwen3-max
    [qwen3-max] 决策: select | 选笑话编号: 2
    评估模型: deepseek-v3.2
    [deepseek-v3.2] 决策: select | 选笑话编号: 2
    评估模型: kimi-k2.5
    [kimi-k2.5] 决策: create | 选笑话编号: None

  质量组: medium (4个候选笑话)
    评估模型: qwen3-max
    [qwen3-max] 决策: select | 选笑话编号: 2
    评估模型: deepseek-v3.2
    [deepseek-v3.2] 决策: select | 选笑话编号: 4
    评估模型: kimi-k2.5
    [kimi-k2.5] 决策: create | 选笑话编号: None

  质量组: low (4个候选笑话)
    评估模型: qwen3-max
    [qwen3-max] 决策: create | 选笑话编号: None
    评估模型: deepseek-v3.2
    [deepseek-v3.2] 决策: select | 选笑话编号: 2
    评估模型: kimi-k2.5
    [kimi-k2.5] 决策: create | 选笑话编号: None

  Item完成: 耗时61.7s | 总耗时740.4min
  速率限制器状态: 可用令牌=48.0/48
  已保存中间结果 (767 条)

============================================================
处理 zh_0868... (768/1174)

  质量组: high (4个候选笑话)
    评估模型: qwen3-max
    [qwen3-max] 决策: select | 选笑话编号: 3
    评估模型: deepseek-v3.2
    [deepseek-v3.2] 决策: select | 选笑话编号: 2
    评估模型: kimi-k2.5
    [kimi-k2.5] 决策: create | 选笑话编号: None

  质量组: medium (4个候选笑话)
    评估模型: qwen3-max
    [qwen3-max] 决策: select | 选笑话编号: 2
    评估模型: deepseek-v3.2
    [deepseek-v3.2] 决策: select | 选笑话编号: 2
    评估模型: kimi-k2.5
    [kimi-k2.5] 决策: create | 选笑话编号: None

  质量组: low (4个候选笑话)
    评估模型: qwen3-max
    [qwen3-max] 决策: select | 选笑话编号: 3
    评估模型: deepseek-v3.2
    [deepseek-v3.2] 决策: select | 选笑话编号: 3
    评估模型: kimi-k2.5
    [kimi-k2.5] 决策: create | 选笑话编号: None

  Item完成: 耗时62.9s | 总耗时741.5min
  速率限制器状态: 可用令牌=48.0/48
  已保存中间结果 (768 条)

============================================================
处理 zh_0869... (769/1174)

  质量组: high (4个候选笑话)
    评估模型: qwen3-max
    [qwen3-max] 决策: select | 选笑话编号: 4
    评估模型: deepseek-v3.2
    [deepseek-v3.2] 决策: select | 选笑话编号: 4
    评估模型: kimi-k2.5
    [kimi-k2.5] 决策: create | 选笑话编号: None

  质量组: medium (4个候选笑话)
    评估模型: qwen3-max
    [qwen3-max] 决策: select | 选笑话编号: 2
    评估模型: deepseek-v3.2
    [deepseek-v3.2] 决策: select | 选笑话编号: 4
    评估模型: kimi-k2.5
    [kimi-k2.5] 决策: select | 选笑话编号: 4

  质量组: low (4个候选笑话)
    评估模型: qwen3-max
    [qwen3-max] 决策: select | 选笑话编号: 1
    评估模型: deepseek-v3.2
    [deepseek-v3.2] 决策: select | 选笑话编号: 4
    评估模型: kimi-k2.5
    [kimi-k2.5] 决策: create | 选笑话编号: None

  Item完成: 耗时59.6s | 总耗时742.5min
  速率限制器状态: 可用令牌=48.0/48
  已保存中间结果 (769 条)

============================================================
处理 zh_0870... (770/1174)

  质量组: high (4个候选笑话)
    评估模型: qwen3-max
    [qwen3-max] 决策: select | 选笑话编号: 2
    评估模型: deepseek-v3.2
    [deepseek-v3.2] 决策: create | 选笑话编号: None
    评估模型: kimi-k2.5
    [kimi-k2.5] 决策: create | 选笑话编号: None

  质量组: medium (4个候选笑话)
    评估模型: qwen3-max
    [qwen3-max] 决策: create | 选笑话编号: None
    评估模型: deepseek-v3.2
    [deepseek-v3.2] 决策: select | 选笑话编号: 1
    评估模型: kimi-k2.5
    [kimi-k2.5] 决策: create | 选笑话编号: None

  质量组: low (4个候选笑话)
    评估模型: qwen3-max
    [qwen3-max] 决策: create | 选笑话编号: None
    评估模型: deepseek-v3.2
    [deepseek-v3.2] 决策: select | 选笑话编号: 1
    评估模型: kimi-k2.5
    [kimi-k2.5] 决策: create | 选笑话编号: None

  Item完成: 耗时61.4s | 总耗时743.5min
  速率限制器状态: 可用令牌=48.0/48
  已保存中间结果 (770 条)

============================================================
处理 zh_0871... (771/1174)

  质量组: high (4个候选笑话)
    评估模型: qwen3-max
    [qwen3-max] 决策: select | 选笑话编号: 2
    评估模型: deepseek-v3.2
    [deepseek-v3.2] 决策: select | 选笑话编号: 4
    评估模型: kimi-k2.5
    [kimi-k2.5] 决策: create | 选笑话编号: None

  质量组: medium (4个候选笑话)
    评估模型: qwen3-max
    [qwen3-max] 决策: select | 选笑话编号: 4
    评估模型: deepseek-v3.2
    [deepseek-v3.2] 决策: select | 选笑话编号: 4
    评估模型: kimi-k2.5
    [API] JSON解析失败: JSON解析失败: Expecting ',' delimiter: line 4 column 79 (char 136), model=kimi-k2.5
    [kimi-k2.5] 决策:  | 选笑话编号: ?

  质量组: low (4个候选笑话)
    评估模型: qwen3-max
    [qwen3-max] 决策: select | 选笑话编号: 1
    评估模型: deepseek-v3.2
    [deepseek-v3.2] 决策: create | 选笑话编号: None
    评估模型: kimi-k2.5
    [API] JSON解析失败: JSON解析失败: Expecting ',' delimiter: line 4 column 100 (char 157), model=kimi-k2.5
    [kimi-k2.5] 决策:  | 选笑话编号: ?

  Item完成: 耗时56.2s | 总耗时744.4min
  速率限制器状态: 可用令牌=48.0/48
  已保存中间结果 (771 条)

============================================================
处理 zh_0872... (772/1174)

  质量组: high (4个候选笑话)
    评估模型: qwen3-max
    [qwen3-max] 决策: select | 选笑话编号: 2
    评估模型: deepseek-v3.2
    [deepseek-v3.2] 决策: select | 选笑话编号: 3
    评估模型: kimi-k2.5
    [kimi-k2.5] 决策: select | 选笑话编号: 2

  质量组: medium (4个候选笑话)
    评估模型: qwen3-max
    [qwen3-max] 决策: select | 选笑话编号: 1
    评估模型: deepseek-v3.2
    [deepseek-v3.2] 决策: select | 选笑话编号: 4
    评估模型: kimi-k2.5
    [kimi-k2.5] 决策: create | 选笑话编号: None

  质量组: low (4个候选笑话)
    评估模型: qwen3-max
    [qwen3-max] 决策: create | 选笑话编号: None
    评估模型: deepseek-v3.2
    [deepseek-v3.2] 决策: select | 选笑话编号: 1
    评估模型: kimi-k2.5
    [kimi-k2.5] 决策: create | 选笑话编号: None

  Item完成: 耗时66.1s | 总耗时745.5min
  速率限制器状态: 可用令牌=48.0/48
  已保存中间结果 (772 条)

============================================================
处理 zh_0873... (773/1174)

  质量组: high (4个候选笑话)
    评估模型: qwen3-max
    [qwen3-max] 决策: select | 选笑话编号: 1
    评估模型: deepseek-v3.2
    [deepseek-v3.2] 决策: select | 选笑话编号: 3
    评估模型: kimi-k2.5
    [kimi-k2.5] 决策: create | 选笑话编号: None

  质量组: medium (4个候选笑话)
    评估模型: qwen3-max
    [qwen3-max] 决策: select | 选笑话编号: 1
    评估模型: deepseek-v3.2
    [deepseek-v3.2] 决策: select | 选笑话编号: 1
    评估模型: kimi-k2.5
    [kimi-k2.5] 决策: create | 选笑话编号: None

  质量组: low (4个候选笑话)
    评估模型: qwen3-max
    [qwen3-max] 决策: create | 选笑话编号: None
    评估模型: deepseek-v3.2
    [deepseek-v3.2] 决策: select | 选笑话编号: 1
    评估模型: kimi-k2.5
    [kimi-k2.5] 决策: create | 选笑话编号: None

  Item完成: 耗时61.7s | 总耗时746.6min
  速率限制器状态: 可用令牌=48.0/48
  已保存中间结果 (773 条)

============================================================
处理 zh_0874... (774/1174)

  质量组: high (4个候选笑话)
    评估模型: qwen3-max
    [qwen3-max] 决策: select | 选笑话编号: 3
    评估模型: deepseek-v3.2
    [deepseek-v3.2] 决策: select | 选笑话编号: 4
    评估模型: kimi-k2.5
    [kimi-k2.5] 决策: select | 选笑话编号: 4

  质量组: medium (4个候选笑话)
    评估模型: qwen3-max
    [qwen3-max] 决策: select | 选笑话编号: 4
    评估模型: deepseek-v3.2
    [deepseek-v3.2] 决策: select | 选笑话编号: 1
    评估模型: kimi-k2.5
    [kimi-k2.5] 决策: create | 选笑话编号: None

  质量组: low (4个候选笑话)
    评估模型: qwen3-max
    [qwen3-max] 决策: create | 选笑话编号: None
    评估模型: deepseek-v3.2
    [deepseek-v3.2] 决策: select | 选笑话编号: 2
    评估模型: kimi-k2.5
    [kimi-k2.5] 决策: create | 选笑话编号: None

  Item完成: 耗时58.9s | 总耗时747.6min
  速率限制器状态: 可用令牌=48.0/48
  已保存中间结果 (774 条)

============================================================
处理 zh_0875... (775/1174)

  质量组: high (4个候选笑话)
    评估模型: qwen3-max
    [qwen3-max] 决策: select | 选笑话编号: 2
    评估模型: deepseek-v3.2
    [deepseek-v3.2] 决策: select | 选笑话编号: 2
    评估模型: kimi-k2.5
    [kimi-k2.5] 决策: create | 选笑话编号: None

  质量组: medium (4个候选笑话)
    评估模型: qwen3-max
    [qwen3-max] 决策: create | 选笑话编号: None
    评估模型: deepseek-v3.2
    [deepseek-v3.2] 决策: select | 选笑话编号: 2
    评估模型: kimi-k2.5
    [kimi-k2.5] 决策: create | 选笑话编号: None

  质量组: low (4个候选笑话)
    评估模型: qwen3-max
    [qwen3-max] 决策: select | 选笑话编号: 1
    评估模型: deepseek-v3.2
    [deepseek-v3.2] 决策: select | 选笑话编号: 2
    评估模型: kimi-k2.5
    [kimi-k2.5] 决策: create | 选笑话编号: None

  Item完成: 耗时55.0s | 总耗时748.5min
  速率限制器状态: 可用令牌=48.0/48
  已保存中间结果 (775 条)

============================================================
处理 zh_0876... (776/1174)

  质量组: high (4个候选笑话)
    评估模型: qwen3-max
    [qwen3-max] 决策: select | 选笑话编号: 3
    评估模型: deepseek-v3.2
    [deepseek-v3.2] 决策: select | 选笑话编号: 3
    评估模型: kimi-k2.5
    [kimi-k2.5] 决策: create | 选笑话编号: None

  质量组: medium (4个候选笑话)
    评估模型: qwen3-max
    [qwen3-max] 决策: select | 选笑话编号: 2
    评估模型: deepseek-v3.2
    [deepseek-v3.2] 决策: select | 选笑话编号: 4
    评估模型: kimi-k2.5
    [kimi-k2.5] 决策: create | 选笑话编号: None

  质量组: low (4个候选笑话)
    评估模型: qwen3-max
    [qwen3-max] 决策: select | 选笑话编号: 1
    评估模型: deepseek-v3.2
    [deepseek-v3.2] 决策: select | 选笑话编号: 1
    评估模型: kimi-k2.5
    [kimi-k2.5] 决策: create | 选笑话编号: None

  Item完成: 耗时63.8s | 总耗时749.6min
  速率限制器状态: 可用令牌=48.0/48
  已保存中间结果 (776 条)

============================================================
处理 zh_0877... (777/1174)

  质量组: high (4个候选笑话)
    评估模型: qwen3-max
    [qwen3-max] 决策: select | 选笑话编号: 1
    评估模型: deepseek-v3.2
    [deepseek-v3.2] 决策: select | 选笑话编号: 1
    评估模型: kimi-k2.5
    [kimi-k2.5] 决策: create | 选笑话编号: None

  质量组: medium (4个候选笑话)
    评估模型: qwen3-max
    [qwen3-max] 决策: select | 选笑话编号: 2
    评估模型: deepseek-v3.2
    [deepseek-v3.2] 决策: select | 选笑话编号: 2
    评估模型: kimi-k2.5
    [kimi-k2.5] 决策: select | 选笑话编号: 2

  质量组: low (4个候选笑话)
    评估模型: qwen3-max
    [qwen3-max] 决策: create | 选笑话编号: None
    评估模型: deepseek-v3.2
    [deepseek-v3.2] 决策: create | 选笑话编号: None
    评估模型: kimi-k2.5
    [kimi-k2.5] 决策: create | 选笑话编号: None

  Item完成: 耗时78.2s | 总耗时750.9min
  速率限制器状态: 可用令牌=48.0/48
  已保存中间结果 (777 条)

============================================================
处理 zh_0878... (778/1174)

  质量组: high (4个候选笑话)
    评估模型: qwen3-max
    [qwen3-max] 决策: select | 选笑话编号: 2
    评估模型: deepseek-v3.2
    [deepseek-v3.2] 决策: select | 选笑话编号: 2
    评估模型: kimi-k2.5
    [API] JSON解析失败: JSON解析失败: Expecting ',' delimiter: line 4 column 56 (char 113), model=kimi-k2.5
    [kimi-k2.5] 决策:  | 选笑话编号: ?

  质量组: medium (4个候选笑话)
    评估模型: qwen3-max
    [qwen3-max] 决策: create | 选笑话编号: None
    评估模型: deepseek-v3.2
    [deepseek-v3.2] 决策: select | 选笑话编号: 1
    评估模型: kimi-k2.5
    [kimi-k2.5] 决策: create | 选笑话编号: None

  质量组: low (4个候选笑话)
    评估模型: qwen3-max
    [qwen3-max] 决策: create | 选笑话编号: None
    评估模型: deepseek-v3.2
    [deepseek-v3.2] 决策: create | 选笑话编号: None
    评估模型: kimi-k2.5
    [kimi-k2.5] 决策: create | 选笑话编号: None

  Item完成: 耗时48.7s | 总耗时751.7min
  速率限制器状态: 可用令牌=48.0/48
  已保存中间结果 (778 条)

============================================================
处理 zh_0879... (779/1174)

  质量组: high (4个候选笑话)
    评估模型: qwen3-max
    [qwen3-max] 决策: select | 选笑话编号: 4
    评估模型: deepseek-v3.2
    [deepseek-v3.2] 决策: select | 选笑话编号: 4
    评估模型: kimi-k2.5
    [kimi-k2.5] 决策: create | 选笑话编号: None

  质量组: medium (4个候选笑话)
    评估模型: qwen3-max
    [qwen3-max] 决策: select | 选笑话编号: 1
    评估模型: deepseek-v3.2
    [deepseek-v3.2] 决策: select | 选笑话编号: 2
    评估模型: kimi-k2.5
    [kimi-k2.5] 决策: create | 选笑话编号: None

  质量组: low (4个候选笑话)
    评估模型: qwen3-max
    [qwen3-max] 决策: select | 选笑话编号: 1
    评估模型: deepseek-v3.2
    [deepseek-v3.2] 决策: select | 选笑话编号: 1
    评估模型: kimi-k2.5
    [API] JSON解析失败: JSON解析失败: Expecting ',' delimiter: line 5 column 23 (char 189), model=kimi-k2.5
    [kimi-k2.5] 决策:  | 选笑话编号: ?

  Item完成: 耗时59.0s | 总耗时752.7min
  速率限制器状态: 可用令牌=48.0/48
  已保存中间结果 (779 条)

============================================================
处理 zh_0880... (780/1174)

  质量组: high (4个候选笑话)
    评估模型: qwen3-max
    [qwen3-max] 决策: select | 选笑话编号: 3
    评估模型: deepseek-v3.2
    [deepseek-v3.2] 决策: select | 选笑话编号: 2
    评估模型: kimi-k2.5
    [kimi-k2.5] 决策: create | 选笑话编号: None

  质量组: medium (4个候选笑话)
    评估模型: qwen3-max
    [qwen3-max] 决策: select | 选笑话编号: 2
    评估模型: deepseek-v3.2
    [deepseek-v3.2] 决策: select | 选笑话编号: 2
    评估模型: kimi-k2.5
    [kimi-k2.5] 决策: select | 选笑话编号: 2

  质量组: low (4个候选笑话)
    评估模型: qwen3-max
    [qwen3-max] 决策: create | 选笑话编号: None
    评估模型: deepseek-v3.2
    [deepseek-v3.2] 决策: select | 选笑话编号: 1
    评估模型: kimi-k2.5
    [kimi-k2.5] 决策: create | 选笑话编号: None

  Item完成: 耗时61.9s | 总耗时753.7min
  速率限制器状态: 可用令牌=48.0/48
  已保存中间结果 (780 条)

============================================================
处理 zh_0881... (781/1174)

  质量组: high (4个候选笑话)
    评估模型: qwen3-max
    [qwen3-max] 决策: select | 选笑话编号: 1
    评估模型: deepseek-v3.2
    [deepseek-v3.2] 决策: select | 选笑话编号: 4
    评估模型: kimi-k2.5
    [kimi-k2.5] 决策: select | 选笑话编号: 4

  质量组: medium (4个候选笑话)
    评估模型: qwen3-max
    [qwen3-max] 决策: select | 选笑话编号: 2
    评估模型: deepseek-v3.2
    [deepseek-v3.2] 决策: select | 选笑话编号: 2
    评估模型: kimi-k2.5
    [kimi-k2.5] 决策: select | 选笑话编号: 2

  质量组: low (4个候选笑话)
    评估模型: qwen3-max
    [qwen3-max] 决策: select | 选笑话编号: 1
    评估模型: deepseek-v3.2
    [deepseek-v3.2] 决策: select | 选笑话编号: 1
    评估模型: kimi-k2.5
    [kimi-k2.5] 决策: create | 选笑话编号: None

  Item完成: 耗时64.2s | 总耗时754.8min
  速率限制器状态: 可用令牌=48.0/48
  已保存中间结果 (781 条)

============================================================
处理 zh_0882... (782/1174)

  质量组: high (4个候选笑话)
    评估模型: qwen3-max
    [qwen3-max] 决策: select | 选笑话编号: 2
    评估模型: deepseek-v3.2
    [deepseek-v3.2] 决策: select | 选笑话编号: 2
    评估模型: kimi-k2.5
    [kimi-k2.5] 决策: select | 选笑话编号: 4

  质量组: medium (4个候选笑话)
    评估模型: qwen3-max
    [qwen3-max] 决策: select | 选笑话编号: 1
    评估模型: deepseek-v3.2
    [deepseek-v3.2] 决策: select | 选笑话编号: 4
    评估模型: kimi-k2.5
    [kimi-k2.5] 决策: create | 选笑话编号: None

  质量组: low (4个候选笑话)
    评估模型: qwen3-max
    [qwen3-max] 决策: select | 选笑话编号: 4
    评估模型: deepseek-v3.2
    [deepseek-v3.2] 决策: create | 选笑话编号: None
    评估模型: kimi-k2.5
    [kimi-k2.5] 决策: create | 选笑话编号: None

  Item完成: 耗时61.8s | 总耗时755.8min
  速率限制器状态: 可用令牌=48.0/48
  已保存中间结果 (782 条)

============================================================
处理 zh_0883... (783/1174)

  质量组: high (4个候选笑话)
    评估模型: qwen3-max
    [qwen3-max] 决策: select | 选笑话编号: 2
    评估模型: deepseek-v3.2
    [deepseek-v3.2] 决策: select | 选笑话编号: 4
    评估模型: kimi-k2.5
    [API] JSON解析失败: JSON解析失败: Expecting ',' delimiter: line 4 column 35 (char 92), model=kimi-k2.5
    [kimi-k2.5] 决策:  | 选笑话编号: ?

  质量组: medium (4个候选笑话)
    评估模型: qwen3-max
    [qwen3-max] 决策: select | 选笑话编号: 1
    评估模型: deepseek-v3.2
    [deepseek-v3.2] 决策: select | 选笑话编号: 1
    评估模型: kimi-k2.5
    [kimi-k2.5] 决策: create | 选笑话编号: None

  质量组: low (4个候选笑话)
    评估模型: qwen3-max
    [qwen3-max] 决策: select | 选笑话编号: 1
    评估模型: deepseek-v3.2
    [deepseek-v3.2] 决策: create | 选笑话编号: None
    评估模型: kimi-k2.5
    [kimi-k2.5] 决策: create | 选笑话编号: None

  Item完成: 耗时60.1s | 总耗时756.8min
  速率限制器状态: 可用令牌=48.0/48
  已保存中间结果 (783 条)

============================================================
处理 zh_0884... (784/1174)

  质量组: high (4个候选笑话)
    评估模型: qwen3-max
    [qwen3-max] 决策: select | 选笑话编号: 2
    评估模型: deepseek-v3.2
    [deepseek-v3.2] 决策: select | 选笑话编号: 2
    评估模型: kimi-k2.5
    [kimi-k2.5] 决策: select | 选笑话编号: 2

  质量组: medium (4个候选笑话)
    评估模型: qwen3-max
    [qwen3-max] 决策: select | 选笑话编号: 1
    评估模型: deepseek-v3.2
    [deepseek-v3.2] 决策: select | 选笑话编号: 1
    评估模型: kimi-k2.5
    [kimi-k2.5] 决策: select | 选笑话编号: 4

  质量组: low (4个候选笑话)
    评估模型: qwen3-max
    [qwen3-max] 决策: create | 选笑话编号: None
    评估模型: deepseek-v3.2
    [deepseek-v3.2] 决策: select | 选笑话编号: 1
    评估模型: kimi-k2.5
    [kimi-k2.5] 决策: create | 选笑话编号: None

  Item完成: 耗时63.3s | 总耗时757.9min
  速率限制器状态: 可用令牌=48.0/48
  已保存中间结果 (784 条)

============================================================
处理 zh_0885... (785/1174)

  质量组: high (4个候选笑话)
    评估模型: qwen3-max
    [qwen3-max] 决策: select | 选笑话编号: 1
    评估模型: deepseek-v3.2
    [deepseek-v3.2] 决策: select | 选笑话编号: 3
    评估模型: kimi-k2.5
    [kimi-k2.5] 决策: create | 选笑话编号: None

  质量组: medium (4个候选笑话)
    评估模型: qwen3-max
    [qwen3-max] 决策: select | 选笑话编号: 2
    评估模型: deepseek-v3.2
    [deepseek-v3.2] 决策: select | 选笑话编号: 1
    评估模型: kimi-k2.5
    [kimi-k2.5] 决策: create | 选笑话编号: None

  质量组: low (4个候选笑话)
    评估模型: qwen3-max
    [qwen3-max] 决策: create | 选笑话编号: None
    评估模型: deepseek-v3.2
    [deepseek-v3.2] 决策: create | 选笑话编号: None
    评估模型: kimi-k2.5
    [kimi-k2.5] 决策: create | 选笑话编号: None

  Item完成: 耗时60.5s | 总耗时758.9min
  速率限制器状态: 可用令牌=48.0/48
  已保存中间结果 (785 条)

============================================================
处理 zh_0886... (786/1174)

  质量组: high (4个候选笑话)
    评估模型: qwen3-max
    [qwen3-max] 决策: select | 选笑话编号: 2
    评估模型: deepseek-v3.2
    [deepseek-v3.2] 决策: select | 选笑话编号: 2
    评估模型: kimi-k2.5
    [kimi-k2.5] 决策: select | 选笑话编号: 2

  质量组: medium (4个候选笑话)
    评估模型: qwen3-max
    [qwen3-max] 决策: select | 选笑话编号: 1
    评估模型: deepseek-v3.2
    [deepseek-v3.2] 决策: select | 选笑话编号: 1
    评估模型: kimi-k2.5
    [kimi-k2.5] 决策: create | 选笑话编号: None

  质量组: low (4个候选笑话)
    评估模型: qwen3-max
    [qwen3-max] 决策: select | 选笑话编号: 1
    评估模型: deepseek-v3.2
    [deepseek-v3.2] 决策: select | 选笑话编号: 1
    评估模型: kimi-k2.5
    [kimi-k2.5] 决策: create | 选笑话编号: None

  Item完成: 耗时63.8s | 总耗时760.0min
  速率限制器状态: 可用令牌=48.0/48
  已保存中间结果 (786 条)

============================================================
处理 zh_0887... (787/1174)

  质量组: high (4个候选笑话)
    评估模型: qwen3-max
    [qwen3-max] 决策: select | 选笑话编号: 2
    评估模型: deepseek-v3.2
    [deepseek-v3.2] 决策: select | 选笑话编号: 2
    评估模型: kimi-k2.5
    [kimi-k2.5] 决策: create | 选笑话编号: None

  质量组: medium (4个候选笑话)
    评估模型: qwen3-max
    [qwen3-max] 决策: select | 选笑话编号: 1
    评估模型: deepseek-v3.2
    [deepseek-v3.2] 决策: select | 选笑话编号: 1
    评估模型: kimi-k2.5
    [kimi-k2.5] 决策: create | 选笑话编号: None

  质量组: low (4个候选笑话)
    评估模型: qwen3-max
    [qwen3-max] 决策: create | 选笑话编号: None
    评估模型: deepseek-v3.2
    [deepseek-v3.2] 决策: select | 选笑话编号: 1
    评估模型: kimi-k2.5
    [kimi-k2.5] 决策: create | 选笑话编号: None

  Item完成: 耗时61.1s | 总耗时761.0min
  速率限制器状态: 可用令牌=48.0/48
  已保存中间结果 (787 条)

============================================================
处理 zh_0888... (788/1174)

  质量组: high (4个候选笑话)
    评估模型: qwen3-max
    [qwen3-max] 决策: select | 选笑话编号: 2
    评估模型: deepseek-v3.2
    [deepseek-v3.2] 决策: select | 选笑话编号: 2
    评估模型: kimi-k2.5
    [kimi-k2.5] 决策: create | 选笑话编号: None

  质量组: medium (4个候选笑话)
    评估模型: qwen3-max
    [qwen3-max] 决策: select | 选笑话编号: 4
    评估模型: deepseek-v3.2
    [deepseek-v3.2] 决策: select | 选笑话编号: 4
    评估模型: kimi-k2.5
    [kimi-k2.5] 决策: select | 选笑话编号: 4

  质量组: low (4个候选笑话)
    评估模型: qwen3-max
    [qwen3-max] 决策: select | 选笑话编号: 2
    评估模型: deepseek-v3.2
    [deepseek-v3.2] 决策: select | 选笑话编号: 2
    评估模型: kimi-k2.5
    [kimi-k2.5] 决策: create | 选笑话编号: None

  Item完成: 耗时52.8s | 总耗时761.9min
  速率限制器状态: 可用令牌=48.0/48
  已保存中间结果 (788 条)

============================================================
处理 zh_0889... (789/1174)

  质量组: high (4个候选笑话)
    评估模型: qwen3-max
    [qwen3-max] 决策: select | 选笑话编号: 1
    评估模型: deepseek-v3.2
    [deepseek-v3.2] 决策: select | 选笑话编号: 2
    评估模型: kimi-k2.5
    [API] JSON解析失败: JSON解析失败: Expecting ',' delimiter: line 5 column 22 (char 205), model=kimi-k2.5
    [kimi-k2.5] 决策:  | 选笑话编号: ?

  质量组: medium (4个候选笑话)
    评估模型: qwen3-max
    [qwen3-max] 决策: select | 选笑话编号: 1
    评估模型: deepseek-v3.2
    [deepseek-v3.2] 决策: select | 选笑话编号: 1
    评估模型: kimi-k2.5
    [kimi-k2.5] 决策: create | 选笑话编号: None

  质量组: low (4个候选笑话)
    评估模型: qwen3-max
    [qwen3-max] 决策: create | 选笑话编号: None
    评估模型: deepseek-v3.2
    [deepseek-v3.2] 决策: select | 选笑话编号: 3
    评估模型: kimi-k2.5
    [kimi-k2.5] 决策: create | 选笑话编号: None

  Item完成: 耗时53.0s | 总耗时762.8min
  速率限制器状态: 可用令牌=48.0/48
  已保存中间结果 (789 条)

============================================================
处理 zh_0890... (790/1174)

  质量组: high (4个候选笑话)
    评估模型: qwen3-max
    [qwen3-max] 决策: select | 选笑话编号: 2
    评估模型: deepseek-v3.2
    [deepseek-v3.2] 决策: select | 选笑话编号: 2
    评估模型: kimi-k2.5
    [kimi-k2.5] 决策: create | 选笑话编号: None

  质量组: medium (4个候选笑话)
    评估模型: qwen3-max
    [qwen3-max] 决策: select | 选笑话编号: 2
    评估模型: deepseek-v3.2
    [deepseek-v3.2] 决策: select | 选笑话编号: 2
    评估模型: kimi-k2.5
    [kimi-k2.5] 决策: select | 选笑话编号: 2

  质量组: low (4个候选笑话)
    评估模型: qwen3-max
    [qwen3-max] 决策: create | 选笑话编号: None
    评估模型: deepseek-v3.2
    [deepseek-v3.2] 决策: select | 选笑话编号: 1
    评估模型: kimi-k2.5
    [kimi-k2.5] 决策: create | 选笑话编号: None

  Item完成: 耗时63.1s | 总耗时763.8min
  速率限制器状态: 可用令牌=48.0/48
  已保存中间结果 (790 条)

============================================================
处理 zh_0891... (791/1174)

  质量组: high (4个候选笑话)
    评估模型: qwen3-max
    [qwen3-max] 决策: select | 选笑话编号: 4
    评估模型: deepseek-v3.2
    [deepseek-v3.2] 决策: select | 选笑话编号: 4
    评估模型: kimi-k2.5
    [kimi-k2.5] 决策: select | 选笑话编号: 2

  质量组: medium (4个候选笑话)
    评估模型: qwen3-max
    [qwen3-max] 决策: select | 选笑话编号: 2
    评估模型: deepseek-v3.2
    [deepseek-v3.2] 决策: select | 选笑话编号: 2
    评估模型: kimi-k2.5
    [kimi-k2.5] 决策: create | 选笑话编号: None

  质量组: low (4个候选笑话)
    评估模型: qwen3-max
    [qwen3-max] 决策: select | 选笑话编号: 1
    评估模型: deepseek-v3.2
    [deepseek-v3.2] 决策: select | 选笑话编号: 1
    评估模型: kimi-k2.5
    [kimi-k2.5] 决策: create | 选笑话编号: None

  Item完成: 耗时68.8s | 总耗时765.0min
  速率限制器状态: 可用令牌=48.0/48
  已保存中间结果 (791 条)

============================================================
处理 zh_0892... (792/1174)

  质量组: high (4个候选笑话)
    评估模型: qwen3-max
    [qwen3-max] 决策: select | 选笑话编号: 4
    评估模型: deepseek-v3.2
    [deepseek-v3.2] 决策: select | 选笑话编号: 2
    评估模型: kimi-k2.5
    [kimi-k2.5] 决策: create | 选笑话编号: None

  质量组: medium (4个候选笑话)
    评估模型: qwen3-max
    [qwen3-max] 决策: select | 选笑话编号: 1
    评估模型: deepseek-v3.2
    [deepseek-v3.2] 决策: select | 选笑话编号: 4
    评估模型: kimi-k2.5
    [kimi-k2.5] 决策: create | 选笑话编号: None

  质量组: low (4个候选笑话)
    评估模型: qwen3-max
    [qwen3-max] 决策: create | 选笑话编号: None
    评估模型: deepseek-v3.2
    [deepseek-v3.2] 决策: select | 选笑话编号: 2
    评估模型: kimi-k2.5
    [kimi-k2.5] 决策: create | 选笑话编号: None

  Item完成: 耗时55.7s | 总耗时765.9min
  速率限制器状态: 可用令牌=48.0/48
  已保存中间结果 (792 条)

============================================================
处理 zh_0893... (793/1174)

  质量组: high (4个候选笑话)
    评估模型: qwen3-max
    [qwen3-max] 决策: select | 选笑话编号: 3
    评估模型: deepseek-v3.2
    [deepseek-v3.2] 决策: select | 选笑话编号: 3
    评估模型: kimi-k2.5
    [kimi-k2.5] 决策: create | 选笑话编号: None

  质量组: medium (4个候选笑话)
    评估模型: qwen3-max
    [qwen3-max] 决策: select | 选笑话编号: 1
    评估模型: deepseek-v3.2
    [deepseek-v3.2] 决策: select | 选笑话编号: 1
    评估模型: kimi-k2.5
    [kimi-k2.5] 决策: create | 选笑话编号: None

  质量组: low (4个候选笑话)
    评估模型: qwen3-max
    [qwen3-max] 决策: create | 选笑话编号: None
    评估模型: deepseek-v3.2
    [deepseek-v3.2] 决策: select | 选笑话编号: 2
    评估模型: kimi-k2.5
    [API] JSON解析失败: JSON解析失败: Expecting ',' delimiter: line 4 column 71 (char 128), model=kimi-k2.5
    [kimi-k2.5] 决策:  | 选笑话编号: ?

  Item完成: 耗时52.4s | 总耗时766.8min
  速率限制器状态: 可用令牌=48.0/48
  已保存中间结果 (793 条)

============================================================
处理 zh_0894... (794/1174)

  质量组: high (4个候选笑话)
    评估模型: qwen3-max
    [qwen3-max] 决策: select | 选笑话编号: 2
    评估模型: deepseek-v3.2
    [deepseek-v3.2] 决策: select | 选笑话编号: 2
    评估模型: kimi-k2.5
    [kimi-k2.5] 决策: create | 选笑话编号: None

  质量组: medium (4个候选笑话)
    评估模型: qwen3-max
    [qwen3-max] 决策: select | 选笑话编号: 2
    评估模型: deepseek-v3.2
    [deepseek-v3.2] 决策: select | 选笑话编号: 1
    评估模型: kimi-k2.5
    [kimi-k2.5] 决策: create | 选笑话编号: None

  质量组: low (4个候选笑话)
    评估模型: qwen3-max
    [qwen3-max] 决策: create | 选笑话编号: None
    评估模型: deepseek-v3.2
    [deepseek-v3.2] 决策: select | 选笑话编号: 3
    评估模型: kimi-k2.5
    [kimi-k2.5] 决策: create | 选笑话编号: None

  Item完成: 耗时64.2s | 总耗时767.9min
  速率限制器状态: 可用令牌=48.0/48
  已保存中间结果 (794 条)

============================================================
处理 zh_0895... (795/1174)

  质量组: high (4个候选笑话)
    评估模型: qwen3-max
    [qwen3-max] 决策: select | 选笑话编号: 2
    评估模型: deepseek-v3.2
    [deepseek-v3.2] 决策: select | 选笑话编号: 2
    评估模型: kimi-k2.5
    [kimi-k2.5] 决策: create | 选笑话编号: None

  质量组: medium (4个候选笑话)
    评估模型: qwen3-max
    [qwen3-max] 决策: select | 选笑话编号: 1
    评估模型: deepseek-v3.2
    [deepseek-v3.2] 决策: select | 选笑话编号: 1
    评估模型: kimi-k2.5
    [kimi-k2.5] 决策: create | 选笑话编号: None

  质量组: low (4个候选笑话)
    评估模型: qwen3-max
    [qwen3-max] 决策: select | 选笑话编号: 1
    评估模型: deepseek-v3.2
    [deepseek-v3.2] 决策: create | 选笑话编号: None
    评估模型: kimi-k2.5
    [kimi-k2.5] 决策: create | 选笑话编号: None

  Item完成: 耗时53.4s | 总耗时768.8min
  速率限制器状态: 可用令牌=48.0/48
  已保存中间结果 (795 条)

============================================================
处理 zh_0896... (796/1174)

  质量组: high (4个候选笑话)
    评估模型: qwen3-max
    [qwen3-max] 决策: select | 选笑话编号: 2
    评估模型: deepseek-v3.2
    [deepseek-v3.2] 决策: select | 选笑话编号: 1
    评估模型: kimi-k2.5
    [kimi-k2.5] 决策: select | 选笑话编号: 2

  质量组: medium (4个候选笑话)
    评估模型: qwen3-max
    [qwen3-max] 决策: select | 选笑话编号: 4
    评估模型: deepseek-v3.2
    [deepseek-v3.2] 决策: select | 选笑话编号: 4
    评估模型: kimi-k2.5
    [kimi-k2.5] 决策: create | 选笑话编号: None

  质量组: low (4个候选笑话)
    评估模型: qwen3-max
    [qwen3-max] 决策: select | 选笑话编号: 1
    评估模型: deepseek-v3.2
    [deepseek-v3.2] 决策: select | 选笑话编号: 1
    评估模型: kimi-k2.5
    [kimi-k2.5] 决策: create | 选笑话编号: None

  Item完成: 耗时67.6s | 总耗时769.9min
  速率限制器状态: 可用令牌=48.0/48
  已保存中间结果 (796 条)

============================================================
处理 zh_0897... (797/1174)

  质量组: high (4个候选笑话)
    评估模型: qwen3-max
    [qwen3-max] 决策: select | 选笑话编号: 2
    评估模型: deepseek-v3.2
    [deepseek-v3.2] 决策: select | 选笑话编号: 2
    评估模型: kimi-k2.5
    [kimi-k2.5] 决策: select | 选笑话编号: 2

  质量组: medium (4个候选笑话)
    评估模型: qwen3-max
    [qwen3-max] 决策: select | 选笑话编号: 2
    评估模型: deepseek-v3.2
    [deepseek-v3.2] 决策: select | 选笑话编号: 4
    评估模型: kimi-k2.5
    [kimi-k2.5] 决策: create | 选笑话编号: None

  质量组: low (4个候选笑话)
    评估模型: qwen3-max
    [qwen3-max] 决策: select | 选笑话编号: 1
    评估模型: deepseek-v3.2
    [deepseek-v3.2] 决策: select | 选笑话编号: 1
    评估模型: kimi-k2.5
    [kimi-k2.5] 决策: create | 选笑话编号: None

  Item完成: 耗时59.9s | 总耗时770.9min
  速率限制器状态: 可用令牌=48.0/48
  已保存中间结果 (797 条)

============================================================
处理 zh_0898... (798/1174)

  质量组: high (4个候选笑话)
    评估模型: qwen3-max
    [qwen3-max] 决策: select | 选笑话编号: 2
    评估模型: deepseek-v3.2
    [deepseek-v3.2] 决策: select | 选笑话编号: 2
    评估模型: kimi-k2.5
    [kimi-k2.5] 决策: create | 选笑话编号: None

  质量组: medium (4个候选笑话)
    评估模型: qwen3-max
    [qwen3-max] 决策: select | 选笑话编号: 1
    评估模型: deepseek-v3.2
    [deepseek-v3.2] 决策: select | 选笑话编号: 1
    评估模型: kimi-k2.5
    [kimi-k2.5] 决策: create | 选笑话编号: None

  质量组: low (4个候选笑话)
    评估模型: qwen3-max
    [qwen3-max] 决策: select | 选笑话编号: 1
    评估模型: deepseek-v3.2
    [deepseek-v3.2] 决策: select | 选笑话编号: 1
    评估模型: kimi-k2.5
    [kimi-k2.5] 决策: create | 选笑话编号: None

  Item完成: 耗时60.2s | 总耗时771.9min
  速率限制器状态: 可用令牌=48.0/48
  已保存中间结果 (798 条)

============================================================
处理 zh_0899... (799/1174)

  质量组: high (4个候选笑话)
    评估模型: qwen3-max
    [qwen3-max] 决策: select | 选笑话编号: 2
    评估模型: deepseek-v3.2
    [deepseek-v3.2] 决策: select | 选笑话编号: 2
    评估模型: kimi-k2.5
    [kimi-k2.5] 决策: create | 选笑话编号: None

  质量组: medium (4个候选笑话)
    评估模型: qwen3-max
    [qwen3-max] 决策: select | 选笑话编号: 2
    评估模型: deepseek-v3.2
    [deepseek-v3.2] 决策: select | 选笑话编号: 2
    评估模型: kimi-k2.5
    [kimi-k2.5] 决策: select | 选笑话编号: 2

  质量组: low (4个候选笑话)
    评估模型: qwen3-max
    [qwen3-max] 决策: create | 选笑话编号: None
    评估模型: deepseek-v3.2
    [deepseek-v3.2] 决策: select | 选笑话编号: 1
    评估模型: kimi-k2.5
    [kimi-k2.5] 决策: create | 选笑话编号: None

  Item完成: 耗时63.9s | 总耗时773.0min
  速率限制器状态: 可用令牌=48.0/48
  已保存中间结果 (799 条)

============================================================
处理 zh_0900... (800/1174)

  质量组: high (4个候选笑话)
    评估模型: qwen3-max
    [qwen3-max] 决策: select | 选笑话编号: 2
    评估模型: deepseek-v3.2
    [deepseek-v3.2] 决策: select | 选笑话编号: 2
    评估模型: kimi-k2.5
    [kimi-k2.5] 决策: select | 选笑话编号: 2

  质量组: medium (4个候选笑话)
    评估模型: qwen3-max
    [qwen3-max] 决策: select | 选笑话编号: 1
    评估模型: deepseek-v3.2
    [deepseek-v3.2] 决策: select | 选笑话编号: 2
    评估模型: kimi-k2.5
    [kimi-k2.5] 决策: create | 选笑话编号: None

  质量组: low (4个候选笑话)
    评估模型: qwen3-max
    [qwen3-max] 决策: select | 选笑话编号: 2
    评估模型: deepseek-v3.2
    [deepseek-v3.2] 决策: select | 选笑话编号: 1
    评估模型: kimi-k2.5
    [kimi-k2.5] 决策: create | 选笑话编号: None

  Item完成: 耗时59.4s | 总耗时774.0min
  速率限制器状态: 可用令牌=48.0/48
  已保存中间结果 (800 条)

============================================================
处理 zh_0901... (801/1174)

  质量组: high (4个候选笑话)
    评估模型: qwen3-max
    [qwen3-max] 决策: select | 选笑话编号: 2
    评估模型: deepseek-v3.2
    [deepseek-v3.2] 决策: select | 选笑话编号: 2
    评估模型: kimi-k2.5
    [kimi-k2.5] 决策: create | 选笑话编号: None

  质量组: medium (4个候选笑话)
    评估模型: qwen3-max
    [qwen3-max] 决策: select | 选笑话编号: 2
    评估模型: deepseek-v3.2
    [deepseek-v3.2] 决策: select | 选笑话编号: 2
    评估模型: kimi-k2.5
    [kimi-k2.5] 决策: create | 选笑话编号: None

  质量组: low (4个候选笑话)
    评估模型: qwen3-max
    [qwen3-max] 决策: create | 选笑话编号: None
    评估模型: deepseek-v3.2
    [deepseek-v3.2] 决策: select | 选笑话编号: 3
    评估模型: kimi-k2.5
    [kimi-k2.5] 决策: create | 选笑话编号: None

  Item完成: 耗时57.2s | 总耗时774.9min
  速率限制器状态: 可用令牌=48.0/48
  已保存中间结果 (801 条)

============================================================
处理 zh_0902... (802/1174)

  质量组: high (4个候选笑话)
    评估模型: qwen3-max
    [qwen3-max] 决策: select | 选笑话编号: 4
    评估模型: deepseek-v3.2
    [deepseek-v3.2] 决策: select | 选笑话编号: 2
    评估模型: kimi-k2.5
    [kimi-k2.5] 决策: create | 选笑话编号: None

  质量组: medium (4个候选笑话)
    评估模型: qwen3-max
    [qwen3-max] 决策: select | 选笑话编号: 2
    评估模型: deepseek-v3.2
    [deepseek-v3.2] 决策: select | 选笑话编号: 4
    评估模型: kimi-k2.5
    [kimi-k2.5] 决策: create | 选笑话编号: None

  质量组: low (4个候选笑话)
    评估模型: qwen3-max
    [qwen3-max] 决策: create | 选笑话编号: None
    评估模型: deepseek-v3.2
    [deepseek-v3.2] 决策: create | 选笑话编号: None
    评估模型: kimi-k2.5
    [kimi-k2.5] 决策: create | 选笑话编号: None

  Item完成: 耗时55.4s | 总耗时775.9min
  速率限制器状态: 可用令牌=48.0/48
  已保存中间结果 (802 条)

============================================================
处理 zh_0903... (803/1174)

  质量组: high (4个候选笑话)
    评估模型: qwen3-max
    [API] 速率限制错误 (状态码=400), 等待2.4s后重试 (1/5), model=qwen3-max
    [API] 速率限制错误 (状态码=400), 等待5.0s后重试 (2/5), model=qwen3-max
    [API] 速率限制错误 (状态码=400), 等待6.1s后重试 (3/5), model=qwen3-max
    [API] 速率限制错误 (状态码=400), 等待12.9s后重试 (4/5), model=qwen3-max
    [API] 速率限制错误 (状态码=400), 等待26.4s后重试 (5/5), model=qwen3-max
    [API] 全部重试失败, model=qwen3-max
    [qwen3-max] 决策:  | 选笑话编号: ?
    评估模型: deepseek-v3.2
    [API] 速率限制错误 (状态码=400), 等待2.0s后重试 (1/5), model=deepseek-v3.2
    [API] 速率限制错误 (状态码=400), 等待4.1s后重试 (2/5), model=deepseek-v3.2
    [API] 速率限制错误 (状态码=400), 等待6.7s后重试 (3/5), model=deepseek-v3.2
    [API] 速率限制错误 (状态码=400), 等待13.3s后重试 (4/5), model=deepseek-v3.2
    [API] 速率限制错误 (状态码=400), 等待26.2s后重试 (5/5), model=deepseek-v3.2
    [API] 全部重试失败, model=deepseek-v3.2
    [deepseek-v3.2] 决策:  | 选笑话编号: ?
    评估模型: kimi-k2.5
    [API] 速率限制错误 (状态码=400), 等待2.0s后重试 (1/5), model=kimi-k2.5
    [API] 速率限制错误 (状态码=400), 等待4.4s后重试 (2/5), model=kimi-k2.5
    [API] 速率限制错误 (状态码=400), 等待9.1s后重试 (3/5), model=kimi-k2.5
    [API] 速率限制错误 (状态码=400), 等待17.2s后重试 (4/5), model=kimi-k2.5
    [API] 速率限制错误 (状态码=400), 等待30.3s后重试 (5/5), model=kimi-k2.5
    [API] 全部重试失败, model=kimi-k2.5
    [kimi-k2.5] 决策:  | 选笑话编号: ?

  质量组: medium (4个候选笑话)
    评估模型: qwen3-max
    [qwen3-max] 决策: select | 选笑话编号: 2
    评估模型: deepseek-v3.2
    [deepseek-v3.2] 决策: select | 选笑话编号: 2
    评估模型: kimi-k2.5
    [kimi-k2.5] 决策: create | 选笑话编号: None

  质量组: low (4个候选笑话)
    评估模型: qwen3-max
    [qwen3-max] 决策: create | 选笑话编号: None
    评估模型: deepseek-v3.2
    [deepseek-v3.2] 决策: create | 选笑话编号: None
    评估模型: kimi-k2.5
    [kimi-k2.5] 决策: create | 选笑话编号: None

  Item完成: 耗时303.8s | 总耗时780.9min
  速率限制器状态: 可用令牌=48.0/48
  已保存中间结果 (803 条)

============================================================
处理 zh_0904... (804/1174)

  质量组: high (4个候选笑话)
    评估模型: qwen3-max
    [qwen3-max] 决策: select | 选笑话编号: 2
    评估模型: deepseek-v3.2
    [deepseek-v3.2] 决策: select | 选笑话编号: 4
    评估模型: kimi-k2.5
    [kimi-k2.5] 决策: create | 选笑话编号: None

  质量组: medium (4个候选笑话)
    评估模型: qwen3-max
    [qwen3-max] 决策: select | 选笑话编号: 1
    评估模型: deepseek-v3.2
    [deepseek-v3.2] 决策: create | 选笑话编号: None
    评估模型: kimi-k2.5
    [kimi-k2.5] 决策: create | 选笑话编号: None

  质量组: low (4个候选笑话)
    评估模型: qwen3-max
    [qwen3-max] 决策: select | 选笑话编号: 4
    评估模型: deepseek-v3.2
    [deepseek-v3.2] 决策: select | 选笑话编号: 1
    评估模型: kimi-k2.5
    [kimi-k2.5] 决策: create | 选笑话编号: None

  Item完成: 耗时48.9s | 总耗时781.8min
  速率限制器状态: 可用令牌=48.0/48
  已保存中间结果 (804 条)

============================================================
处理 zh_0905... (805/1174)

  质量组: high (4个候选笑话)
    评估模型: qwen3-max
    [qwen3-max] 决策: select | 选笑话编号: 1
    评估模型: deepseek-v3.2
    [deepseek-v3.2] 决策: select | 选笑话编号: 1
    评估模型: kimi-k2.5
    [kimi-k2.5] 决策: create | 选笑话编号: None

  质量组: medium (4个候选笑话)
    评估模型: qwen3-max
    [qwen3-max] 决策: select | 选笑话编号: 1
    评估模型: deepseek-v3.2
    [deepseek-v3.2] 决策: select | 选笑话编号: 2
    评估模型: kimi-k2.5
    [kimi-k2.5] 决策: create | 选笑话编号: None

  质量组: low (4个候选笑话)
    评估模型: qwen3-max
    [qwen3-max] 决策: create | 选笑话编号: None
    评估模型: deepseek-v3.2
    [deepseek-v3.2] 决策: select | 选笑话编号: 2
    评估模型: kimi-k2.5
    [kimi-k2.5] 决策: create | 选笑话编号: None

  Item完成: 耗时69.0s | 总耗时782.9min
  速率限制器状态: 可用令牌=48.0/48
  已保存中间结果 (805 条)

============================================================
处理 zh_0906... (806/1174)

  质量组: high (4个候选笑话)
    评估模型: qwen3-max
    [qwen3-max] 决策: select | 选笑话编号: 4
    评估模型: deepseek-v3.2
    [deepseek-v3.2] 决策: select | 选笑话编号: 4
    评估模型: kimi-k2.5
    [kimi-k2.5] 决策: create | 选笑话编号: None

  质量组: medium (4个候选笑话)
    评估模型: qwen3-max
    [qwen3-max] 决策: select | 选笑话编号: 1
    评估模型: deepseek-v3.2
    [deepseek-v3.2] 决策: select | 选笑话编号: 1
    评估模型: kimi-k2.5
    [kimi-k2.5] 决策: create | 选笑话编号: None

  质量组: low (4个候选笑话)
    评估模型: qwen3-max
    [qwen3-max] 决策: select | 选笑话编号: 1
    评估模型: deepseek-v3.2
    [deepseek-v3.2] 决策: select | 选笑话编号: 4
    评估模型: kimi-k2.5
    [kimi-k2.5] 决策: create | 选笑话编号: None

  Item完成: 耗时57.5s | 总耗时783.9min
  速率限制器状态: 可用令牌=48.0/48
  已保存中间结果 (806 条)

============================================================
处理 zh_0907... (807/1174)

  质量组: high (4个候选笑话)
    评估模型: qwen3-max
    [qwen3-max] 决策: select | 选笑话编号: 2
    评估模型: deepseek-v3.2
    [deepseek-v3.2] 决策: select | 选笑话编号: 4
    评估模型: kimi-k2.5
    [kimi-k2.5] 决策: create | 选笑话编号: None

  质量组: medium (4个候选笑话)
    评估模型: qwen3-max
    [qwen3-max] 决策: select | 选笑话编号: 4
    评估模型: deepseek-v3.2
    [deepseek-v3.2] 决策: select | 选笑话编号: 4
    评估模型: kimi-k2.5
    [kimi-k2.5] 决策: select | 选笑话编号: 4

  质量组: low (4个候选笑话)
    评估模型: qwen3-max
    [qwen3-max] 决策: select | 选笑话编号: 4
    评估模型: deepseek-v3.2
    [deepseek-v3.2] 决策: select | 选笑话编号: 4
    评估模型: kimi-k2.5
    [kimi-k2.5] 决策: create | 选笑话编号: None

  Item完成: 耗时55.9s | 总耗时784.8min
  速率限制器状态: 可用令牌=48.0/48
  已保存中间结果 (807 条)

============================================================
处理 zh_0908... (808/1174)

  质量组: high (4个候选笑话)
    评估模型: qwen3-max
    [qwen3-max] 决策: select | 选笑话编号: 2
    评估模型: deepseek-v3.2
    [deepseek-v3.2] 决策: create | 选笑话编号: None
    评估模型: kimi-k2.5
    [kimi-k2.5] 决策: create | 选笑话编号: None

  质量组: medium (4个候选笑话)
    评估模型: qwen3-max
    [qwen3-max] 决策: select | 选笑话编号: 2
    评估模型: deepseek-v3.2
    [deepseek-v3.2] 决策: select | 选笑话编号: 2
    评估模型: kimi-k2.5
    [kimi-k2.5] 决策: create | 选笑话编号: None

  质量组: low (4个候选笑话)
    评估模型: qwen3-max
    [qwen3-max] 决策: select | 选笑话编号: 1
    评估模型: deepseek-v3.2
    [deepseek-v3.2] 决策: select | 选笑话编号: 2
    评估模型: kimi-k2.5
    [kimi-k2.5] 决策: create | 选笑话编号: None

  Item完成: 耗时58.3s | 总耗时785.8min
  速率限制器状态: 可用令牌=48.0/48
  已保存中间结果 (808 条)

============================================================
处理 zh_0909... (809/1174)

  质量组: high (4个候选笑话)
    评估模型: qwen3-max
    [qwen3-max] 决策: select | 选笑话编号: 1
    评估模型: deepseek-v3.2
    [deepseek-v3.2] 决策: select | 选笑话编号: 1
    评估模型: kimi-k2.5
    [kimi-k2.5] 决策: select | 选笑话编号: 1

  质量组: medium (4个候选笑话)
    评估模型: qwen3-max
    [qwen3-max] 决策: select | 选笑话编号: 1
    评估模型: deepseek-v3.2
    [deepseek-v3.2] 决策: select | 选笑话编号: 1
    评估模型: kimi-k2.5
    [kimi-k2.5] 决策: create | 选笑话编号: None

  质量组: low (4个候选笑话)
    评估模型: qwen3-max
    [qwen3-max] 决策: create | 选笑话编号: None
    评估模型: deepseek-v3.2
    [deepseek-v3.2] 决策: select | 选笑话编号: 1
    评估模型: kimi-k2.5
    [kimi-k2.5] 决策: create | 选笑话编号: None

  Item完成: 耗时62.9s | 总耗时786.8min
  速率限制器状态: 可用令牌=48.0/48
  已保存中间结果 (809 条)

============================================================
处理 zh_0910... (810/1174)

  质量组: high (4个候选笑话)
    评估模型: qwen3-max
    [qwen3-max] 决策: select | 选笑话编号: 2
    评估模型: deepseek-v3.2
    [deepseek-v3.2] 决策: select | 选笑话编号: 2
    评估模型: kimi-k2.5
    [kimi-k2.5] 决策: create | 选笑话编号: None

  质量组: medium (4个候选笑话)
    评估模型: qwen3-max
    [qwen3-max] 决策: select | 选笑话编号: 1
    评估模型: deepseek-v3.2
    [deepseek-v3.2] 决策: select | 选笑话编号: 1
    评估模型: kimi-k2.5
    [kimi-k2.5] 决策: create | 选笑话编号: None

  质量组: low (4个候选笑话)
    评估模型: qwen3-max
    [qwen3-max] 决策: select | 选笑话编号: 4
    评估模型: deepseek-v3.2
    [deepseek-v3.2] 决策: select | 选笑话编号: 1
    评估模型: kimi-k2.5
    [kimi-k2.5] 决策: create | 选笑话编号: None

  Item完成: 耗时57.5s | 总耗时787.8min
  速率限制器状态: 可用令牌=48.0/48
  已保存中间结果 (810 条)

============================================================
处理 zh_0911... (811/1174)

  质量组: high (4个候选笑话)
    评估模型: qwen3-max
    [qwen3-max] 决策: select | 选笑话编号: 2
    评估模型: deepseek-v3.2
    [deepseek-v3.2] 决策: select | 选笑话编号: 2
    评估模型: kimi-k2.5
    [kimi-k2.5] 决策: create | 选笑话编号: None

  质量组: medium (4个候选笑话)
    评估模型: qwen3-max
    [qwen3-max] 决策: create | 选笑话编号: None
    评估模型: deepseek-v3.2
    [deepseek-v3.2] 决策: select | 选笑话编号: 2
    评估模型: kimi-k2.5
    [kimi-k2.5] 决策: create | 选笑话编号: None

  质量组: low (4个候选笑话)
    评估模型: qwen3-max
    [qwen3-max] 决策: create | 选笑话编号: None
    评估模型: deepseek-v3.2
    [deepseek-v3.2] 决策: select | 选笑话编号: 1
    评估模型: kimi-k2.5
    [kimi-k2.5] 决策: create | 选笑话编号: None

  Item完成: 耗时65.5s | 总耗时788.9min
  速率限制器状态: 可用令牌=48.0/48
  已保存中间结果 (811 条)

============================================================
处理 zh_0912... (812/1174)

  质量组: high (4个候选笑话)
    评估模型: qwen3-max
    [qwen3-max] 决策: select | 选笑话编号: 2
    评估模型: deepseek-v3.2
    [deepseek-v3.2] 决策: select | 选笑话编号: 2
    评估模型: kimi-k2.5
    [kimi-k2.5] 决策: create | 选笑话编号: None

  质量组: medium (4个候选笑话)
    评估模型: qwen3-max
    [qwen3-max] 决策: select | 选笑话编号: 2
    评估模型: deepseek-v3.2
    [deepseek-v3.2] 决策: select | 选笑话编号: 2
    评估模型: kimi-k2.5
    [kimi-k2.5] 决策: create | 选笑话编号: None

  质量组: low (4个候选笑话)
    评估模型: qwen3-max
    [qwen3-max] 决策: select | 选笑话编号: 1
    评估模型: deepseek-v3.2
    [deepseek-v3.2] 决策: create | 选笑话编号: None
    评估模型: kimi-k2.5
    [kimi-k2.5] 决策: create | 选笑话编号: None

  Item完成: 耗时63.9s | 总耗时790.0min
  速率限制器状态: 可用令牌=48.0/48
  已保存中间结果 (812 条)

============================================================
处理 zh_0913... (813/1174)

  质量组: high (4个候选笑话)
    评估模型: qwen3-max
    [qwen3-max] 决策: select | 选笑话编号: 1
    评估模型: deepseek-v3.2
    [deepseek-v3.2] 决策: select | 选笑话编号: 1
    评估模型: kimi-k2.5
    [kimi-k2.5] 决策: create | 选笑话编号: None

  质量组: medium (4个候选笑话)
    评估模型: qwen3-max
    [qwen3-max] 决策: select | 选笑话编号: 1
    评估模型: deepseek-v3.2
    [deepseek-v3.2] 决策: select | 选笑话编号: 1
    评估模型: kimi-k2.5
    [kimi-k2.5] 决策: create | 选笑话编号: None

  质量组: low (4个候选笑话)
    评估模型: qwen3-max
    [qwen3-max] 决策: create | 选笑话编号: None
    评估模型: deepseek-v3.2
    [deepseek-v3.2] 决策: create | 选笑话编号: None
    评估模型: kimi-k2.5
    [kimi-k2.5] 决策: create | 选笑话编号: None

  Item完成: 耗时55.7s | 总耗时790.9min
  速率限制器状态: 可用令牌=48.0/48
  已保存中间结果 (813 条)

============================================================
处理 zh_0914... (814/1174)

  质量组: high (4个候选笑话)
    评估模型: qwen3-max
    [qwen3-max] 决策: select | 选笑话编号: 2
    评估模型: deepseek-v3.2
    [deepseek-v3.2] 决策: select | 选笑话编号: 2
    评估模型: kimi-k2.5
    [kimi-k2.5] 决策: select | 选笑话编号: 2

  质量组: medium (4个候选笑话)
    评估模型: qwen3-max
    [qwen3-max] 决策: select | 选笑话编号: 3
    评估模型: deepseek-v3.2
    [deepseek-v3.2] 决策: select | 选笑话编号: 4
    评估模型: kimi-k2.5
    [kimi-k2.5] 决策: create | 选笑话编号: None

  质量组: low (4个候选笑话)
    评估模型: qwen3-max
    [qwen3-max] 决策: create | 选笑话编号: None
    评估模型: deepseek-v3.2
    [deepseek-v3.2] 决策: select | 选笑话编号: 1
    评估模型: kimi-k2.5
    [kimi-k2.5] 决策: create | 选笑话编号: None

  Item完成: 耗时63.1s | 总耗时792.0min
  速率限制器状态: 可用令牌=48.0/48
  已保存中间结果 (814 条)

============================================================
处理 zh_0915... (815/1174)

  质量组: high (4个候选笑话)
    评估模型: qwen3-max
    [qwen3-max] 决策: select | 选笑话编号: 2
    评估模型: deepseek-v3.2
    [deepseek-v3.2] 决策: select | 选笑话编号: 2
    评估模型: kimi-k2.5
    [kimi-k2.5] 决策: create | 选笑话编号: None

  质量组: medium (4个候选笑话)
    评估模型: qwen3-max
    [qwen3-max] 决策: select | 选笑话编号: 2
    评估模型: deepseek-v3.2
    [deepseek-v3.2] 决策: select | 选笑话编号: 4
    评估模型: kimi-k2.5
    [kimi-k2.5] 决策: create | 选笑话编号: None

  质量组: low (4个候选笑话)
    评估模型: qwen3-max
    [qwen3-max] 决策: select | 选笑话编号: 4
    评估模型: deepseek-v3.2
    [deepseek-v3.2] 决策: select | 选笑话编号: 1
    评估模型: kimi-k2.5
    [kimi-k2.5] 决策: create | 选笑话编号: None

  Item完成: 耗时55.1s | 总耗时792.9min
  速率限制器状态: 可用令牌=48.0/48
  已保存中间结果 (815 条)

============================================================
处理 zh_0916... (816/1174)

  质量组: high (4个候选笑话)
    评估模型: qwen3-max
    [qwen3-max] 决策: select | 选笑话编号: 2
    评估模型: deepseek-v3.2
    [deepseek-v3.2] 决策: select | 选笑话编号: 2
    评估模型: kimi-k2.5
    [kimi-k2.5] 决策: select | 选笑话编号: 2

  质量组: medium (4个候选笑话)
    评估模型: qwen3-max
    [qwen3-max] 决策: select | 选笑话编号: 1
    评估模型: deepseek-v3.2
    [deepseek-v3.2] 决策: select | 选笑话编号: 1
    评估模型: kimi-k2.5
    [kimi-k2.5] 决策: select | 选笑话编号: 1

  质量组: low (4个候选笑话)
    评估模型: qwen3-max
    [qwen3-max] 决策: create | 选笑话编号: None
    评估模型: deepseek-v3.2
    [deepseek-v3.2] 决策: select | 选笑话编号: 1
    评估模型: kimi-k2.5
    [kimi-k2.5] 决策: create | 选笑话编号: None

  Item完成: 耗时65.5s | 总耗时794.0min
  速率限制器状态: 可用令牌=48.0/48
  已保存中间结果 (816 条)

============================================================
处理 zh_0917... (817/1174)

  质量组: high (4个候选笑话)
    评估模型: qwen3-max
    [qwen3-max] 决策: select | 选笑话编号: 2
    评估模型: deepseek-v3.2
    [deepseek-v3.2] 决策: select | 选笑话编号: 4
    评估模型: kimi-k2.5
    [kimi-k2.5] 决策: create | 选笑话编号: None

  质量组: medium (4个候选笑话)
    评估模型: qwen3-max
    [qwen3-max] 决策: select | 选笑话编号: 4
    评估模型: deepseek-v3.2
    [deepseek-v3.2] 决策: select | 选笑话编号: 4
    评估模型: kimi-k2.5
    [kimi-k2.5] 决策: create | 选笑话编号: None

  质量组: low (4个候选笑话)
    评估模型: qwen3-max
    [qwen3-max] 决策: select | 选笑话编号: 1
    评估模型: deepseek-v3.2
    [deepseek-v3.2] 决策: select | 选笑话编号: 1
    评估模型: kimi-k2.5
    [kimi-k2.5] 决策: create | 选笑话编号: None

  Item完成: 耗时60.5s | 总耗时795.0min
  速率限制器状态: 可用令牌=48.0/48
  已保存中间结果 (817 条)

============================================================
处理 zh_0918... (818/1174)

  质量组: high (4个候选笑话)
    评估模型: qwen3-max
    [qwen3-max] 决策: select | 选笑话编号: 3
    评估模型: deepseek-v3.2
    [deepseek-v3.2] 决策: select | 选笑话编号: 3
    评估模型: kimi-k2.5
    [kimi-k2.5] 决策: create | 选笑话编号: None

  质量组: medium (4个候选笑话)
    评估模型: qwen3-max
    [qwen3-max] 决策: select | 选笑话编号: 4
    评估模型: deepseek-v3.2
    [deepseek-v3.2] 决策: select | 选笑话编号: 4
    评估模型: kimi-k2.5
    [kimi-k2.5] 决策: create | 选笑话编号: None

  质量组: low (4个候选笑话)
    评估模型: qwen3-max
    [qwen3-max] 决策: create | 选笑话编号: None
    评估模型: deepseek-v3.2
    [deepseek-v3.2] 决策: select | 选笑话编号: 2
    评估模型: kimi-k2.5
    [kimi-k2.5] 决策: create | 选笑话编号: None

  Item完成: 耗时60.8s | 总耗时796.0min
  速率限制器状态: 可用令牌=48.0/48
  已保存中间结果 (818 条)

============================================================
处理 zh_0919... (819/1174)

  质量组: high (4个候选笑话)
    评估模型: qwen3-max
    [qwen3-max] 决策: create | 选笑话编号: None
    评估模型: deepseek-v3.2
    [deepseek-v3.2] 决策: create | 选笑话编号: None
    评估模型: kimi-k2.5
    [kimi-k2.5] 决策: create | 选笑话编号: None

  质量组: medium (4个候选笑话)
    评估模型: qwen3-max
    [qwen3-max] 决策: create | 选笑话编号: None
    评估模型: deepseek-v3.2
    [deepseek-v3.2] 决策: select | 选笑话编号: 3
    评估模型: kimi-k2.5
    [kimi-k2.5] 决策: create | 选笑话编号: None

  质量组: low (4个候选笑话)
    评估模型: qwen3-max
    [qwen3-max] 决策: create | 选笑话编号: None
    评估模型: deepseek-v3.2
    [deepseek-v3.2] 决策: create | 选笑话编号: None
    评估模型: kimi-k2.5
    [kimi-k2.5] 决策: create | 选笑话编号: None

  Item完成: 耗时66.6s | 总耗时797.1min
  速率限制器状态: 可用令牌=48.0/48
  已保存中间结果 (819 条)

============================================================
处理 zh_0920... (820/1174)

  质量组: high (4个候选笑话)
    评估模型: qwen3-max
    [qwen3-max] 决策: select | 选笑话编号: 3
    评估模型: deepseek-v3.2
    [deepseek-v3.2] 决策: select | 选笑话编号: 3
    评估模型: kimi-k2.5
    [kimi-k2.5] 决策: create | 选笑话编号: None

  质量组: medium (4个候选笑话)
    评估模型: qwen3-max
    [qwen3-max] 决策: select | 选笑话编号: 2
    评估模型: deepseek-v3.2
    [deepseek-v3.2] 决策: select | 选笑话编号: 1
    评估模型: kimi-k2.5
    [kimi-k2.5] 决策: create | 选笑话编号: None

  质量组: low (4个候选笑话)
    评估模型: qwen3-max
    [qwen3-max] 决策: create | 选笑话编号: None
    评估模型: deepseek-v3.2
    [deepseek-v3.2] 决策: create | 选笑话编号: None
    评估模型: kimi-k2.5
    [kimi-k2.5] 决策: create | 选笑话编号: None

  Item完成: 耗时67.6s | 总耗时798.3min
  速率限制器状态: 可用令牌=48.0/48
  已保存中间结果 (820 条)

============================================================
处理 zh_0921... (821/1174)

  质量组: high (4个候选笑话)
    评估模型: qwen3-max
    [qwen3-max] 决策: select | 选笑话编号: 1
    评估模型: deepseek-v3.2
    [deepseek-v3.2] 决策: select | 选笑话编号: 2
    评估模型: kimi-k2.5
    [kimi-k2.5] 决策: create | 选笑话编号: None

  质量组: medium (4个候选笑话)
    评估模型: qwen3-max
    [qwen3-max] 决策: select | 选笑话编号: 1
    评估模型: deepseek-v3.2
    [deepseek-v3.2] 决策: select | 选笑话编号: 2
    评估模型: kimi-k2.5
    [kimi-k2.5] 决策: select | 选笑话编号: 2

  质量组: low (4个候选笑话)
    评估模型: qwen3-max
    [qwen3-max] 决策: create | 选笑话编号: None
    评估模型: deepseek-v3.2
    [deepseek-v3.2] 决策: select | 选笑话编号: 4
    评估模型: kimi-k2.5
    [kimi-k2.5] 决策: create | 选笑话编号: None

  Item完成: 耗时61.2s | 总耗时799.3min
  速率限制器状态: 可用令牌=48.0/48
  已保存中间结果 (821 条)

============================================================
处理 zh_0922... (822/1174)

  质量组: high (4个候选笑话)
    评估模型: qwen3-max
    [qwen3-max] 决策: select | 选笑话编号: 2
    评估模型: deepseek-v3.2
    [deepseek-v3.2] 决策: select | 选笑话编号: 2
    评估模型: kimi-k2.5
    [kimi-k2.5] 决策: create | 选笑话编号: None

  质量组: medium (4个候选笑话)
    评估模型: qwen3-max
    [qwen3-max] 决策: select | 选笑话编号: 2
    评估模型: deepseek-v3.2
    [deepseek-v3.2] 决策: select | 选笑话编号: 2
    评估模型: kimi-k2.5
    [kimi-k2.5] 决策: create | 选笑话编号: None

  质量组: low (4个候选笑话)
    评估模型: qwen3-max
    [qwen3-max] 决策: create | 选笑话编号: None
    评估模型: deepseek-v3.2
    [deepseek-v3.2] 决策: create | 选笑话编号: None
    评估模型: kimi-k2.5
    [kimi-k2.5] 决策: create | 选笑话编号: None

  Item完成: 耗时64.9s | 总耗时800.4min
  速率限制器状态: 可用令牌=48.0/48
  已保存中间结果 (822 条)

============================================================
处理 zh_0923... (823/1174)

  质量组: high (4个候选笑话)
    评估模型: qwen3-max
    [qwen3-max] 决策: select | 选笑话编号: 2
    评估模型: deepseek-v3.2
    [deepseek-v3.2] 决策: select | 选笑话编号: 4
    评估模型: kimi-k2.5
    [kimi-k2.5] 决策: create | 选笑话编号: None

  质量组: medium (4个候选笑话)
    评估模型: qwen3-max
    [qwen3-max] 决策: select | 选笑话编号: 2
    评估模型: deepseek-v3.2
    [deepseek-v3.2] 决策: create | 选笑话编号: None
    评估模型: kimi-k2.5
    [kimi-k2.5] 决策: select | 选笑话编号: 4

  质量组: low (4个候选笑话)
    评估模型: qwen3-max
    [qwen3-max] 决策: create | 选笑话编号: None
    评估模型: deepseek-v3.2
    [deepseek-v3.2] 决策: select | 选笑话编号: 1
    评估模型: kimi-k2.5
    [kimi-k2.5] 决策: create | 选笑话编号: None

  Item完成: 耗时66.3s | 总耗时801.5min
  速率限制器状态: 可用令牌=48.0/48
  已保存中间结果 (823 条)

============================================================
处理 zh_0924... (824/1174)

  质量组: high (4个候选笑话)
    评估模型: qwen3-max
    [qwen3-max] 决策: select | 选笑话编号: 2
    评估模型: deepseek-v3.2
    [deepseek-v3.2] 决策: select | 选笑话编号: 2
    评估模型: kimi-k2.5
    [kimi-k2.5] 决策: create | 选笑话编号: None

  质量组: medium (4个候选笑话)
    评估模型: qwen3-max
    [qwen3-max] 决策: select | 选笑话编号: 1
    评估模型: deepseek-v3.2
    [deepseek-v3.2] 决策: select | 选笑话编号: 2
    评估模型: kimi-k2.5
    [kimi-k2.5] 决策: create | 选笑话编号: None

  质量组: low (4个候选笑话)
    评估模型: qwen3-max
    [qwen3-max] 决策: select | 选笑话编号: 4
    评估模型: deepseek-v3.2
    [deepseek-v3.2] 决策: select | 选笑话编号: 4
    评估模型: kimi-k2.5
    [kimi-k2.5] 决策: create | 选笑话编号: None

  Item完成: 耗时61.5s | 总耗时802.5min
  速率限制器状态: 可用令牌=48.0/48
  已保存中间结果 (824 条)

============================================================
处理 zh_0925... (825/1174)

  质量组: high (4个候选笑话)
    评估模型: qwen3-max
    [qwen3-max] 决策: select | 选笑话编号: 1
    评估模型: deepseek-v3.2
    [deepseek-v3.2] 决策: select | 选笑话编号: 1
    评估模型: kimi-k2.5
    [kimi-k2.5] 决策: select | 选笑话编号: 1

  质量组: medium (4个候选笑话)
    评估模型: qwen3-max
    [qwen3-max] 决策: select | 选笑话编号: 4
    评估模型: deepseek-v3.2
    [deepseek-v3.2] 决策: select | 选笑话编号: 1
    评估模型: kimi-k2.5
    [kimi-k2.5] 决策: create | 选笑话编号: None

  质量组: low (4个候选笑话)
    评估模型: qwen3-max
    [qwen3-max] 决策: select | 选笑话编号: 1
    评估模型: deepseek-v3.2
    [deepseek-v3.2] 决策: select | 选笑话编号: 1
    评估模型: kimi-k2.5
    [kimi-k2.5] 决策: create | 选笑话编号: None

  Item完成: 耗时62.7s | 总耗时803.6min
  速率限制器状态: 可用令牌=48.0/48
  已保存中间结果 (825 条)

============================================================
处理 zh_0926... (826/1174)

  质量组: high (4个候选笑话)
    评估模型: qwen3-max
    [qwen3-max] 决策: select | 选笑话编号: 2
    评估模型: deepseek-v3.2
    [deepseek-v3.2] 决策: select | 选笑话编号: 4
    评估模型: kimi-k2.5
    [kimi-k2.5] 决策: create | 选笑话编号: None

  质量组: medium (4个候选笑话)
    评估模型: qwen3-max
    [qwen3-max] 决策: select | 选笑话编号: 1
    评估模型: deepseek-v3.2
    [deepseek-v3.2] 决策: select | 选笑话编号: 1
    评估模型: kimi-k2.5
    [API] JSON解析失败: JSON解析失败: Expecting ',' delimiter: line 4 column 86 (char 143), model=kimi-k2.5
    [kimi-k2.5] 决策:  | 选笑话编号: ?

  质量组: low (4个候选笑话)
    评估模型: qwen3-max
    [qwen3-max] 决策: create | 选笑话编号: None
    评估模型: deepseek-v3.2
    [deepseek-v3.2] 决策: create | 选笑话编号: None
    评估模型: kimi-k2.5
    [kimi-k2.5] 决策: create | 选笑话编号: None

  Item完成: 耗时59.5s | 总耗时804.6min
  速率限制器状态: 可用令牌=48.0/48
  已保存中间结果 (826 条)

============================================================
处理 zh_0927... (827/1174)

  质量组: high (4个候选笑话)
    评估模型: qwen3-max
    [qwen3-max] 决策: select | 选笑话编号: 2
    评估模型: deepseek-v3.2
    [deepseek-v3.2] 决策: select | 选笑话编号: 2
    评估模型: kimi-k2.5
    [kimi-k2.5] 决策: create | 选笑话编号: None

  质量组: medium (4个候选笑话)
    评估模型: qwen3-max
    [qwen3-max] 决策: select | 选笑话编号: 2
    评估模型: deepseek-v3.2
    [deepseek-v3.2] 决策: select | 选笑话编号: 2
    评估模型: kimi-k2.5
    [kimi-k2.5] 决策: create | 选笑话编号: None

  质量组: low (4个候选笑话)
    评估模型: qwen3-max
    [qwen3-max] 决策: create | 选笑话编号: None
    评估模型: deepseek-v3.2
    [deepseek-v3.2] 决策: select | 选笑话编号: 1
    评估模型: kimi-k2.5
    [kimi-k2.5] 决策: create | 选笑话编号: None

  Item完成: 耗时67.7s | 总耗时805.7min
  速率限制器状态: 可用令牌=48.0/48
  已保存中间结果 (827 条)

============================================================
处理 zh_0928... (828/1174)

  质量组: high (4个候选笑话)
    评估模型: qwen3-max
    [qwen3-max] 决策: create | 选笑话编号: None
    评估模型: deepseek-v3.2
    [deepseek-v3.2] 决策: create | 选笑话编号: None
    评估模型: kimi-k2.5
    [kimi-k2.5] 决策: create | 选笑话编号: None

  质量组: medium (4个候选笑话)
    评估模型: qwen3-max
    [qwen3-max] 决策: select | 选笑话编号: 4
    评估模型: deepseek-v3.2
    [deepseek-v3.2] 决策: select | 选笑话编号: 4
    评估模型: kimi-k2.5
    [kimi-k2.5] 决策: create | 选笑话编号: None

  质量组: low (4个候选笑话)
    评估模型: qwen3-max
    [qwen3-max] 决策: create | 选笑话编号: None
    评估模型: deepseek-v3.2
    [deepseek-v3.2] 决策: select | 选笑话编号: 2
    评估模型: kimi-k2.5
    [kimi-k2.5] 决策: create | 选笑话编号: None

  Item完成: 耗时66.4s | 总耗时806.8min
  速率限制器状态: 可用令牌=48.0/48
  已保存中间结果 (828 条)

============================================================
处理 zh_0929... (829/1174)

  质量组: high (4个候选笑话)
    评估模型: qwen3-max
    [qwen3-max] 决策: select | 选笑话编号: 2
    评估模型: deepseek-v3.2
    [deepseek-v3.2] 决策: select | 选笑话编号: 2
    评估模型: kimi-k2.5
    [kimi-k2.5] 决策: select | 选笑话编号: 2

  质量组: medium (4个候选笑话)
    评估模型: qwen3-max
    [qwen3-max] 决策: create | 选笑话编号: None
    评估模型: deepseek-v3.2
    [deepseek-v3.2] 决策: select | 选笑话编号: 2
    评估模型: kimi-k2.5
    [kimi-k2.5] 决策: create | 选笑话编号: None

  质量组: low (4个候选笑话)
    评估模型: qwen3-max
    [qwen3-max] 决策: select | 选笑话编号: 1
    评估模型: deepseek-v3.2
    [deepseek-v3.2] 决策: select | 选笑话编号: 1
    评估模型: kimi-k2.5
    [kimi-k2.5] 决策: create | 选笑话编号: None

  Item完成: 耗时62.0s | 总耗时807.9min
  速率限制器状态: 可用令牌=48.0/48
  已保存中间结果 (829 条)

============================================================
处理 zh_0930... (830/1174)

  质量组: high (4个候选笑话)
    评估模型: qwen3-max
    [qwen3-max] 决策: select | 选笑话编号: 3
    评估模型: deepseek-v3.2
    [deepseek-v3.2] 决策: select | 选笑话编号: 1
    评估模型: kimi-k2.5
    [kimi-k2.5] 决策: create | 选笑话编号: None

  质量组: medium (4个候选笑话)
    评估模型: qwen3-max
    [qwen3-max] 决策: select | 选笑话编号: 2
    评估模型: deepseek-v3.2
    [deepseek-v3.2] 决策: select | 选笑话编号: 4
    评估模型: kimi-k2.5
    [kimi-k2.5] 决策: create | 选笑话编号: None

  质量组: low (4个候选笑话)
    评估模型: qwen3-max
    [qwen3-max] 决策: create | 选笑话编号: None
    评估模型: deepseek-v3.2
    [deepseek-v3.2] 决策: select | 选笑话编号: 4
    评估模型: kimi-k2.5
    [kimi-k2.5] 决策: create | 选笑话编号: None

  Item完成: 耗时59.5s | 总耗时808.9min
  速率限制器状态: 可用令牌=48.0/48
  已保存中间结果 (830 条)

============================================================
处理 zh_0931... (831/1174)

  质量组: high (4个候选笑话)
    评估模型: qwen3-max
    [qwen3-max] 决策: select | 选笑话编号: 2
    评估模型: deepseek-v3.2
    [deepseek-v3.2] 决策: select | 选笑话编号: 3
    评估模型: kimi-k2.5
    [kimi-k2.5] 决策: select | 选笑话编号: 2

  质量组: medium (4个候选笑话)
    评估模型: qwen3-max
    [qwen3-max] 决策: select | 选笑话编号: 1
    评估模型: deepseek-v3.2
    [deepseek-v3.2] 决策: select | 选笑话编号: 1
    评估模型: kimi-k2.5
    [kimi-k2.5] 决策: create | 选笑话编号: None

  质量组: low (4个候选笑话)
    评估模型: qwen3-max
    [qwen3-max] 决策: create | 选笑话编号: None
    评估模型: deepseek-v3.2
    [deepseek-v3.2] 决策: select | 选笑话编号: 1
    评估模型: kimi-k2.5
    [kimi-k2.5] 决策: create | 选笑话编号: None

  Item完成: 耗时67.1s | 总耗时810.0min
  速率限制器状态: 可用令牌=48.0/48
  已保存中间结果 (831 条)

============================================================
处理 zh_0932... (832/1174)

  质量组: high (4个候选笑话)
    评估模型: qwen3-max
    [qwen3-max] 决策: select | 选笑话编号: 2
    评估模型: deepseek-v3.2
    [deepseek-v3.2] 决策: select | 选笑话编号: 2
    评估模型: kimi-k2.5
    [API] JSON解析失败: JSON解析失败: Expecting ',' delimiter: line 5 column 31 (char 180), model=kimi-k2.5
    [kimi-k2.5] 决策:  | 选笑话编号: ?

  质量组: medium (4个候选笑话)
    评估模型: qwen3-max
    [qwen3-max] 决策: select | 选笑话编号: 1
    评估模型: deepseek-v3.2
    [deepseek-v3.2] 决策: select | 选笑话编号: 1
    评估模型: kimi-k2.5
    [kimi-k2.5] 决策: create | 选笑话编号: None

  质量组: low (4个候选笑话)
    评估模型: qwen3-max
    [qwen3-max] 决策: create | 选笑话编号: None
    评估模型: deepseek-v3.2
    [deepseek-v3.2] 决策: select | 选笑话编号: 1
    评估模型: kimi-k2.5
    [kimi-k2.5] 决策: create | 选笑话编号: None

  Item完成: 耗时50.8s | 总耗时810.8min
  速率限制器状态: 可用令牌=48.0/48
  已保存中间结果 (832 条)

============================================================
处理 zh_0933... (833/1174)

  质量组: high (4个候选笑话)
    评估模型: qwen3-max
    [qwen3-max] 决策: select | 选笑话编号: 4
    评估模型: deepseek-v3.2
    [deepseek-v3.2] 决策: select | 选笑话编号: 4
    评估模型: kimi-k2.5
    [API] JSON解析失败: JSON解析失败: Expecting ',' delimiter: line 5 column 40 (char 209), model=kimi-k2.5
    [kimi-k2.5] 决策:  | 选笑话编号: ?

  质量组: medium (4个候选笑话)
    评估模型: qwen3-max
    [qwen3-max] 决策: select | 选笑话编号: 1
    评估模型: deepseek-v3.2
    [deepseek-v3.2] 决策: select | 选笑话编号: 1
    评估模型: kimi-k2.5
    [kimi-k2.5] 决策: create | 选笑话编号: None

  质量组: low (4个候选笑话)
    评估模型: qwen3-max
    [qwen3-max] 决策: select | 选笑话编号: 2
    评估模型: deepseek-v3.2
    [deepseek-v3.2] 决策: select | 选笑话编号: 2
    评估模型: kimi-k2.5
    [kimi-k2.5] 决策: create | 选笑话编号: None

  Item完成: 耗时54.0s | 总耗时811.8min
  速率限制器状态: 可用令牌=48.0/48
  已保存中间结果 (833 条)

============================================================
处理 zh_0934... (834/1174)

  质量组: high (4个候选笑话)
    评估模型: qwen3-max
    [qwen3-max] 决策: select | 选笑话编号: 2
    评估模型: deepseek-v3.2
    [deepseek-v3.2] 决策: select | 选笑话编号: 2
    评估模型: kimi-k2.5
    [kimi-k2.5] 决策: create | 选笑话编号: None

  质量组: medium (4个候选笑话)
    评估模型: qwen3-max
    [qwen3-max] 决策: create | 选笑话编号: None
    评估模型: deepseek-v3.2
    [deepseek-v3.2] 决策: select | 选笑话编号: 1
    评估模型: kimi-k2.5
    [kimi-k2.5] 决策: create | 选笑话编号: None

  质量组: low (4个候选笑话)
    评估模型: qwen3-max
    [qwen3-max] 决策: select | 选笑话编号: 1
    评估模型: deepseek-v3.2
    [deepseek-v3.2] 决策: select | 选笑话编号: 1
    评估模型: kimi-k2.5
    [kimi-k2.5] 决策: create | 选笑话编号: None

  Item完成: 耗时67.2s | 总耗时812.9min
  速率限制器状态: 可用令牌=48.0/48
  已保存中间结果 (834 条)

============================================================
处理 zh_0935... (835/1174)

  质量组: high (4个候选笑话)
    评估模型: qwen3-max
    [qwen3-max] 决策: select | 选笑话编号: 2
    评估模型: deepseek-v3.2
    [deepseek-v3.2] 决策: select | 选笑话编号: 4
    评估模型: kimi-k2.5
    [kimi-k2.5] 决策: create | 选笑话编号: None

  质量组: medium (4个候选笑话)
    评估模型: qwen3-max
    [qwen3-max] 决策: select | 选笑话编号: 1
    评估模型: deepseek-v3.2
    [deepseek-v3.2] 决策: select | 选笑话编号: 1
    评估模型: kimi-k2.5
    [kimi-k2.5] 决策: create | 选笑话编号: None

  质量组: low (4个候选笑话)
    评估模型: qwen3-max
    [qwen3-max] 决策: create | 选笑话编号: None
    评估模型: deepseek-v3.2
    [deepseek-v3.2] 决策: select | 选笑话编号: 1
    评估模型: kimi-k2.5
    [kimi-k2.5] 决策: create | 选笑话编号: None

  Item完成: 耗时57.8s | 总耗时813.8min
  速率限制器状态: 可用令牌=48.0/48
  已保存中间结果 (835 条)

============================================================
处理 zh_0936... (836/1174)

  质量组: high (4个候选笑话)
    评估模型: qwen3-max
    [qwen3-max] 决策: select | 选笑话编号: 2
    评估模型: deepseek-v3.2
    [deepseek-v3.2] 决策: select | 选笑话编号: 1
    评估模型: kimi-k2.5
    [kimi-k2.5] 决策: create | 选笑话编号: None

  质量组: medium (4个候选笑话)
    评估模型: qwen3-max
    [qwen3-max] 决策: select | 选笑话编号: 2
    评估模型: deepseek-v3.2
    [deepseek-v3.2] 决策: select | 选笑话编号: 2
    评估模型: kimi-k2.5
    [kimi-k2.5] 决策: create | 选笑话编号: None

  质量组: low (4个候选笑话)
    评估模型: qwen3-max
    [qwen3-max] 决策: create | 选笑话编号: None
    评估模型: deepseek-v3.2
    [deepseek-v3.2] 决策: select | 选笑话编号: 1
    评估模型: kimi-k2.5
    [kimi-k2.5] 决策: create | 选笑话编号: None

  Item完成: 耗时63.3s | 总耗时814.9min
  速率限制器状态: 可用令牌=48.0/48
  已保存中间结果 (836 条)

============================================================
处理 zh_0937... (837/1174)

  质量组: high (4个候选笑话)
    评估模型: qwen3-max
    [qwen3-max] 决策: select | 选笑话编号: 2
    评估模型: deepseek-v3.2
    [deepseek-v3.2] 决策: select | 选笑话编号: 2
    评估模型: kimi-k2.5
    [kimi-k2.5] 决策: create | 选笑话编号: None

  质量组: medium (4个候选笑话)
    评估模型: qwen3-max
    [qwen3-max] 决策: select | 选笑话编号: 2
    评估模型: deepseek-v3.2
    [deepseek-v3.2] 决策: select | 选笑话编号: 2
    评估模型: kimi-k2.5
    [kimi-k2.5] 决策: create | 选笑话编号: None

  质量组: low (4个候选笑话)
    评估模型: qwen3-max
    [qwen3-max] 决策: select | 选笑话编号: 2
    评估模型: deepseek-v3.2
    [deepseek-v3.2] 决策: create | 选笑话编号: None
    评估模型: kimi-k2.5
    [kimi-k2.5] 决策: create | 选笑话编号: None

  Item完成: 耗时57.4s | 总耗时815.9min
  速率限制器状态: 可用令牌=48.0/48
  已保存中间结果 (837 条)

============================================================
处理 zh_0938... (838/1174)

  质量组: high (4个候选笑话)
    评估模型: qwen3-max
    [qwen3-max] 决策: select | 选笑话编号: 3
    评估模型: deepseek-v3.2
    [deepseek-v3.2] 决策: select | 选笑话编号: 1
    评估模型: kimi-k2.5
    [kimi-k2.5] 决策: create | 选笑话编号: None

  质量组: medium (4个候选笑话)
    评估模型: qwen3-max
    [qwen3-max] 决策: select | 选笑话编号: 3
    评估模型: deepseek-v3.2
    [deepseek-v3.2] 决策: select | 选笑话编号: 3
    评估模型: kimi-k2.5
    [kimi-k2.5] 决策: create | 选笑话编号: None

  质量组: low (4个候选笑话)
    评估模型: qwen3-max
    [qwen3-max] 决策: create | 选笑话编号: None
    评估模型: deepseek-v3.2
    [deepseek-v3.2] 决策: select | 选笑话编号: 1
    评估模型: kimi-k2.5
    [API] JSON解析失败: JSON解析失败: Expecting ',' delimiter: line 5 column 60 (char 247), model=kimi-k2.5
    [kimi-k2.5] 决策:  | 选笑话编号: ?

  Item完成: 耗时59.8s | 总耗时816.9min
  速率限制器状态: 可用令牌=48.0/48
  已保存中间结果 (838 条)

============================================================
处理 zh_0939... (839/1174)

  质量组: high (4个候选笑话)
    评估模型: qwen3-max
    [qwen3-max] 决策: select | 选笑话编号: 1
    评估模型: deepseek-v3.2
    [deepseek-v3.2] 决策: select | 选笑话编号: 1
    评估模型: kimi-k2.5
    [kimi-k2.5] 决策: create | 选笑话编号: None

  质量组: medium (4个候选笑话)
    评估模型: qwen3-max
    [qwen3-max] 决策: select | 选笑话编号: 3
    评估模型: deepseek-v3.2
    [deepseek-v3.2] 决策: select | 选笑话编号: 2
    评估模型: kimi-k2.5
    [kimi-k2.5] 决策: create | 选笑话编号: None

  质量组: low (4个候选笑话)
    评估模型: qwen3-max
    [qwen3-max] 决策: create | 选笑话编号: None
    评估模型: deepseek-v3.2
    [deepseek-v3.2] 决策: select | 选笑话编号: 4
    评估模型: kimi-k2.5
    [kimi-k2.5] 决策: create | 选笑话编号: None

  Item完成: 耗时62.2s | 总耗时817.9min
  速率限制器状态: 可用令牌=48.0/48
  已保存中间结果 (839 条)

============================================================
处理 zh_0940... (840/1174)

  质量组: high (4个候选笑话)
    评估模型: qwen3-max
    [qwen3-max] 决策: select | 选笑话编号: 4
    评估模型: deepseek-v3.2
    [deepseek-v3.2] 决策: select | 选笑话编号: 4
    评估模型: kimi-k2.5
    [kimi-k2.5] 决策: select | 选笑话编号: 4

  质量组: medium (4个候选笑话)
    评估模型: qwen3-max
    [qwen3-max] 决策: select | 选笑话编号: 4
    评估模型: deepseek-v3.2
    [deepseek-v3.2] 决策: select | 选笑话编号: 4
    评估模型: kimi-k2.5
    [kimi-k2.5] 决策: create | 选笑话编号: None

  质量组: low (4个候选笑话)
    评估模型: qwen3-max
    [qwen3-max] 决策: select | 选笑话编号: 4
    评估模型: deepseek-v3.2
    [deepseek-v3.2] 决策: select | 选笑话编号: 3
    评估模型: kimi-k2.5
    [kimi-k2.5] 决策: create | 选笑话编号: None

  Item完成: 耗时56.0s | 总耗时818.9min
  速率限制器状态: 可用令牌=48.0/48
  已保存中间结果 (840 条)

============================================================
处理 zh_0941... (841/1174)

  质量组: high (4个候选笑话)
    评估模型: qwen3-max
    [qwen3-max] 决策: select | 选笑话编号: 2
    评估模型: deepseek-v3.2
    [deepseek-v3.2] 决策: select | 选笑话编号: 2
    评估模型: kimi-k2.5
    [kimi-k2.5] 决策: select | 选笑话编号: 2

  质量组: medium (4个候选笑话)
    评估模型: qwen3-max
    [qwen3-max] 决策: select | 选笑话编号: 1
    评估模型: deepseek-v3.2
    [deepseek-v3.2] 决策: select | 选笑话编号: 1
    评估模型: kimi-k2.5
    [kimi-k2.5] 决策: create | 选笑话编号: None

  质量组: low (4个候选笑话)
    评估模型: qwen3-max
    [qwen3-max] 决策: select | 选笑话编号: 3
    评估模型: deepseek-v3.2
    [deepseek-v3.2] 决策: select | 选笑话编号: 2
    评估模型: kimi-k2.5
    [kimi-k2.5] 决策: create | 选笑话编号: None

  Item完成: 耗时64.4s | 总耗时819.9min
  速率限制器状态: 可用令牌=48.0/48
  已保存中间结果 (841 条)

============================================================
处理 zh_0942... (842/1174)

  质量组: high (4个候选笑话)
    评估模型: qwen3-max
    [qwen3-max] 决策: select | 选笑话编号: 1
    评估模型: deepseek-v3.2
    [deepseek-v3.2] 决策: select | 选笑话编号: 1
    评估模型: kimi-k2.5
    [kimi-k2.5] 决策: create | 选笑话编号: None

  质量组: medium (4个候选笑话)
    评估模型: qwen3-max
    [qwen3-max] 决策: select | 选笑话编号: 2
    评估模型: deepseek-v3.2
    [deepseek-v3.2] 决策: select | 选笑话编号: 1
    评估模型: kimi-k2.5
    [kimi-k2.5] 决策: create | 选笑话编号: None

  质量组: low (4个候选笑话)
    评估模型: qwen3-max
    [qwen3-max] 决策: select | 选笑话编号: 4
    评估模型: deepseek-v3.2
    [deepseek-v3.2] 决策: select | 选笑话编号: 1
    评估模型: kimi-k2.5
    [kimi-k2.5] 决策: create | 选笑话编号: None

  Item完成: 耗时63.4s | 总耗时821.0min
  速率限制器状态: 可用令牌=48.0/48
  已保存中间结果 (842 条)

============================================================
处理 zh_0943... (843/1174)

  质量组: high (4个候选笑话)
    评估模型: qwen3-max
    [qwen3-max] 决策: select | 选笑话编号: 2
    评估模型: deepseek-v3.2
    [deepseek-v3.2] 决策: select | 选笑话编号: 2
    评估模型: kimi-k2.5
    [kimi-k2.5] 决策: create | 选笑话编号: None

  质量组: medium (4个候选笑话)
    评估模型: qwen3-max
    [qwen3-max] 决策: select | 选笑话编号: 4
    评估模型: deepseek-v3.2
    [deepseek-v3.2] 决策: select | 选笑话编号: 1
    评估模型: kimi-k2.5
    [kimi-k2.5] 决策: create | 选笑话编号: None

  质量组: low (4个候选笑话)
    评估模型: qwen3-max
    [qwen3-max] 决策: select | 选笑话编号: 1
    评估模型: deepseek-v3.2
    [deepseek-v3.2] 决策: select | 选笑话编号: 2
    评估模型: kimi-k2.5
    [kimi-k2.5] 决策: create | 选笑话编号: None

  Item完成: 耗时60.7s | 总耗时822.0min
  速率限制器状态: 可用令牌=48.0/48
  已保存中间结果 (843 条)

============================================================
处理 zh_0944... (844/1174)

  质量组: high (4个候选笑话)
    评估模型: qwen3-max
    [qwen3-max] 决策: select | 选笑话编号: 2
    评估模型: deepseek-v3.2
    [deepseek-v3.2] 决策: select | 选笑话编号: 4
    评估模型: kimi-k2.5
    [kimi-k2.5] 决策: create | 选笑话编号: None

  质量组: medium (4个候选笑话)
    评估模型: qwen3-max
    [qwen3-max] 决策: select | 选笑话编号: 1
    评估模型: deepseek-v3.2
    [deepseek-v3.2] 决策: select | 选笑话编号: 1
    评估模型: kimi-k2.5
    [kimi-k2.5] 决策: create | 选笑话编号: None

  质量组: low (4个候选笑话)
    评估模型: qwen3-max
    [qwen3-max] 决策: select | 选笑话编号: 2
    评估模型: deepseek-v3.2
    [deepseek-v3.2] 决策: select | 选笑话编号: 1
    评估模型: kimi-k2.5
    [kimi-k2.5] 决策: create | 选笑话编号: None

  Item完成: 耗时54.1s | 总耗时822.9min
  速率限制器状态: 可用令牌=48.0/48
  已保存中间结果 (844 条)

============================================================
处理 zh_0945... (845/1174)

  质量组: high (4个候选笑话)
    评估模型: qwen3-max
    [qwen3-max] 决策: select | 选笑话编号: 1
    评估模型: deepseek-v3.2
    [deepseek-v3.2] 决策: select | 选笑话编号: 2
    评估模型: kimi-k2.5
    [API] JSON解析失败: JSON解析失败: Expecting ',' delimiter: line 4 column 58 (char 115), model=kimi-k2.5
    [kimi-k2.5] 决策:  | 选笑话编号: ?

  质量组: medium (4个候选笑话)
    评估模型: qwen3-max
    [qwen3-max] 决策: select | 选笑话编号: 4
    评估模型: deepseek-v3.2
    [deepseek-v3.2] 决策: select | 选笑话编号: 4
    评估模型: kimi-k2.5
    [kimi-k2.5] 决策: create | 选笑话编号: None

  质量组: low (4个候选笑话)
    评估模型: qwen3-max
    [qwen3-max] 决策: create | 选笑话编号: None
    评估模型: deepseek-v3.2
    [deepseek-v3.2] 决策: create | 选笑话编号: None
    评估模型: kimi-k2.5
    [kimi-k2.5] 决策: create | 选笑话编号: None

  Item完成: 耗时52.3s | 总耗时823.8min
  速率限制器状态: 可用令牌=48.0/48
  已保存中间结果 (845 条)

============================================================
处理 zh_0946... (846/1174)

  质量组: high (4个候选笑话)
    评估模型: qwen3-max
    [qwen3-max] 决策: select | 选笑话编号: 3
    评估模型: deepseek-v3.2
    [deepseek-v3.2] 决策: select | 选笑话编号: 1
    评估模型: kimi-k2.5
    [API] JSON解析失败: JSON解析失败: Expecting ',' delimiter: line 4 column 46 (char 100), model=kimi-k2.5
    [kimi-k2.5] 决策:  | 选笑话编号: ?

  质量组: medium (4个候选笑话)
    评估模型: qwen3-max
    [qwen3-max] 决策: select | 选笑话编号: 2
    评估模型: deepseek-v3.2
    [deepseek-v3.2] 决策: select | 选笑话编号: 4
    评估模型: kimi-k2.5
    [kimi-k2.5] 决策: create | 选笑话编号: None

  质量组: low (4个候选笑话)
    评估模型: qwen3-max
    [qwen3-max] 决策: create | 选笑话编号: None
    评估模型: deepseek-v3.2
    [deepseek-v3.2] 决策: select | 选笑话编号: 2
    评估模型: kimi-k2.5
    [kimi-k2.5] 决策: create | 选笑话编号: None

  Item完成: 耗时60.8s | 总耗时824.8min
  速率限制器状态: 可用令牌=48.0/48
  已保存中间结果 (846 条)

============================================================
处理 zh_0947... (847/1174)

  质量组: high (4个候选笑话)
    评估模型: qwen3-max
    [qwen3-max] 决策: select | 选笑话编号: 2
    评估模型: deepseek-v3.2
    [deepseek-v3.2] 决策: select | 选笑话编号: 2
    评估模型: kimi-k2.5
    [kimi-k2.5] 决策: create | 选笑话编号: None

  质量组: medium (4个候选笑话)
    评估模型: qwen3-max
    [qwen3-max] 决策: select | 选笑话编号: 2
    评估模型: deepseek-v3.2
    [deepseek-v3.2] 决策: select | 选笑话编号: 2
    评估模型: kimi-k2.5
    [kimi-k2.5] 决策: create | 选笑话编号: None

  质量组: low (4个候选笑话)
    评估模型: qwen3-max
    [qwen3-max] 决策: create | 选笑话编号: None
    评估模型: deepseek-v3.2
    [deepseek-v3.2] 决策: select | 选笑话编号: 1
    评估模型: kimi-k2.5
    [kimi-k2.5] 决策: create | 选笑话编号: None

  Item完成: 耗时62.7s | 总耗时825.9min
  速率限制器状态: 可用令牌=48.0/48
  已保存中间结果 (847 条)

============================================================
处理 zh_0948... (848/1174)

  质量组: high (4个候选笑话)
    评估模型: qwen3-max
    [qwen3-max] 决策: select | 选笑话编号: 2
    评估模型: deepseek-v3.2
    [deepseek-v3.2] 决策: select | 选笑话编号: 4
    评估模型: kimi-k2.5
    [kimi-k2.5] 决策: create | 选笑话编号: None

  质量组: medium (4个候选笑话)
    评估模型: qwen3-max
    [qwen3-max] 决策: select | 选笑话编号: 2
    评估模型: deepseek-v3.2
    [deepseek-v3.2] 决策: select | 选笑话编号: 2
    评估模型: kimi-k2.5
    [kimi-k2.5] 决策: create | 选笑话编号: None

  质量组: low (4个候选笑话)
    评估模型: qwen3-max
    [qwen3-max] 决策: select | 选笑话编号: 1
    评估模型: deepseek-v3.2
    [deepseek-v3.2] 决策: select | 选笑话编号: 1
    评估模型: kimi-k2.5
    [kimi-k2.5] 决策: create | 选笑话编号: None

  Item完成: 耗时62.6s | 总耗时826.9min
  速率限制器状态: 可用令牌=48.0/48
  已保存中间结果 (848 条)

============================================================
处理 zh_0949... (849/1174)

  质量组: high (4个候选笑话)
    评估模型: qwen3-max
    [qwen3-max] 决策: select | 选笑话编号: 1
    评估模型: deepseek-v3.2
    [deepseek-v3.2] 决策: select | 选笑话编号: 2
    评估模型: kimi-k2.5
    [kimi-k2.5] 决策: create | 选笑话编号: None

  质量组: medium (4个候选笑话)
    评估模型: qwen3-max
    [qwen3-max] 决策: select | 选笑话编号: 2
    评估模型: deepseek-v3.2
    [deepseek-v3.2] 决策: select | 选笑话编号: 2
    评估模型: kimi-k2.5
    [kimi-k2.5] 决策: create | 选笑话编号: None

  质量组: low (4个候选笑话)
    评估模型: qwen3-max
    [qwen3-max] 决策: create | 选笑话编号: None
    评估模型: deepseek-v3.2
    [deepseek-v3.2] 决策: create | 选笑话编号: None
    评估模型: kimi-k2.5
    [kimi-k2.5] 决策: create | 选笑话编号: None

  Item完成: 耗时52.9s | 总耗时827.8min
  速率限制器状态: 可用令牌=48.0/48
  已保存中间结果 (849 条)

============================================================
处理 zh_0950... (850/1174)

  质量组: high (4个候选笑话)
    评估模型: qwen3-max
    [qwen3-max] 决策: select | 选笑话编号: 2
    评估模型: deepseek-v3.2
    [deepseek-v3.2] 决策: select | 选笑话编号: 4
    评估模型: kimi-k2.5
    [kimi-k2.5] 决策: create | 选笑话编号: None

  质量组: medium (4个候选笑话)
    评估模型: qwen3-max
    [qwen3-max] 决策: select | 选笑话编号: 3
    评估模型: deepseek-v3.2
    [deepseek-v3.2] 决策: select | 选笑话编号: 1
    评估模型: kimi-k2.5
    [kimi-k2.5] 决策: create | 选笑话编号: None

  质量组: low (4个候选笑话)
    评估模型: qwen3-max
    [qwen3-max] 决策: select | 选笑话编号: 1
    评估模型: deepseek-v3.2
    [deepseek-v3.2] 决策: create | 选笑话编号: None
    评估模型: kimi-k2.5
    [kimi-k2.5] 决策: create | 选笑话编号: None

  Item完成: 耗时49.4s | 总耗时828.6min
  速率限制器状态: 可用令牌=48.0/48
  已保存中间结果 (850 条)

============================================================
处理 zh_0951... (851/1174)

  质量组: high (4个候选笑话)
    评估模型: qwen3-max
    [qwen3-max] 决策: select | 选笑话编号: 4
    评估模型: deepseek-v3.2
    [deepseek-v3.2] 决策: select | 选笑话编号: 4
    评估模型: kimi-k2.5
    [kimi-k2.5] 决策: create | 选笑话编号: None

  质量组: medium (4个候选笑话)
    评估模型: qwen3-max
    [qwen3-max] 决策: select | 选笑话编号: 2
    评估模型: deepseek-v3.2
    [deepseek-v3.2] 决策: select | 选笑话编号: 2
    评估模型: kimi-k2.5
    [kimi-k2.5] 决策: create | 选笑话编号: None

  质量组: low (4个候选笑话)
    评估模型: qwen3-max
    [qwen3-max] 决策: create | 选笑话编号: None
    评估模型: deepseek-v3.2
    [deepseek-v3.2] 决策: select | 选笑话编号: 1
    评估模型: kimi-k2.5
    [kimi-k2.5] 决策: create | 选笑话编号: None

  Item完成: 耗时54.4s | 总耗时829.6min
  速率限制器状态: 可用令牌=48.0/48
  已保存中间结果 (851 条)

============================================================
处理 zh_0952... (852/1174)

  质量组: high (4个候选笑话)
    评估模型: qwen3-max
    [qwen3-max] 决策: select | 选笑话编号: 4
    评估模型: deepseek-v3.2
    [deepseek-v3.2] 决策: select | 选笑话编号: 4
    评估模型: kimi-k2.5
    [kimi-k2.5] 决策: create | 选笑话编号: None

  质量组: medium (4个候选笑话)
    评估模型: qwen3-max
    [qwen3-max] 决策: create | 选笑话编号: None
    评估模型: deepseek-v3.2
    [deepseek-v3.2] 决策: select | 选笑话编号: 4
    评估模型: kimi-k2.5
    [kimi-k2.5] 决策: create | 选笑话编号: None

  质量组: low (4个候选笑话)
    评估模型: qwen3-max
    [qwen3-max] 决策: create | 选笑话编号: None
    评估模型: deepseek-v3.2
    [deepseek-v3.2] 决策: select | 选笑话编号: 1
    评估模型: kimi-k2.5
    [kimi-k2.5] 决策: create | 选笑话编号: None

  Item完成: 耗时60.5s | 总耗时830.6min
  速率限制器状态: 可用令牌=48.0/48
  已保存中间结果 (852 条)

============================================================
处理 zh_0953... (853/1174)

  质量组: high (4个候选笑话)
    评估模型: qwen3-max
    [qwen3-max] 决策: select | 选笑话编号: 2
    评估模型: deepseek-v3.2
    [deepseek-v3.2] 决策: select | 选笑话编号: 3
    评估模型: kimi-k2.5
    [kimi-k2.5] 决策: create | 选笑话编号: None

  质量组: medium (4个候选笑话)
    评估模型: qwen3-max
    [qwen3-max] 决策: select | 选笑话编号: 2
    评估模型: deepseek-v3.2
    [deepseek-v3.2] 决策: select | 选笑话编号: 2
    评估模型: kimi-k2.5
    [API] JSON解析失败: JSON解析失败: Expecting ',' delimiter: line 4 column 75 (char 132), model=kimi-k2.5
    [kimi-k2.5] 决策:  | 选笑话编号: ?

  质量组: low (4个候选笑话)
    评估模型: qwen3-max
    [qwen3-max] 决策: create | 选笑话编号: None
    评估模型: deepseek-v3.2
    [deepseek-v3.2] 决策: select | 选笑话编号: 1
    评估模型: kimi-k2.5
    [kimi-k2.5] 决策: create | 选笑话编号: None

  Item完成: 耗时53.0s | 总耗时831.5min
  速率限制器状态: 可用令牌=48.0/48
  已保存中间结果 (853 条)

============================================================
处理 zh_0954... (854/1174)

  质量组: high (4个候选笑话)
    评估模型: qwen3-max
    [qwen3-max] 决策: select | 选笑话编号: 1
    评估模型: deepseek-v3.2
    [deepseek-v3.2] 决策: select | 选笑话编号: 1
    评估模型: kimi-k2.5
    [kimi-k2.5] 决策: select | 选笑话编号: 1

  质量组: medium (4个候选笑话)
    评估模型: qwen3-max
    [qwen3-max] 决策: select | 选笑话编号: 1
    评估模型: deepseek-v3.2
    [deepseek-v3.2] 决策: select | 选笑话编号: 1
    评估模型: kimi-k2.5
    [kimi-k2.5] 决策: select | 选笑话编号: 1

  质量组: low (4个候选笑话)
    评估模型: qwen3-max
    [qwen3-max] 决策: create | 选笑话编号: None
    评估模型: deepseek-v3.2
    [deepseek-v3.2] 决策: create | 选笑话编号: None
    评估模型: kimi-k2.5
    [kimi-k2.5] 决策: create | 选笑话编号: None

  Item完成: 耗时53.6s | 总耗时832.4min
  速率限制器状态: 可用令牌=48.0/48
  已保存中间结果 (854 条)

============================================================
处理 zh_0955... (855/1174)

  质量组: high (4个候选笑话)
    评估模型: qwen3-max
    [qwen3-max] 决策: select | 选笑话编号: 2
    评估模型: deepseek-v3.2
    [deepseek-v3.2] 决策: select | 选笑话编号: 2
    评估模型: kimi-k2.5
    [kimi-k2.5] 决策: create | 选笑话编号: None

  质量组: medium (4个候选笑话)
    评估模型: qwen3-max
    [qwen3-max] 决策: select | 选笑话编号: 1
    评估模型: deepseek-v3.2
    [deepseek-v3.2] 决策: select | 选笑话编号: 2
    评估模型: kimi-k2.5
    [kimi-k2.5] 决策: select | 选笑话编号: 2

  质量组: low (4个候选笑话)
    评估模型: qwen3-max
    [qwen3-max] 决策: select | 选笑话编号: 2
    评估模型: deepseek-v3.2
    [deepseek-v3.2] 决策: select | 选笑话编号: 2
    评估模型: kimi-k2.5
    [kimi-k2.5] 决策: create | 选笑话编号: None

  Item完成: 耗时59.7s | 总耗时833.4min
  速率限制器状态: 可用令牌=48.0/48
  已保存中间结果 (855 条)

============================================================
处理 zh_0956... (856/1174)

  质量组: high (4个候选笑话)
    评估模型: qwen3-max
    [qwen3-max] 决策: select | 选笑话编号: 2
    评估模型: deepseek-v3.2
    [deepseek-v3.2] 决策: select | 选笑话编号: 3
    评估模型: kimi-k2.5
    [kimi-k2.5] 决策: create | 选笑话编号: None

  质量组: medium (4个候选笑话)
    评估模型: qwen3-max
    [qwen3-max] 决策: create | 选笑话编号: None
    评估模型: deepseek-v3.2
    [deepseek-v3.2] 决策: select | 选笑话编号: 4
    评估模型: kimi-k2.5
    [kimi-k2.5] 决策: create | 选笑话编号: None

  质量组: low (4个候选笑话)
    评估模型: qwen3-max
    [qwen3-max] 决策: select | 选笑话编号: 4
    评估模型: deepseek-v3.2
    [deepseek-v3.2] 决策: select | 选笑话编号: 4
    评估模型: kimi-k2.5
    [kimi-k2.5] 决策: create | 选笑话编号: None

  Item完成: 耗时61.4s | 总耗时834.4min
  速率限制器状态: 可用令牌=48.0/48
  已保存中间结果 (856 条)

============================================================
处理 zh_0957... (857/1174)

  质量组: high (4个候选笑话)
    评估模型: qwen3-max
    [qwen3-max] 决策: create | 选笑话编号: None
    评估模型: deepseek-v3.2
    [deepseek-v3.2] 决策: select | 选笑话编号: 2
    评估模型: kimi-k2.5
    [kimi-k2.5] 决策: create | 选笑话编号: None

  质量组: medium (4个候选笑话)
    评估模型: qwen3-max
    [qwen3-max] 决策: create | 选笑话编号: None
    评估模型: deepseek-v3.2
    [deepseek-v3.2] 决策: select | 选笑话编号: 1
    评估模型: kimi-k2.5
    [kimi-k2.5] 决策: create | 选笑话编号: None

  质量组: low (4个候选笑话)
    评估模型: qwen3-max
    [qwen3-max] 决策: create | 选笑话编号: None
    评估模型: deepseek-v3.2
    [deepseek-v3.2] 决策: create | 选笑话编号: None
    评估模型: kimi-k2.5
    [kimi-k2.5] 决策: create | 选笑话编号: None

  Item完成: 耗时63.6s | 总耗时835.5min
  速率限制器状态: 可用令牌=48.0/48
  已保存中间结果 (857 条)

============================================================
处理 zh_0958... (858/1174)

  质量组: high (4个候选笑话)
    评估模型: qwen3-max
    [qwen3-max] 决策: create | 选笑话编号: None
    评估模型: deepseek-v3.2
    [deepseek-v3.2] 决策: select | 选笑话编号: 4
    评估模型: kimi-k2.5
    [kimi-k2.5] 决策: create | 选笑话编号: None

  质量组: medium (4个候选笑话)
    评估模型: qwen3-max
    [qwen3-max] 决策: select | 选笑话编号: 1
    评估模型: deepseek-v3.2
    [deepseek-v3.2] 决策: select | 选笑话编号: 1
    评估模型: kimi-k2.5
    [kimi-k2.5] 决策: create | 选笑话编号: None

  质量组: low (4个候选笑话)
    评估模型: qwen3-max
    [qwen3-max] 决策: create | 选笑话编号: None
    评估模型: deepseek-v3.2
    [deepseek-v3.2] 决策: select | 选笑话编号: 2
    评估模型: kimi-k2.5
    [kimi-k2.5] 决策: create | 选笑话编号: None

  Item完成: 耗时49.7s | 总耗时836.3min
  速率限制器状态: 可用令牌=48.0/48
  已保存中间结果 (858 条)

============================================================
处理 zh_0959... (859/1174)

  质量组: high (4个候选笑话)
    评估模型: qwen3-max
    [qwen3-max] 决策: select | 选笑话编号: 2
    评估模型: deepseek-v3.2
    [deepseek-v3.2] 决策: select | 选笑话编号: 1
    评估模型: kimi-k2.5
    [kimi-k2.5] 决策: create | 选笑话编号: None

  质量组: medium (4个候选笑话)
    评估模型: qwen3-max
    [qwen3-max] 决策: select | 选笑话编号: 1
    评估模型: deepseek-v3.2
    [deepseek-v3.2] 决策: select | 选笑话编号: 4
    评估模型: kimi-k2.5
    [kimi-k2.5] 决策: create | 选笑话编号: None

  质量组: low (4个候选笑话)
    评估模型: qwen3-max
    [qwen3-max] 决策: select | 选笑话编号: 1
    评估模型: deepseek-v3.2
    [deepseek-v3.2] 决策: select | 选笑话编号: 1
    评估模型: kimi-k2.5
    [kimi-k2.5] 决策: create | 选笑话编号: None

  Item完成: 耗时53.2s | 总耗时837.2min
  速率限制器状态: 可用令牌=48.0/48
  已保存中间结果 (859 条)

============================================================
处理 zh_0960... (860/1174)

  质量组: high (4个候选笑话)
    评估模型: qwen3-max
    [qwen3-max] 决策: select | 选笑话编号: 4
    评估模型: deepseek-v3.2
    [deepseek-v3.2] 决策: select | 选笑话编号: 4
    评估模型: kimi-k2.5
    [kimi-k2.5] 决策: create | 选笑话编号: None

  质量组: medium (4个候选笑话)
    评估模型: qwen3-max
    [qwen3-max] 决策: select | 选笑话编号: 1
    评估模型: deepseek-v3.2
    [deepseek-v3.2] 决策: select | 选笑话编号: 1
    评估模型: kimi-k2.5
    [kimi-k2.5] 决策: create | 选笑话编号: None

  质量组: low (4个候选笑话)
    评估模型: qwen3-max
    [qwen3-max] 决策: select | 选笑话编号: 1
    评估模型: deepseek-v3.2
    [deepseek-v3.2] 决策: create | 选笑话编号: None
    评估模型: kimi-k2.5
    [kimi-k2.5] 决策: create | 选笑话编号: None

  Item完成: 耗时65.2s | 总耗时838.3min
  速率限制器状态: 可用令牌=48.0/48
  已保存中间结果 (860 条)

============================================================
处理 zh_0961... (861/1174)

  质量组: high (4个候选笑话)
    评估模型: qwen3-max
    [qwen3-max] 决策: select | 选笑话编号: 2
    评估模型: deepseek-v3.2
    [deepseek-v3.2] 决策: select | 选笑话编号: 2
    评估模型: kimi-k2.5
    [kimi-k2.5] 决策: create | 选笑话编号: None

  质量组: medium (4个候选笑话)
    评估模型: qwen3-max
    [qwen3-max] 决策: select | 选笑话编号: 1
    评估模型: deepseek-v3.2
    [deepseek-v3.2] 决策: select | 选笑话编号: 4
    评估模型: kimi-k2.5
    [kimi-k2.5] 决策: create | 选笑话编号: None

  质量组: low (4个候选笑话)
    评估模型: qwen3-max
    [qwen3-max] 决策: create | 选笑话编号: None
    评估模型: deepseek-v3.2
    [deepseek-v3.2] 决策: create | 选笑话编号: None
    评估模型: kimi-k2.5
    [kimi-k2.5] 决策: create | 选笑话编号: None

  Item完成: 耗时57.1s | 总耗时839.2min
  速率限制器状态: 可用令牌=48.0/48
  已保存中间结果 (861 条)

============================================================
处理 zh_0962... (862/1174)

  质量组: high (4个候选笑话)
    评估模型: qwen3-max
    [qwen3-max] 决策: select | 选笑话编号: 4
    评估模型: deepseek-v3.2
    [deepseek-v3.2] 决策: select | 选笑话编号: 4
    评估模型: kimi-k2.5
    [kimi-k2.5] 决策: select | 选笑话编号: 4

  质量组: medium (4个候选笑话)
    评估模型: qwen3-max
    [qwen3-max] 决策: select | 选笑话编号: 4
    评估模型: deepseek-v3.2
    [deepseek-v3.2] 决策: select | 选笑话编号: 4
    评估模型: kimi-k2.5
    [kimi-k2.5] 决策: select | 选笑话编号: 4

  质量组: low (4个候选笑话)
    评估模型: qwen3-max
    [qwen3-max] 决策: select | 选笑话编号: 4
    评估模型: deepseek-v3.2
    [deepseek-v3.2] 决策: select | 选笑话编号: 4
    评估模型: kimi-k2.5
    [kimi-k2.5] 决策: create | 选笑话编号: None

  Item完成: 耗时50.4s | 总耗时840.1min
  速率限制器状态: 可用令牌=48.0/48
  已保存中间结果 (862 条)

============================================================
处理 zh_0963... (863/1174)

  质量组: high (4个候选笑话)
    评估模型: qwen3-max
    [qwen3-max] 决策: select | 选笑话编号: 2
    评估模型: deepseek-v3.2
    [deepseek-v3.2] 决策: select | 选笑话编号: 1
    评估模型: kimi-k2.5
    [kimi-k2.5] 决策: create | 选笑话编号: None

  质量组: medium (4个候选笑话)
    评估模型: qwen3-max
    [qwen3-max] 决策: select | 选笑话编号: 2
    评估模型: deepseek-v3.2
    [deepseek-v3.2] 决策: select | 选笑话编号: 2
    评估模型: kimi-k2.5
    [kimi-k2.5] 决策: create | 选笑话编号: None

  质量组: low (4个候选笑话)
    评估模型: qwen3-max
    [qwen3-max] 决策: create | 选笑话编号: None
    评估模型: deepseek-v3.2
    [deepseek-v3.2] 决策: select | 选笑话编号: 2
    评估模型: kimi-k2.5
    [API] JSON解析失败: JSON解析失败: Expecting ',' delimiter: line 4 column 82 (char 139), model=kimi-k2.5
    [kimi-k2.5] 决策:  | 选笑话编号: ?

  Item完成: 耗时54.4s | 总耗时841.0min
  速率限制器状态: 可用令牌=48.0/48
  已保存中间结果 (863 条)

============================================================
处理 zh_0964... (864/1174)

  质量组: high (4个候选笑话)
    评估模型: qwen3-max
    [qwen3-max] 决策: create | 选笑话编号: None
    评估模型: deepseek-v3.2
    [deepseek-v3.2] 决策: select | 选笑话编号: 3
    评估模型: kimi-k2.5
    [kimi-k2.5] 决策: create | 选笑话编号: None

  质量组: medium (4个候选笑话)
    评估模型: qwen3-max
    [qwen3-max] 决策: create | 选笑话编号: None
    评估模型: deepseek-v3.2
    [deepseek-v3.2] 决策: create | 选笑话编号: None
    评估模型: kimi-k2.5
    [kimi-k2.5] 决策: create | 选笑话编号: None

  质量组: low (4个候选笑话)
    评估模型: qwen3-max
    [qwen3-max] 决策: create | 选笑话编号: None
    评估模型: deepseek-v3.2
    [deepseek-v3.2] 决策: create | 选笑话编号: None
    评估模型: kimi-k2.5
    [kimi-k2.5] 决策: create | 选笑话编号: None

  Item完成: 耗时52.3s | 总耗时841.9min
  速率限制器状态: 可用令牌=48.0/48
  已保存中间结果 (864 条)

============================================================
处理 zh_0965... (865/1174)

  质量组: high (4个候选笑话)
    评估模型: qwen3-max
    [qwen3-max] 决策: select | 选笑话编号: 1
    评估模型: deepseek-v3.2
    [deepseek-v3.2] 决策: select | 选笑话编号: 1
    评估模型: kimi-k2.5
    [kimi-k2.5] 决策: create | 选笑话编号: None

  质量组: medium (4个候选笑话)
    评估模型: qwen3-max
    [qwen3-max] 决策: select | 选笑话编号: 4
    评估模型: deepseek-v3.2
    [deepseek-v3.2] 决策: select | 选笑话编号: 1
    评估模型: kimi-k2.5
    [kimi-k2.5] 决策: create | 选笑话编号: None

  质量组: low (4个候选笑话)
    评估模型: qwen3-max
    [qwen3-max] 决策: select | 选笑话编号: 1
    评估模型: deepseek-v3.2
    [deepseek-v3.2] 决策: select | 选笑话编号: 4
    评估模型: kimi-k2.5
    [kimi-k2.5] 决策: create | 选笑话编号: None

  Item完成: 耗时53.3s | 总耗时842.8min
  速率限制器状态: 可用令牌=48.0/48
  已保存中间结果 (865 条)

============================================================
处理 zh_0966... (866/1174)

  质量组: high (4个候选笑话)
    评估模型: qwen3-max
    [qwen3-max] 决策: select | 选笑话编号: 2
    评估模型: deepseek-v3.2
    [deepseek-v3.2] 决策: select | 选笑话编号: 3
    评估模型: kimi-k2.5
    [kimi-k2.5] 决策: select | 选笑话编号: 2

  质量组: medium (4个候选笑话)
    评估模型: qwen3-max
    [qwen3-max] 决策: select | 选笑话编号: 1
    评估模型: deepseek-v3.2
    [deepseek-v3.2] 决策: select | 选笑话编号: 1
    评估模型: kimi-k2.5
    [kimi-k2.5] 决策: create | 选笑话编号: None

  质量组: low (4个候选笑话)
    评估模型: qwen3-max
    [qwen3-max] 决策: select | 选笑话编号: 2
    评估模型: deepseek-v3.2
    [deepseek-v3.2] 决策: select | 选笑话编号: 1
    评估模型: kimi-k2.5
    [kimi-k2.5] 决策: create | 选笑话编号: None

  Item完成: 耗时57.0s | 总耗时843.7min
  速率限制器状态: 可用令牌=48.0/48
  已保存中间结果 (866 条)

============================================================
处理 zh_0967... (867/1174)

  质量组: high (4个候选笑话)
    评估模型: qwen3-max
    [qwen3-max] 决策: select | 选笑话编号: 1
    评估模型: deepseek-v3.2
    [deepseek-v3.2] 决策: select | 选笑话编号: 2
    评估模型: kimi-k2.5
    [kimi-k2.5] 决策: create | 选笑话编号: None

  质量组: medium (4个候选笑话)
    评估模型: qwen3-max
    [API] JSON解析失败: JSON解析失败: Invalid control character at: line 5 column 275 (char 400), model=qwen3-max
    [qwen3-max] 决策:  | 选笑话编号: ?
    评估模型: deepseek-v3.2
    [deepseek-v3.2] 决策: select | 选笑话编号: 2
    评估模型: kimi-k2.5
    [kimi-k2.5] 决策: create | 选笑话编号: None

  质量组: low (4个候选笑话)
    评估模型: qwen3-max
    [qwen3-max] 决策: select | 选笑话编号: 1
    评估模型: deepseek-v3.2
    [deepseek-v3.2] 决策: create | 选笑话编号: None
    评估模型: kimi-k2.5
    [kimi-k2.5] 决策: create | 选笑话编号: None

  Item完成: 耗时59.3s | 总耗时844.7min
  速率限制器状态: 可用令牌=48.0/48
  已保存中间结果 (867 条)

============================================================
处理 zh_0968... (868/1174)

  质量组: high (4个候选笑话)
    评估模型: qwen3-max
    [qwen3-max] 决策: select | 选笑话编号: 3
    评估模型: deepseek-v3.2
    [deepseek-v3.2] 决策: select | 选笑话编号: 1
    评估模型: kimi-k2.5
    [kimi-k2.5] 决策: create | 选笑话编号: None

  质量组: medium (4个候选笑话)
    评估模型: qwen3-max
    [qwen3-max] 决策: select | 选笑话编号: 1
    评估模型: deepseek-v3.2
    [deepseek-v3.2] 决策: select | 选笑话编号: 1
    评估模型: kimi-k2.5
    [kimi-k2.5] 决策: create | 选笑话编号: None

  质量组: low (4个候选笑话)
    评估模型: qwen3-max
    [qwen3-max] 决策: select | 选笑话编号: 1
    评估模型: deepseek-v3.2
    [deepseek-v3.2] 决策: select | 选笑话编号: 1
    评估模型: kimi-k2.5
    [kimi-k2.5] 决策: create | 选笑话编号: None

  Item完成: 耗时57.6s | 总耗时845.7min
  速率限制器状态: 可用令牌=48.0/48
  已保存中间结果 (868 条)

============================================================
处理 zh_0969... (869/1174)

  质量组: high (4个候选笑话)
    评估模型: qwen3-max
    [qwen3-max] 决策: select | 选笑话编号: 2
    评估模型: deepseek-v3.2
    [deepseek-v3.2] 决策: select | 选笑话编号: 2
    评估模型: kimi-k2.5
    [kimi-k2.5] 决策: create | 选笑话编号: None

  质量组: medium (4个候选笑话)
    评估模型: qwen3-max
    [qwen3-max] 决策: create | 选笑话编号: None
    评估模型: deepseek-v3.2
    [deepseek-v3.2] 决策: select | 选笑话编号: 1
    评估模型: kimi-k2.5
    [kimi-k2.5] 决策: create | 选笑话编号: None

  质量组: low (4个候选笑话)
    评估模型: qwen3-max
    [qwen3-max] 决策: create | 选笑话编号: None
    评估模型: deepseek-v3.2
    [deepseek-v3.2] 决策: select | 选笑话编号: 2
    评估模型: kimi-k2.5
    [kimi-k2.5] 决策: create | 选笑话编号: None

  Item完成: 耗时58.1s | 总耗时846.7min
  速率限制器状态: 可用令牌=48.0/48
  已保存中间结果 (869 条)

============================================================
处理 zh_0970... (870/1174)

  质量组: high (4个候选笑话)
    评估模型: qwen3-max
    [qwen3-max] 决策: select | 选笑话编号: 2
    评估模型: deepseek-v3.2
    [deepseek-v3.2] 决策: select | 选笑话编号: 2
    评估模型: kimi-k2.5
    [kimi-k2.5] 决策: create | 选笑话编号: None

  质量组: medium (4个候选笑话)
    评估模型: qwen3-max
    [qwen3-max] 决策: select | 选笑话编号: 1
    评估模型: deepseek-v3.2
    [deepseek-v3.2] 决策: select | 选笑话编号: 1
    评估模型: kimi-k2.5
    [kimi-k2.5] 决策: create | 选笑话编号: None

  质量组: low (4个候选笑话)
    评估模型: qwen3-max
    [qwen3-max] 决策: create | 选笑话编号: None
    评估模型: deepseek-v3.2
    [deepseek-v3.2] 决策: select | 选笑话编号: 4
    评估模型: kimi-k2.5
    [kimi-k2.5] 决策: create | 选笑话编号: None

  Item完成: 耗时55.2s | 总耗时847.6min
  速率限制器状态: 可用令牌=48.0/48
  已保存中间结果 (870 条)

============================================================
处理 zh_0972... (871/1174)

  质量组: high (4个候选笑话)
    评估模型: qwen3-max
    [qwen3-max] 决策: select | 选笑话编号: 2
    评估模型: deepseek-v3.2
    [deepseek-v3.2] 决策: select | 选笑话编号: 2
    评估模型: kimi-k2.5
    [API] JSON解析失败: JSON解析失败: Expecting ',' delimiter: line 4 column 62 (char 119), model=kimi-k2.5
    [kimi-k2.5] 决策:  | 选笑话编号: ?

  质量组: medium (4个候选笑话)
    评估模型: qwen3-max
    [qwen3-max] 决策: select | 选笑话编号: 2
    评估模型: deepseek-v3.2
    [deepseek-v3.2] 决策: select | 选笑话编号: 2
    评估模型: kimi-k2.5
    [kimi-k2.5] 决策: create | 选笑话编号: None

  质量组: low (4个候选笑话)
    评估模型: qwen3-max
    [qwen3-max] 决策: select | 选笑话编号: 1
    评估模型: deepseek-v3.2
    [deepseek-v3.2] 决策: select | 选笑话编号: 2
    评估模型: kimi-k2.5
    [kimi-k2.5] 决策: create | 选笑话编号: None

  Item完成: 耗时58.3s | 总耗时848.6min
  速率限制器状态: 可用令牌=48.0/48
  已保存中间结果 (871 条)

============================================================
处理 zh_0973... (872/1174)

  质量组: high (4个候选笑话)
    评估模型: qwen3-max
    [qwen3-max] 决策: select | 选笑话编号: 1
    评估模型: deepseek-v3.2
    [deepseek-v3.2] 决策: select | 选笑话编号: 1
    评估模型: kimi-k2.5
    [kimi-k2.5] 决策: create | 选笑话编号: None

  质量组: medium (4个候选笑话)
    评估模型: qwen3-max
    [qwen3-max] 决策: select | 选笑话编号: 2
    评估模型: deepseek-v3.2
    [deepseek-v3.2] 决策: select | 选笑话编号: 1
    评估模型: kimi-k2.5
    [kimi-k2.5] 决策: create | 选笑话编号: None

  质量组: low (4个候选笑话)
    评估模型: qwen3-max
    [qwen3-max] 决策: select | 选笑话编号: 1
    评估模型: deepseek-v3.2
    [deepseek-v3.2] 决策: select | 选笑话编号: 4
    评估模型: kimi-k2.5
    [kimi-k2.5] 决策: create | 选笑话编号: None

  Item完成: 耗时55.0s | 总耗时849.5min
  速率限制器状态: 可用令牌=48.0/48
  已保存中间结果 (872 条)

============================================================
处理 zh_0974... (873/1174)

  质量组: high (4个候选笑话)
    评估模型: qwen3-max
    [qwen3-max] 决策: select | 选笑话编号: 3
    评估模型: deepseek-v3.2
    [deepseek-v3.2] 决策: select | 选笑话编号: 1
    评估模型: kimi-k2.5
    [API] JSON解析失败: JSON解析失败: Expecting ',' delimiter: line 4 column 67 (char 124), model=kimi-k2.5
    [kimi-k2.5] 决策:  | 选笑话编号: ?

  质量组: medium (4个候选笑话)
    评估模型: qwen3-max
    [qwen3-max] 决策: select | 选笑话编号: 1
    评估模型: deepseek-v3.2
    [deepseek-v3.2] 决策: select | 选笑话编号: 4
    评估模型: kimi-k2.5
    [kimi-k2.5] 决策: create | 选笑话编号: None

  质量组: low (4个候选笑话)
    评估模型: qwen3-max
    [qwen3-max] 决策: select | 选笑话编号: 4
    评估模型: deepseek-v3.2
    [deepseek-v3.2] 决策: select | 选笑话编号: 4
    评估模型: kimi-k2.5
    [API] JSON解析失败: JSON解析失败: Expecting ',' delimiter: line 5 column 68 (char 310), model=kimi-k2.5
    [kimi-k2.5] 决策:  | 选笑话编号: ?

  Item完成: 耗时53.5s | 总耗时850.4min
  速率限制器状态: 可用令牌=48.0/48
  已保存中间结果 (873 条)

============================================================
处理 zh_0975... (874/1174)

  质量组: high (4个候选笑话)
    评估模型: qwen3-max
    [qwen3-max] 决策: select | 选笑话编号: 2
    评估模型: deepseek-v3.2
    [deepseek-v3.2] 决策: select | 选笑话编号: 4
    评估模型: kimi-k2.5
    [kimi-k2.5] 决策: create | 选笑话编号: None

  质量组: medium (4个候选笑话)
    评估模型: qwen3-max
    [qwen3-max] 决策: select | 选笑话编号: 3
    评估模型: deepseek-v3.2
    [deepseek-v3.2] 决策: select | 选笑话编号: 1
    评估模型: kimi-k2.5
    [kimi-k2.5] 决策: create | 选笑话编号: None

  质量组: low (4个候选笑话)
    评估模型: qwen3-max
    [qwen3-max] 决策: select | 选笑话编号: 1
    评估模型: deepseek-v3.2
    [deepseek-v3.2] 决策: create | 选笑话编号: None
    评估模型: kimi-k2.5
    [kimi-k2.5] 决策: create | 选笑话编号: None

  Item完成: 耗时51.6s | 总耗时851.2min
  速率限制器状态: 可用令牌=48.0/48
  已保存中间结果 (874 条)

============================================================
处理 zh_0976... (875/1174)

  质量组: high (4个候选笑话)
    评估模型: qwen3-max
    [qwen3-max] 决策: select | 选笑话编号: 4
    评估模型: deepseek-v3.2
    [deepseek-v3.2] 决策: select | 选笑话编号: 4
    评估模型: kimi-k2.5
    [kimi-k2.5] 决策: create | 选笑话编号: None

  质量组: medium (4个候选笑话)
    评估模型: qwen3-max
    [qwen3-max] 决策: select | 选笑话编号: 4
    评估模型: deepseek-v3.2
    [deepseek-v3.2] 决策: select | 选笑话编号: 4
    评估模型: kimi-k2.5
    [kimi-k2.5] 决策: create | 选笑话编号: None

  质量组: low (4个候选笑话)
    评估模型: qwen3-max
    [qwen3-max] 决策: select | 选笑话编号: 1
    评估模型: deepseek-v3.2
    [deepseek-v3.2] 决策: select | 选笑话编号: 1
    评估模型: kimi-k2.5
    [kimi-k2.5] 决策: create | 选笑话编号: None

  Item完成: 耗时65.3s | 总耗时852.3min
  速率限制器状态: 可用令牌=48.0/48
  已保存中间结果 (875 条)

============================================================
处理 zh_0977... (876/1174)

  质量组: high (4个候选笑话)
    评估模型: qwen3-max
    [qwen3-max] 决策: select | 选笑话编号: 1
    评估模型: deepseek-v3.2
    [deepseek-v3.2] 决策: select | 选笑话编号: 2
    评估模型: kimi-k2.5
    [kimi-k2.5] 决策: create | 选笑话编号: None

  质量组: medium (4个候选笑话)
    评估模型: qwen3-max
    [qwen3-max] 决策: select | 选笑话编号: 4
    评估模型: deepseek-v3.2
    [deepseek-v3.2] 决策: select | 选笑话编号: 4
    评估模型: kimi-k2.5
    [kimi-k2.5] 决策: select | 选笑话编号: 4

  质量组: low (4个候选笑话)
    评估模型: qwen3-max
    [qwen3-max] 决策: select | 选笑话编号: 3
    评估模型: deepseek-v3.2
    [deepseek-v3.2] 决策: create | 选笑话编号: None
    评估模型: kimi-k2.5
    [kimi-k2.5] 决策: create | 选笑话编号: None

  Item完成: 耗时53.8s | 总耗时853.2min
  速率限制器状态: 可用令牌=48.0/48
  已保存中间结果 (876 条)

============================================================
处理 zh_0978... (877/1174)

  质量组: high (4个候选笑话)
    评估模型: qwen3-max
    [qwen3-max] 决策: select | 选笑话编号: 3
    评估模型: deepseek-v3.2
    [deepseek-v3.2] 决策: select | 选笑话编号: 3
    评估模型: kimi-k2.5
    [kimi-k2.5] 决策: create | 选笑话编号: None

  质量组: medium (4个候选笑话)
    评估模型: qwen3-max
    [qwen3-max] 决策: select | 选笑话编号: 2
    评估模型: deepseek-v3.2
    [deepseek-v3.2] 决策: select | 选笑话编号: 2
    评估模型: kimi-k2.5
    [kimi-k2.5] 决策: create | 选笑话编号: None

  质量组: low (4个候选笑话)
    评估模型: qwen3-max
    [qwen3-max] 决策: create | 选笑话编号: None
    评估模型: deepseek-v3.2
    [deepseek-v3.2] 决策: select | 选笑话编号: 1
    评估模型: kimi-k2.5
    [kimi-k2.5] 决策: create | 选笑话编号: None

  Item完成: 耗时58.2s | 总耗时854.2min
  速率限制器状态: 可用令牌=48.0/48
  已保存中间结果 (877 条)

============================================================
处理 zh_0979... (878/1174)

  质量组: high (4个候选笑话)
    评估模型: qwen3-max
    [qwen3-max] 决策: create | 选笑话编号: None
    评估模型: deepseek-v3.2
    [deepseek-v3.2] 决策: select | 选笑话编号: 1
    评估模型: kimi-k2.5
    [kimi-k2.5] 决策: create | 选笑话编号: None

  质量组: medium (4个候选笑话)
    评估模型: qwen3-max
    [qwen3-max] 决策: create | 选笑话编号: None
    评估模型: deepseek-v3.2
    [deepseek-v3.2] 决策: select | 选笑话编号: 1
    评估模型: kimi-k2.5
    [kimi-k2.5] 决策: create | 选笑话编号: None

  质量组: low (4个候选笑话)
    评估模型: qwen3-max
    [qwen3-max] 决策: select | 选笑话编号: 2
    评估模型: deepseek-v3.2
    [deepseek-v3.2] 决策: select | 选笑话编号: 2
    评估模型: kimi-k2.5
    [kimi-k2.5] 决策: create | 选笑话编号: None

  Item完成: 耗时60.5s | 总耗时855.2min
  速率限制器状态: 可用令牌=48.0/48
  已保存中间结果 (878 条)

============================================================
处理 zh_0980... (879/1174)

  质量组: high (4个候选笑话)
    评估模型: qwen3-max
    [qwen3-max] 决策: select | 选笑话编号: 2
    评估模型: deepseek-v3.2
    [deepseek-v3.2] 决策: select | 选笑话编号: 2
    评估模型: kimi-k2.5
    [kimi-k2.5] 决策: create | 选笑话编号: None

  质量组: medium (4个候选笑话)
    评估模型: qwen3-max
    [qwen3-max] 决策: select | 选笑话编号: 4
    评估模型: deepseek-v3.2
    [deepseek-v3.2] 决策: select | 选笑话编号: 4
    评估模型: kimi-k2.5
    [kimi-k2.5] 决策: select | 选笑话编号: 4

  质量组: low (4个候选笑话)
    评估模型: qwen3-max
    [qwen3-max] 决策: select | 选笑话编号: 1
    评估模型: deepseek-v3.2
    [deepseek-v3.2] 决策: select | 选笑话编号: 1
    评估模型: kimi-k2.5
    [kimi-k2.5] 决策: create | 选笑话编号: None

  Item完成: 耗时60.6s | 总耗时856.3min
  速率限制器状态: 可用令牌=48.0/48
  已保存中间结果 (879 条)

============================================================
处理 zh_0981... (880/1174)

  质量组: high (4个候选笑话)
    评估模型: qwen3-max
    [qwen3-max] 决策: select | 选笑话编号: 2
    评估模型: deepseek-v3.2
    [deepseek-v3.2] 决策: select | 选笑话编号: 1
    评估模型: kimi-k2.5
    [kimi-k2.5] 决策: create | 选笑话编号: None

  质量组: medium (4个候选笑话)
    评估模型: qwen3-max
    [qwen3-max] 决策: select | 选笑话编号: 1
    评估模型: deepseek-v3.2
    [deepseek-v3.2] 决策: select | 选笑话编号: 1
    评估模型: kimi-k2.5
    [kimi-k2.5] 决策: create | 选笑话编号: None

  质量组: low (4个候选笑话)
    评估模型: qwen3-max
    [qwen3-max] 决策: select | 选笑话编号: 2
    评估模型: deepseek-v3.2
    [deepseek-v3.2] 决策: select | 选笑话编号: 1
    评估模型: kimi-k2.5
    [kimi-k2.5] 决策: create | 选笑话编号: None

  Item完成: 耗时61.5s | 总耗时857.3min
  速率限制器状态: 可用令牌=48.0/48
  已保存中间结果 (880 条)

============================================================
处理 zh_0982... (881/1174)

  质量组: high (4个候选笑话)
    评估模型: qwen3-max
    [qwen3-max] 决策: select | 选笑话编号: 4
    评估模型: deepseek-v3.2
    [deepseek-v3.2] 决策: select | 选笑话编号: 4
    评估模型: kimi-k2.5
    [kimi-k2.5] 决策: create | 选笑话编号: None

  质量组: medium (4个候选笑话)
    评估模型: qwen3-max
    [qwen3-max] 决策: select | 选笑话编号: 4
    评估模型: deepseek-v3.2
    [deepseek-v3.2] 决策: select | 选笑话编号: 2
    评估模型: kimi-k2.5
    [kimi-k2.5] 决策: select | 选笑话编号: 2

  质量组: low (4个候选笑话)
    评估模型: qwen3-max
    [qwen3-max] 决策: create | 选笑话编号: None
    评估模型: deepseek-v3.2
    [deepseek-v3.2] 决策: select | 选笑话编号: 2
    评估模型: kimi-k2.5
    [kimi-k2.5] 决策: create | 选笑话编号: None

  Item完成: 耗时56.2s | 总耗时858.2min
  速率限制器状态: 可用令牌=48.0/48
  已保存中间结果 (881 条)

============================================================
处理 zh_0983... (882/1174)

  质量组: high (4个候选笑话)
    评估模型: qwen3-max
    [qwen3-max] 决策: select | 选笑话编号: 2
    评估模型: deepseek-v3.2
    [deepseek-v3.2] 决策: select | 选笑话编号: 2
    评估模型: kimi-k2.5
    [kimi-k2.5] 决策: create | 选笑话编号: None

  质量组: medium (4个候选笑话)
    评估模型: qwen3-max
    [qwen3-max] 决策: select | 选笑话编号: 2
    评估模型: deepseek-v3.2
    [deepseek-v3.2] 决策: select | 选笑话编号: 4
    评估模型: kimi-k2.5
    [kimi-k2.5] 决策: create | 选笑话编号: None

  质量组: low (4个候选笑话)
    评估模型: qwen3-max
    [qwen3-max] 决策: select | 选笑话编号: 3
    评估模型: deepseek-v3.2
    [deepseek-v3.2] 决策: select | 选笑话编号: 3
    评估模型: kimi-k2.5
    [kimi-k2.5] 决策: create | 选笑话编号: None

  Item完成: 耗时59.1s | 总耗时859.2min
  速率限制器状态: 可用令牌=48.0/48
  已保存中间结果 (882 条)

============================================================
处理 zh_0984... (883/1174)

  质量组: high (4个候选笑话)
    评估模型: qwen3-max
    [qwen3-max] 决策: select | 选笑话编号: 2
    评估模型: deepseek-v3.2
    [deepseek-v3.2] 决策: select | 选笑话编号: 2
    评估模型: kimi-k2.5
    [kimi-k2.5] 决策: select | 选笑话编号: 2

  质量组: medium (4个候选笑话)
    评估模型: qwen3-max
    [qwen3-max] 决策: select | 选笑话编号: 1
    评估模型: deepseek-v3.2
    [deepseek-v3.2] 决策: select | 选笑话编号: 1
    评估模型: kimi-k2.5
    [kimi-k2.5] 决策: create | 选笑话编号: None

  质量组: low (4个候选笑话)
    评估模型: qwen3-max
    [qwen3-max] 决策: create | 选笑话编号: None
    评估模型: deepseek-v3.2
    [deepseek-v3.2] 决策: select | 选笑话编号: 1
    评估模型: kimi-k2.5
    [kimi-k2.5] 决策: create | 选笑话编号: None

  Item完成: 耗时69.5s | 总耗时860.4min
  速率限制器状态: 可用令牌=48.0/48
  已保存中间结果 (883 条)

============================================================
处理 zh_0985... (884/1174)

  质量组: high (4个候选笑话)
    评估模型: qwen3-max
    [qwen3-max] 决策: select | 选笑话编号: 2
    评估模型: deepseek-v3.2
    [deepseek-v3.2] 决策: select | 选笑话编号: 2
    评估模型: kimi-k2.5
    [kimi-k2.5] 决策: create | 选笑话编号: None

  质量组: medium (4个候选笑话)
    评估模型: qwen3-max
    [qwen3-max] 决策: select | 选笑话编号: 2
    评估模型: deepseek-v3.2
    [deepseek-v3.2] 决策: select | 选笑话编号: 1
    评估模型: kimi-k2.5
    [kimi-k2.5] 决策: create | 选笑话编号: None

  质量组: low (4个候选笑话)
    评估模型: qwen3-max
    [qwen3-max] 决策: create | 选笑话编号: None
    评估模型: deepseek-v3.2
    [deepseek-v3.2] 决策: select | 选笑话编号: 2
    评估模型: kimi-k2.5
    [kimi-k2.5] 决策: create | 选笑话编号: None

  Item完成: 耗时56.1s | 总耗时861.3min
  速率限制器状态: 可用令牌=48.0/48
  已保存中间结果 (884 条)

============================================================
处理 zh_0986... (885/1174)

  质量组: high (4个候选笑话)
    评估模型: qwen3-max
    [qwen3-max] 决策: create | 选笑话编号: None
    评估模型: deepseek-v3.2
    [deepseek-v3.2] 决策: select | 选笑话编号: 3
    评估模型: kimi-k2.5
    [kimi-k2.5] 决策: create | 选笑话编号: None

  质量组: medium (4个候选笑话)
    评估模型: qwen3-max
    [qwen3-max] 决策: create | 选笑话编号: None
    评估模型: deepseek-v3.2
    [deepseek-v3.2] 决策: select | 选笑话编号: 2
    评估模型: kimi-k2.5
    [kimi-k2.5] 决策: create | 选笑话编号: None

  质量组: low (4个候选笑话)
    评估模型: qwen3-max
    [qwen3-max] 决策: create | 选笑话编号: None
    评估模型: deepseek-v3.2
    [deepseek-v3.2] 决策: select | 选笑话编号: 4
    评估模型: kimi-k2.5
    [kimi-k2.5] 决策: create | 选笑话编号: None

  Item完成: 耗时53.6s | 总耗时862.2min
  速率限制器状态: 可用令牌=48.0/48
  已保存中间结果 (885 条)

============================================================
处理 zh_0987... (886/1174)

  质量组: high (4个候选笑话)
    评估模型: qwen3-max
    [qwen3-max] 决策: select | 选笑话编号: 2
    评估模型: deepseek-v3.2
    [deepseek-v3.2] 决策: select | 选笑话编号: 1
    评估模型: kimi-k2.5
    [kimi-k2.5] 决策: create | 选笑话编号: None

  质量组: medium (4个候选笑话)
    评估模型: qwen3-max
    [qwen3-max] 决策: select | 选笑话编号: 2
    评估模型: deepseek-v3.2
    [deepseek-v3.2] 决策: create | 选笑话编号: None
    评估模型: kimi-k2.5
    [kimi-k2.5] 决策: create | 选笑话编号: None

  质量组: low (4个候选笑话)
    评估模型: qwen3-max
    [qwen3-max] 决策: select | 选笑话编号: 1
    评估模型: deepseek-v3.2
    [deepseek-v3.2] 决策: select | 选笑话编号: 2
    评估模型: kimi-k2.5
    [kimi-k2.5] 决策: create | 选笑话编号: None

  Item完成: 耗时63.7s | 总耗时863.3min
  速率限制器状态: 可用令牌=48.0/48
  已保存中间结果 (886 条)

============================================================
处理 zh_0988... (887/1174)

  质量组: high (4个候选笑话)
    评估模型: qwen3-max
    [qwen3-max] 决策: select | 选笑话编号: 2
    评估模型: deepseek-v3.2
    [deepseek-v3.2] 决策: select | 选笑话编号: 2
    评估模型: kimi-k2.5
    [kimi-k2.5] 决策: create | 选笑话编号: None

  质量组: medium (4个候选笑话)
    评估模型: qwen3-max
    [qwen3-max] 决策: select | 选笑话编号: 1
    评估模型: deepseek-v3.2
    [deepseek-v3.2] 决策: select | 选笑话编号: 2
    评估模型: kimi-k2.5
    [kimi-k2.5] 决策: create | 选笑话编号: None

  质量组: low (4个候选笑话)
    评估模型: qwen3-max
    [qwen3-max] 决策: create | 选笑话编号: None
    评估模型: deepseek-v3.2
    [deepseek-v3.2] 决策: select | 选笑话编号: 2
    评估模型: kimi-k2.5
    [kimi-k2.5] 决策: create | 选笑话编号: None

  Item完成: 耗时49.3s | 总耗时864.1min
  速率限制器状态: 可用令牌=48.0/48
  已保存中间结果 (887 条)

============================================================
处理 zh_0989... (888/1174)

  质量组: high (4个候选笑话)
    评估模型: qwen3-max
    [qwen3-max] 决策: select | 选笑话编号: 2
    评估模型: deepseek-v3.2
    [deepseek-v3.2] 决策: select | 选笑话编号: 2
    评估模型: kimi-k2.5
    [kimi-k2.5] 决策: create | 选笑话编号: None

  质量组: medium (4个候选笑话)
    评估模型: qwen3-max
    [qwen3-max] 决策: select | 选笑话编号: 1
    评估模型: deepseek-v3.2
    [deepseek-v3.2] 决策: select | 选笑话编号: 1
    评估模型: kimi-k2.5
    [API] JSON解析失败: JSON解析失败: Expecting ',' delimiter: line 5 column 34 (char 210), model=kimi-k2.5
    [kimi-k2.5] 决策:  | 选笑话编号: ?

  质量组: low (4个候选笑话)
    评估模型: qwen3-max
    [qwen3-max] 决策: select | 选笑话编号: 3
    评估模型: deepseek-v3.2
    [deepseek-v3.2] 决策: select | 选笑话编号: 3
    评估模型: kimi-k2.5
    [kimi-k2.5] 决策: create | 选笑话编号: None

  Item完成: 耗时52.6s | 总耗时865.0min
  速率限制器状态: 可用令牌=48.0/48
  已保存中间结果 (888 条)

============================================================
处理 zh_0990... (889/1174)

  质量组: high (4个候选笑话)
    评估模型: qwen3-max
    [qwen3-max] 决策: select | 选笑话编号: 2
    评估模型: deepseek-v3.2
    [deepseek-v3.2] 决策: select | 选笑话编号: 2
    评估模型: kimi-k2.5
    [kimi-k2.5] 决策: select | 选笑话编号: 2

  质量组: medium (4个候选笑话)
    评估模型: qwen3-max
    [qwen3-max] 决策: select | 选笑话编号: 2
    评估模型: deepseek-v3.2
    [deepseek-v3.2] 决策: select | 选笑话编号: 2
    评估模型: kimi-k2.5
    [kimi-k2.5] 决策: create | 选笑话编号: None

  质量组: low (4个候选笑话)
    评估模型: qwen3-max
    [qwen3-max] 决策: select | 选笑话编号: 1
    评估模型: deepseek-v3.2
    [deepseek-v3.2] 决策: select | 选笑话编号: 2
    评估模型: kimi-k2.5
    [kimi-k2.5] 决策: create | 选笑话编号: None

  Item完成: 耗时59.6s | 总耗时866.0min
  速率限制器状态: 可用令牌=48.0/48
  已保存中间结果 (889 条)

============================================================
处理 zh_0991... (890/1174)

  质量组: high (4个候选笑话)
    评估模型: qwen3-max
    [qwen3-max] 决策: select | 选笑话编号: 2
    评估模型: deepseek-v3.2
    [deepseek-v3.2] 决策: select | 选笑话编号: 2
    评估模型: kimi-k2.5
    [kimi-k2.5] 决策: select | 选笑话编号: 2

  质量组: medium (4个候选笑话)
    评估模型: qwen3-max
    [qwen3-max] 决策: select | 选笑话编号: 2
    评估模型: deepseek-v3.2
    [deepseek-v3.2] 决策: select | 选笑话编号: 4
    评估模型: kimi-k2.5
    [kimi-k2.5] 决策: select | 选笑话编号: 2

  质量组: low (4个候选笑话)
    评估模型: qwen3-max
    [qwen3-max] 决策: select | 选笑话编号: 1
    评估模型: deepseek-v3.2
    [deepseek-v3.2] 决策: select | 选笑话编号: 1
    评估模型: kimi-k2.5
    [API] JSON解析失败: JSON解析失败: Expecting ',' delimiter: line 5 column 23 (char 209), model=kimi-k2.5
    [kimi-k2.5] 决策:  | 选笑话编号: ?

  Item完成: 耗时56.1s | 总耗时866.9min
  速率限制器状态: 可用令牌=48.0/48
  已保存中间结果 (890 条)

============================================================
处理 zh_0992... (891/1174)

  质量组: high (4个候选笑话)
    评估模型: qwen3-max
    [qwen3-max] 决策: select | 选笑话编号: 2
    评估模型: deepseek-v3.2
    [deepseek-v3.2] 决策: select | 选笑话编号: 2
    评估模型: kimi-k2.5
    [kimi-k2.5] 决策: create | 选笑话编号: None

  质量组: medium (4个候选笑话)
    评估模型: qwen3-max
    [qwen3-max] 决策: select | 选笑话编号: 4
    评估模型: deepseek-v3.2
    [deepseek-v3.2] 决策: select | 选笑话编号: 2
    评估模型: kimi-k2.5
    [kimi-k2.5] 决策: create | 选笑话编号: None

  质量组: low (4个候选笑话)
    评估模型: qwen3-max
    [qwen3-max] 决策: create | 选笑话编号: None
    评估模型: deepseek-v3.2
    [deepseek-v3.2] 决策: select | 选笑话编号: 4
    评估模型: kimi-k2.5
    [kimi-k2.5] 决策: create | 选笑话编号: None

  Item完成: 耗时56.2s | 总耗时867.9min
  速率限制器状态: 可用令牌=48.0/48
  已保存中间结果 (891 条)

============================================================
处理 zh_0993... (892/1174)

  质量组: high (4个候选笑话)
    评估模型: qwen3-max
    [qwen3-max] 决策: create | 选笑话编号: None
    评估模型: deepseek-v3.2
    [deepseek-v3.2] 决策: select | 选笑话编号: 3
    评估模型: kimi-k2.5
    [kimi-k2.5] 决策: create | 选笑话编号: None

  质量组: medium (4个候选笑话)
    评估模型: qwen3-max
    [qwen3-max] 决策: select | 选笑话编号: 2
    评估模型: deepseek-v3.2
    [deepseek-v3.2] 决策: select | 选笑话编号: 2
    评估模型: kimi-k2.5
    [kimi-k2.5] 决策: create | 选笑话编号: None

  质量组: low (4个候选笑话)
    评估模型: qwen3-max
    [qwen3-max] 决策: create | 选笑话编号: None
    评估模型: deepseek-v3.2
    [deepseek-v3.2] 决策: create | 选笑话编号: None
    评估模型: kimi-k2.5
    [kimi-k2.5] 决策: create | 选笑话编号: None

  Item完成: 耗时64.4s | 总耗时869.0min
  速率限制器状态: 可用令牌=48.0/48
  已保存中间结果 (892 条)

============================================================
处理 zh_0994... (893/1174)

  质量组: high (4个候选笑话)
    评估模型: qwen3-max
    [qwen3-max] 决策: select | 选笑话编号: 2
    评估模型: deepseek-v3.2
    [deepseek-v3.2] 决策: select | 选笑话编号: 4
    评估模型: kimi-k2.5
    [kimi-k2.5] 决策: create | 选笑话编号: None

  质量组: medium (4个候选笑话)
    评估模型: qwen3-max
    [qwen3-max] 决策: select | 选笑话编号: 2
    评估模型: deepseek-v3.2
    [deepseek-v3.2] 决策: select | 选笑话编号: 4
    评估模型: kimi-k2.5
    [kimi-k2.5] 决策: create | 选笑话编号: None

  质量组: low (4个候选笑话)
    评估模型: qwen3-max
    [qwen3-max] 决策: create | 选笑话编号: None
    评估模型: deepseek-v3.2
    [deepseek-v3.2] 决策: create | 选笑话编号: None
    评估模型: kimi-k2.5
    [kimi-k2.5] 决策: create | 选笑话编号: None

  Item完成: 耗时53.4s | 总耗时869.9min
  速率限制器状态: 可用令牌=48.0/48
  已保存中间结果 (893 条)

============================================================
处理 zh_0995... (894/1174)

  质量组: high (4个候选笑话)
    评估模型: qwen3-max
    [qwen3-max] 决策: select | 选笑话编号: 3
    评估模型: deepseek-v3.2
    [deepseek-v3.2] 决策: select | 选笑话编号: 3
    评估模型: kimi-k2.5
    [kimi-k2.5] 决策: create | 选笑话编号: None

  质量组: medium (4个候选笑话)
    评估模型: qwen3-max
    [qwen3-max] 决策: select | 选笑话编号: 1
    评估模型: deepseek-v3.2
    [deepseek-v3.2] 决策: select | 选笑话编号: 1
    评估模型: kimi-k2.5
    [kimi-k2.5] 决策: create | 选笑话编号: None

  质量组: low (4个候选笑话)
    评估模型: qwen3-max
    [qwen3-max] 决策: create | 选笑话编号: None
    评估模型: deepseek-v3.2
    [deepseek-v3.2] 决策: select | 选笑话编号: 2
    评估模型: kimi-k2.5
    [API] JSON解析失败: JSON解析失败: Expecting ',' delimiter: line 4 column 43 (char 100), model=kimi-k2.5
    [kimi-k2.5] 决策:  | 选笑话编号: ?

  Item完成: 耗时58.0s | 总耗时870.8min
  速率限制器状态: 可用令牌=48.0/48
  已保存中间结果 (894 条)

============================================================
处理 zh_0996... (895/1174)

  质量组: high (4个候选笑话)
    评估模型: qwen3-max
    [qwen3-max] 决策: select | 选笑话编号: 1
    评估模型: deepseek-v3.2
    [deepseek-v3.2] 决策: select | 选笑话编号: 1
    评估模型: kimi-k2.5
    [kimi-k2.5] 决策: create | 选笑话编号: None

  质量组: medium (4个候选笑话)
    评估模型: qwen3-max
    [qwen3-max] 决策: select | 选笑话编号: 2
    评估模型: deepseek-v3.2
    [deepseek-v3.2] 决策: select | 选笑话编号: 2
    评估模型: kimi-k2.5
    [kimi-k2.5] 决策: select | 选笑话编号: 2

  质量组: low (4个候选笑话)
    评估模型: qwen3-max
    [qwen3-max] 决策: select | 选笑话编号: 1
    评估模型: deepseek-v3.2
    [deepseek-v3.2] 决策: select | 选笑话编号: 1
    评估模型: kimi-k2.5
    [kimi-k2.5] 决策: create | 选笑话编号: None

  Item完成: 耗时60.8s | 总耗时871.9min
  速率限制器状态: 可用令牌=48.0/48
  已保存中间结果 (895 条)

============================================================
处理 zh_0997... (896/1174)

  质量组: high (4个候选笑话)
    评估模型: qwen3-max
    [qwen3-max] 决策: select | 选笑话编号: 1
    评估模型: deepseek-v3.2
    [deepseek-v3.2] 决策: select | 选笑话编号: 4
    评估模型: kimi-k2.5
    [kimi-k2.5] 决策: create | 选笑话编号: None

  质量组: medium (4个候选笑话)
    评估模型: qwen3-max
    [qwen3-max] 决策: select | 选笑话编号: 2
    评估模型: deepseek-v3.2
    [deepseek-v3.2] 决策: select | 选笑话编号: 2
    评估模型: kimi-k2.5
    [API] JSON解析失败: JSON解析失败: Expecting ',' delimiter: line 5 column 31 (char 194), model=kimi-k2.5
    [kimi-k2.5] 决策:  | 选笑话编号: ?

  质量组: low (4个候选笑话)
    评估模型: qwen3-max
    [qwen3-max] 决策: create | 选笑话编号: None
    评估模型: deepseek-v3.2
    [deepseek-v3.2] 决策: create | 选笑话编号: None
    评估模型: kimi-k2.5
    [kimi-k2.5] 决策: create | 选笑话编号: None

  Item完成: 耗时58.6s | 总耗时872.8min
  速率限制器状态: 可用令牌=48.0/48
  已保存中间结果 (896 条)

============================================================
处理 zh_0998... (897/1174)

  质量组: high (4个候选笑话)
    评估模型: qwen3-max
    [qwen3-max] 决策: select | 选笑话编号: 2
    评估模型: deepseek-v3.2
    [deepseek-v3.2] 决策: select | 选笑话编号: 2
    评估模型: kimi-k2.5
    [kimi-k2.5] 决策: create | 选笑话编号: None

  质量组: medium (4个候选笑话)
    评估模型: qwen3-max
    [qwen3-max] 决策: select | 选笑话编号: 4
    评估模型: deepseek-v3.2
    [deepseek-v3.2] 决策: select | 选笑话编号: 4
    评估模型: kimi-k2.5
    [kimi-k2.5] 决策: create | 选笑话编号: None

  质量组: low (4个候选笑话)
    评估模型: qwen3-max
    [qwen3-max] 决策: select | 选笑话编号: 1
    评估模型: deepseek-v3.2
    [deepseek-v3.2] 决策: create | 选笑话编号: None
    评估模型: kimi-k2.5
    [kimi-k2.5] 决策: create | 选笑话编号: None

  Item完成: 耗时55.2s | 总耗时873.8min
  速率限制器状态: 可用令牌=48.0/48
  已保存中间结果 (897 条)

============================================================
处理 zh_0999... (898/1174)

  质量组: high (4个候选笑话)
    评估模型: qwen3-max
    [qwen3-max] 决策: select | 选笑话编号: 2
    评估模型: deepseek-v3.2
    [deepseek-v3.2] 决策: select | 选笑话编号: 2
    评估模型: kimi-k2.5
    [kimi-k2.5] 决策: create | 选笑话编号: None

  质量组: medium (4个候选笑话)
    评估模型: qwen3-max
    [qwen3-max] 决策: select | 选笑话编号: 4
    评估模型: deepseek-v3.2
    [deepseek-v3.2] 决策: select | 选笑话编号: 4
    评估模型: kimi-k2.5
    [kimi-k2.5] 决策: create | 选笑话编号: None

  质量组: low (4个候选笑话)
    评估模型: qwen3-max
    [qwen3-max] 决策: select | 选笑话编号: 3
    评估模型: deepseek-v3.2
    [deepseek-v3.2] 决策: select | 选笑话编号: 1
    评估模型: kimi-k2.5
    [kimi-k2.5] 决策: create | 选笑话编号: None

  Item完成: 耗时63.0s | 总耗时874.8min
  速率限制器状态: 可用令牌=48.0/48
  已保存中间结果 (898 条)

============================================================
处理 zh_1000... (899/1174)

  质量组: high (4个候选笑话)
    评估模型: qwen3-max
    [qwen3-max] 决策: select | 选笑话编号: 2
    评估模型: deepseek-v3.2
    [deepseek-v3.2] 决策: select | 选笑话编号: 1
    评估模型: kimi-k2.5
    [kimi-k2.5] 决策: select | 选笑话编号: 2

  质量组: medium (4个候选笑话)
    评估模型: qwen3-max
    [qwen3-max] 决策: select | 选笑话编号: 1
    评估模型: deepseek-v3.2
    [deepseek-v3.2] 决策: select | 选笑话编号: 4
    评估模型: kimi-k2.5
    [kimi-k2.5] 决策: create | 选笑话编号: None

  质量组: low (4个候选笑话)
    评估模型: qwen3-max
    [qwen3-max] 决策: create | 选笑话编号: None
    评估模型: deepseek-v3.2
    [deepseek-v3.2] 决策: select | 选笑话编号: 1
    评估模型: kimi-k2.5
    [kimi-k2.5] 决策: create | 选笑话编号: None

  Item完成: 耗时67.9s | 总耗时876.0min
  速率限制器状态: 可用令牌=48.0/48
  已保存中间结果 (899 条)

============================================================
处理 zh_2001... (900/1174)

  质量组: high (4个候选笑话)
    评估模型: qwen3-max
    [qwen3-max] 决策: select | 选笑话编号: 4
    评估模型: deepseek-v3.2
    [deepseek-v3.2] 决策: select | 选笑话编号: 3
    评估模型: kimi-k2.5
    [kimi-k2.5] 决策: create | 选笑话编号: None

  质量组: medium (4个候选笑话)
    评估模型: qwen3-max
    [qwen3-max] 决策: select | 选笑话编号: 2
    评估模型: deepseek-v3.2
    [deepseek-v3.2] 决策: select | 选笑话编号: 2
    评估模型: kimi-k2.5
    [kimi-k2.5] 决策: create | 选笑话编号: None

  质量组: low (4个候选笑话)
    评估模型: qwen3-max
    [qwen3-max] 决策: create | 选笑话编号: None
    评估模型: deepseek-v3.2
    [deepseek-v3.2] 决策: select | 选笑话编号: 2
    评估模型: kimi-k2.5
    [kimi-k2.5] 决策: create | 选笑话编号: None

  Item完成: 耗时66.3s | 总耗时877.1min
  速率限制器状态: 可用令牌=48.0/48
  已保存中间结果 (900 条)

============================================================
处理 zh_2002... (901/1174)

  质量组: high (4个候选笑话)
    评估模型: qwen3-max
    [qwen3-max] 决策: select | 选笑话编号: 2
    评估模型: deepseek-v3.2
    [deepseek-v3.2] 决策: select | 选笑话编号: 2
    评估模型: kimi-k2.5
    [kimi-k2.5] 决策: create | 选笑话编号: None

  质量组: medium (4个候选笑话)
    评估模型: qwen3-max
    [qwen3-max] 决策: select | 选笑话编号: 4
    评估模型: deepseek-v3.2
    [deepseek-v3.2] 决策: select | 选笑话编号: 4
    评估模型: kimi-k2.5
    [API] JSON解析失败: JSON解析失败: Expecting ',' delimiter: line 4 column 91 (char 148), model=kimi-k2.5
    [kimi-k2.5] 决策:  | 选笑话编号: ?

  质量组: low (4个候选笑话)
    评估模型: qwen3-max
    [qwen3-max] 决策: create | 选笑话编号: None
    评估模型: deepseek-v3.2
    [deepseek-v3.2] 决策: select | 选笑话编号: 1
    评估模型: kimi-k2.5
    [API] JSON解析失败: JSON解析失败: Expecting ',' delimiter: line 4 column 40 (char 97), model=kimi-k2.5
    [kimi-k2.5] 决策:  | 选笑话编号: ?

  Item完成: 耗时57.3s | 总耗时878.0min
  速率限制器状态: 可用令牌=48.0/48
  已保存中间结果 (901 条)

============================================================
处理 zh_2003... (902/1174)

  质量组: high (4个候选笑话)
    评估模型: qwen3-max
    [qwen3-max] 决策: select | 选笑话编号: 2
    评估模型: deepseek-v3.2
    [deepseek-v3.2] 决策: select | 选笑话编号: 2
    评估模型: kimi-k2.5
    [kimi-k2.5] 决策: create | 选笑话编号: None

  质量组: medium (4个候选笑话)
    评估模型: qwen3-max
    [qwen3-max] 决策: select | 选笑话编号: 4
    评估模型: deepseek-v3.2
    [deepseek-v3.2] 决策: select | 选笑话编号: 4
    评估模型: kimi-k2.5
    [API] JSON解析失败: JSON解析失败: Expecting ',' delimiter: line 4 column 134 (char 188), model=kimi-k2.5
    [kimi-k2.5] 决策:  | 选笑话编号: ?

  质量组: low (4个候选笑话)
    评估模型: qwen3-max
    [qwen3-max] 决策: create | 选笑话编号: None
    评估模型: deepseek-v3.2
    [deepseek-v3.2] 决策: select | 选笑话编号: 2
    评估模型: kimi-k2.5
    [kimi-k2.5] 决策: create | 选笑话编号: None

  Item完成: 耗时59.0s | 总耗时879.0min
  速率限制器状态: 可用令牌=48.0/48
  已保存中间结果 (902 条)

============================================================
处理 zh_2004... (903/1174)

  质量组: high (4个候选笑话)
    评估模型: qwen3-max
    [qwen3-max] 决策: select | 选笑话编号: 1
    评估模型: deepseek-v3.2
    [deepseek-v3.2] 决策: select | 选笑话编号: 2
    评估模型: kimi-k2.5
    [kimi-k2.5] 决策: create | 选笑话编号: None

  质量组: medium (4个候选笑话)
    评估模型: qwen3-max
    [qwen3-max] 决策: select | 选笑话编号: 1
    评估模型: deepseek-v3.2
    [deepseek-v3.2] 决策: select | 选笑话编号: 2
    评估模型: kimi-k2.5
    [kimi-k2.5] 决策: select | 选笑话编号: 1

  质量组: low (4个候选笑话)
    评估模型: qwen3-max
    [qwen3-max] 决策: create | 选笑话编号: None
    评估模型: deepseek-v3.2
    [deepseek-v3.2] 决策: select | 选笑话编号: 4
    评估模型: kimi-k2.5
    [kimi-k2.5] 决策: create | 选笑话编号: None

  Item完成: 耗时55.4s | 总耗时880.0min
  速率限制器状态: 可用令牌=48.0/48
  已保存中间结果 (903 条)

============================================================
处理 zh_2005... (904/1174)

  质量组: high (4个候选笑话)
    评估模型: qwen3-max
    [qwen3-max] 决策: select | 选笑话编号: 2
    评估模型: deepseek-v3.2
    [deepseek-v3.2] 决策: select | 选笑话编号: 2
    评估模型: kimi-k2.5
    [kimi-k2.5] 决策: select | 选笑话编号: 2

  质量组: medium (4个候选笑话)
    评估模型: qwen3-max
    [qwen3-max] 决策: select | 选笑话编号: 1
    评估模型: deepseek-v3.2
    [deepseek-v3.2] 决策: select | 选笑话编号: 1
    评估模型: kimi-k2.5
    [kimi-k2.5] 决策: create | 选笑话编号: None

  质量组: low (4个候选笑话)
    评估模型: qwen3-max
    [qwen3-max] 决策: select | 选笑话编号: 1
    评估模型: deepseek-v3.2
    [deepseek-v3.2] 决策: select | 选笑话编号: 1
    评估模型: kimi-k2.5
    [kimi-k2.5] 决策: create | 选笑话编号: None

  Item完成: 耗时61.6s | 总耗时881.0min
  速率限制器状态: 可用令牌=48.0/48
  已保存中间结果 (904 条)

============================================================
处理 zh_2006... (905/1174)

  质量组: high (4个候选笑话)
    评估模型: qwen3-max
    [qwen3-max] 决策: select | 选笑话编号: 2
    评估模型: deepseek-v3.2
    [deepseek-v3.2] 决策: select | 选笑话编号: 1
    评估模型: kimi-k2.5
    [API] JSON解析失败: JSON解析失败: Expecting ',' delimiter: line 4 column 32 (char 89), model=kimi-k2.5
    [kimi-k2.5] 决策:  | 选笑话编号: ?

  质量组: medium (4个候选笑话)
    评估模型: qwen3-max
    [qwen3-max] 决策: select | 选笑话编号: 2
    评估模型: deepseek-v3.2
    [deepseek-v3.2] 决策: select | 选笑话编号: 1
    评估模型: kimi-k2.5
    [API] JSON解析失败: JSON解析失败: Expecting ',' delimiter: line 4 column 37 (char 94), model=kimi-k2.5
    [kimi-k2.5] 决策:  | 选笑话编号: ?

  质量组: low (4个候选笑话)
    评估模型: qwen3-max
    [qwen3-max] 决策: create | 选笑话编号: None
    评估模型: deepseek-v3.2
    [deepseek-v3.2] 决策: create | 选笑话编号: None
    评估模型: kimi-k2.5
    [kimi-k2.5] 决策: create | 选笑话编号: None

  Item完成: 耗时54.6s | 总耗时881.9min
  速率限制器状态: 可用令牌=48.0/48
  已保存中间结果 (905 条)

============================================================
处理 zh_2007... (906/1174)

  质量组: high (4个候选笑话)
    评估模型: qwen3-max
    [qwen3-max] 决策: select | 选笑话编号: 1
    评估模型: deepseek-v3.2
    [deepseek-v3.2] 决策: select | 选笑话编号: 2
    评估模型: kimi-k2.5
    [kimi-k2.5] 决策: create | 选笑话编号: None

  质量组: medium (4个候选笑话)
    评估模型: qwen3-max
    [qwen3-max] 决策: select | 选笑话编号: 1
    评估模型: deepseek-v3.2
    [deepseek-v3.2] 决策: select | 选笑话编号: 1
    评估模型: kimi-k2.5
    [kimi-k2.5] 决策: create | 选笑话编号: None

  质量组: low (4个候选笑话)
    评估模型: qwen3-max
    [qwen3-max] 决策: create | 选笑话编号: None
    评估模型: deepseek-v3.2
    [deepseek-v3.2] 决策: create | 选笑话编号: None
    评估模型: kimi-k2.5
    [kimi-k2.5] 决策: create | 选笑话编号: None

  Item完成: 耗时64.1s | 总耗时883.0min
  速率限制器状态: 可用令牌=48.0/48
  已保存中间结果 (906 条)

============================================================
处理 zh_2008... (907/1174)

  质量组: high (4个候选笑话)
    评估模型: qwen3-max
    [qwen3-max] 决策: select | 选笑话编号: 2
    评估模型: deepseek-v3.2
    [deepseek-v3.2] 决策: select | 选笑话编号: 2
    评估模型: kimi-k2.5
    [kimi-k2.5] 决策: create | 选笑话编号: None

  质量组: medium (4个候选笑话)
    评估模型: qwen3-max
    [qwen3-max] 决策: select | 选笑话编号: 2
    评估模型: deepseek-v3.2
    [deepseek-v3.2] 决策: select | 选笑话编号: 2
    评估模型: kimi-k2.5
    [kimi-k2.5] 决策: create | 选笑话编号: None

  质量组: low (4个候选笑话)
    评估模型: qwen3-max
    [qwen3-max] 决策: create | 选笑话编号: None
    评估模型: deepseek-v3.2
    [deepseek-v3.2] 决策: select | 选笑话编号: 1
    评估模型: kimi-k2.5
    [API] JSON解析失败: JSON解析失败: Expecting ',' delimiter: line 4 column 37 (char 94), model=kimi-k2.5
    [kimi-k2.5] 决策:  | 选笑话编号: ?

  Item完成: 耗时54.6s | 总耗时883.9min
  速率限制器状态: 可用令牌=48.0/48
  已保存中间结果 (907 条)

============================================================
处理 zh_2009... (908/1174)

  质量组: high (4个候选笑话)
    评估模型: qwen3-max
    [qwen3-max] 决策: select | 选笑话编号: 4
    评估模型: deepseek-v3.2
    [deepseek-v3.2] 决策: select | 选笑话编号: 1
    评估模型: kimi-k2.5
    [kimi-k2.5] 决策: create | 选笑话编号: None

  质量组: medium (4个候选笑话)
    评估模型: qwen3-max
    [qwen3-max] 决策: select | 选笑话编号: 1
    评估模型: deepseek-v3.2
    [deepseek-v3.2] 决策: select | 选笑话编号: 4
    评估模型: kimi-k2.5
    [kimi-k2.5] 决策: create | 选笑话编号: None

  质量组: low (4个候选笑话)
    评估模型: qwen3-max
    [qwen3-max] 决策: create | 选笑话编号: None
    评估模型: deepseek-v3.2
    [deepseek-v3.2] 决策: create | 选笑话编号: None
    评估模型: kimi-k2.5
    [kimi-k2.5] 决策: create | 选笑话编号: None

  Item完成: 耗时65.4s | 总耗时885.0min
  速率限制器状态: 可用令牌=48.0/48
  已保存中间结果 (908 条)

============================================================
处理 zh_2010... (909/1174)

  质量组: high (4个候选笑话)
    评估模型: qwen3-max
    [qwen3-max] 决策: select | 选笑话编号: 1
    评估模型: deepseek-v3.2
    [deepseek-v3.2] 决策: select | 选笑话编号: 1
    评估模型: kimi-k2.5
    [kimi-k2.5] 决策: create | 选笑话编号: None

  质量组: medium (4个候选笑话)
    评估模型: qwen3-max
    [qwen3-max] 决策: select | 选笑话编号: 4
    评估模型: deepseek-v3.2
    [deepseek-v3.2] 决策: select | 选笑话编号: 4
    评估模型: kimi-k2.5
    [kimi-k2.5] 决策: create | 选笑话编号: None

  质量组: low (4个候选笑话)
    评估模型: qwen3-max
    [qwen3-max] 决策: select | 选笑话编号: 4
    评估模型: deepseek-v3.2
    [deepseek-v3.2] 决策: select | 选笑话编号: 1
    评估模型: kimi-k2.5
    [kimi-k2.5] 决策: create | 选笑话编号: None

  Item完成: 耗时60.1s | 总耗时886.0min
  速率限制器状态: 可用令牌=48.0/48
  已保存中间结果 (909 条)

============================================================
处理 zh_2011... (910/1174)

  质量组: high (4个候选笑话)
    评估模型: qwen3-max
    [qwen3-max] 决策: select | 选笑话编号: 3
    评估模型: deepseek-v3.2
    [deepseek-v3.2] 决策: select | 选笑话编号: 4
    评估模型: kimi-k2.5
    [kimi-k2.5] 决策: create | 选笑话编号: None

  质量组: medium (4个候选笑话)
    评估模型: qwen3-max
    [qwen3-max] 决策: select | 选笑话编号: 2
    评估模型: deepseek-v3.2
    [deepseek-v3.2] 决策: select | 选笑话编号: 2
    评估模型: kimi-k2.5
    [kimi-k2.5] 决策: create | 选笑话编号: None

  质量组: low (4个候选笑话)
    评估模型: qwen3-max
    [qwen3-max] 决策: create | 选笑话编号: None
    评估模型: deepseek-v3.2
    [deepseek-v3.2] 决策: create | 选笑话编号: None
    评估模型: kimi-k2.5
    [kimi-k2.5] 决策: create | 选笑话编号: None

  Item完成: 耗时59.4s | 总耗时887.0min
  速率限制器状态: 可用令牌=48.0/48
  已保存中间结果 (910 条)

============================================================
处理 zh_2012... (911/1174)

  质量组: high (4个候选笑话)
    评估模型: qwen3-max
    [qwen3-max] 决策: create | 选笑话编号: None
    评估模型: deepseek-v3.2
    [deepseek-v3.2] 决策: select | 选笑话编号: 2
    评估模型: kimi-k2.5
    [kimi-k2.5] 决策: create | 选笑话编号: None

  质量组: medium (4个候选笑话)
    评估模型: qwen3-max
    [qwen3-max] 决策: select | 选笑话编号: 4
    评估模型: deepseek-v3.2
    [deepseek-v3.2] 决策: select | 选笑话编号: 4
    评估模型: kimi-k2.5
    [kimi-k2.5] 决策: create | 选笑话编号: None

  质量组: low (4个候选笑话)
    评估模型: qwen3-max
    [qwen3-max] 决策: create | 选笑话编号: None
    评估模型: deepseek-v3.2
    [deepseek-v3.2] 决策: select | 选笑话编号: 4
    评估模型: kimi-k2.5
    [kimi-k2.5] 决策: create | 选笑话编号: None

  Item完成: 耗时59.3s | 总耗时888.0min
  速率限制器状态: 可用令牌=48.0/48
  已保存中间结果 (911 条)

============================================================
处理 zh_2013... (912/1174)

  质量组: high (4个候选笑话)
    评估模型: qwen3-max
    [qwen3-max] 决策: select | 选笑话编号: 1
    评估模型: deepseek-v3.2
    [deepseek-v3.2] 决策: select | 选笑话编号: 2
    评估模型: kimi-k2.5
    [kimi-k2.5] 决策: select | 选笑话编号: 2

  质量组: medium (4个候选笑话)
    评估模型: qwen3-max
    [qwen3-max] 决策: select | 选笑话编号: 2
    评估模型: deepseek-v3.2
    [deepseek-v3.2] 决策: select | 选笑话编号: 2
    评估模型: kimi-k2.5
    [kimi-k2.5] 决策: create | 选笑话编号: None

  质量组: low (4个候选笑话)
    评估模型: qwen3-max
    [qwen3-max] 决策: select | 选笑话编号: 1
    评估模型: deepseek-v3.2
    [deepseek-v3.2] 决策: select | 选笑话编号: 1
    评估模型: kimi-k2.5
    [API] JSON解析失败: JSON解析失败: Expecting ',' delimiter: line 4 column 40 (char 97), model=kimi-k2.5
    [kimi-k2.5] 决策:  | 选笑话编号: ?

  Item完成: 耗时54.1s | 总耗时888.9min
  速率限制器状态: 可用令牌=48.0/48
  已保存中间结果 (912 条)

============================================================
处理 zh_2014... (913/1174)

  质量组: high (4个候选笑话)
    评估模型: qwen3-max
    [qwen3-max] 决策: select | 选笑话编号: 2
    评估模型: deepseek-v3.2
    [deepseek-v3.2] 决策: select | 选笑话编号: 2
    评估模型: kimi-k2.5
    [kimi-k2.5] 决策: select | 选笑话编号: 2

  质量组: medium (4个候选笑话)
    评估模型: qwen3-max
    [qwen3-max] 决策: select | 选笑话编号: 2
    评估模型: deepseek-v3.2
    [deepseek-v3.2] 决策: select | 选笑话编号: 1
    评估模型: kimi-k2.5
    [kimi-k2.5] 决策: create | 选笑话编号: None

  质量组: low (4个候选笑话)
    评估模型: qwen3-max
    [qwen3-max] 决策: select | 选笑话编号: 1
    评估模型: deepseek-v3.2
    [deepseek-v3.2] 决策: select | 选笑话编号: 1
    评估模型: kimi-k2.5
    [kimi-k2.5] 决策: create | 选笑话编号: None

  Item完成: 耗时70.2s | 总耗时890.1min
  速率限制器状态: 可用令牌=48.0/48
  已保存中间结果 (913 条)

============================================================
处理 zh_2015... (914/1174)

  质量组: high (4个候选笑话)
    评估模型: qwen3-max
    [qwen3-max] 决策: select | 选笑话编号: 2
    评估模型: deepseek-v3.2
    [deepseek-v3.2] 决策: select | 选笑话编号: 4
    评估模型: kimi-k2.5
    [API] JSON解析失败: JSON解析失败: Expecting ',' delimiter: line 5 column 42 (char 196), model=kimi-k2.5
    [kimi-k2.5] 决策:  | 选笑话编号: ?

  质量组: medium (4个候选笑话)
    评估模型: qwen3-max
    [qwen3-max] 决策: select | 选笑话编号: 2
    评估模型: deepseek-v3.2
    [deepseek-v3.2] 决策: select | 选笑话编号: 2
    评估模型: kimi-k2.5
    [kimi-k2.5] 决策: select | 选笑话编号: 2

  质量组: low (4个候选笑话)
    评估模型: qwen3-max
    [qwen3-max] 决策: select | 选笑话编号: 3
    评估模型: deepseek-v3.2
    [deepseek-v3.2] 决策: select | 选笑话编号: 2
    评估模型: kimi-k2.5
    [API] JSON解析失败: JSON解析失败: Expecting ',' delimiter: line 5 column 38 (char 230), model=kimi-k2.5
    [kimi-k2.5] 决策:  | 选笑话编号: ?

  Item完成: 耗时64.2s | 总耗时891.2min
  速率限制器状态: 可用令牌=48.0/48
  已保存中间结果 (914 条)

============================================================
处理 zh_2016... (915/1174)

  质量组: high (4个候选笑话)
    评估模型: qwen3-max
    [qwen3-max] 决策: select | 选笑话编号: 2
    评估模型: deepseek-v3.2
    [deepseek-v3.2] 决策: select | 选笑话编号: 2
    评估模型: kimi-k2.5
    [API] JSON解析失败: JSON解析失败: Expecting ',' delimiter: line 4 column 62 (char 119), model=kimi-k2.5
    [kimi-k2.5] 决策:  | 选笑话编号: ?

  质量组: medium (4个候选笑话)
    评估模型: qwen3-max
    [qwen3-max] 决策: select | 选笑话编号: 1
    评估模型: deepseek-v3.2
    [deepseek-v3.2] 决策: select | 选笑话编号: 4
    评估模型: kimi-k2.5
    [kimi-k2.5] 决策: create | 选笑话编号: None

  质量组: low (4个候选笑话)
    评估模型: qwen3-max
    [qwen3-max] 决策: select | 选笑话编号: 1
    评估模型: deepseek-v3.2
    [deepseek-v3.2] 决策: select | 选笑话编号: 1
    评估模型: kimi-k2.5
    [kimi-k2.5] 决策: create | 选笑话编号: None

  Item完成: 耗时66.0s | 总耗时892.3min
  速率限制器状态: 可用令牌=48.0/48
  已保存中间结果 (915 条)

============================================================
处理 zh_2017... (916/1174)

  质量组: high (4个候选笑话)
    评估模型: qwen3-max
    [qwen3-max] 决策: select | 选笑话编号: 1
    评估模型: deepseek-v3.2
    [deepseek-v3.2] 决策: select | 选笑话编号: 1
    评估模型: kimi-k2.5
    [kimi-k2.5] 决策: create | 选笑话编号: None

  质量组: medium (4个候选笑话)
    评估模型: qwen3-max
    [qwen3-max] 决策: select | 选笑话编号: 1
    评估模型: deepseek-v3.2
    [deepseek-v3.2] 决策: select | 选笑话编号: 1
    评估模型: kimi-k2.5
    [kimi-k2.5] 决策: create | 选笑话编号: None

  质量组: low (4个候选笑话)
    评估模型: qwen3-max
    [qwen3-max] 决策: create | 选笑话编号: None
    评估模型: deepseek-v3.2
    [deepseek-v3.2] 决策: create | 选笑话编号: None
    评估模型: kimi-k2.5
    [kimi-k2.5] 决策: create | 选笑话编号: None

  Item完成: 耗时58.9s | 总耗时893.2min
  速率限制器状态: 可用令牌=48.0/48
  已保存中间结果 (916 条)

============================================================
处理 zh_2018... (917/1174)

  质量组: high (4个候选笑话)
    评估模型: qwen3-max
    [qwen3-max] 决策: select | 选笑话编号: 2
    评估模型: deepseek-v3.2
    [deepseek-v3.2] 决策: select | 选笑话编号: 2
    评估模型: kimi-k2.5
    [kimi-k2.5] 决策: create | 选笑话编号: None

  质量组: medium (4个候选笑话)
    评估模型: qwen3-max
    [qwen3-max] 决策: select | 选笑话编号: 2
    评估模型: deepseek-v3.2
    [deepseek-v3.2] 决策: select | 选笑话编号: 2
    评估模型: kimi-k2.5
    [kimi-k2.5] 决策: create | 选笑话编号: None

  质量组: low (4个候选笑话)
    评估模型: qwen3-max
    [qwen3-max] 决策: create | 选笑话编号: None
    评估模型: deepseek-v3.2
    [deepseek-v3.2] 决策: select | 选笑话编号: 3
    评估模型: kimi-k2.5
    [kimi-k2.5] 决策: create | 选笑话编号: None

  Item完成: 耗时55.1s | 总耗时894.2min
  速率限制器状态: 可用令牌=48.0/48
  已保存中间结果 (917 条)

============================================================
处理 zh_2019... (918/1174)

  质量组: high (4个候选笑话)
    评估模型: qwen3-max
    [qwen3-max] 决策: select | 选笑话编号: 1
    评估模型: deepseek-v3.2
    [deepseek-v3.2] 决策: create | 选笑话编号: None
    评估模型: kimi-k2.5
    [API] JSON解析失败: JSON解析失败: Expecting ',' delimiter: line 5 column 47 (char 211), model=kimi-k2.5
    [kimi-k2.5] 决策:  | 选笑话编号: ?

  质量组: medium (4个候选笑话)
    评估模型: qwen3-max
    [qwen3-max] 决策: select | 选笑话编号: 4
    评估模型: deepseek-v3.2
    [deepseek-v3.2] 决策: select | 选笑话编号: 4
    评估模型: kimi-k2.5
    [kimi-k2.5] 决策: create | 选笑话编号: None

  质量组: low (4个候选笑话)
    评估模型: qwen3-max
    [qwen3-max] 决策: create | 选笑话编号: None
    评估模型: deepseek-v3.2
    [deepseek-v3.2] 决策: select | 选笑话编号: 4
    评估模型: kimi-k2.5
    [kimi-k2.5] 决策: create | 选笑话编号: None

  Item完成: 耗时50.9s | 总耗时895.0min
  速率限制器状态: 可用令牌=48.0/48
  已保存中间结果 (918 条)

============================================================
处理 zh_2020... (919/1174)

  质量组: high (4个候选笑话)
    评估模型: qwen3-max
    [qwen3-max] 决策: select | 选笑话编号: 4
    评估模型: deepseek-v3.2
    [deepseek-v3.2] 决策: select | 选笑话编号: 4
    评估模型: kimi-k2.5
    [kimi-k2.5] 决策: create | 选笑话编号: None

  质量组: medium (4个候选笑话)
    评估模型: qwen3-max
    [qwen3-max] 决策: select | 选笑话编号: 1
    评估模型: deepseek-v3.2
    [deepseek-v3.2] 决策: select | 选笑话编号: 1
    评估模型: kimi-k2.5
    [kimi-k2.5] 决策: create | 选笑话编号: None

  质量组: low (4个候选笑话)
    评估模型: qwen3-max
    [qwen3-max] 决策: create | 选笑话编号: None
    评估模型: deepseek-v3.2
    [deepseek-v3.2] 决策: create | 选笑话编号: None
    评估模型: kimi-k2.5
    [kimi-k2.5] 决策: create | 选笑话编号: None

  Item完成: 耗时55.3s | 总耗时896.0min
  速率限制器状态: 可用令牌=48.0/48
  已保存中间结果 (919 条)

============================================================
处理 zh_2021... (920/1174)

  质量组: high (4个候选笑话)
    评估模型: qwen3-max
    [qwen3-max] 决策: select | 选笑话编号: 1
    评估模型: deepseek-v3.2
    [deepseek-v3.2] 决策: select | 选笑话编号: 2
    评估模型: kimi-k2.5
    [kimi-k2.5] 决策: create | 选笑话编号: None

  质量组: medium (4个候选笑话)
    评估模型: qwen3-max
    [qwen3-max] 决策: select | 选笑话编号: 1
    评估模型: deepseek-v3.2
    [deepseek-v3.2] 决策: select | 选笑话编号: 1
    评估模型: kimi-k2.5
    [kimi-k2.5] 决策: create | 选笑话编号: None

  质量组: low (4个候选笑话)
    评估模型: qwen3-max
    [qwen3-max] 决策: select | 选笑话编号: 1
    评估模型: deepseek-v3.2
    [deepseek-v3.2] 决策: select | 选笑话编号: 1
    评估模型: kimi-k2.5
    [kimi-k2.5] 决策: create | 选笑话编号: None

  Item完成: 耗时63.0s | 总耗时897.0min
  速率限制器状态: 可用令牌=48.0/48
  已保存中间结果 (920 条)

============================================================
处理 zh_2022... (921/1174)

  质量组: high (4个候选笑话)
    评估模型: qwen3-max
    [qwen3-max] 决策: select | 选笑话编号: 2
    评估模型: deepseek-v3.2
    [deepseek-v3.2] 决策: select | 选笑话编号: 1
    评估模型: kimi-k2.5
    [API] JSON解析失败: JSON解析失败: Expecting ',' delimiter: line 4 column 54 (char 111), model=kimi-k2.5
    [kimi-k2.5] 决策:  | 选笑话编号: ?

  质量组: medium (4个候选笑话)
    评估模型: qwen3-max
    [qwen3-max] 决策: select | 选笑话编号: 1
    评估模型: deepseek-v3.2
    [deepseek-v3.2] 决策: select | 选笑话编号: 1
    评估模型: kimi-k2.5
    [API] JSON解析失败: JSON解析失败: Expecting ',' delimiter: line 4 column 77 (char 134), model=kimi-k2.5
    [kimi-k2.5] 决策:  | 选笑话编号: ?

  质量组: low (4个候选笑话)
    评估模型: qwen3-max
    [qwen3-max] 决策: create | 选笑话编号: None
    评估模型: deepseek-v3.2
    [deepseek-v3.2] 决策: create | 选笑话编号: None
    评估模型: kimi-k2.5
    [kimi-k2.5] 决策: create | 选笑话编号: None

  Item完成: 耗时56.4s | 总耗时898.0min
  速率限制器状态: 可用令牌=48.0/48
  已保存中间结果 (921 条)

============================================================
处理 zh_2023... (922/1174)

  质量组: high (4个候选笑话)
    评估模型: qwen3-max
    [qwen3-max] 决策: select | 选笑话编号: 4
    评估模型: deepseek-v3.2
    [deepseek-v3.2] 决策: select | 选笑话编号: 4
    评估模型: kimi-k2.5
    [kimi-k2.5] 决策: create | 选笑话编号: None

  质量组: medium (4个候选笑话)
    评估模型: qwen3-max
    [qwen3-max] 决策: select | 选笑话编号: 4
    评估模型: deepseek-v3.2
    [deepseek-v3.2] 决策: select | 选笑话编号: 1
    评估模型: kimi-k2.5
    [kimi-k2.5] 决策: create | 选笑话编号: None

  质量组: low (4个候选笑话)
    评估模型: qwen3-max
    [qwen3-max] 决策: select | 选笑话编号: 1
    评估模型: deepseek-v3.2
    [deepseek-v3.2] 决策: select | 选笑话编号: 1
    评估模型: kimi-k2.5
    [kimi-k2.5] 决策: create | 选笑话编号: None

  Item完成: 耗时58.5s | 总耗时898.9min
  速率限制器状态: 可用令牌=48.0/48
  已保存中间结果 (922 条)

============================================================
处理 zh_2024... (923/1174)

  质量组: high (4个候选笑话)
    评估模型: qwen3-max
    [qwen3-max] 决策: select | 选笑话编号: 2
    评估模型: deepseek-v3.2
    [deepseek-v3.2] 决策: select | 选笑话编号: 2
    评估模型: kimi-k2.5
    [kimi-k2.5] 决策: select | 选笑话编号: 2

  质量组: medium (4个候选笑话)
    评估模型: qwen3-max
    [qwen3-max] 决策: select | 选笑话编号: 1
    评估模型: deepseek-v3.2
    [deepseek-v3.2] 决策: select | 选笑话编号: 1
    评估模型: kimi-k2.5
    [kimi-k2.5] 决策: create | 选笑话编号: None

  质量组: low (4个候选笑话)
    评估模型: qwen3-max
    [qwen3-max] 决策: create | 选笑话编号: None
    评估模型: deepseek-v3.2
    [deepseek-v3.2] 决策: create | 选笑话编号: None
    评估模型: kimi-k2.5
    [kimi-k2.5] 决策: create | 选笑话编号: None

  Item完成: 耗时55.2s | 总耗时899.9min
  速率限制器状态: 可用令牌=48.0/48
  已保存中间结果 (923 条)

============================================================
处理 zh_2025... (924/1174)

  质量组: high (4个候选笑话)
    评估模型: qwen3-max
    [qwen3-max] 决策: select | 选笑话编号: 2
    评估模型: deepseek-v3.2
    [deepseek-v3.2] 决策: select | 选笑话编号: 4
    评估模型: kimi-k2.5
    [kimi-k2.5] 决策: create | 选笑话编号: None

  质量组: medium (4个候选笑话)
    评估模型: qwen3-max
    [qwen3-max] 决策: select | 选笑话编号: 4
    评估模型: deepseek-v3.2
    [deepseek-v3.2] 决策: select | 选笑话编号: 4
    评估模型: kimi-k2.5
    [kimi-k2.5] 决策: create | 选笑话编号: None

  质量组: low (4个候选笑话)
    评估模型: qwen3-max
    [qwen3-max] 决策: create | 选笑话编号: None
    评估模型: deepseek-v3.2
    [deepseek-v3.2] 决策: create | 选笑话编号: None
    评估模型: kimi-k2.5
    [kimi-k2.5] 决策: create | 选笑话编号: None

  Item完成: 耗时58.5s | 总耗时900.8min
  速率限制器状态: 可用令牌=48.0/48
  已保存中间结果 (924 条)

============================================================
处理 zh_2026... (925/1174)

  质量组: high (4个候选笑话)
    评估模型: qwen3-max
    [qwen3-max] 决策: select | 选笑话编号: 2
    评估模型: deepseek-v3.2
    [deepseek-v3.2] 决策: select | 选笑话编号: 4
    评估模型: kimi-k2.5
    [kimi-k2.5] 决策: select | 选笑话编号: 2

  质量组: medium (4个候选笑话)
    评估模型: qwen3-max
    [qwen3-max] 决策: select | 选笑话编号: 3
    评估模型: deepseek-v3.2
    [deepseek-v3.2] 决策: select | 选笑话编号: 2
    评估模型: kimi-k2.5
    [kimi-k2.5] 决策: create | 选笑话编号: None

  质量组: low (4个候选笑话)
    评估模型: qwen3-max
    [qwen3-max] 决策: select | 选笑话编号: 4
    评估模型: deepseek-v3.2
    [deepseek-v3.2] 决策: select | 选笑话编号: 4
    评估模型: kimi-k2.5
    [kimi-k2.5] 决策: create | 选笑话编号: None

  Item完成: 耗时53.4s | 总耗时901.7min
  速率限制器状态: 可用令牌=48.0/48
  已保存中间结果 (925 条)

============================================================
处理 zh_2027... (926/1174)

  质量组: high (4个候选笑话)
    评估模型: qwen3-max
    [qwen3-max] 决策: select | 选笑话编号: 2
    评估模型: deepseek-v3.2
    [deepseek-v3.2] 决策: select | 选笑话编号: 2
    评估模型: kimi-k2.5
    [kimi-k2.5] 决策: create | 选笑话编号: None

  质量组: medium (4个候选笑话)
    评估模型: qwen3-max
    [qwen3-max] 决策: select | 选笑话编号: 4
    评估模型: deepseek-v3.2
    [deepseek-v3.2] 决策: select | 选笑话编号: 2
    评估模型: kimi-k2.5
    [kimi-k2.5] 决策: create | 选笑话编号: None

  质量组: low (4个候选笑话)
    评估模型: qwen3-max
    [qwen3-max] 决策: select | 选笑话编号: 4
    评估模型: deepseek-v3.2
    [deepseek-v3.2] 决策: select | 选笑话编号: 1
    评估模型: kimi-k2.5
    [kimi-k2.5] 决策: create | 选笑话编号: None

  Item完成: 耗时49.4s | 总耗时902.6min
  速率限制器状态: 可用令牌=48.0/48
  已保存中间结果 (926 条)

============================================================
处理 zh_2028... (927/1174)

  质量组: high (4个候选笑话)
    评估模型: qwen3-max
    [qwen3-max] 决策: select | 选笑话编号: 2
    评估模型: deepseek-v3.2
    [deepseek-v3.2] 决策: select | 选笑话编号: 3
    评估模型: kimi-k2.5
    [kimi-k2.5] 决策: create | 选笑话编号: None

  质量组: medium (4个候选笑话)
    评估模型: qwen3-max
    [qwen3-max] 决策: select | 选笑话编号: 1
    评估模型: deepseek-v3.2
    [deepseek-v3.2] 决策: select | 选笑话编号: 4
    评估模型: kimi-k2.5
    [kimi-k2.5] 决策: create | 选笑话编号: None

  质量组: low (4个候选笑话)
    评估模型: qwen3-max
    [qwen3-max] 决策: select | 选笑话编号: 2
    评估模型: deepseek-v3.2
    [deepseek-v3.2] 决策: select | 选笑话编号: 4
    评估模型: kimi-k2.5
    [API] JSON解析失败: JSON解析失败: Expecting ',' delimiter: line 4 column 81 (char 138), model=kimi-k2.5
    [kimi-k2.5] 决策:  | 选笑话编号: ?

  Item完成: 耗时50.7s | 总耗时903.4min
  速率限制器状态: 可用令牌=48.0/48
  已保存中间结果 (927 条)

============================================================
处理 zh_2029... (928/1174)

  质量组: high (4个候选笑话)
    评估模型: qwen3-max
    [qwen3-max] 决策: select | 选笑话编号: 2
    评估模型: deepseek-v3.2
    [deepseek-v3.2] 决策: select | 选笑话编号: 1
    评估模型: kimi-k2.5
    [API] JSON解析失败: JSON解析失败: Expecting ',' delimiter: line 5 column 25 (char 190), model=kimi-k2.5
    [kimi-k2.5] 决策:  | 选笑话编号: ?

  质量组: medium (4个候选笑话)
    评估模型: qwen3-max
    [qwen3-max] 决策: select | 选笑话编号: 1
    评估模型: deepseek-v3.2
    [deepseek-v3.2] 决策: select | 选笑话编号: 1
    评估模型: kimi-k2.5
    [kimi-k2.5] 决策: create | 选笑话编号: None

  质量组: low (4个候选笑话)
    评估模型: qwen3-max
    [qwen3-max] 决策: create | 选笑话编号: None
    评估模型: deepseek-v3.2
    [deepseek-v3.2] 决策: select | 选笑话编号: 1
    评估模型: kimi-k2.5
    [API] JSON解析失败: JSON解析失败: Expecting ',' delimiter: line 4 column 71 (char 128), model=kimi-k2.5
    [kimi-k2.5] 决策:  | 选笑话编号: ?

  Item完成: 耗时54.9s | 总耗时904.3min
  速率限制器状态: 可用令牌=48.0/48
  已保存中间结果 (928 条)

============================================================
处理 zh_2030... (929/1174)

  质量组: high (4个候选笑话)
    评估模型: qwen3-max
    [qwen3-max] 决策: select | 选笑话编号: 4
    评估模型: deepseek-v3.2
    [deepseek-v3.2] 决策: select | 选笑话编号: 4
    评估模型: kimi-k2.5
    [kimi-k2.5] 决策: select | 选笑话编号: 3

  质量组: medium (4个候选笑话)
    评估模型: qwen3-max
    [qwen3-max] 决策: select | 选笑话编号: 3
    评估模型: deepseek-v3.2
    [deepseek-v3.2] 决策: select | 选笑话编号: 1
    评估模型: kimi-k2.5
    [kimi-k2.5] 决策: create | 选笑话编号: None

  质量组: low (4个候选笑话)
    评估模型: qwen3-max
    [qwen3-max] 决策: create | 选笑话编号: None
    评估模型: deepseek-v3.2
    [deepseek-v3.2] 决策: select | 选笑话编号: 1
    评估模型: kimi-k2.5
    [kimi-k2.5] 决策: create | 选笑话编号: None

  Item完成: 耗时62.1s | 总耗时905.4min
  速率限制器状态: 可用令牌=48.0/48
  已保存中间结果 (929 条)

============================================================
处理 zh_2031... (930/1174)

  质量组: high (4个候选笑话)
    评估模型: qwen3-max
    [qwen3-max] 决策: select | 选笑话编号: 2
    评估模型: deepseek-v3.2
    [deepseek-v3.2] 决策: select | 选笑话编号: 2
    评估模型: kimi-k2.5
    [kimi-k2.5] 决策: create | 选笑话编号: None

  质量组: medium (4个候选笑话)
    评估模型: qwen3-max
    [qwen3-max] 决策: select | 选笑话编号: 2
    评估模型: deepseek-v3.2
    [deepseek-v3.2] 决策: select | 选笑话编号: 2
    评估模型: kimi-k2.5
    [kimi-k2.5] 决策: select | 选笑话编号: 2

  质量组: low (4个候选笑话)
    评估模型: qwen3-max
    [qwen3-max] 决策: select | 选笑话编号: 4
    评估模型: deepseek-v3.2
    [deepseek-v3.2] 决策: create | 选笑话编号: None
    评估模型: kimi-k2.5
    [kimi-k2.5] 决策: create | 选笑话编号: None

  Item完成: 耗时55.1s | 总耗时906.3min
  速率限制器状态: 可用令牌=48.0/48
  已保存中间结果 (930 条)

============================================================
处理 zh_2032... (931/1174)

  质量组: high (4个候选笑话)
    评估模型: qwen3-max
    [qwen3-max] 决策: select | 选笑话编号: 2
    评估模型: deepseek-v3.2
    [deepseek-v3.2] 决策: select | 选笑话编号: 1
    评估模型: kimi-k2.5
    [kimi-k2.5] 决策: select | 选笑话编号: 2

  质量组: medium (4个候选笑话)
    评估模型: qwen3-max
    [qwen3-max] 决策: select | 选笑话编号: 4
    评估模型: deepseek-v3.2
    [deepseek-v3.2] 决策: select | 选笑话编号: 1
    评估模型: kimi-k2.5
    [kimi-k2.5] 决策: create | 选笑话编号: None

  质量组: low (4个候选笑话)
    评估模型: qwen3-max
    [qwen3-max] 决策: create | 选笑话编号: None
    评估模型: deepseek-v3.2
    [deepseek-v3.2] 决策: select | 选笑话编号: 4
    评估模型: kimi-k2.5
    [kimi-k2.5] 决策: create | 选笑话编号: None

  Item完成: 耗时64.2s | 总耗时907.4min
  速率限制器状态: 可用令牌=48.0/48
  已保存中间结果 (931 条)

============================================================
处理 zh_2033... (932/1174)

  质量组: high (4个候选笑话)
    评估模型: qwen3-max
    [qwen3-max] 决策: create | 选笑话编号: None
    评估模型: deepseek-v3.2
    [deepseek-v3.2] 决策: select | 选笑话编号: 3
    评估模型: kimi-k2.5
    [kimi-k2.5] 决策: create | 选笑话编号: None

  质量组: medium (4个候选笑话)
    评估模型: qwen3-max
    [qwen3-max] 决策: select | 选笑话编号: 2
    评估模型: deepseek-v3.2
    [deepseek-v3.2] 决策: select | 选笑话编号: 2
    评估模型: kimi-k2.5
    [kimi-k2.5] 决策: create | 选笑话编号: None

  质量组: low (4个候选笑话)
    评估模型: qwen3-max
    [qwen3-max] 决策: create | 选笑话编号: None
    评估模型: deepseek-v3.2
    [deepseek-v3.2] 决策: create | 选笑话编号: None
    评估模型: kimi-k2.5
    [kimi-k2.5] 决策: create | 选笑话编号: None

  Item完成: 耗时58.9s | 总耗时908.4min
  速率限制器状态: 可用令牌=48.0/48
  已保存中间结果 (932 条)

============================================================
处理 zh_2034... (933/1174)

  质量组: high (4个候选笑话)
    评估模型: qwen3-max
    [qwen3-max] 决策: select | 选笑话编号: 3
    评估模型: deepseek-v3.2
    [deepseek-v3.2] 决策: select | 选笑话编号: 4
    评估模型: kimi-k2.5
    [kimi-k2.5] 决策: create | 选笑话编号: None

  质量组: medium (4个候选笑话)
    评估模型: qwen3-max
    [qwen3-max] 决策: select | 选笑话编号: 1
    评估模型: deepseek-v3.2
    [deepseek-v3.2] 决策: select | 选笑话编号: 2
    评估模型: kimi-k2.5
    [kimi-k2.5] 决策: create | 选笑话编号: None

  质量组: low (4个候选笑话)
    评估模型: qwen3-max
    [qwen3-max] 决策: select | 选笑话编号: 1
    评估模型: deepseek-v3.2
    [API] JSON解析失败: JSON解析失败: Invalid control character at: line 5 column 105 (char 262), model=deepseek-v3.2
    [deepseek-v3.2] 决策:  | 选笑话编号: ?
    评估模型: kimi-k2.5
    [kimi-k2.5] 决策: create | 选笑话编号: None

  Item完成: 耗时57.2s | 总耗时909.3min
  速率限制器状态: 可用令牌=48.0/48
  已保存中间结果 (933 条)

============================================================
处理 zh_2035... (934/1174)

  质量组: high (4个候选笑话)
    评估模型: qwen3-max
    [qwen3-max] 决策: select | 选笑话编号: 1
    评估模型: deepseek-v3.2
    [deepseek-v3.2] 决策: select | 选笑话编号: 2
    评估模型: kimi-k2.5
    [API] JSON解析失败: JSON解析失败: Expecting ',' delimiter: line 4 column 36 (char 93), model=kimi-k2.5
    [kimi-k2.5] 决策:  | 选笑话编号: ?

  质量组: medium (4个候选笑话)
    评估模型: qwen3-max
    [qwen3-max] 决策: select | 选笑话编号: 1
    评估模型: deepseek-v3.2
    [deepseek-v3.2] 决策: select | 选笑话编号: 4
    评估模型: kimi-k2.5
    [API] JSON解析失败: JSON解析失败: Expecting ',' delimiter: line 4 column 30 (char 87), model=kimi-k2.5
    [kimi-k2.5] 决策:  | 选笑话编号: ?

  质量组: low (4个候选笑话)
    评估模型: qwen3-max
    [qwen3-max] 决策: create | 选笑话编号: None
    评估模型: deepseek-v3.2
    [deepseek-v3.2] 决策: select | 选笑话编号: 2
    评估模型: kimi-k2.5
    [kimi-k2.5] 决策: create | 选笑话编号: None

  Item完成: 耗时52.8s | 总耗时910.2min
  速率限制器状态: 可用令牌=48.0/48
  已保存中间结果 (934 条)

============================================================
处理 zh_2036... (935/1174)

  质量组: high (4个候选笑话)
    评估模型: qwen3-max
    [qwen3-max] 决策: select | 选笑话编号: 1
    评估模型: deepseek-v3.2
    [deepseek-v3.2] 决策: select | 选笑话编号: 4
    评估模型: kimi-k2.5
    [kimi-k2.5] 决策: create | 选笑话编号: None

  质量组: medium (4个候选笑话)
    评估模型: qwen3-max
    [qwen3-max] 决策: select | 选笑话编号: 2
    评估模型: deepseek-v3.2
    [deepseek-v3.2] 决策: create | 选笑话编号: None
    评估模型: kimi-k2.5
    [kimi-k2.5] 决策: create | 选笑话编号: None

  质量组: low (4个候选笑话)
    评估模型: qwen3-max
    [qwen3-max] 决策: create | 选笑话编号: None
    评估模型: deepseek-v3.2
    [deepseek-v3.2] 决策: select | 选笑话编号: 1
    评估模型: kimi-k2.5
    [kimi-k2.5] 决策: create | 选笑话编号: None

  Item完成: 耗时55.9s | 总耗时911.2min
  速率限制器状态: 可用令牌=48.0/48
  已保存中间结果 (935 条)

============================================================
处理 zh_2037... (936/1174)

  质量组: high (4个候选笑话)
    评估模型: qwen3-max
    [qwen3-max] 决策: select | 选笑话编号: 2
    评估模型: deepseek-v3.2
    [deepseek-v3.2] 决策: select | 选笑话编号: 2
    评估模型: kimi-k2.5
    [kimi-k2.5] 决策: select | 选笑话编号: 2

  质量组: medium (4个候选笑话)
    评估模型: qwen3-max
    [qwen3-max] 决策: select | 选笑话编号: 2
    评估模型: deepseek-v3.2
    [deepseek-v3.2] 决策: select | 选笑话编号: 2
    评估模型: kimi-k2.5
    [API] JSON解析失败: JSON解析失败: Expecting ',' delimiter: line 4 column 53 (char 107), model=kimi-k2.5
    [kimi-k2.5] 决策:  | 选笑话编号: ?

  质量组: low (4个候选笑话)
    评估模型: qwen3-max
    [qwen3-max] 决策: select | 选笑话编号: 4
    评估模型: deepseek-v3.2
    [deepseek-v3.2] 决策: select | 选笑话编号: 4
    评估模型: kimi-k2.5
    [API] JSON解析失败: JSON解析失败: Expecting ',' delimiter: line 4 column 64 (char 121), model=kimi-k2.5
    [kimi-k2.5] 决策:  | 选笑话编号: ?

  Item完成: 耗时58.7s | 总耗时912.1min
  速率限制器状态: 可用令牌=48.0/48
  已保存中间结果 (936 条)

============================================================
处理 zh_2038... (937/1174)

  质量组: high (4个候选笑话)
    评估模型: qwen3-max
    [qwen3-max] 决策: select | 选笑话编号: 2
    评估模型: deepseek-v3.2
    [deepseek-v3.2] 决策: select | 选笑话编号: 2
    评估模型: kimi-k2.5
    [kimi-k2.5] 决策: select | 选笑话编号: 2

  质量组: medium (4个候选笑话)
    评估模型: qwen3-max
    [qwen3-max] 决策: select | 选笑话编号: 1
    评估模型: deepseek-v3.2
    [deepseek-v3.2] 决策: select | 选笑话编号: 1
    评估模型: kimi-k2.5
    [kimi-k2.5] 决策: create | 选笑话编号: None

  质量组: low (4个候选笑话)
    评估模型: qwen3-max
    [qwen3-max] 决策: create | 选笑话编号: None
    评估模型: deepseek-v3.2
    [deepseek-v3.2] 决策: select | 选笑话编号: 2
    评估模型: kimi-k2.5
    [kimi-k2.5] 决策: create | 选笑话编号: None

  Item完成: 耗时64.7s | 总耗时913.2min
  速率限制器状态: 可用令牌=48.0/48
  已保存中间结果 (937 条)

============================================================
处理 zh_2039... (938/1174)

  质量组: high (4个候选笑话)
    评估模型: qwen3-max
    [qwen3-max] 决策: select | 选笑话编号: 1
    评估模型: deepseek-v3.2
    [deepseek-v3.2] 决策: select | 选笑话编号: 1
    评估模型: kimi-k2.5
    [kimi-k2.5] 决策: select | 选笑话编号: 2

  质量组: medium (4个候选笑话)
    评估模型: qwen3-max
    [qwen3-max] 决策: select | 选笑话编号: 1
    评估模型: deepseek-v3.2
    [deepseek-v3.2] 决策: select | 选笑话编号: 4
    评估模型: kimi-k2.5
    [kimi-k2.5] 决策: select | 选笑话编号: 1

  质量组: low (4个候选笑话)
    评估模型: qwen3-max
    [qwen3-max] 决策: select | 选笑话编号: 2
    评估模型: deepseek-v3.2
    [deepseek-v3.2] 决策: select | 选笑话编号: 2
    评估模型: kimi-k2.5
    [kimi-k2.5] 决策: create | 选笑话编号: None

  Item完成: 耗时62.8s | 总耗时914.3min
  速率限制器状态: 可用令牌=48.0/48
  已保存中间结果 (938 条)

============================================================
处理 zh_2040... (939/1174)

  质量组: high (4个候选笑话)
    评估模型: qwen3-max
    [qwen3-max] 决策: select | 选笑话编号: 2
    评估模型: deepseek-v3.2
    [deepseek-v3.2] 决策: select | 选笑话编号: 2
    评估模型: kimi-k2.5
    [kimi-k2.5] 决策: create | 选笑话编号: None

  质量组: medium (4个候选笑话)
    评估模型: qwen3-max
    [qwen3-max] 决策: select | 选笑话编号: 2
    评估模型: deepseek-v3.2
    [deepseek-v3.2] 决策: select | 选笑话编号: 2
    评估模型: kimi-k2.5
    [kimi-k2.5] 决策: create | 选笑话编号: None

  质量组: low (4个候选笑话)
    评估模型: qwen3-max
    [qwen3-max] 决策: select | 选笑话编号: 1
    评估模型: deepseek-v3.2
    [deepseek-v3.2] 决策: create | 选笑话编号: None
    评估模型: kimi-k2.5
    [kimi-k2.5] 决策: create | 选笑话编号: None

  Item完成: 耗时65.2s | 总耗时915.4min
  速率限制器状态: 可用令牌=48.0/48
  已保存中间结果 (939 条)

============================================================
处理 zh_2041... (940/1174)

  质量组: high (4个候选笑话)
    评估模型: qwen3-max
    [qwen3-max] 决策: select | 选笑话编号: 2
    评估模型: deepseek-v3.2
    [deepseek-v3.2] 决策: select | 选笑话编号: 1
    评估模型: kimi-k2.5
    [kimi-k2.5] 决策: create | 选笑话编号: None

  质量组: medium (4个候选笑话)
    评估模型: qwen3-max
    [qwen3-max] 决策: select | 选笑话编号: 1
    评估模型: deepseek-v3.2
    [deepseek-v3.2] 决策: select | 选笑话编号: 1
    评估模型: kimi-k2.5
    [kimi-k2.5] 决策: create | 选笑话编号: None

  质量组: low (4个候选笑话)
    评估模型: qwen3-max
    [qwen3-max] 决策: create | 选笑话编号: None
    评估模型: deepseek-v3.2
    [deepseek-v3.2] 决策: select | 选笑话编号: 4
    评估模型: kimi-k2.5
    [kimi-k2.5] 决策: create | 选笑话编号: None

  Item完成: 耗时56.4s | 总耗时916.3min
  速率限制器状态: 可用令牌=48.0/48
  已保存中间结果 (940 条)

============================================================
处理 zh_2042... (941/1174)

  质量组: high (4个候选笑话)
    评估模型: qwen3-max
    [qwen3-max] 决策: select | 选笑话编号: 2
    评估模型: deepseek-v3.2
    [deepseek-v3.2] 决策: select | 选笑话编号: 3
    评估模型: kimi-k2.5
    [API] JSON解析失败: JSON解析失败: Expecting ',' delimiter: line 4 column 45 (char 102), model=kimi-k2.5
    [kimi-k2.5] 决策:  | 选笑话编号: ?

  质量组: medium (4个候选笑话)
    评估模型: qwen3-max
    [qwen3-max] 决策: select | 选笑话编号: 2
    评估模型: deepseek-v3.2
    [deepseek-v3.2] 决策: select | 选笑话编号: 1
    评估模型: kimi-k2.5
    [kimi-k2.5] 决策: select | 选笑话编号: 1

  质量组: low (4个候选笑话)
    评估模型: qwen3-max
    [qwen3-max] 决策: create | 选笑话编号: None
    评估模型: deepseek-v3.2
    [deepseek-v3.2] 决策: create | 选笑话编号: None
    评估模型: kimi-k2.5
    [kimi-k2.5] 决策: create | 选笑话编号: None

  Item完成: 耗时57.2s | 总耗时917.3min
  速率限制器状态: 可用令牌=48.0/48
  已保存中间结果 (941 条)

============================================================
处理 zh_2043... (942/1174)

  质量组: high (4个候选笑话)
    评估模型: qwen3-max
    [qwen3-max] 决策: select | 选笑话编号: 2
    评估模型: deepseek-v3.2
    [deepseek-v3.2] 决策: select | 选笑话编号: 2
    评估模型: kimi-k2.5
    [kimi-k2.5] 决策: select | 选笑话编号: 2

  质量组: medium (4个候选笑话)
    评估模型: qwen3-max
    [qwen3-max] 决策: select | 选笑话编号: 2
    评估模型: deepseek-v3.2
    [deepseek-v3.2] 决策: select | 选笑话编号: 2
    评估模型: kimi-k2.5
    [kimi-k2.5] 决策: select | 选笑话编号: 2

  质量组: low (4个候选笑话)
    评估模型: qwen3-max
    [qwen3-max] 决策: select | 选笑话编号: 4
    评估模型: deepseek-v3.2
    [deepseek-v3.2] 决策: create | 选笑话编号: None
    评估模型: kimi-k2.5
    [kimi-k2.5] 决策: create | 选笑话编号: None

  Item完成: 耗时65.3s | 总耗时918.4min
  速率限制器状态: 可用令牌=48.0/48
  已保存中间结果 (942 条)

============================================================
处理 zh_2044... (943/1174)

  质量组: high (4个候选笑话)
    评估模型: qwen3-max
    [qwen3-max] 决策: select | 选笑话编号: 4
    评估模型: deepseek-v3.2
    [deepseek-v3.2] 决策: select | 选笑话编号: 3
    评估模型: kimi-k2.5
    [API] JSON解析失败: JSON解析失败: Expecting ',' delimiter: line 4 column 37 (char 91), model=kimi-k2.5
    [kimi-k2.5] 决策:  | 选笑话编号: ?

  质量组: medium (4个候选笑话)
    评估模型: qwen3-max
    [qwen3-max] 决策: select | 选笑话编号: 1
    评估模型: deepseek-v3.2
    [deepseek-v3.2] 决策: select | 选笑话编号: 1
    评估模型: kimi-k2.5
    [kimi-k2.5] 决策: create | 选笑话编号: None

  质量组: low (4个候选笑话)
    评估模型: qwen3-max
    [qwen3-max] 决策: create | 选笑话编号: None
    评估模型: deepseek-v3.2
    [deepseek-v3.2] 决策: select | 选笑话编号: 2
    评估模型: kimi-k2.5
    [kimi-k2.5] 决策: create | 选笑话编号: None

  Item完成: 耗时55.5s | 总耗时919.3min
  速率限制器状态: 可用令牌=48.0/48
  已保存中间结果 (943 条)

============================================================
处理 zh_2045... (944/1174)

  质量组: high (4个候选笑话)
    评估模型: qwen3-max
    [qwen3-max] 决策: select | 选笑话编号: 2
    评估模型: deepseek-v3.2
    [deepseek-v3.2] 决策: select | 选笑话编号: 2
    评估模型: kimi-k2.5
    [kimi-k2.5] 决策: select | 选笑话编号: 2

  质量组: medium (4个候选笑话)
    评估模型: qwen3-max
    [qwen3-max] 决策: select | 选笑话编号: 4
    评估模型: deepseek-v3.2
    [deepseek-v3.2] 决策: select | 选笑话编号: 4
    评估模型: kimi-k2.5
    [API] JSON解析失败: JSON解析失败: Expecting ',' delimiter: line 4 column 39 (char 96), model=kimi-k2.5
    [kimi-k2.5] 决策:  | 选笑话编号: ?

  质量组: low (4个候选笑话)
    评估模型: qwen3-max
    [qwen3-max] 决策: create | 选笑话编号: None
    评估模型: deepseek-v3.2
    [deepseek-v3.2] 决策: select | 选笑话编号: 1
    评估模型: kimi-k2.5
    [kimi-k2.5] 决策: create | 选笑话编号: None

  Item完成: 耗时61.3s | 总耗时920.3min
  速率限制器状态: 可用令牌=48.0/48
  已保存中间结果 (944 条)

============================================================
处理 zh_2046... (945/1174)

  质量组: high (4个候选笑话)
    评估模型: qwen3-max
    [qwen3-max] 决策: select | 选笑话编号: 1
    评估模型: deepseek-v3.2
    [deepseek-v3.2] 决策: select | 选笑话编号: 2
    评估模型: kimi-k2.5
    [kimi-k2.5] 决策: create | 选笑话编号: None

  质量组: medium (4个候选笑话)
    评估模型: qwen3-max
    [qwen3-max] 决策: select | 选笑话编号: 1
    评估模型: deepseek-v3.2
    [deepseek-v3.2] 决策: select | 选笑话编号: 1
    评估模型: kimi-k2.5
    [API] JSON解析失败: JSON解析失败: Expecting ',' delimiter: line 5 column 39 (char 200), model=kimi-k2.5
    [kimi-k2.5] 决策:  | 选笑话编号: ?

  质量组: low (4个候选笑话)
    评估模型: qwen3-max
    [qwen3-max] 决策: create | 选笑话编号: None
    评估模型: deepseek-v3.2
    [deepseek-v3.2] 决策: select | 选笑话编号: 4
    评估模型: kimi-k2.5
    [kimi-k2.5] 决策: create | 选笑话编号: None

  Item完成: 耗时55.3s | 总耗时921.3min
  速率限制器状态: 可用令牌=48.0/48
  已保存中间结果 (945 条)

============================================================
处理 zh_2047... (946/1174)

  质量组: high (4个候选笑话)
    评估模型: qwen3-max
    [qwen3-max] 决策: select | 选笑话编号: 2
    评估模型: deepseek-v3.2
    [deepseek-v3.2] 决策: select | 选笑话编号: 2
    评估模型: kimi-k2.5
    [kimi-k2.5] 决策: create | 选笑话编号: None

  质量组: medium (4个候选笑话)
    评估模型: qwen3-max
    [qwen3-max] 决策: select | 选笑话编号: 2
    评估模型: deepseek-v3.2
    [deepseek-v3.2] 决策: select | 选笑话编号: 2
    评估模型: kimi-k2.5
    [kimi-k2.5] 决策: create | 选笑话编号: None

  质量组: low (4个候选笑话)
    评估模型: qwen3-max
    [qwen3-max] 决策: select | 选笑话编号: 2
    评估模型: deepseek-v3.2
    [deepseek-v3.2] 决策: select | 选笑话编号: 2
    评估模型: kimi-k2.5
    [kimi-k2.5] 决策: create | 选笑话编号: None

  Item完成: 耗时56.7s | 总耗时922.2min
  速率限制器状态: 可用令牌=48.0/48
  已保存中间结果 (946 条)

============================================================
处理 zh_2048... (947/1174)

  质量组: high (4个候选笑话)
    评估模型: qwen3-max
    [qwen3-max] 决策: select | 选笑话编号: 2
    评估模型: deepseek-v3.2
    [deepseek-v3.2] 决策: select | 选笑话编号: 2
    评估模型: kimi-k2.5
    [kimi-k2.5] 决策: select | 选笑话编号: 2

  质量组: medium (4个候选笑话)
    评估模型: qwen3-max
    [qwen3-max] 决策: select | 选笑话编号: 1
    评估模型: deepseek-v3.2
    [deepseek-v3.2] 决策: select | 选笑话编号: 1
    评估模型: kimi-k2.5
    [kimi-k2.5] 决策: create | 选笑话编号: None

  质量组: low (4个候选笑话)
    评估模型: qwen3-max
    [qwen3-max] 决策: select | 选笑话编号: 4
    评估模型: deepseek-v3.2
    [deepseek-v3.2] 决策: select | 选笑话编号: 3
    评估模型: kimi-k2.5
    [kimi-k2.5] 决策: create | 选笑话编号: None

  Item完成: 耗时55.5s | 总耗时923.2min
  速率限制器状态: 可用令牌=48.0/48
  已保存中间结果 (947 条)

============================================================
处理 zh_2049... (948/1174)

  质量组: high (4个候选笑话)
    评估模型: qwen3-max
    [qwen3-max] 决策: select | 选笑话编号: 1
    评估模型: deepseek-v3.2
    [deepseek-v3.2] 决策: select | 选笑话编号: 2
    评估模型: kimi-k2.5
    [kimi-k2.5] 决策: create | 选笑话编号: None

  质量组: medium (4个候选笑话)
    评估模型: qwen3-max
    [qwen3-max] 决策: select | 选笑话编号: 2
    评估模型: deepseek-v3.2
    [deepseek-v3.2] 决策: select | 选笑话编号: 2
    评估模型: kimi-k2.5
    [kimi-k2.5] 决策: create | 选笑话编号: None

  质量组: low (4个候选笑话)
    评估模型: qwen3-max
    [qwen3-max] 决策: create | 选笑话编号: None
    评估模型: deepseek-v3.2
    [deepseek-v3.2] 决策: create | 选笑话编号: None
    评估模型: kimi-k2.5
    [kimi-k2.5] 决策: create | 选笑话编号: None

  Item完成: 耗时61.5s | 总耗时924.2min
  速率限制器状态: 可用令牌=48.0/48
  已保存中间结果 (948 条)

============================================================
处理 zh_2050... (949/1174)

  质量组: high (4个候选笑话)
    评估模型: qwen3-max
    [qwen3-max] 决策: select | 选笑话编号: 2
    评估模型: deepseek-v3.2
    [deepseek-v3.2] 决策: select | 选笑话编号: 1
    评估模型: kimi-k2.5
    [API] JSON解析失败: JSON解析失败: Expecting ',' delimiter: line 4 column 33 (char 90), model=kimi-k2.5
    [kimi-k2.5] 决策:  | 选笑话编号: ?

  质量组: medium (4个候选笑话)
    评估模型: qwen3-max
    [qwen3-max] 决策: select | 选笑话编号: 2
    评估模型: deepseek-v3.2
    [deepseek-v3.2] 决策: select | 选笑话编号: 4
    评估模型: kimi-k2.5
    [API] JSON解析失败: JSON解析失败: Expecting ',' delimiter: line 5 column 23 (char 178), model=kimi-k2.5
    [kimi-k2.5] 决策:  | 选笑话编号: ?

  质量组: low (4个候选笑话)
    评估模型: qwen3-max
    [qwen3-max] 决策: create | 选笑话编号: None
    评估模型: deepseek-v3.2
    [deepseek-v3.2] 决策: select | 选笑话编号: 3
    评估模型: kimi-k2.5
    [kimi-k2.5] 决策: create | 选笑话编号: None

  Item完成: 耗时53.6s | 总耗时925.1min
  速率限制器状态: 可用令牌=48.0/48
  已保存中间结果 (949 条)

============================================================
处理 zh_2051... (950/1174)

  质量组: high (4个候选笑话)
    评估模型: qwen3-max
    [qwen3-max] 决策: select | 选笑话编号: 2
    评估模型: deepseek-v3.2
    [deepseek-v3.2] 决策: select | 选笑话编号: 3
    评估模型: kimi-k2.5
    [kimi-k2.5] 决策: select | 选笑话编号: 2

  质量组: medium (4个候选笑话)
    评估模型: qwen3-max
    [qwen3-max] 决策: select | 选笑话编号: 1
    评估模型: deepseek-v3.2
    [deepseek-v3.2] 决策: select | 选笑话编号: 2
    评估模型: kimi-k2.5
    [kimi-k2.5] 决策: create | 选笑话编号: None

  质量组: low (4个候选笑话)
    评估模型: qwen3-max
    [qwen3-max] 决策: select | 选笑话编号: 1
    评估模型: deepseek-v3.2
    [deepseek-v3.2] 决策: create | 选笑话编号: None
    评估模型: kimi-k2.5
    [kimi-k2.5] 决策: create | 选笑话编号: None

  Item完成: 耗时64.6s | 总耗时926.2min
  速率限制器状态: 可用令牌=48.0/48
  已保存中间结果 (950 条)

============================================================
处理 zh_2052... (951/1174)

  质量组: high (4个候选笑话)
    评估模型: qwen3-max
    [qwen3-max] 决策: select | 选笑话编号: 2
    评估模型: deepseek-v3.2
    [deepseek-v3.2] 决策: select | 选笑话编号: 4
    评估模型: kimi-k2.5
    [kimi-k2.5] 决策: select | 选笑话编号: 2

  质量组: medium (4个候选笑话)
    评估模型: qwen3-max
    [qwen3-max] 决策: select | 选笑话编号: 2
    评估模型: deepseek-v3.2
    [deepseek-v3.2] 决策: select | 选笑话编号: 2
    评估模型: kimi-k2.5
    [API] JSON解析失败: JSON解析失败: Expecting ',' delimiter: line 5 column 28 (char 193), model=kimi-k2.5
    [kimi-k2.5] 决策:  | 选笑话编号: ?

  质量组: low (4个候选笑话)
    评估模型: qwen3-max
    [qwen3-max] 决策: select | 选笑话编号: 2
    评估模型: deepseek-v3.2
    [deepseek-v3.2] 决策: select | 选笑话编号: 2
    评估模型: kimi-k2.5
    [kimi-k2.5] 决策: create | 选笑话编号: None

  Item完成: 耗时60.5s | 总耗时927.2min
  速率限制器状态: 可用令牌=48.0/48
  已保存中间结果 (951 条)

============================================================
处理 zh_2053... (952/1174)

  质量组: high (4个候选笑话)
    评估模型: qwen3-max
    [qwen3-max] 决策: select | 选笑话编号: 2
    评估模型: deepseek-v3.2
    [deepseek-v3.2] 决策: select | 选笑话编号: 2
    评估模型: kimi-k2.5
    [kimi-k2.5] 决策: create | 选笑话编号: None

  质量组: medium (4个候选笑话)
    评估模型: qwen3-max
    [qwen3-max] 决策: select | 选笑话编号: 2
    评估模型: deepseek-v3.2
    [deepseek-v3.2] 决策: select | 选笑话编号: 2
    评估模型: kimi-k2.5
    [kimi-k2.5] 决策: create | 选笑话编号: None

  质量组: low (4个候选笑话)
    评估模型: qwen3-max
    [qwen3-max] 决策: select | 选笑话编号: 1
    评估模型: deepseek-v3.2
    [deepseek-v3.2] 决策: select | 选笑话编号: 2
    评估模型: kimi-k2.5
    [kimi-k2.5] 决策: create | 选笑话编号: None

  Item完成: 耗时55.8s | 总耗时928.1min
  速率限制器状态: 可用令牌=48.0/48
  已保存中间结果 (952 条)

============================================================
处理 zh_2054... (953/1174)

  质量组: high (4个候选笑话)
    评估模型: qwen3-max
    [qwen3-max] 决策: select | 选笑话编号: 2
    评估模型: deepseek-v3.2
    [deepseek-v3.2] 决策: select | 选笑话编号: 4
    评估模型: kimi-k2.5
    [kimi-k2.5] 决策: create | 选笑话编号: None

  质量组: medium (4个候选笑话)
    评估模型: qwen3-max
    [qwen3-max] 决策: select | 选笑话编号: 2
    评估模型: deepseek-v3.2
    [deepseek-v3.2] 决策: select | 选笑话编号: 4
    评估模型: kimi-k2.5
    [kimi-k2.5] 决策: create | 选笑话编号: None

  质量组: low (4个候选笑话)
    评估模型: qwen3-max
    [qwen3-max] 决策: select | 选笑话编号: 2
    评估模型: deepseek-v3.2
    [deepseek-v3.2] 决策: select | 选笑话编号: 1
    评估模型: kimi-k2.5
    [kimi-k2.5] 决策: create | 选笑话编号: None

  Item完成: 耗时60.8s | 总耗时929.1min
  速率限制器状态: 可用令牌=48.0/48
  已保存中间结果 (953 条)

============================================================
处理 zh_2055... (954/1174)

  质量组: high (4个候选笑话)
    评估模型: qwen3-max
    [qwen3-max] 决策: select | 选笑话编号: 2
    评估模型: deepseek-v3.2
    [deepseek-v3.2] 决策: select | 选笑话编号: 2
    评估模型: kimi-k2.5
    [kimi-k2.5] 决策: create | 选笑话编号: None

  质量组: medium (4个候选笑话)
    评估模型: qwen3-max
    [qwen3-max] 决策: select | 选笑话编号: 2
    评估模型: deepseek-v3.2
    [deepseek-v3.2] 决策: select | 选笑话编号: 2
    评估模型: kimi-k2.5
    [kimi-k2.5] 决策: create | 选笑话编号: None

  质量组: low (4个候选笑话)
    评估模型: qwen3-max
    [qwen3-max] 决策: create | 选笑话编号: None
    评估模型: deepseek-v3.2
    [deepseek-v3.2] 决策: select | 选笑话编号: 1
    评估模型: kimi-k2.5
    [API] JSON解析失败: JSON解析失败: Expecting ',' delimiter: line 4 column 84 (char 141), model=kimi-k2.5
    [kimi-k2.5] 决策:  | 选笑话编号: ?

  Item完成: 耗时57.9s | 总耗时930.1min
  速率限制器状态: 可用令牌=48.0/48
  已保存中间结果 (954 条)

============================================================
处理 zh_2056... (955/1174)

  质量组: high (4个候选笑话)
    评估模型: qwen3-max
    [qwen3-max] 决策: select | 选笑话编号: 2
    评估模型: deepseek-v3.2
    [deepseek-v3.2] 决策: select | 选笑话编号: 3
    评估模型: kimi-k2.5
    [API] JSON解析失败: JSON解析失败: Expecting ',' delimiter: line 5 column 45 (char 216), model=kimi-k2.5
    [kimi-k2.5] 决策:  | 选笑话编号: ?

  质量组: medium (4个候选笑话)
    评估模型: qwen3-max
    [qwen3-max] 决策: select | 选笑话编号: 4
    评估模型: deepseek-v3.2
    [deepseek-v3.2] 决策: select | 选笑话编号: 4
    评估模型: kimi-k2.5
    [kimi-k2.5] 决策: select | 选笑话编号: 4

  质量组: low (4个候选笑话)
    评估模型: qwen3-max
    [qwen3-max] 决策: create | 选笑话编号: None
    评估模型: deepseek-v3.2
    [deepseek-v3.2] 决策: create | 选笑话编号: None
    评估模型: kimi-k2.5
    [kimi-k2.5] 决策: create | 选笑话编号: None

  Item完成: 耗时52.0s | 总耗时931.0min
  速率限制器状态: 可用令牌=48.0/48
  已保存中间结果 (955 条)

============================================================
处理 zh_2057... (956/1174)

  质量组: high (4个候选笑话)
    评估模型: qwen3-max
    [qwen3-max] 决策: select | 选笑话编号: 3
    评估模型: deepseek-v3.2
    [deepseek-v3.2] 决策: select | 选笑话编号: 3
    评估模型: kimi-k2.5
    [API] JSON解析失败: JSON解析失败: Expecting ',' delimiter: line 4 column 36 (char 93), model=kimi-k2.5
    [kimi-k2.5] 决策:  | 选笑话编号: ?

  质量组: medium (4个候选笑话)
    评估模型: qwen3-max
    [qwen3-max] 决策: select | 选笑话编号: 4
    评估模型: deepseek-v3.2
    [deepseek-v3.2] 决策: select | 选笑话编号: 4
    评估模型: kimi-k2.5
    [kimi-k2.5] 决策: create | 选笑话编号: None

  质量组: low (4个候选笑话)
    评估模型: qwen3-max
    [qwen3-max] 决策: create | 选笑话编号: None
    评估模型: deepseek-v3.2
    [deepseek-v3.2] 决策: create | 选笑话编号: None
    评估模型: kimi-k2.5
    [kimi-k2.5] 决策: create | 选笑话编号: None

  Item完成: 耗时56.9s | 总耗时931.9min
  速率限制器状态: 可用令牌=48.0/48
  已保存中间结果 (956 条)

============================================================
处理 zh_2058... (957/1174)

  质量组: high (4个候选笑话)
    评估模型: qwen3-max
    [qwen3-max] 决策: select | 选笑话编号: 2
    评估模型: deepseek-v3.2
    [deepseek-v3.2] 决策: select | 选笑话编号: 2
    评估模型: kimi-k2.5
    [kimi-k2.5] 决策: select | 选笑话编号: 4

  质量组: medium (4个候选笑话)
    评估模型: qwen3-max
    [qwen3-max] 决策: select | 选笑话编号: 3
    评估模型: deepseek-v3.2
    [deepseek-v3.2] 决策: select | 选笑话编号: 1
    评估模型: kimi-k2.5
    [kimi-k2.5] 决策: select | 选笑话编号: 4

  质量组: low (4个候选笑话)
    评估模型: qwen3-max
    [qwen3-max] 决策: select | 选笑话编号: 1
    评估模型: deepseek-v3.2
    [deepseek-v3.2] 决策: select | 选笑话编号: 1
    评估模型: kimi-k2.5
    [kimi-k2.5] 决策: create | 选笑话编号: None

  Item完成: 耗时55.4s | 总耗时932.9min
  速率限制器状态: 可用令牌=48.0/48
  已保存中间结果 (957 条)

============================================================
处理 zh_2059... (958/1174)

  质量组: high (4个候选笑话)
    评估模型: qwen3-max
    [qwen3-max] 决策: select | 选笑话编号: 2
    评估模型: deepseek-v3.2
    [deepseek-v3.2] 决策: select | 选笑话编号: 2
    评估模型: kimi-k2.5
    [kimi-k2.5] 决策: select | 选笑话编号: 2

  质量组: medium (4个候选笑话)
    评估模型: qwen3-max
    [qwen3-max] 决策: select | 选笑话编号: 2
    评估模型: deepseek-v3.2
    [deepseek-v3.2] 决策: select | 选笑话编号: 1
    评估模型: kimi-k2.5
    [kimi-k2.5] 决策: select | 选笑话编号: 2

  质量组: low (4个候选笑话)
    评估模型: qwen3-max
    [qwen3-max] 决策: create | 选笑话编号: None
    评估模型: deepseek-v3.2
    [deepseek-v3.2] 决策: select | 选笑话编号: 1
    评估模型: kimi-k2.5
    [kimi-k2.5] 决策: create | 选笑话编号: None

  Item完成: 耗时60.0s | 总耗时933.9min
  速率限制器状态: 可用令牌=48.0/48
  已保存中间结果 (958 条)

============================================================
处理 zh_2060... (959/1174)

  质量组: high (4个候选笑话)
    评估模型: qwen3-max
    [qwen3-max] 决策: select | 选笑话编号: 2
    评估模型: deepseek-v3.2
    [deepseek-v3.2] 决策: select | 选笑话编号: 2
    评估模型: kimi-k2.5
    [kimi-k2.5] 决策: create | 选笑话编号: None

  质量组: medium (4个候选笑话)
    评估模型: qwen3-max
    [qwen3-max] 决策: create | 选笑话编号: None
    评估模型: deepseek-v3.2
    [deepseek-v3.2] 决策: select | 选笑话编号: 1
    评估模型: kimi-k2.5
    [kimi-k2.5] 决策: create | 选笑话编号: None

  质量组: low (4个候选笑话)
    评估模型: qwen3-max
    [qwen3-max] 决策: create | 选笑话编号: None
    评估模型: deepseek-v3.2
    [deepseek-v3.2] 决策: select | 选笑话编号: 4
    评估模型: kimi-k2.5
    [kimi-k2.5] 决策: create | 选笑话编号: None

  Item完成: 耗时65.2s | 总耗时935.0min
  速率限制器状态: 可用令牌=48.0/48
  已保存中间结果 (959 条)

============================================================
处理 zh_2061... (960/1174)

  质量组: high (4个候选笑话)
    评估模型: qwen3-max
    [qwen3-max] 决策: select | 选笑话编号: 2
    评估模型: deepseek-v3.2
    [deepseek-v3.2] 决策: select | 选笑话编号: 2
    评估模型: kimi-k2.5
    [kimi-k2.5] 决策: select | 选笑话编号: 2

  质量组: medium (4个候选笑话)
    评估模型: qwen3-max
    [qwen3-max] 决策: select | 选笑话编号: 2
    评估模型: deepseek-v3.2
    [deepseek-v3.2] 决策: select | 选笑话编号: 4
    评估模型: kimi-k2.5
    [kimi-k2.5] 决策: create | 选笑话编号: None

  质量组: low (4个候选笑话)
    评估模型: qwen3-max
    [qwen3-max] 决策: select | 选笑话编号: 4
    评估模型: deepseek-v3.2
    [deepseek-v3.2] 决策: select | 选笑话编号: 2
    评估模型: kimi-k2.5
    [kimi-k2.5] 决策: create | 选笑话编号: None

  Item完成: 耗时55.0s | 总耗时935.9min
  速率限制器状态: 可用令牌=48.0/48
  已保存中间结果 (960 条)

============================================================
处理 zh_2062... (961/1174)

  质量组: high (4个候选笑话)
    评估模型: qwen3-max
    [qwen3-max] 决策: select | 选笑话编号: 4
    评估模型: deepseek-v3.2
    [deepseek-v3.2] 决策: select | 选笑话编号: 4
    评估模型: kimi-k2.5
    [kimi-k2.5] 决策: create | 选笑话编号: None

  质量组: medium (4个候选笑话)
    评估模型: qwen3-max
    [qwen3-max] 决策: select | 选笑话编号: 2
    评估模型: deepseek-v3.2
    [deepseek-v3.2] 决策: create | 选笑话编号: None
    评估模型: kimi-k2.5
    [kimi-k2.5] 决策: create | 选笑话编号: None

  质量组: low (4个候选笑话)
    评估模型: qwen3-max
    [qwen3-max] 决策: select | 选笑话编号: 1
    评估模型: deepseek-v3.2
    [deepseek-v3.2] 决策: select | 选笑话编号: 1
    评估模型: kimi-k2.5
    [kimi-k2.5] 决策: create | 选笑话编号: None

  Item完成: 耗时62.8s | 总耗时937.0min
  速率限制器状态: 可用令牌=48.0/48
  已保存中间结果 (961 条)

============================================================
处理 zh_2063... (962/1174)

  质量组: high (4个候选笑话)
    评估模型: qwen3-max
    [qwen3-max] 决策: select | 选笑话编号: 2
    评估模型: deepseek-v3.2
    [deepseek-v3.2] 决策: select | 选笑话编号: 2
    评估模型: kimi-k2.5
    [kimi-k2.5] 决策: create | 选笑话编号: None

  质量组: medium (4个候选笑话)
    评估模型: qwen3-max
    [qwen3-max] 决策: create | 选笑话编号: None
    评估模型: deepseek-v3.2
    [deepseek-v3.2] 决策: select | 选笑话编号: 2
    评估模型: kimi-k2.5
    [kimi-k2.5] 决策: create | 选笑话编号: None

  质量组: low (4个候选笑话)
    评估模型: qwen3-max
    [qwen3-max] 决策: select | 选笑话编号: 1
    评估模型: deepseek-v3.2
    [deepseek-v3.2] 决策: create | 选笑话编号: None
    评估模型: kimi-k2.5
    [kimi-k2.5] 决策: create | 选笑话编号: None

  Item完成: 耗时52.7s | 总耗时937.8min
  速率限制器状态: 可用令牌=48.0/48
  已保存中间结果 (962 条)

============================================================
处理 zh_2064... (963/1174)

  质量组: high (4个候选笑话)
    评估模型: qwen3-max
    [qwen3-max] 决策: select | 选笑话编号: 2
    评估模型: deepseek-v3.2
    [deepseek-v3.2] 决策: select | 选笑话编号: 2
    评估模型: kimi-k2.5
    [kimi-k2.5] 决策: create | 选笑话编号: None

  质量组: medium (4个候选笑话)
    评估模型: qwen3-max
    [qwen3-max] 决策: select | 选笑话编号: 1
    评估模型: deepseek-v3.2
    [deepseek-v3.2] 决策: select | 选笑话编号: 4
    评估模型: kimi-k2.5
    [kimi-k2.5] 决策: create | 选笑话编号: None

  质量组: low (4个候选笑话)
    评估模型: qwen3-max
    [qwen3-max] 决策: select | 选笑话编号: 2
    评估模型: deepseek-v3.2
    [deepseek-v3.2] 决策: select | 选笑话编号: 1
    评估模型: kimi-k2.5
    [kimi-k2.5] 决策: create | 选笑话编号: None

  Item完成: 耗时57.7s | 总耗时938.8min
  速率限制器状态: 可用令牌=48.0/48
  已保存中间结果 (963 条)

============================================================
处理 zh_2065... (964/1174)

  质量组: high (4个候选笑话)
    评估模型: qwen3-max
    [qwen3-max] 决策: select | 选笑话编号: 2
    评估模型: deepseek-v3.2
    [deepseek-v3.2] 决策: select | 选笑话编号: 2
    评估模型: kimi-k2.5
    [kimi-k2.5] 决策: select | 选笑话编号: 2

  质量组: medium (4个候选笑话)
    评估模型: qwen3-max
    [qwen3-max] 决策: select | 选笑话编号: 1
    评估模型: deepseek-v3.2
    [deepseek-v3.2] 决策: select | 选笑话编号: 1
    评估模型: kimi-k2.5
    [kimi-k2.5] 决策: create | 选笑话编号: None

  质量组: low (4个候选笑话)
    评估模型: qwen3-max
    [qwen3-max] 决策: select | 选笑话编号: 2
    评估模型: deepseek-v3.2
    [deepseek-v3.2] 决策: select | 选笑话编号: 2
    评估模型: kimi-k2.5
    [kimi-k2.5] 决策: create | 选笑话编号: None

  Item完成: 耗时52.0s | 总耗时939.7min
  速率限制器状态: 可用令牌=48.0/48
  已保存中间结果 (964 条)

============================================================
处理 zh_2066... (965/1174)

  质量组: high (4个候选笑话)
    评估模型: qwen3-max
    [qwen3-max] 决策: select | 选笑话编号: 2
    评估模型: deepseek-v3.2
    [deepseek-v3.2] 决策: select | 选笑话编号: 2
    评估模型: kimi-k2.5
    [kimi-k2.5] 决策: select | 选笑话编号: 2

  质量组: medium (4个候选笑话)
    评估模型: qwen3-max
    [qwen3-max] 决策: select | 选笑话编号: 1
    评估模型: deepseek-v3.2
    [deepseek-v3.2] 决策: select | 选笑话编号: 1
    评估模型: kimi-k2.5
    [kimi-k2.5] 决策: create | 选笑话编号: None

  质量组: low (4个候选笑话)
    评估模型: qwen3-max
    [qwen3-max] 决策: create | 选笑话编号: None
    评估模型: deepseek-v3.2
    [deepseek-v3.2] 决策: create | 选笑话编号: None
    评估模型: kimi-k2.5
    [kimi-k2.5] 决策: create | 选笑话编号: None

  Item完成: 耗时63.3s | 总耗时940.7min
  速率限制器状态: 可用令牌=48.0/48
  已保存中间结果 (965 条)

============================================================
处理 zh_2067... (966/1174)

  质量组: high (4个候选笑话)
    评估模型: qwen3-max
    [qwen3-max] 决策: select | 选笑话编号: 2
    评估模型: deepseek-v3.2
    [deepseek-v3.2] 决策: select | 选笑话编号: 1
    评估模型: kimi-k2.5
    [kimi-k2.5] 决策: create | 选笑话编号: None

  质量组: medium (4个候选笑话)
    评估模型: qwen3-max
    [qwen3-max] 决策: select | 选笑话编号: 1
    评估模型: deepseek-v3.2
    [deepseek-v3.2] 决策: select | 选笑话编号: 1
    评估模型: kimi-k2.5
    [kimi-k2.5] 决策: create | 选笑话编号: None

  质量组: low (4个候选笑话)
    评估模型: qwen3-max
    [qwen3-max] 决策: select | 选笑话编号: 1
    评估模型: deepseek-v3.2
    [deepseek-v3.2] 决策: select | 选笑话编号: 4
    评估模型: kimi-k2.5
    [kimi-k2.5] 决策: create | 选笑话编号: None

  Item完成: 耗时60.9s | 总耗时941.8min
  速率限制器状态: 可用令牌=48.0/48
  已保存中间结果 (966 条)

============================================================
处理 zh_2068... (967/1174)

  质量组: high (4个候选笑话)
    评估模型: qwen3-max
    [qwen3-max] 决策: select | 选笑话编号: 2
    评估模型: deepseek-v3.2
    [deepseek-v3.2] 决策: select | 选笑话编号: 2
    评估模型: kimi-k2.5
    [API] JSON解析失败: JSON解析失败: Expecting ',' delimiter: line 4 column 33 (char 90), model=kimi-k2.5
    [kimi-k2.5] 决策:  | 选笑话编号: ?

  质量组: medium (4个候选笑话)
    评估模型: qwen3-max
    [qwen3-max] 决策: select | 选笑话编号: 2
    评估模型: deepseek-v3.2
    [deepseek-v3.2] 决策: select | 选笑话编号: 2
    评估模型: kimi-k2.5
    [kimi-k2.5] 决策: create | 选笑话编号: None

  质量组: low (4个候选笑话)
    评估模型: qwen3-max
    [qwen3-max] 决策: create | 选笑话编号: None
    评估模型: deepseek-v3.2
    [deepseek-v3.2] 决策: create | 选笑话编号: None
    评估模型: kimi-k2.5
    [kimi-k2.5] 决策: create | 选笑话编号: None

  Item完成: 耗时54.4s | 总耗时942.7min
  速率限制器状态: 可用令牌=48.0/48
  已保存中间结果 (967 条)

============================================================
处理 zh_2069... (968/1174)

  质量组: high (4个候选笑话)
    评估模型: qwen3-max
    [qwen3-max] 决策: select | 选笑话编号: 1
    评估模型: deepseek-v3.2
    [deepseek-v3.2] 决策: select | 选笑话编号: 2
    评估模型: kimi-k2.5
    [kimi-k2.5] 决策: create | 选笑话编号: None

  质量组: medium (4个候选笑话)
    评估模型: qwen3-max
    [qwen3-max] 决策: select | 选笑话编号: 1
    评估模型: deepseek-v3.2
    [deepseek-v3.2] 决策: select | 选笑话编号: 2
    评估模型: kimi-k2.5
    [kimi-k2.5] 决策: create | 选笑话编号: None

  质量组: low (4个候选笑话)
    评估模型: qwen3-max
    [qwen3-max] 决策: select | 选笑话编号: 2
    评估模型: deepseek-v3.2
    [deepseek-v3.2] 决策: select | 选笑话编号: 1
    评估模型: kimi-k2.5
    [kimi-k2.5] 决策: create | 选笑话编号: None

  Item完成: 耗时57.3s | 总耗时943.6min
  速率限制器状态: 可用令牌=48.0/48
  已保存中间结果 (968 条)

============================================================
处理 zh_2070... (969/1174)

  质量组: high (4个候选笑话)
    评估模型: qwen3-max
    [qwen3-max] 决策: select | 选笑话编号: 2
    评估模型: deepseek-v3.2
    [deepseek-v3.2] 决策: select | 选笑话编号: 3
    评估模型: kimi-k2.5
    [API] JSON解析失败: JSON解析失败: Expecting ',' delimiter: line 4 column 105 (char 162), model=kimi-k2.5
    [kimi-k2.5] 决策:  | 选笑话编号: ?

  质量组: medium (4个候选笑话)
    评估模型: qwen3-max
    [qwen3-max] 决策: select | 选笑话编号: 4
    评估模型: deepseek-v3.2
    [deepseek-v3.2] 决策: select | 选笑话编号: 4
    评估模型: kimi-k2.5
    [API] JSON解析失败: JSON解析失败: Expecting ',' delimiter: line 4 column 87 (char 144), model=kimi-k2.5
    [kimi-k2.5] 决策:  | 选笑话编号: ?

  质量组: low (4个候选笑话)
    评估模型: qwen3-max
    [qwen3-max] 决策: create | 选笑话编号: None
    评估模型: deepseek-v3.2
    [deepseek-v3.2] 决策: create | 选笑话编号: None
    评估模型: kimi-k2.5
    [kimi-k2.5] 决策: create | 选笑话编号: None

  Item完成: 耗时54.1s | 总耗时944.5min
  速率限制器状态: 可用令牌=48.0/48
  已保存中间结果 (969 条)

============================================================
处理 zh_2071... (970/1174)

  质量组: high (4个候选笑话)
    评估模型: qwen3-max
    [qwen3-max] 决策: create | 选笑话编号: None
    评估模型: deepseek-v3.2
    [deepseek-v3.2] 决策: select | 选笑话编号: 2
    评估模型: kimi-k2.5
    [kimi-k2.5] 决策: create | 选笑话编号: None

  质量组: medium (4个候选笑话)
    评估模型: qwen3-max
    [qwen3-max] 决策: select | 选笑话编号: 4
    评估模型: deepseek-v3.2
    [deepseek-v3.2] 决策: select | 选笑话编号: 4
    评估模型: kimi-k2.5
    [kimi-k2.5] 决策: select | 选笑话编号: 4

  质量组: low (4个候选笑话)
    评估模型: qwen3-max
    [qwen3-max] 决策: select | 选笑话编号: 1
    评估模型: deepseek-v3.2
    [deepseek-v3.2] 决策: create | 选笑话编号: None
    评估模型: kimi-k2.5
    [kimi-k2.5] 决策: create | 选笑话编号: None

  Item完成: 耗时64.5s | 总耗时945.6min
  速率限制器状态: 可用令牌=48.0/48
  已保存中间结果 (970 条)

============================================================
处理 zh_2072... (971/1174)

  质量组: high (4个候选笑话)
    评估模型: qwen3-max
    [qwen3-max] 决策: select | 选笑话编号: 2
    评估模型: deepseek-v3.2
    [deepseek-v3.2] 决策: select | 选笑话编号: 2
    评估模型: kimi-k2.5
    [kimi-k2.5] 决策: create | 选笑话编号: None

  质量组: medium (4个候选笑话)
    评估模型: qwen3-max
    [qwen3-max] 决策: select | 选笑话编号: 1
    评估模型: deepseek-v3.2
    [deepseek-v3.2] 决策: select | 选笑话编号: 2
    评估模型: kimi-k2.5
    [kimi-k2.5] 决策: create | 选笑话编号: None

  质量组: low (4个候选笑话)
    评估模型: qwen3-max
    [qwen3-max] 决策: create | 选笑话编号: None
    评估模型: deepseek-v3.2
    [deepseek-v3.2] 决策: select | 选笑话编号: 1
    评估模型: kimi-k2.5
    [kimi-k2.5] 决策: create | 选笑话编号: None

  Item完成: 耗时50.1s | 总耗时946.5min
  速率限制器状态: 可用令牌=48.0/48
  已保存中间结果 (971 条)

============================================================
处理 zh_2073... (972/1174)

  质量组: high (4个候选笑话)
    评估模型: qwen3-max
    [qwen3-max] 决策: select | 选笑话编号: 2
    评估模型: deepseek-v3.2
    [deepseek-v3.2] 决策: select | 选笑话编号: 1
    评估模型: kimi-k2.5
    [kimi-k2.5] 决策: create | 选笑话编号: None

  质量组: medium (4个候选笑话)
    评估模型: qwen3-max
    [qwen3-max] 决策: select | 选笑话编号: 1
    评估模型: deepseek-v3.2
    [deepseek-v3.2] 决策: select | 选笑话编号: 1
    评估模型: kimi-k2.5
    [kimi-k2.5] 决策: create | 选笑话编号: None

  质量组: low (4个候选笑话)
    评估模型: qwen3-max
    [qwen3-max] 决策: create | 选笑话编号: None
    评估模型: deepseek-v3.2
    [deepseek-v3.2] 决策: select | 选笑话编号: 1
    评估模型: kimi-k2.5
    [kimi-k2.5] 决策: create | 选笑话编号: None

  Item完成: 耗时68.4s | 总耗时947.6min
  速率限制器状态: 可用令牌=48.0/48
  已保存中间结果 (972 条)

============================================================
处理 zh_2074... (973/1174)

  质量组: high (4个候选笑话)
    评估模型: qwen3-max
    [qwen3-max] 决策: select | 选笑话编号: 2
    评估模型: deepseek-v3.2
    [deepseek-v3.2] 决策: select | 选笑话编号: 2
    评估模型: kimi-k2.5
    [kimi-k2.5] 决策: select | 选笑话编号: 2

  质量组: medium (4个候选笑话)
    评估模型: qwen3-max
    [qwen3-max] 决策: select | 选笑话编号: 2
    评估模型: deepseek-v3.2
    [deepseek-v3.2] 决策: select | 选笑话编号: 2
    评估模型: kimi-k2.5
    [kimi-k2.5] 决策: create | 选笑话编号: None

  质量组: low (4个候选笑话)
    评估模型: qwen3-max
    [qwen3-max] 决策: create | 选笑话编号: None
    评估模型: deepseek-v3.2
    [deepseek-v3.2] 决策: select | 选笑话编号: 2
    评估模型: kimi-k2.5
    [kimi-k2.5] 决策: create | 选笑话编号: None

  Item完成: 耗时54.0s | 总耗时948.5min
  速率限制器状态: 可用令牌=48.0/48
  已保存中间结果 (973 条)

============================================================
处理 zh_2075... (974/1174)

  质量组: high (4个候选笑话)
    评估模型: qwen3-max
    [qwen3-max] 决策: select | 选笑话编号: 3
    评估模型: deepseek-v3.2
    [deepseek-v3.2] 决策: select | 选笑话编号: 3
    评估模型: kimi-k2.5
    [kimi-k2.5] 决策: create | 选笑话编号: None

  质量组: medium (4个候选笑话)
    评估模型: qwen3-max
    [qwen3-max] 决策: select | 选笑话编号: 2
    评估模型: deepseek-v3.2
    [deepseek-v3.2] 决策: select | 选笑话编号: 2
    评估模型: kimi-k2.5
    [kimi-k2.5] 决策: select | 选笑话编号: 2

  质量组: low (4个候选笑话)
    评估模型: qwen3-max
    [qwen3-max] 决策: select | 选笑话编号: 1
    评估模型: deepseek-v3.2
    [deepseek-v3.2] 决策: select | 选笑话编号: 1
    评估模型: kimi-k2.5
    [kimi-k2.5] 决策: create | 选笑话编号: None

  Item完成: 耗时70.5s | 总耗时949.7min
  速率限制器状态: 可用令牌=48.0/48
  已保存中间结果 (974 条)

============================================================
处理 zh_2076... (975/1174)

  质量组: high (4个候选笑话)
    评估模型: qwen3-max
    [qwen3-max] 决策: select | 选笑话编号: 1
    评估模型: deepseek-v3.2
    [deepseek-v3.2] 决策: select | 选笑话编号: 1
    评估模型: kimi-k2.5
    [kimi-k2.5] 决策: create | 选笑话编号: None

  质量组: medium (4个候选笑话)
    评估模型: qwen3-max
    [qwen3-max] 决策: select | 选笑话编号: 2
    评估模型: deepseek-v3.2
    [deepseek-v3.2] 决策: select | 选笑话编号: 4
    评估模型: kimi-k2.5
    [kimi-k2.5] 决策: create | 选笑话编号: None

  质量组: low (4个候选笑话)
    评估模型: qwen3-max
    [qwen3-max] 决策: select | 选笑话编号: 1
    评估模型: deepseek-v3.2
    [deepseek-v3.2] 决策: select | 选笑话编号: 1
    评估模型: kimi-k2.5
    [kimi-k2.5] 决策: create | 选笑话编号: None

  Item完成: 耗时54.4s | 总耗时950.6min
  速率限制器状态: 可用令牌=48.0/48
  已保存中间结果 (975 条)

============================================================
处理 zh_2077... (976/1174)

  质量组: high (4个候选笑话)
    评估模型: qwen3-max
    [qwen3-max] 决策: select | 选笑话编号: 1
    评估模型: deepseek-v3.2
    [deepseek-v3.2] 决策: select | 选笑话编号: 1
    评估模型: kimi-k2.5
    [kimi-k2.5] 决策: create | 选笑话编号: None

  质量组: medium (4个候选笑话)
    评估模型: qwen3-max
    [qwen3-max] 决策: select | 选笑话编号: 2
    评估模型: deepseek-v3.2
    [deepseek-v3.2] 决策: select | 选笑话编号: 1
    评估模型: kimi-k2.5
    [kimi-k2.5] 决策: create | 选笑话编号: None

  质量组: low (4个候选笑话)
    评估模型: qwen3-max
    [qwen3-max] 决策: create | 选笑话编号: None
    评估模型: deepseek-v3.2
    [deepseek-v3.2] 决策: select | 选笑话编号: 4
    评估模型: kimi-k2.5
    [kimi-k2.5] 决策: create | 选笑话编号: None

  Item完成: 耗时58.3s | 总耗时951.6min
  速率限制器状态: 可用令牌=48.0/48
  已保存中间结果 (976 条)

============================================================
处理 zh_2078... (977/1174)

  质量组: high (4个候选笑话)
    评估模型: qwen3-max
    [qwen3-max] 决策: select | 选笑话编号: 2
    评估模型: deepseek-v3.2
    [deepseek-v3.2] 决策: select | 选笑话编号: 2
    评估模型: kimi-k2.5
    [kimi-k2.5] 决策: create | 选笑话编号: None

  质量组: medium (4个候选笑话)
    评估模型: qwen3-max
    [qwen3-max] 决策: select | 选笑话编号: 2
    评估模型: deepseek-v3.2
    [deepseek-v3.2] 决策: select | 选笑话编号: 2
    评估模型: kimi-k2.5
    [kimi-k2.5] 决策: create | 选笑话编号: None

  质量组: low (4个候选笑话)
    评估模型: qwen3-max
    [qwen3-max] 决策: create | 选笑话编号: None
    评估模型: deepseek-v3.2
    [deepseek-v3.2] 决策: select | 选笑话编号: 1
    评估模型: kimi-k2.5
    [API] JSON解析失败: JSON解析失败: Expecting ',' delimiter: line 4 column 83 (char 140), model=kimi-k2.5
    [kimi-k2.5] 决策:  | 选笑话编号: ?

  Item完成: 耗时51.5s | 总耗时952.5min
  速率限制器状态: 可用令牌=48.0/48
  已保存中间结果 (977 条)

============================================================
处理 zh_2079... (978/1174)

  质量组: high (4个候选笑话)
    评估模型: qwen3-max
    [qwen3-max] 决策: select | 选笑话编号: 2
    评估模型: deepseek-v3.2
    [deepseek-v3.2] 决策: select | 选笑话编号: 4
    评估模型: kimi-k2.5
    [kimi-k2.5] 决策: create | 选笑话编号: None

  质量组: medium (4个候选笑话)
    评估模型: qwen3-max
    [qwen3-max] 决策: select | 选笑话编号: 2
    评估模型: deepseek-v3.2
    [deepseek-v3.2] 决策: select | 选笑话编号: 4
    评估模型: kimi-k2.5
    [kimi-k2.5] 决策: create | 选笑话编号: None

  质量组: low (4个候选笑话)
    评估模型: qwen3-max
    [qwen3-max] 决策: create | 选笑话编号: None
    评估模型: deepseek-v3.2
    [deepseek-v3.2] 决策: select | 选笑话编号: 2
    评估模型: kimi-k2.5
    [kimi-k2.5] 决策: create | 选笑话编号: None

  Item完成: 耗时59.5s | 总耗时953.5min
  速率限制器状态: 可用令牌=48.0/48
  已保存中间结果 (978 条)

============================================================
处理 zh_2080... (979/1174)

  质量组: high (4个候选笑话)
    评估模型: qwen3-max
    [qwen3-max] 决策: select | 选笑话编号: 2
    评估模型: deepseek-v3.2
    [deepseek-v3.2] 决策: select | 选笑话编号: 4
    评估模型: kimi-k2.5
    [kimi-k2.5] 决策: create | 选笑话编号: None

  质量组: medium (4个候选笑话)
    评估模型: qwen3-max
    [qwen3-max] 决策: create | 选笑话编号: None
    评估模型: deepseek-v3.2
    [deepseek-v3.2] 决策: select | 选笑话编号: 2
    评估模型: kimi-k2.5
    [kimi-k2.5] 决策: create | 选笑话编号: None

  质量组: low (4个候选笑话)
    评估模型: qwen3-max
    [qwen3-max] 决策: select | 选笑话编号: 1
    评估模型: deepseek-v3.2
    [deepseek-v3.2] 决策: create | 选笑话编号: None
    评估模型: kimi-k2.5
    [kimi-k2.5] 决策: create | 选笑话编号: None

  Item完成: 耗时55.0s | 总耗时954.4min
  速率限制器状态: 可用令牌=48.0/48
  已保存中间结果 (979 条)

============================================================
处理 zh_2081... (980/1174)

  质量组: high (4个候选笑话)
    评估模型: qwen3-max
    [qwen3-max] 决策: select | 选笑话编号: 2
    评估模型: deepseek-v3.2
    [deepseek-v3.2] 决策: select | 选笑话编号: 2
    评估模型: kimi-k2.5
    [API] JSON解析失败: JSON解析失败: Expecting ',' delimiter: line 4 column 35 (char 92), model=kimi-k2.5
    [kimi-k2.5] 决策:  | 选笑话编号: ?

  质量组: medium (4个候选笑话)
    评估模型: qwen3-max
    [qwen3-max] 决策: select | 选笑话编号: 4
    评估模型: deepseek-v3.2
    [deepseek-v3.2] 决策: select | 选笑话编号: 4
    评估模型: kimi-k2.5
    [kimi-k2.5] 决策: select | 选笑话编号: 4

  质量组: low (4个候选笑话)
    评估模型: qwen3-max
    [qwen3-max] 决策: create | 选笑话编号: None
    评估模型: deepseek-v3.2
    [deepseek-v3.2] 决策: select | 选笑话编号: 1
    评估模型: kimi-k2.5
    [API] JSON解析失败: JSON解析失败: Expecting ',' delimiter: line 5 column 26 (char 189), model=kimi-k2.5
    [kimi-k2.5] 决策:  | 选笑话编号: ?

  Item完成: 耗时55.9s | 总耗时955.3min
  速率限制器状态: 可用令牌=48.0/48
  已保存中间结果 (980 条)

============================================================
处理 zh_2082... (981/1174)

  质量组: high (4个候选笑话)
    评估模型: qwen3-max
    [qwen3-max] 决策: select | 选笑话编号: 2
    评估模型: deepseek-v3.2
    [deepseek-v3.2] 决策: select | 选笑话编号: 3
    评估模型: kimi-k2.5
    [kimi-k2.5] 决策: select | 选笑话编号: 3

  质量组: medium (4个候选笑话)
    评估模型: qwen3-max
    [qwen3-max] 决策: select | 选笑话编号: 1
    评估模型: deepseek-v3.2
    [deepseek-v3.2] 决策: select | 选笑话编号: 4
    评估模型: kimi-k2.5
    [kimi-k2.5] 决策: create | 选笑话编号: None

  质量组: low (4个候选笑话)
    评估模型: qwen3-max
    [qwen3-max] 决策: create | 选笑话编号: None
    评估模型: deepseek-v3.2
    [deepseek-v3.2] 决策: create | 选笑话编号: None
    评估模型: kimi-k2.5
    [kimi-k2.5] 决策: create | 选笑话编号: None

  Item完成: 耗时55.6s | 总耗时956.3min
  速率限制器状态: 可用令牌=48.0/48
  已保存中间结果 (981 条)

============================================================
处理 zh_2083... (982/1174)

  质量组: high (4个候选笑话)
    评估模型: qwen3-max
    [qwen3-max] 决策: select | 选笑话编号: 1
    评估模型: deepseek-v3.2
    [deepseek-v3.2] 决策: select | 选笑话编号: 4
    评估模型: kimi-k2.5
    [kimi-k2.5] 决策: create | 选笑话编号: None

  质量组: medium (4个候选笑话)
    评估模型: qwen3-max
    [qwen3-max] 决策: select | 选笑话编号: 2
    评估模型: deepseek-v3.2
    [deepseek-v3.2] 决策: select | 选笑话编号: 4
    评估模型: kimi-k2.5
    [kimi-k2.5] 决策: create | 选笑话编号: None

  质量组: low (4个候选笑话)
    评估模型: qwen3-max
    [qwen3-max] 决策: select | 选笑话编号: 1
    评估模型: deepseek-v3.2
    [deepseek-v3.2] 决策: select | 选笑话编号: 1
    评估模型: kimi-k2.5
    [kimi-k2.5] 决策: create | 选笑话编号: None

  Item完成: 耗时52.6s | 总耗时957.1min
  速率限制器状态: 可用令牌=48.0/48
  已保存中间结果 (982 条)

============================================================
处理 zh_2084... (983/1174)

  质量组: high (4个候选笑话)
    评估模型: qwen3-max
    [qwen3-max] 决策: select | 选笑话编号: 2
    评估模型: deepseek-v3.2
    [deepseek-v3.2] 决策: select | 选笑话编号: 2
    评估模型: kimi-k2.5
    [kimi-k2.5] 决策: create | 选笑话编号: None

  质量组: medium (4个候选笑话)
    评估模型: qwen3-max
    [qwen3-max] 决策: select | 选笑话编号: 2
    评估模型: deepseek-v3.2
    [deepseek-v3.2] 决策: select | 选笑话编号: 4
    评估模型: kimi-k2.5
    [kimi-k2.5] 决策: create | 选笑话编号: None

  质量组: low (4个候选笑话)
    评估模型: qwen3-max
    [qwen3-max] 决策: create | 选笑话编号: None
    评估模型: deepseek-v3.2
    [deepseek-v3.2] 决策: select | 选笑话编号: 1
    评估模型: kimi-k2.5
    [kimi-k2.5] 决策: create | 选笑话编号: None

  Item完成: 耗时58.6s | 总耗时958.1min
  速率限制器状态: 可用令牌=48.0/48
  已保存中间结果 (983 条)

============================================================
处理 zh_2085... (984/1174)

  质量组: high (4个候选笑话)
    评估模型: qwen3-max
    [qwen3-max] 决策: select | 选笑话编号: 3
    评估模型: deepseek-v3.2
    [deepseek-v3.2] 决策: select | 选笑话编号: 2
    评估模型: kimi-k2.5
    [API] JSON解析失败: JSON解析失败: Expecting ',' delimiter: line 5 column 34 (char 247), model=kimi-k2.5
    [kimi-k2.5] 决策:  | 选笑话编号: ?

  质量组: medium (4个候选笑话)
    评估模型: qwen3-max
    [qwen3-max] 决策: select | 选笑话编号: 4
    评估模型: deepseek-v3.2
    [deepseek-v3.2] 决策: select | 选笑话编号: 4
    评估模型: kimi-k2.5
    [API] JSON解析失败: JSON解析失败: Expecting ',' delimiter: line 5 column 21 (char 214), model=kimi-k2.5
    [kimi-k2.5] 决策:  | 选笑话编号: ?

  质量组: low (4个候选笑话)
    评估模型: qwen3-max
    [qwen3-max] 决策: create | 选笑话编号: None
    评估模型: deepseek-v3.2
    [deepseek-v3.2] 决策: select | 选笑话编号: 2
    评估模型: kimi-k2.5
    [kimi-k2.5] 决策: create | 选笑话编号: None

  Item完成: 耗时56.2s | 总耗时959.1min
  速率限制器状态: 可用令牌=48.0/48
  已保存中间结果 (984 条)

============================================================
处理 zh_2086... (985/1174)

  质量组: high (4个候选笑话)
    评估模型: qwen3-max
    [qwen3-max] 决策: select | 选笑话编号: 4
    评估模型: deepseek-v3.2
    [deepseek-v3.2] 决策: select | 选笑话编号: 2
    评估模型: kimi-k2.5
    [kimi-k2.5] 决策: create | 选笑话编号: None

  质量组: medium (4个候选笑话)
    评估模型: qwen3-max
    [qwen3-max] 决策: create | 选笑话编号: None
    评估模型: deepseek-v3.2
    [deepseek-v3.2] 决策: select | 选笑话编号: 4
    评估模型: kimi-k2.5
    [kimi-k2.5] 决策: create | 选笑话编号: None

  质量组: low (4个候选笑话)
    评估模型: qwen3-max
    [qwen3-max] 决策: create | 选笑话编号: None
    评估模型: deepseek-v3.2
    [deepseek-v3.2] 决策: create | 选笑话编号: None
    评估模型: kimi-k2.5
    [kimi-k2.5] 决策: create | 选笑话编号: None

  Item完成: 耗时62.6s | 总耗时960.1min
  速率限制器状态: 可用令牌=48.0/48
  已保存中间结果 (985 条)

============================================================
处理 zh_2087... (986/1174)

  质量组: high (4个候选笑话)
    评估模型: qwen3-max
    [qwen3-max] 决策: select | 选笑话编号: 3
    评估模型: deepseek-v3.2
    [deepseek-v3.2] 决策: select | 选笑话编号: 3
    评估模型: kimi-k2.5
    [kimi-k2.5] 决策: create | 选笑话编号: None

  质量组: medium (4个候选笑话)
    评估模型: qwen3-max
    [qwen3-max] 决策: select | 选笑话编号: 2
    评估模型: deepseek-v3.2
    [deepseek-v3.2] 决策: select | 选笑话编号: 2
    评估模型: kimi-k2.5
    [kimi-k2.5] 决策: create | 选笑话编号: None

  质量组: low (4个候选笑话)
    评估模型: qwen3-max
    [qwen3-max] 决策: create | 选笑话编号: None
    评估模型: deepseek-v3.2
    [deepseek-v3.2] 决策: select | 选笑话编号: 2
    评估模型: kimi-k2.5
    [kimi-k2.5] 决策: create | 选笑话编号: None

  Item完成: 耗时51.2s | 总耗时961.0min
  速率限制器状态: 可用令牌=48.0/48
  已保存中间结果 (986 条)

============================================================
处理 zh_2088... (987/1174)

  质量组: high (4个候选笑话)
    评估模型: qwen3-max
    [qwen3-max] 决策: select | 选笑话编号: 4
    评估模型: deepseek-v3.2
    [deepseek-v3.2] 决策: select | 选笑话编号: 3
    评估模型: kimi-k2.5
    [kimi-k2.5] 决策: create | 选笑话编号: None

  质量组: medium (4个候选笑话)
    评估模型: qwen3-max
    [qwen3-max] 决策: select | 选笑话编号: 2
    评估模型: deepseek-v3.2
    [deepseek-v3.2] 决策: select | 选笑话编号: 4
    评估模型: kimi-k2.5
    [API] JSON解析失败: JSON解析失败: Expecting ',' delimiter: line 5 column 50 (char 216), model=kimi-k2.5
    [kimi-k2.5] 决策:  | 选笑话编号: ?

  质量组: low (4个候选笑话)
    评估模型: qwen3-max
    [qwen3-max] 决策: create | 选笑话编号: None
    评估模型: deepseek-v3.2
    [deepseek-v3.2] 决策: select | 选笑话编号: 1
    评估模型: kimi-k2.5
    [kimi-k2.5] 决策: create | 选笑话编号: None

  Item完成: 耗时59.1s | 总耗时962.0min
  速率限制器状态: 可用令牌=48.0/48
  已保存中间结果 (987 条)

============================================================
处理 zh_2089... (988/1174)

  质量组: high (4个候选笑话)
    评估模型: qwen3-max
    [qwen3-max] 决策: select | 选笑话编号: 1
    评估模型: deepseek-v3.2
    [deepseek-v3.2] 决策: select | 选笑话编号: 2
    评估模型: kimi-k2.5
    [kimi-k2.5] 决策: create | 选笑话编号: None

  质量组: medium (4个候选笑话)
    评估模型: qwen3-max
    [qwen3-max] 决策: select | 选笑话编号: 2
    评估模型: deepseek-v3.2
    [deepseek-v3.2] 决策: select | 选笑话编号: 2
    评估模型: kimi-k2.5
    [kimi-k2.5] 决策: create | 选笑话编号: None

  质量组: low (4个候选笑话)
    评估模型: qwen3-max
    [qwen3-max] 决策: create | 选笑话编号: None
    评估模型: deepseek-v3.2
    [deepseek-v3.2] 决策: select | 选笑话编号: 1
    评估模型: kimi-k2.5
    [kimi-k2.5] 决策: create | 选笑话编号: None

  Item完成: 耗时60.8s | 总耗时963.0min
  速率限制器状态: 可用令牌=48.0/48
  已保存中间结果 (988 条)

============================================================
处理 zh_2090... (989/1174)

  质量组: high (4个候选笑话)
    评估模型: qwen3-max
    [qwen3-max] 决策: select | 选笑话编号: 3
    评估模型: deepseek-v3.2
    [deepseek-v3.2] 决策: select | 选笑话编号: 3
    评估模型: kimi-k2.5
    [kimi-k2.5] 决策: select | 选笑话编号: 3

  质量组: medium (4个候选笑话)
    评估模型: qwen3-max
    [qwen3-max] 决策: select | 选笑话编号: 1
    评估模型: deepseek-v3.2
    [deepseek-v3.2] 决策: select | 选笑话编号: 1
    评估模型: kimi-k2.5
    [kimi-k2.5] 决策: select | 选笑话编号: 1

  质量组: low (4个候选笑话)
    评估模型: qwen3-max
    [qwen3-max] 决策: create | 选笑话编号: None
    评估模型: deepseek-v3.2
    [deepseek-v3.2] 决策: create | 选笑话编号: None
    评估模型: kimi-k2.5
    [kimi-k2.5] 决策: create | 选笑话编号: None

  Item完成: 耗时64.8s | 总耗时964.1min
  速率限制器状态: 可用令牌=48.0/48
  已保存中间结果 (989 条)

============================================================
处理 zh_2091... (990/1174)

  质量组: high (4个候选笑话)
    评估模型: qwen3-max
    [qwen3-max] 决策: select | 选笑话编号: 2
    评估模型: deepseek-v3.2
    [deepseek-v3.2] 决策: select | 选笑话编号: 2
    评估模型: kimi-k2.5
    [kimi-k2.5] 决策: create | 选笑话编号: None

  质量组: medium (4个候选笑话)
    评估模型: qwen3-max
    [qwen3-max] 决策: select | 选笑话编号: 2
    评估模型: deepseek-v3.2
    [deepseek-v3.2] 决策: select | 选笑话编号: 4
    评估模型: kimi-k2.5
    [kimi-k2.5] 决策: create | 选笑话编号: None

  质量组: low (4个候选笑话)
    评估模型: qwen3-max
    [qwen3-max] 决策: create | 选笑话编号: None
    评估模型: deepseek-v3.2
    [deepseek-v3.2] 决策: create | 选笑话编号: None
    评估模型: kimi-k2.5
    [kimi-k2.5] 决策: create | 选笑话编号: None

  Item完成: 耗时60.7s | 总耗时965.1min
  速率限制器状态: 可用令牌=48.0/48
  已保存中间结果 (990 条)

============================================================
处理 zh_2092... (991/1174)

  质量组: high (4个候选笑话)
    评估模型: qwen3-max
    [qwen3-max] 决策: select | 选笑话编号: 1
    评估模型: deepseek-v3.2
    [deepseek-v3.2] 决策: select | 选笑话编号: 1
    评估模型: kimi-k2.5
    [kimi-k2.5] 决策: create | 选笑话编号: None

  质量组: medium (4个候选笑话)
    评估模型: qwen3-max
    [qwen3-max] 决策: create | 选笑话编号: None
    评估模型: deepseek-v3.2
    [deepseek-v3.2] 决策: select | 选笑话编号: 2
    评估模型: kimi-k2.5
    [kimi-k2.5] 决策: create | 选笑话编号: None

  质量组: low (4个候选笑话)
    评估模型: qwen3-max
    [qwen3-max] 决策: create | 选笑话编号: None
    评估模型: deepseek-v3.2
    [deepseek-v3.2] 决策: create | 选笑话编号: None
    评估模型: kimi-k2.5
    [kimi-k2.5] 决策: create | 选笑话编号: None

  Item完成: 耗时57.8s | 总耗时966.1min
  速率限制器状态: 可用令牌=48.0/48
  已保存中间结果 (991 条)

============================================================
处理 zh_2093... (992/1174)

  质量组: high (4个候选笑话)
    评估模型: qwen3-max
    [qwen3-max] 决策: select | 选笑话编号: 2
    评估模型: deepseek-v3.2
    [deepseek-v3.2] 决策: select | 选笑话编号: 4
    评估模型: kimi-k2.5
    [kimi-k2.5] 决策: create | 选笑话编号: None

  质量组: medium (4个候选笑话)
    评估模型: qwen3-max
    [qwen3-max] 决策: select | 选笑话编号: 1
    评估模型: deepseek-v3.2
    [deepseek-v3.2] 决策: select | 选笑话编号: 4
    评估模型: kimi-k2.5
    [kimi-k2.5] 决策: create | 选笑话编号: None

  质量组: low (4个候选笑话)
    评估模型: qwen3-max
    [qwen3-max] 决策: create | 选笑话编号: None
    评估模型: deepseek-v3.2
    [deepseek-v3.2] 决策: select | 选笑话编号: 4
    评估模型: kimi-k2.5
    [kimi-k2.5] 决策: create | 选笑话编号: None

  Item完成: 耗时57.9s | 总耗时967.0min
  速率限制器状态: 可用令牌=48.0/48
  已保存中间结果 (992 条)

============================================================
处理 zh_2094... (993/1174)

  质量组: high (4个候选笑话)
    评估模型: qwen3-max
    [qwen3-max] 决策: select | 选笑话编号: 2
    评估模型: deepseek-v3.2
    [deepseek-v3.2] 决策: select | 选笑话编号: 2
    评估模型: kimi-k2.5
    [kimi-k2.5] 决策: create | 选笑话编号: None

  质量组: medium (4个候选笑话)
    评估模型: qwen3-max
    [qwen3-max] 决策: select | 选笑话编号: 1
    评估模型: deepseek-v3.2
    [deepseek-v3.2] 决策: select | 选笑话编号: 2
    评估模型: kimi-k2.5
    [kimi-k2.5] 决策: create | 选笑话编号: None

  质量组: low (4个候选笑话)
    评估模型: qwen3-max
    [qwen3-max] 决策: select | 选笑话编号: 1
    评估模型: deepseek-v3.2
    [deepseek-v3.2] 决策: select | 选笑话编号: 1
    评估模型: kimi-k2.5
    [kimi-k2.5] 决策: create | 选笑话编号: None

  Item完成: 耗时64.7s | 总耗时968.1min
  速率限制器状态: 可用令牌=48.0/48
  已保存中间结果 (993 条)

============================================================
处理 zh_2095... (994/1174)

  质量组: high (4个候选笑话)
    评估模型: qwen3-max
    [qwen3-max] 决策: select | 选笑话编号: 2
    评估模型: deepseek-v3.2
    [deepseek-v3.2] 决策: select | 选笑话编号: 2
    评估模型: kimi-k2.5
    [kimi-k2.5] 决策: create | 选笑话编号: None

  质量组: medium (4个候选笑话)
    评估模型: qwen3-max
    [qwen3-max] 决策: select | 选笑话编号: 1
    评估模型: deepseek-v3.2
    [deepseek-v3.2] 决策: select | 选笑话编号: 4
    评估模型: kimi-k2.5
    [kimi-k2.5] 决策: create | 选笑话编号: None

  质量组: low (4个候选笑话)
    评估模型: qwen3-max
    [qwen3-max] 决策: select | 选笑话编号: 1
    评估模型: deepseek-v3.2
    [deepseek-v3.2] 决策: select | 选笑话编号: 3
    评估模型: kimi-k2.5
    [kimi-k2.5] 决策: create | 选笑话编号: None

  Item完成: 耗时61.7s | 总耗时969.2min
  速率限制器状态: 可用令牌=48.0/48
  已保存中间结果 (994 条)

============================================================
处理 zh_2096... (995/1174)

  质量组: high (4个候选笑话)
    评估模型: qwen3-max
    [qwen3-max] 决策: select | 选笑话编号: 2
    评估模型: deepseek-v3.2
    [deepseek-v3.2] 决策: select | 选笑话编号: 2
    评估模型: kimi-k2.5
    [API] JSON解析失败: JSON解析失败: Expecting ',' delimiter: line 4 column 41 (char 95), model=kimi-k2.5
    [kimi-k2.5] 决策:  | 选笑话编号: ?

  质量组: medium (4个候选笑话)
    评估模型: qwen3-max
    [qwen3-max] 决策: select | 选笑话编号: 1
    评估模型: deepseek-v3.2
    [deepseek-v3.2] 决策: select | 选笑话编号: 4
    评估模型: kimi-k2.5
    [API] JSON解析失败: JSON解析失败: Expecting ',' delimiter: line 4 column 48 (char 105), model=kimi-k2.5
    [kimi-k2.5] 决策:  | 选笑话编号: ?

  质量组: low (4个候选笑话)
    评估模型: qwen3-max
    [qwen3-max] 决策: select | 选笑话编号: 4
    评估模型: deepseek-v3.2
    [deepseek-v3.2] 决策: select | 选笑话编号: 4
    评估模型: kimi-k2.5
    [API] JSON解析失败: JSON解析失败: Expecting ',' delimiter: line 4 column 38 (char 95), model=kimi-k2.5
    [kimi-k2.5] 决策:  | 选笑话编号: ?

  Item完成: 耗时53.7s | 总耗时970.1min
  速率限制器状态: 可用令牌=48.0/48
  已保存中间结果 (995 条)

============================================================
处理 zh_2097... (996/1174)

  质量组: high (4个候选笑话)
    评估模型: qwen3-max
    [qwen3-max] 决策: select | 选笑话编号: 4
    评估模型: deepseek-v3.2
    [deepseek-v3.2] 决策: select | 选笑话编号: 4
    评估模型: kimi-k2.5
    [kimi-k2.5] 决策: create | 选笑话编号: None

  质量组: medium (4个候选笑话)
    评估模型: qwen3-max
    [qwen3-max] 决策: select | 选笑话编号: 1
    评估模型: deepseek-v3.2
    [deepseek-v3.2] 决策: select | 选笑话编号: 1
    评估模型: kimi-k2.5
    [kimi-k2.5] 决策: create | 选笑话编号: None

  质量组: low (4个候选笑话)
    评估模型: qwen3-max
    [qwen3-max] 决策: create | 选笑话编号: None
    评估模型: deepseek-v3.2
    [deepseek-v3.2] 决策: select | 选笑话编号: 4
    评估模型: kimi-k2.5
    [kimi-k2.5] 决策: create | 选笑话编号: None

  Item完成: 耗时65.6s | 总耗时971.2min
  速率限制器状态: 可用令牌=48.0/48
  已保存中间结果 (996 条)

============================================================
处理 zh_2098... (997/1174)

  质量组: high (4个候选笑话)
    评估模型: qwen3-max
    [qwen3-max] 决策: select | 选笑话编号: 2
    评估模型: deepseek-v3.2
    [deepseek-v3.2] 决策: select | 选笑话编号: 4
    评估模型: kimi-k2.5
    [kimi-k2.5] 决策: create | 选笑话编号: None

  质量组: medium (4个候选笑话)
    评估模型: qwen3-max
    [qwen3-max] 决策: select | 选笑话编号: 3
    评估模型: deepseek-v3.2
    [deepseek-v3.2] 决策: select | 选笑话编号: 3
    评估模型: kimi-k2.5
    [kimi-k2.5] 决策: create | 选笑话编号: None

  质量组: low (4个候选笑话)
    评估模型: qwen3-max
    [qwen3-max] 决策: create | 选笑话编号: None
    评估模型: deepseek-v3.2
    [deepseek-v3.2] 决策: select | 选笑话编号: 1
    评估模型: kimi-k2.5
    [kimi-k2.5] 决策: create | 选笑话编号: None

  Item完成: 耗时59.5s | 总耗时972.2min
  速率限制器状态: 可用令牌=48.0/48
  已保存中间结果 (997 条)

============================================================
处理 zh_2099... (998/1174)

  质量组: high (4个候选笑话)
    评估模型: qwen3-max
    [qwen3-max] 决策: select | 选笑话编号: 2
    评估模型: deepseek-v3.2
    [deepseek-v3.2] 决策: select | 选笑话编号: 2
    评估模型: kimi-k2.5
    [kimi-k2.5] 决策: create | 选笑话编号: None

  质量组: medium (4个候选笑话)
    评估模型: qwen3-max
    [qwen3-max] 决策: select | 选笑话编号: 1
    评估模型: deepseek-v3.2
    [deepseek-v3.2] 决策: select | 选笑话编号: 1
    评估模型: kimi-k2.5
    [kimi-k2.5] 决策: create | 选笑话编号: None

  质量组: low (4个候选笑话)
    评估模型: qwen3-max
    [qwen3-max] 决策: create | 选笑话编号: None
    评估模型: deepseek-v3.2
    [deepseek-v3.2] 决策: select | 选笑话编号: 1
    评估模型: kimi-k2.5
    [kimi-k2.5] 决策: create | 选笑话编号: None

  Item完成: 耗时64.3s | 总耗时973.2min
  速率限制器状态: 可用令牌=48.0/48
  已保存中间结果 (998 条)

============================================================
处理 zh_2100... (999/1174)

  质量组: high (4个候选笑话)
    评估模型: qwen3-max
    [qwen3-max] 决策: select | 选笑话编号: 2
    评估模型: deepseek-v3.2
    [deepseek-v3.2] 决策: select | 选笑话编号: 2
    评估模型: kimi-k2.5
    [kimi-k2.5] 决策: create | 选笑话编号: None

  质量组: medium (4个候选笑话)
    评估模型: qwen3-max
    [qwen3-max] 决策: select | 选笑话编号: 4
    评估模型: deepseek-v3.2
    [deepseek-v3.2] 决策: select | 选笑话编号: 4
    评估模型: kimi-k2.5
    [kimi-k2.5] 决策: create | 选笑话编号: None

  质量组: low (4个候选笑话)
    评估模型: qwen3-max
    [qwen3-max] 决策: create | 选笑话编号: None
    评估模型: deepseek-v3.2
    [deepseek-v3.2] 决策: select | 选笑话编号: 4
    评估模型: kimi-k2.5
    [kimi-k2.5] 决策: create | 选笑话编号: None

  Item完成: 耗时53.9s | 总耗时974.1min
  速率限制器状态: 可用令牌=48.0/48
  已保存中间结果 (999 条)

============================================================
处理 zh_2101... (1000/1174)

  质量组: high (4个候选笑话)
    评估模型: qwen3-max
    [qwen3-max] 决策: select | 选笑话编号: 4
    评估模型: deepseek-v3.2
    [deepseek-v3.2] 决策: select | 选笑话编号: 4
    评估模型: kimi-k2.5
    [API] JSON解析失败: JSON解析失败: Expecting ',' delimiter: line 4 column 58 (char 115), model=kimi-k2.5
    [kimi-k2.5] 决策:  | 选笑话编号: ?

  质量组: medium (4个候选笑话)
    评估模型: qwen3-max
    [qwen3-max] 决策: select | 选笑话编号: 1
    评估模型: deepseek-v3.2
    [deepseek-v3.2] 决策: select | 选笑话编号: 1
    评估模型: kimi-k2.5
    [kimi-k2.5] 决策: create | 选笑话编号: None

  质量组: low (4个候选笑话)
    评估模型: qwen3-max
    [qwen3-max] 决策: select | 选笑话编号: 1
    评估模型: deepseek-v3.2
    [deepseek-v3.2] 决策: select | 选笑话编号: 1
    评估模型: kimi-k2.5
    [kimi-k2.5] 决策: create | 选笑话编号: None

  Item完成: 耗时61.2s | 总耗时975.2min
  速率限制器状态: 可用令牌=48.0/48
  已保存中间结果 (1000 条)

============================================================
处理 zh_2102... (1001/1174)

  质量组: high (4个候选笑话)
    评估模型: qwen3-max
    [qwen3-max] 决策: select | 选笑话编号: 2
    评估模型: deepseek-v3.2
    [deepseek-v3.2] 决策: select | 选笑话编号: 2
    评估模型: kimi-k2.5
    [kimi-k2.5] 决策: create | 选笑话编号: None

  质量组: medium (4个候选笑话)
    评估模型: qwen3-max
    [qwen3-max] 决策: select | 选笑话编号: 4
    评估模型: deepseek-v3.2
    [deepseek-v3.2] 决策: select | 选笑话编号: 2
    评估模型: kimi-k2.5
    [kimi-k2.5] 决策: create | 选笑话编号: None

  质量组: low (4个候选笑话)
    评估模型: qwen3-max
    [qwen3-max] 决策: select | 选笑话编号: 1
    评估模型: deepseek-v3.2
    [deepseek-v3.2] 决策: select | 选笑话编号: 4
    评估模型: kimi-k2.5
    [kimi-k2.5] 决策: create | 选笑话编号: None

  Item完成: 耗时62.5s | 总耗时976.2min
  速率限制器状态: 可用令牌=48.0/48
  已保存中间结果 (1001 条)

============================================================
处理 zh_2103... (1002/1174)

  质量组: high (4个候选笑话)
    评估模型: qwen3-max
    [qwen3-max] 决策: select | 选笑话编号: 1
    评估模型: deepseek-v3.2
    [deepseek-v3.2] 决策: select | 选笑话编号: 1
    评估模型: kimi-k2.5
    [kimi-k2.5] 决策: select | 选笑话编号: 1

  质量组: medium (4个候选笑话)
    评估模型: qwen3-max
    [qwen3-max] 决策: select | 选笑话编号: 4
    评估模型: deepseek-v3.2
    [deepseek-v3.2] 决策: select | 选笑话编号: 4
    评估模型: kimi-k2.5
    [kimi-k2.5] 决策: create | 选笑话编号: None

  质量组: low (4个候选笑话)
    评估模型: qwen3-max
    [qwen3-max] 决策: select | 选笑话编号: 4
    评估模型: deepseek-v3.2
    [deepseek-v3.2] 决策: select | 选笑话编号: 4
    评估模型: kimi-k2.5
    [kimi-k2.5] 决策: create | 选笑话编号: None

  Item完成: 耗时50.8s | 总耗时977.1min
  速率限制器状态: 可用令牌=48.0/48
  已保存中间结果 (1002 条)

============================================================
处理 zh_2104... (1003/1174)

  质量组: high (4个候选笑话)
    评估模型: qwen3-max
    [qwen3-max] 决策: select | 选笑话编号: 2
    评估模型: deepseek-v3.2
    [deepseek-v3.2] 决策: select | 选笑话编号: 4
    评估模型: kimi-k2.5
    [kimi-k2.5] 决策: create | 选笑话编号: None

  质量组: medium (4个候选笑话)
    评估模型: qwen3-max
    [qwen3-max] 决策: select | 选笑话编号: 2
    评估模型: deepseek-v3.2
    [deepseek-v3.2] 决策: select | 选笑话编号: 2
    评估模型: kimi-k2.5
    [kimi-k2.5] 决策: create | 选笑话编号: None

  质量组: low (4个候选笑话)
    评估模型: qwen3-max
    [qwen3-max] 决策: create | 选笑话编号: None
    评估模型: deepseek-v3.2
    [deepseek-v3.2] 决策: select | 选笑话编号: 1
    评估模型: kimi-k2.5
    [kimi-k2.5] 决策: create | 选笑话编号: None

  Item完成: 耗时64.7s | 总耗时978.2min
  速率限制器状态: 可用令牌=48.0/48
  已保存中间结果 (1003 条)

============================================================
处理 zh_2105... (1004/1174)

  质量组: high (4个候选笑话)
    评估模型: qwen3-max
    [qwen3-max] 决策: select | 选笑话编号: 2
    评估模型: deepseek-v3.2
    [deepseek-v3.2] 决策: select | 选笑话编号: 2
    评估模型: kimi-k2.5
    [kimi-k2.5] 决策: create | 选笑话编号: None

  质量组: medium (4个候选笑话)
    评估模型: qwen3-max
    [qwen3-max] 决策: select | 选笑话编号: 1
    评估模型: deepseek-v3.2
    [deepseek-v3.2] 决策: select | 选笑话编号: 1
    评估模型: kimi-k2.5
    [kimi-k2.5] 决策: create | 选笑话编号: None

  质量组: low (4个候选笑话)
    评估模型: qwen3-max
    [qwen3-max] 决策: select | 选笑话编号: 3
    评估模型: deepseek-v3.2
    [deepseek-v3.2] 决策: select | 选笑话编号: 3
    评估模型: kimi-k2.5
    [kimi-k2.5] 决策: create | 选笑话编号: None

  Item完成: 耗时62.3s | 总耗时979.2min
  速率限制器状态: 可用令牌=48.0/48
  已保存中间结果 (1004 条)

============================================================
处理 zh_2106... (1005/1174)

  质量组: high (4个候选笑话)
    评估模型: qwen3-max
    [qwen3-max] 决策: select | 选笑话编号: 3
    评估模型: deepseek-v3.2
    [deepseek-v3.2] 决策: select | 选笑话编号: 3
    评估模型: kimi-k2.5
    [API] JSON解析失败: JSON解析失败: Expecting ',' delimiter: line 4 column 36 (char 90), model=kimi-k2.5
    [kimi-k2.5] 决策:  | 选笑话编号: ?

  质量组: medium (4个候选笑话)
    评估模型: qwen3-max
    [qwen3-max] 决策: select | 选笑话编号: 1
    评估模型: deepseek-v3.2
    [deepseek-v3.2] 决策: select | 选笑话编号: 1
    评估模型: kimi-k2.5
    [kimi-k2.5] 决策: create | 选笑话编号: None

  质量组: low (4个候选笑话)
    评估模型: qwen3-max
    [qwen3-max] 决策: select | 选笑话编号: 1
    评估模型: deepseek-v3.2
    [deepseek-v3.2] 决策: select | 选笑话编号: 1
    评估模型: kimi-k2.5
    [kimi-k2.5] 决策: create | 选笑话编号: None

  Item完成: 耗时50.7s | 总耗时980.1min
  速率限制器状态: 可用令牌=48.0/48
  已保存中间结果 (1005 条)

============================================================
处理 zh_2107... (1006/1174)

  质量组: high (4个候选笑话)
    评估模型: qwen3-max
    [qwen3-max] 决策: select | 选笑话编号: 4
    评估模型: deepseek-v3.2
    [deepseek-v3.2] 决策: create | 选笑话编号: None
    评估模型: kimi-k2.5
    [kimi-k2.5] 决策: create | 选笑话编号: None

  质量组: medium (4个候选笑话)
    评估模型: qwen3-max
    [qwen3-max] 决策: select | 选笑话编号: 2
    评估模型: deepseek-v3.2
    [deepseek-v3.2] 决策: select | 选笑话编号: 2
    评估模型: kimi-k2.5
    [kimi-k2.5] 决策: create | 选笑话编号: None

  质量组: low (4个候选笑话)
    评估模型: qwen3-max
    [qwen3-max] 决策: create | 选笑话编号: None
    评估模型: deepseek-v3.2
    [deepseek-v3.2] 决策: select | 选笑话编号: 4
    评估模型: kimi-k2.5
    [kimi-k2.5] 决策: create | 选笑话编号: None

  Item完成: 耗时59.5s | 总耗时981.1min
  速率限制器状态: 可用令牌=48.0/48
  已保存中间结果 (1006 条)

============================================================
处理 zh_2108... (1007/1174)

  质量组: high (4个候选笑话)
    评估模型: qwen3-max
    [qwen3-max] 决策: select | 选笑话编号: 2
    评估模型: deepseek-v3.2
    [deepseek-v3.2] 决策: select | 选笑话编号: 2
    评估模型: kimi-k2.5
    [kimi-k2.5] 决策: select | 选笑话编号: 2

  质量组: medium (4个候选笑话)
    评估模型: qwen3-max
    [qwen3-max] 决策: select | 选笑话编号: 1
    评估模型: deepseek-v3.2
    [deepseek-v3.2] 决策: select | 选笑话编号: 4
    评估模型: kimi-k2.5
    [kimi-k2.5] 决策: select | 选笑话编号: 2

  质量组: low (4个候选笑话)
    评估模型: qwen3-max
    [qwen3-max] 决策: select | 选笑话编号: 1
    评估模型: deepseek-v3.2
    [deepseek-v3.2] 决策: select | 选笑话编号: 1
    评估模型: kimi-k2.5
    [kimi-k2.5] 决策: create | 选笑话编号: None

  Item完成: 耗时58.0s | 总耗时982.0min
  速率限制器状态: 可用令牌=48.0/48
  已保存中间结果 (1007 条)

============================================================
处理 zh_2109... (1008/1174)

  质量组: high (4个候选笑话)
    评估模型: qwen3-max
    [qwen3-max] 决策: select | 选笑话编号: 3
    评估模型: deepseek-v3.2
    [deepseek-v3.2] 决策: select | 选笑话编号: 3
    评估模型: kimi-k2.5
    [kimi-k2.5] 决策: select | 选笑话编号: 2

  质量组: medium (4个候选笑话)
    评估模型: qwen3-max
    [qwen3-max] 决策: select | 选笑话编号: 2
    评估模型: deepseek-v3.2
    [deepseek-v3.2] 决策: select | 选笑话编号: 4
    评估模型: kimi-k2.5
    [kimi-k2.5] 决策: create | 选笑话编号: None

  质量组: low (4个候选笑话)
    评估模型: qwen3-max
    [qwen3-max] 决策: create | 选笑话编号: None
    评估模型: deepseek-v3.2
    [deepseek-v3.2] 决策: select | 选笑话编号: 1
    评估模型: kimi-k2.5
    [kimi-k2.5] 决策: create | 选笑话编号: None

  Item完成: 耗时60.2s | 总耗时983.0min
  速率限制器状态: 可用令牌=48.0/48
  已保存中间结果 (1008 条)

============================================================
处理 zh_2110... (1009/1174)

  质量组: high (4个候选笑话)
    评估模型: qwen3-max
    [qwen3-max] 决策: select | 选笑话编号: 2
    评估模型: deepseek-v3.2
    [deepseek-v3.2] 决策: select | 选笑话编号: 4
    评估模型: kimi-k2.5
    [kimi-k2.5] 决策: create | 选笑话编号: None

  质量组: medium (4个候选笑话)
    评估模型: qwen3-max
    [qwen3-max] 决策: select | 选笑话编号: 1
    评估模型: deepseek-v3.2
    [deepseek-v3.2] 决策: select | 选笑话编号: 1
    评估模型: kimi-k2.5
    [kimi-k2.5] 决策: create | 选笑话编号: None

  质量组: low (4个候选笑话)
    评估模型: qwen3-max
    [qwen3-max] 决策: create | 选笑话编号: None
    评估模型: deepseek-v3.2
    [deepseek-v3.2] 决策: create | 选笑话编号: None
    评估模型: kimi-k2.5
    [kimi-k2.5] 决策: create | 选笑话编号: None

  Item完成: 耗时64.4s | 总耗时984.1min
  速率限制器状态: 可用令牌=48.0/48
  已保存中间结果 (1009 条)

============================================================
处理 zh_2111... (1010/1174)

  质量组: high (4个候选笑话)
    评估模型: qwen3-max
    [qwen3-max] 决策: select | 选笑话编号: 2
    评估模型: deepseek-v3.2
    [deepseek-v3.2] 决策: select | 选笑话编号: 2
    评估模型: kimi-k2.5
    [kimi-k2.5] 决策: create | 选笑话编号: None

  质量组: medium (4个候选笑话)
    评估模型: qwen3-max
    [qwen3-max] 决策: select | 选笑话编号: 3
    评估模型: deepseek-v3.2
    [deepseek-v3.2] 决策: select | 选笑话编号: 3
    评估模型: kimi-k2.5
    [kimi-k2.5] 决策: create | 选笑话编号: None

  质量组: low (4个候选笑话)
    评估模型: qwen3-max
    [qwen3-max] 决策: create | 选笑话编号: None
    评估模型: deepseek-v3.2
    [deepseek-v3.2] 决策: select | 选笑话编号: 4
    评估模型: kimi-k2.5
    [kimi-k2.5] 决策: create | 选笑话编号: None

  Item完成: 耗时54.7s | 总耗时985.0min
  速率限制器状态: 可用令牌=48.0/48
  已保存中间结果 (1010 条)

============================================================
处理 zh_2112... (1011/1174)

  质量组: high (4个候选笑话)
    评估模型: qwen3-max
    [qwen3-max] 决策: select | 选笑话编号: 4
    评估模型: deepseek-v3.2
    [deepseek-v3.2] 决策: select | 选笑话编号: 4
    评估模型: kimi-k2.5
    [kimi-k2.5] 决策: create | 选笑话编号: None

  质量组: medium (4个候选笑话)
    评估模型: qwen3-max
    [qwen3-max] 决策: select | 选笑话编号: 1
    评估模型: deepseek-v3.2
    [deepseek-v3.2] 决策: select | 选笑话编号: 1
    评估模型: kimi-k2.5
    [kimi-k2.5] 决策: create | 选笑话编号: None

  质量组: low (4个候选笑话)
    评估模型: qwen3-max
    [qwen3-max] 决策: create | 选笑话编号: None
    评估模型: deepseek-v3.2
    [deepseek-v3.2] 决策: select | 选笑话编号: 2
    评估模型: kimi-k2.5
    [kimi-k2.5] 决策: create | 选笑话编号: None

  Item完成: 耗时57.4s | 总耗时986.0min
  速率限制器状态: 可用令牌=48.0/48
  已保存中间结果 (1011 条)

============================================================
处理 zh_2113... (1012/1174)

  质量组: high (4个候选笑话)
    评估模型: qwen3-max
    [qwen3-max] 决策: select | 选笑话编号: 4
    评估模型: deepseek-v3.2
    [deepseek-v3.2] 决策: select | 选笑话编号: 2
    评估模型: kimi-k2.5
    [kimi-k2.5] 决策: create | 选笑话编号: None

  质量组: medium (4个候选笑话)
    评估模型: qwen3-max
    [qwen3-max] 决策: select | 选笑话编号: 2
    评估模型: deepseek-v3.2
    [deepseek-v3.2] 决策: select | 选笑话编号: 2
    评估模型: kimi-k2.5
    [kimi-k2.5] 决策: create | 选笑话编号: None

  质量组: low (4个候选笑话)
    评估模型: qwen3-max
    [qwen3-max] 决策: create | 选笑话编号: None
    评估模型: deepseek-v3.2
    [deepseek-v3.2] 决策: select | 选笑话编号: 2
    评估模型: kimi-k2.5
    [kimi-k2.5] 决策: create | 选笑话编号: None

  Item完成: 耗时55.5s | 总耗时986.9min
  速率限制器状态: 可用令牌=48.0/48
  已保存中间结果 (1012 条)

============================================================
处理 zh_2114... (1013/1174)

  质量组: high (4个候选笑话)
    评估模型: qwen3-max
    [qwen3-max] 决策: create | 选笑话编号: None
    评估模型: deepseek-v3.2
    [deepseek-v3.2] 决策: select | 选笑话编号: 2
    评估模型: kimi-k2.5
    [kimi-k2.5] 决策: create | 选笑话编号: None

  质量组: medium (4个候选笑话)
    评估模型: qwen3-max
    [qwen3-max] 决策: create | 选笑话编号: None
    评估模型: deepseek-v3.2
    [deepseek-v3.2] 决策: select | 选笑话编号: 2
    评估模型: kimi-k2.5
    [kimi-k2.5] 决策: create | 选笑话编号: None

  质量组: low (4个候选笑话)
    评估模型: qwen3-max
    [qwen3-max] 决策: select | 选笑话编号: 3
    评估模型: deepseek-v3.2
    [deepseek-v3.2] 决策: select | 选笑话编号: 3
    评估模型: kimi-k2.5
    [kimi-k2.5] 决策: create | 选笑话编号: None

  Item完成: 耗时49.8s | 总耗时987.8min
  速率限制器状态: 可用令牌=48.0/48
  已保存中间结果 (1013 条)

============================================================
处理 zh_2115... (1014/1174)

  质量组: high (4个候选笑话)
    评估模型: qwen3-max
    [qwen3-max] 决策: select | 选笑话编号: 2
    评估模型: deepseek-v3.2
    [deepseek-v3.2] 决策: select | 选笑话编号: 2
    评估模型: kimi-k2.5
    [kimi-k2.5] 决策: create | 选笑话编号: None

  质量组: medium (4个候选笑话)
    评估模型: qwen3-max
    [qwen3-max] 决策: select | 选笑话编号: 2
    评估模型: deepseek-v3.2
    [deepseek-v3.2] 决策: select | 选笑话编号: 2
    评估模型: kimi-k2.5
    [kimi-k2.5] 决策: create | 选笑话编号: None

  质量组: low (4个候选笑话)
    评估模型: qwen3-max
    [qwen3-max] 决策: select | 选笑话编号: 1
    评估模型: deepseek-v3.2
    [deepseek-v3.2] 决策: select | 选笑话编号: 2
    评估模型: kimi-k2.5
    [API] JSON解析失败: JSON解析失败: Expecting ',' delimiter: line 4 column 64 (char 121), model=kimi-k2.5
    [kimi-k2.5] 决策:  | 选笑话编号: ?

  Item完成: 耗时55.1s | 总耗时988.7min
  速率限制器状态: 可用令牌=48.0/48
  已保存中间结果 (1014 条)

============================================================
处理 zh_2116... (1015/1174)

  质量组: high (4个候选笑话)
    评估模型: qwen3-max
    [qwen3-max] 决策: select | 选笑话编号: 3
    评估模型: deepseek-v3.2
    [deepseek-v3.2] 决策: select | 选笑话编号: 2
    评估模型: kimi-k2.5
    [kimi-k2.5] 决策: create | 选笑话编号: None

  质量组: medium (4个候选笑话)
    评估模型: qwen3-max
    [qwen3-max] 决策: select | 选笑话编号: 1
    评估模型: deepseek-v3.2
    [deepseek-v3.2] 决策: select | 选笑话编号: 1
    评估模型: kimi-k2.5
    [kimi-k2.5] 决策: select | 选笑话编号: 1

  质量组: low (4个候选笑话)
    评估模型: qwen3-max
    [qwen3-max] 决策: create | 选笑话编号: None
    评估模型: deepseek-v3.2
    [deepseek-v3.2] 决策: create | 选笑话编号: None
    评估模型: kimi-k2.5
    [kimi-k2.5] 决策: create | 选笑话编号: None

  Item完成: 耗时56.7s | 总耗时989.7min
  速率限制器状态: 可用令牌=48.0/48
  已保存中间结果 (1015 条)

============================================================
处理 zh_2117... (1016/1174)

  质量组: high (4个候选笑话)
    评估模型: qwen3-max
    [qwen3-max] 决策: select | 选笑话编号: 2
    评估模型: deepseek-v3.2
    [deepseek-v3.2] 决策: select | 选笑话编号: 2
    评估模型: kimi-k2.5
    [kimi-k2.5] 决策: create | 选笑话编号: None

  质量组: medium (4个候选笑话)
    评估模型: qwen3-max
    [qwen3-max] 决策: select | 选笑话编号: 2
    评估模型: deepseek-v3.2
    [deepseek-v3.2] 决策: select | 选笑话编号: 2
    评估模型: kimi-k2.5
    [kimi-k2.5] 决策: create | 选笑话编号: None

  质量组: low (4个候选笑话)
    评估模型: qwen3-max
    [qwen3-max] 决策: create | 选笑话编号: None
    评估模型: deepseek-v3.2
    [deepseek-v3.2] 决策: create | 选笑话编号: None
    评估模型: kimi-k2.5
    [kimi-k2.5] 决策: create | 选笑话编号: None

  Item完成: 耗时64.9s | 总耗时990.7min
  速率限制器状态: 可用令牌=48.0/48
  已保存中间结果 (1016 条)

============================================================
处理 zh_2118... (1017/1174)

  质量组: high (4个候选笑话)
    评估模型: qwen3-max
    [qwen3-max] 决策: select | 选笑话编号: 1
    评估模型: deepseek-v3.2
    [deepseek-v3.2] 决策: select | 选笑话编号: 2
    评估模型: kimi-k2.5
    [kimi-k2.5] 决策: create | 选笑话编号: None

  质量组: medium (4个候选笑话)
    评估模型: qwen3-max
    [qwen3-max] 决策: create | 选笑话编号: None
    评估模型: deepseek-v3.2
    [deepseek-v3.2] 决策: select | 选笑话编号: 1
    评估模型: kimi-k2.5
    [kimi-k2.5] 决策: create | 选笑话编号: None

  质量组: low (4个候选笑话)
    评估模型: qwen3-max
    [qwen3-max] 决策: create | 选笑话编号: None
    评估模型: deepseek-v3.2
    [deepseek-v3.2] 决策: select | 选笑话编号: 1
    评估模型: kimi-k2.5
    [kimi-k2.5] 决策: create | 选笑话编号: None

  Item完成: 耗时46.1s | 总耗时991.5min
  速率限制器状态: 可用令牌=48.0/48
  已保存中间结果 (1017 条)

============================================================
处理 zh_2119... (1018/1174)

  质量组: high (4个候选笑话)
    评估模型: qwen3-max
    [qwen3-max] 决策: select | 选笑话编号: 2
    评估模型: deepseek-v3.2
    [deepseek-v3.2] 决策: select | 选笑话编号: 2
    评估模型: kimi-k2.5
    [kimi-k2.5] 决策: create | 选笑话编号: None

  质量组: medium (4个候选笑话)
    评估模型: qwen3-max
    [qwen3-max] 决策: create | 选笑话编号: None
    评估模型: deepseek-v3.2
    [deepseek-v3.2] 决策: select | 选笑话编号: 2
    评估模型: kimi-k2.5
    [kimi-k2.5] 决策: create | 选笑话编号: None

  质量组: low (4个候选笑话)
    评估模型: qwen3-max
    [qwen3-max] 决策: create | 选笑话编号: None
    评估模型: deepseek-v3.2
    [deepseek-v3.2] 决策: create | 选笑话编号: None
    评估模型: kimi-k2.5
    [kimi-k2.5] 决策: create | 选笑话编号: None

  Item完成: 耗时55.0s | 总耗时992.4min
  速率限制器状态: 可用令牌=48.0/48
  已保存中间结果 (1018 条)

============================================================
处理 zh_2120... (1019/1174)

  质量组: high (4个候选笑话)
    评估模型: qwen3-max
    [qwen3-max] 决策: select | 选笑话编号: 2
    评估模型: deepseek-v3.2
    [deepseek-v3.2] 决策: select | 选笑话编号: 4
    评估模型: kimi-k2.5
    [kimi-k2.5] 决策: create | 选笑话编号: None

  质量组: medium (4个候选笑话)
    评估模型: qwen3-max
    [qwen3-max] 决策: select | 选笑话编号: 2
    评估模型: deepseek-v3.2
    [deepseek-v3.2] 决策: select | 选笑话编号: 1
    评估模型: kimi-k2.5
    [kimi-k2.5] 决策: create | 选笑话编号: None

  质量组: low (4个候选笑话)
    评估模型: qwen3-max
    [qwen3-max] 决策: select | 选笑话编号: 1
    评估模型: deepseek-v3.2
    [deepseek-v3.2] 决策: select | 选笑话编号: 1
    评估模型: kimi-k2.5
    [kimi-k2.5] 决策: create | 选笑话编号: None

  Item完成: 耗时52.5s | 总耗时993.3min
  速率限制器状态: 可用令牌=48.0/48
  已保存中间结果 (1019 条)

============================================================
处理 zh_2121... (1020/1174)

  质量组: high (4个候选笑话)
    评估模型: qwen3-max
    [qwen3-max] 决策: select | 选笑话编号: 2
    评估模型: deepseek-v3.2
    [deepseek-v3.2] 决策: select | 选笑话编号: 1
    评估模型: kimi-k2.5
    [kimi-k2.5] 决策: create | 选笑话编号: None

  质量组: medium (4个候选笑话)
    评估模型: qwen3-max
    [qwen3-max] 决策: select | 选笑话编号: 1
    评估模型: deepseek-v3.2
    [deepseek-v3.2] 决策: select | 选笑话编号: 1
    评估模型: kimi-k2.5
    [kimi-k2.5] 决策: create | 选笑话编号: None

  质量组: low (4个候选笑话)
    评估模型: qwen3-max
    [qwen3-max] 决策: create | 选笑话编号: None
    评估模型: deepseek-v3.2
    [deepseek-v3.2] 决策: select | 选笑话编号: 4
    评估模型: kimi-k2.5
    [kimi-k2.5] 决策: create | 选笑话编号: None

  Item完成: 耗时54.3s | 总耗时994.2min
  速率限制器状态: 可用令牌=48.0/48
  已保存中间结果 (1020 条)

============================================================
处理 zh_2122... (1021/1174)

  质量组: high (4个候选笑话)
    评估模型: qwen3-max
    [qwen3-max] 决策: select | 选笑话编号: 3
    评估模型: deepseek-v3.2
    [deepseek-v3.2] 决策: select | 选笑话编号: 1
    评估模型: kimi-k2.5
    [kimi-k2.5] 决策: create | 选笑话编号: None

  质量组: medium (4个候选笑话)
    评估模型: qwen3-max
    [qwen3-max] 决策: select | 选笑话编号: 2
    评估模型: deepseek-v3.2
    [deepseek-v3.2] 决策: select | 选笑话编号: 2
    评估模型: kimi-k2.5
    [kimi-k2.5] 决策: create | 选笑话编号: None

  质量组: low (4个候选笑话)
    评估模型: qwen3-max
    [qwen3-max] 决策: select | 选笑话编号: 4
    评估模型: deepseek-v3.2
    [deepseek-v3.2] 决策: select | 选笑话编号: 4
    评估模型: kimi-k2.5
    [kimi-k2.5] 决策: create | 选笑话编号: None

  Item完成: 耗时60.7s | 总耗时995.3min
  速率限制器状态: 可用令牌=48.0/48
  已保存中间结果 (1021 条)

============================================================
处理 zh_2123... (1022/1174)

  质量组: high (4个候选笑话)
    评估模型: qwen3-max
    [qwen3-max] 决策: select | 选笑话编号: 4
    评估模型: deepseek-v3.2
    [deepseek-v3.2] 决策: select | 选笑话编号: 4
    评估模型: kimi-k2.5
    [API] JSON解析失败: JSON解析失败: Expecting ',' delimiter: line 4 column 37 (char 94), model=kimi-k2.5
    [kimi-k2.5] 决策:  | 选笑话编号: ?

  质量组: medium (4个候选笑话)
    评估模型: qwen3-max
    [qwen3-max] 决策: select | 选笑话编号: 2
    评估模型: deepseek-v3.2
    [deepseek-v3.2] 决策: select | 选笑话编号: 2
    评估模型: kimi-k2.5
    [kimi-k2.5] 决策: create | 选笑话编号: None

  质量组: low (4个候选笑话)
    评估模型: qwen3-max
    [qwen3-max] 决策: select | 选笑话编号: 1
    评估模型: deepseek-v3.2
    [deepseek-v3.2] 决策: select | 选笑话编号: 4
    评估模型: kimi-k2.5
    [API] JSON解析失败: JSON解析失败: Expecting ',' delimiter: line 4 column 68 (char 125), model=kimi-k2.5
    [kimi-k2.5] 决策:  | 选笑话编号: ?

  Item完成: 耗时54.2s | 总耗时996.2min
  速率限制器状态: 可用令牌=48.0/48
  已保存中间结果 (1022 条)

============================================================
处理 zh_2124... (1023/1174)

  质量组: high (4个候选笑话)
    评估模型: qwen3-max
    [qwen3-max] 决策: select | 选笑话编号: 3
    评估模型: deepseek-v3.2
    [deepseek-v3.2] 决策: select | 选笑话编号: 3
    评估模型: kimi-k2.5
    [kimi-k2.5] 决策: create | 选笑话编号: None

  质量组: medium (4个候选笑话)
    评估模型: qwen3-max
    [qwen3-max] 决策: select | 选笑话编号: 1
    评估模型: deepseek-v3.2
    [deepseek-v3.2] 决策: select | 选笑话编号: 1
    评估模型: kimi-k2.5
    [kimi-k2.5] 决策: create | 选笑话编号: None

  质量组: low (4个候选笑话)
    评估模型: qwen3-max
    [qwen3-max] 决策: create | 选笑话编号: None
    评估模型: deepseek-v3.2
    [deepseek-v3.2] 决策: create | 选笑话编号: None
    评估模型: kimi-k2.5
    [kimi-k2.5] 决策: create | 选笑话编号: None

  Item完成: 耗时56.2s | 总耗时997.1min
  速率限制器状态: 可用令牌=48.0/48
  已保存中间结果 (1023 条)

============================================================
处理 zh_2125... (1024/1174)

  质量组: high (4个候选笑话)
    评估模型: qwen3-max
    [qwen3-max] 决策: select | 选笑话编号: 2
    评估模型: deepseek-v3.2
    [deepseek-v3.2] 决策: select | 选笑话编号: 3
    评估模型: kimi-k2.5
    [API] JSON解析失败: JSON解析失败: Expecting ',' delimiter: line 4 column 35 (char 92), model=kimi-k2.5
    [kimi-k2.5] 决策:  | 选笑话编号: ?

  质量组: medium (4个候选笑话)
    评估模型: qwen3-max
    [qwen3-max] 决策: select | 选笑话编号: 1
    评估模型: deepseek-v3.2
    [deepseek-v3.2] 决策: select | 选笑话编号: 4
    评估模型: kimi-k2.5
    [kimi-k2.5] 决策: create | 选笑话编号: None

  质量组: low (4个候选笑话)
    评估模型: qwen3-max
    [qwen3-max] 决策: create | 选笑话编号: None
    评估模型: deepseek-v3.2
    [deepseek-v3.2] 决策: select | 选笑话编号: 1
    评估模型: kimi-k2.5
    [kimi-k2.5] 决策: create | 选笑话编号: None

  Item完成: 耗时51.4s | 总耗时998.0min
  速率限制器状态: 可用令牌=48.0/48
  已保存中间结果 (1024 条)

============================================================
处理 zh_2126... (1025/1174)

  质量组: high (4个候选笑话)
    评估模型: qwen3-max
    [qwen3-max] 决策: select | 选笑话编号: 1
    评估模型: deepseek-v3.2
    [deepseek-v3.2] 决策: select | 选笑话编号: 4
    评估模型: kimi-k2.5
    [kimi-k2.5] 决策: create | 选笑话编号: None

  质量组: medium (4个候选笑话)
    评估模型: qwen3-max
    [qwen3-max] 决策: select | 选笑话编号: 2
    评估模型: deepseek-v3.2
    [deepseek-v3.2] 决策: select | 选笑话编号: 2
    评估模型: kimi-k2.5
    [kimi-k2.5] 决策: create | 选笑话编号: None

  质量组: low (4个候选笑话)
    评估模型: qwen3-max
    [qwen3-max] 决策: create | 选笑话编号: None
    评估模型: deepseek-v3.2
    [deepseek-v3.2] 决策: create | 选笑话编号: None
    评估模型: kimi-k2.5
    [API] JSON解析失败: JSON解析失败: Expecting ',' delimiter: line 4 column 89 (char 146), model=kimi-k2.5
    [kimi-k2.5] 决策:  | 选笑话编号: ?

  Item完成: 耗时56.4s | 总耗时998.9min
  速率限制器状态: 可用令牌=48.0/48
  已保存中间结果 (1025 条)

============================================================
处理 zh_2127... (1026/1174)

  质量组: high (4个候选笑话)
    评估模型: qwen3-max
    [qwen3-max] 决策: select | 选笑话编号: 2
    评估模型: deepseek-v3.2
    [deepseek-v3.2] 决策: select | 选笑话编号: 2
    评估模型: kimi-k2.5
    [API] JSON解析失败: JSON解析失败: Expecting ',' delimiter: line 4 column 23 (char 77), model=kimi-k2.5
    [kimi-k2.5] 决策:  | 选笑话编号: ?

  质量组: medium (4个候选笑话)
    评估模型: qwen3-max
    [qwen3-max] 决策: select | 选笑话编号: 1
    评估模型: deepseek-v3.2
    [deepseek-v3.2] 决策: select | 选笑话编号: 1
    评估模型: kimi-k2.5
    [kimi-k2.5] 决策: create | 选笑话编号: None

  质量组: low (4个候选笑话)
    评估模型: qwen3-max
    [qwen3-max] 决策: select | 选笑话编号: 1
    评估模型: deepseek-v3.2
    [deepseek-v3.2] 决策: select | 选笑话编号: 4
    评估模型: kimi-k2.5
    [kimi-k2.5] 决策: create | 选笑话编号: None

  Item完成: 耗时48.1s | 总耗时999.7min
  速率限制器状态: 可用令牌=48.0/48
  已保存中间结果 (1026 条)

============================================================
处理 zh_2128... (1027/1174)

  质量组: high (4个候选笑话)
    评估模型: qwen3-max
    [qwen3-max] 决策: select | 选笑话编号: 4
    评估模型: deepseek-v3.2
    [deepseek-v3.2] 决策: select | 选笑话编号: 2
    评估模型: kimi-k2.5
    [kimi-k2.5] 决策: create | 选笑话编号: None

  质量组: medium (4个候选笑话)
    评估模型: qwen3-max
    [qwen3-max] 决策: select | 选笑话编号: 2
    评估模型: deepseek-v3.2
    [deepseek-v3.2] 决策: select | 选笑话编号: 2
    评估模型: kimi-k2.5
    [kimi-k2.5] 决策: create | 选笑话编号: None

  质量组: low (4个候选笑话)
    评估模型: qwen3-max
    [qwen3-max] 决策: create | 选笑话编号: None
    评估模型: deepseek-v3.2
    [deepseek-v3.2] 决策: create | 选笑话编号: None
    评估模型: kimi-k2.5
    [kimi-k2.5] 决策: create | 选笑话编号: None

  Item完成: 耗时56.0s | 总耗时1000.7min
  速率限制器状态: 可用令牌=48.0/48
  已保存中间结果 (1027 条)

============================================================
处理 zh_2129... (1028/1174)

  质量组: high (4个候选笑话)
    评估模型: qwen3-max
    [qwen3-max] 决策: select | 选笑话编号: 4
    评估模型: deepseek-v3.2
    [deepseek-v3.2] 决策: select | 选笑话编号: 4
    评估模型: kimi-k2.5
    [kimi-k2.5] 决策: create | 选笑话编号: None

  质量组: medium (4个候选笑话)
    评估模型: qwen3-max
    [qwen3-max] 决策: select | 选笑话编号: 1
    评估模型: deepseek-v3.2
    [deepseek-v3.2] 决策: select | 选笑话编号: 2
    评估模型: kimi-k2.5
    [kimi-k2.5] 决策: create | 选笑话编号: None

  质量组: low (4个候选笑话)
    评估模型: qwen3-max
    [qwen3-max] 决策: select | 选笑话编号: 1
    评估模型: deepseek-v3.2
    [deepseek-v3.2] 决策: select | 选笑话编号: 1
    评估模型: kimi-k2.5
    [kimi-k2.5] 决策: create | 选笑话编号: None

  Item完成: 耗时54.2s | 总耗时1001.6min
  速率限制器状态: 可用令牌=48.0/48
  已保存中间结果 (1028 条)

============================================================
处理 zh_2130... (1029/1174)

  质量组: high (4个候选笑话)
    评估模型: qwen3-max
    [qwen3-max] 决策: select | 选笑话编号: 4
    评估模型: deepseek-v3.2
    [deepseek-v3.2] 决策: select | 选笑话编号: 4
    评估模型: kimi-k2.5
    [kimi-k2.5] 决策: create | 选笑话编号: None

  质量组: medium (4个候选笑话)
    评估模型: qwen3-max
    [qwen3-max] 决策: select | 选笑话编号: 1
    评估模型: deepseek-v3.2
    [deepseek-v3.2] 决策: select | 选笑话编号: 2
    评估模型: kimi-k2.5
    [kimi-k2.5] 决策: select | 选笑话编号: 2

  质量组: low (4个候选笑话)
    评估模型: qwen3-max
    [qwen3-max] 决策: create | 选笑话编号: None
    评估模型: deepseek-v3.2
    [deepseek-v3.2] 决策: select | 选笑话编号: 4
    评估模型: kimi-k2.5
    [kimi-k2.5] 决策: create | 选笑话编号: None

  Item完成: 耗时56.5s | 总耗时1002.5min
  速率限制器状态: 可用令牌=48.0/48
  已保存中间结果 (1029 条)

============================================================
处理 zh_2131... (1030/1174)

  质量组: high (4个候选笑话)
    评估模型: qwen3-max
    [qwen3-max] 决策: select | 选笑话编号: 2
    评估模型: deepseek-v3.2
    [deepseek-v3.2] 决策: select | 选笑话编号: 1
    评估模型: kimi-k2.5
    [kimi-k2.5] 决策: select | 选笑话编号: 2

  质量组: medium (4个候选笑话)
    评估模型: qwen3-max
    [qwen3-max] 决策: select | 选笑话编号: 3
    评估模型: deepseek-v3.2
    [deepseek-v3.2] 决策: select | 选笑话编号: 3
    评估模型: kimi-k2.5
    [kimi-k2.5] 决策: create | 选笑话编号: None

  质量组: low (4个候选笑话)
    评估模型: qwen3-max
    [qwen3-max] 决策: select | 选笑话编号: 1
    评估模型: deepseek-v3.2
    [deepseek-v3.2] 决策: select | 选笑话编号: 2
    评估模型: kimi-k2.5
    [kimi-k2.5] 决策: create | 选笑话编号: None

  Item完成: 耗时55.3s | 总耗时1003.5min
  速率限制器状态: 可用令牌=48.0/48
  已保存中间结果 (1030 条)

============================================================
处理 zh_2132... (1031/1174)

  质量组: high (4个候选笑话)
    评估模型: qwen3-max
    [qwen3-max] 决策: select | 选笑话编号: 2
    评估模型: deepseek-v3.2
    [deepseek-v3.2] 决策: select | 选笑话编号: 2
    评估模型: kimi-k2.5
    [kimi-k2.5] 决策: select | 选笑话编号: 2

  质量组: medium (4个候选笑话)
    评估模型: qwen3-max
    [qwen3-max] 决策: select | 选笑话编号: 1
    评估模型: deepseek-v3.2
    [deepseek-v3.2] 决策: select | 选笑话编号: 4
    评估模型: kimi-k2.5
    [kimi-k2.5] 决策: create | 选笑话编号: None

  质量组: low (4个候选笑话)
    评估模型: qwen3-max
    [qwen3-max] 决策: select | 选笑话编号: 4
    评估模型: deepseek-v3.2
    [deepseek-v3.2] 决策: select | 选笑话编号: 2
    评估模型: kimi-k2.5
    [kimi-k2.5] 决策: create | 选笑话编号: None

  Item完成: 耗时52.1s | 总耗时1004.3min
  速率限制器状态: 可用令牌=48.0/48
  已保存中间结果 (1031 条)

============================================================
处理 zh_2133... (1032/1174)

  质量组: high (4个候选笑话)
    评估模型: qwen3-max
    [qwen3-max] 决策: select | 选笑话编号: 4
    评估模型: deepseek-v3.2
    [deepseek-v3.2] 决策: select | 选笑话编号: 2
    评估模型: kimi-k2.5
    [kimi-k2.5] 决策: create | 选笑话编号: None

  质量组: medium (4个候选笑话)
    评估模型: qwen3-max
    [qwen3-max] 决策: select | 选笑话编号: 1
    评估模型: deepseek-v3.2
    [deepseek-v3.2] 决策: select | 选笑话编号: 1
    评估模型: kimi-k2.5
    [kimi-k2.5] 决策: create | 选笑话编号: None

  质量组: low (4个候选笑话)
    评估模型: qwen3-max
    [qwen3-max] 决策: create | 选笑话编号: None
    评估模型: deepseek-v3.2
    [deepseek-v3.2] 决策: create | 选笑话编号: None
    评估模型: kimi-k2.5
    [kimi-k2.5] 决策: create | 选笑话编号: None

  Item完成: 耗时59.4s | 总耗时1005.3min
  速率限制器状态: 可用令牌=48.0/48
  已保存中间结果 (1032 条)

============================================================
处理 zh_2134... (1033/1174)

  质量组: high (4个候选笑话)
    评估模型: qwen3-max
    [qwen3-max] 决策: select | 选笑话编号: 2
    评估模型: deepseek-v3.2
    [deepseek-v3.2] 决策: select | 选笑话编号: 2
    评估模型: kimi-k2.5
    [kimi-k2.5] 决策: select | 选笑话编号: 2

  质量组: medium (4个候选笑话)
    评估模型: qwen3-max
    [qwen3-max] 决策: select | 选笑话编号: 2
    评估模型: deepseek-v3.2
    [deepseek-v3.2] 决策: select | 选笑话编号: 2
    评估模型: kimi-k2.5
    [API] JSON解析失败: JSON解析失败: Expecting ',' delimiter: line 4 column 35 (char 92), model=kimi-k2.5
    [kimi-k2.5] 决策:  | 选笑话编号: ?

  质量组: low (4个候选笑话)
    评估模型: qwen3-max
    [qwen3-max] 决策: select | 选笑话编号: 1
    评估模型: deepseek-v3.2
    [deepseek-v3.2] 决策: select | 选笑话编号: 1
    评估模型: kimi-k2.5
    [kimi-k2.5] 决策: create | 选笑话编号: None

  Item完成: 耗时56.9s | 总耗时1006.3min
  速率限制器状态: 可用令牌=48.0/48
  已保存中间结果 (1033 条)

============================================================
处理 zh_2135... (1034/1174)

  质量组: high (4个候选笑话)
    评估模型: qwen3-max
    [qwen3-max] 决策: select | 选笑话编号: 2
    评估模型: deepseek-v3.2
    [deepseek-v3.2] 决策: select | 选笑话编号: 1
    评估模型: kimi-k2.5
    [kimi-k2.5] 决策: create | 选笑话编号: None

  质量组: medium (4个候选笑话)
    评估模型: qwen3-max
    [qwen3-max] 决策: select | 选笑话编号: 2
    评估模型: deepseek-v3.2
    [deepseek-v3.2] 决策: select | 选笑话编号: 2
    评估模型: kimi-k2.5
    [kimi-k2.5] 决策: create | 选笑话编号: None

  质量组: low (4个候选笑话)
    评估模型: qwen3-max
    [qwen3-max] 决策: select | 选笑话编号: 4
    评估模型: deepseek-v3.2
    [deepseek-v3.2] 决策: select | 选笑话编号: 1
    评估模型: kimi-k2.5
    [kimi-k2.5] 决策: create | 选笑话编号: None

  Item完成: 耗时68.0s | 总耗时1007.4min
  速率限制器状态: 可用令牌=48.0/48
  已保存中间结果 (1034 条)

============================================================
处理 zh_2136... (1035/1174)

  质量组: high (4个候选笑话)
    评估模型: qwen3-max
    [qwen3-max] 决策: select | 选笑话编号: 2
    评估模型: deepseek-v3.2
    [deepseek-v3.2] 决策: select | 选笑话编号: 2
    评估模型: kimi-k2.5
    [kimi-k2.5] 决策: create | 选笑话编号: None

  质量组: medium (4个候选笑话)
    评估模型: qwen3-max
    [qwen3-max] 决策: create | 选笑话编号: None
    评估模型: deepseek-v3.2
    [deepseek-v3.2] 决策: select | 选笑话编号: 2
    评估模型: kimi-k2.5
    [kimi-k2.5] 决策: create | 选笑话编号: None

  质量组: low (4个候选笑话)
    评估模型: qwen3-max
    [qwen3-max] 决策: create | 选笑话编号: None
    评估模型: deepseek-v3.2
    [deepseek-v3.2] 决策: create | 选笑话编号: None
    评估模型: kimi-k2.5
    [kimi-k2.5] 决策: create | 选笑话编号: None

  Item完成: 耗时62.0s | 总耗时1008.5min
  速率限制器状态: 可用令牌=48.0/48
  已保存中间结果 (1035 条)

============================================================
处理 zh_2137... (1036/1174)

  质量组: high (4个候选笑话)
    评估模型: qwen3-max
    [qwen3-max] 决策: select | 选笑话编号: 2
    评估模型: deepseek-v3.2
    [deepseek-v3.2] 决策: select | 选笑话编号: 2
    评估模型: kimi-k2.5
    [kimi-k2.5] 决策: create | 选笑话编号: None

  质量组: medium (4个候选笑话)
    评估模型: qwen3-max
    [qwen3-max] 决策: create | 选笑话编号: None
    评估模型: deepseek-v3.2
    [deepseek-v3.2] 决策: select | 选笑话编号: 1
    评估模型: kimi-k2.5
    [kimi-k2.5] 决策: create | 选笑话编号: None

  质量组: low (4个候选笑话)
    评估模型: qwen3-max
    [qwen3-max] 决策: create | 选笑话编号: None
    评估模型: deepseek-v3.2
    [deepseek-v3.2] 决策: create | 选笑话编号: None
    评估模型: kimi-k2.5
    [kimi-k2.5] 决策: create | 选笑话编号: None

  Item完成: 耗时55.6s | 总耗时1009.4min
  速率限制器状态: 可用令牌=48.0/48
  已保存中间结果 (1036 条)

============================================================
处理 zh_2138... (1037/1174)

  质量组: high (4个候选笑话)
    评估模型: qwen3-max
    [qwen3-max] 决策: select | 选笑话编号: 1
    评估模型: deepseek-v3.2
    [deepseek-v3.2] 决策: select | 选笑话编号: 1
    评估模型: kimi-k2.5
    [kimi-k2.5] 决策: create | 选笑话编号: None

  质量组: medium (4个候选笑话)
    评估模型: qwen3-max
    [qwen3-max] 决策: select | 选笑话编号: 2
    评估模型: deepseek-v3.2
    [deepseek-v3.2] 决策: select | 选笑话编号: 2
    评估模型: kimi-k2.5
    [kimi-k2.5] 决策: create | 选笑话编号: None

  质量组: low (4个候选笑话)
    评估模型: qwen3-max
    [qwen3-max] 决策: select | 选笑话编号: 4
    评估模型: deepseek-v3.2
    [deepseek-v3.2] 决策: select | 选笑话编号: 2
    评估模型: kimi-k2.5
    [kimi-k2.5] 决策: create | 选笑话编号: None

  Item完成: 耗时60.0s | 总耗时1010.4min
  速率限制器状态: 可用令牌=48.0/48
  已保存中间结果 (1037 条)

============================================================
处理 zh_2139... (1038/1174)

  质量组: high (4个候选笑话)
    评估模型: qwen3-max
    [qwen3-max] 决策: select | 选笑话编号: 2
    评估模型: deepseek-v3.2
    [deepseek-v3.2] 决策: select | 选笑话编号: 2
    评估模型: kimi-k2.5
    [API] JSON解析失败: JSON解析失败: Expecting ',' delimiter: line 4 column 57 (char 114), model=kimi-k2.5
    [kimi-k2.5] 决策:  | 选笑话编号: ?

  质量组: medium (4个候选笑话)
    评估模型: qwen3-max
    [qwen3-max] 决策: select | 选笑话编号: 1
    评估模型: deepseek-v3.2
    [deepseek-v3.2] 决策: select | 选笑话编号: 4
    评估模型: kimi-k2.5
    [kimi-k2.5] 决策: create | 选笑话编号: None

  质量组: low (4个候选笑话)
    评估模型: qwen3-max
    [qwen3-max] 决策: create | 选笑话编号: None
    评估模型: deepseek-v3.2
    [deepseek-v3.2] 决策: select | 选笑话编号: 4
    评估模型: kimi-k2.5
    [API] JSON解析失败: JSON解析失败: Expecting ',' delimiter: line 4 column 41 (char 98), model=kimi-k2.5
    [kimi-k2.5] 决策:  | 选笑话编号: ?

  Item完成: 耗时52.8s | 总耗时1011.3min
  速率限制器状态: 可用令牌=48.0/48
  已保存中间结果 (1038 条)

============================================================
处理 zh_2140... (1039/1174)

  质量组: high (4个候选笑话)
    评估模型: qwen3-max
    [qwen3-max] 决策: select | 选笑话编号: 2
    评估模型: deepseek-v3.2
    [deepseek-v3.2] 决策: select | 选笑话编号: 2
    评估模型: kimi-k2.5
    [kimi-k2.5] 决策: select | 选笑话编号: 2

  质量组: medium (4个候选笑话)
    评估模型: qwen3-max
    [qwen3-max] 决策: select | 选笑话编号: 2
    评估模型: deepseek-v3.2
    [deepseek-v3.2] 决策: select | 选笑话编号: 2
    评估模型: kimi-k2.5
    [kimi-k2.5] 决策: create | 选笑话编号: None

  质量组: low (4个候选笑话)
    评估模型: qwen3-max
    [qwen3-max] 决策: select | 选笑话编号: 2
    评估模型: deepseek-v3.2
    [deepseek-v3.2] 决策: select | 选笑话编号: 2
    评估模型: kimi-k2.5
    [kimi-k2.5] 决策: create | 选笑话编号: None

  Item完成: 耗时67.6s | 总耗时1012.4min
  速率限制器状态: 可用令牌=48.0/48
  已保存中间结果 (1039 条)

============================================================
处理 zh_2141... (1040/1174)

  质量组: high (4个候选笑话)
    评估模型: qwen3-max
    [qwen3-max] 决策: select | 选笑话编号: 2
    评估模型: deepseek-v3.2
    [deepseek-v3.2] 决策: select | 选笑话编号: 2
    评估模型: kimi-k2.5
    [kimi-k2.5] 决策: select | 选笑话编号: 2

  质量组: medium (4个候选笑话)
    评估模型: qwen3-max
    [qwen3-max] 决策: select | 选笑话编号: 2
    评估模型: deepseek-v3.2
    [deepseek-v3.2] 决策: select | 选笑话编号: 2
    评估模型: kimi-k2.5
    [kimi-k2.5] 决策: create | 选笑话编号: None

  质量组: low (4个候选笑话)
    评估模型: qwen3-max
    [qwen3-max] 决策: select | 选笑话编号: 1
    评估模型: deepseek-v3.2
    [deepseek-v3.2] 决策: select | 选笑话编号: 1
    评估模型: kimi-k2.5
    [kimi-k2.5] 决策: create | 选笑话编号: None

  Item完成: 耗时65.1s | 总耗时1013.5min
  速率限制器状态: 可用令牌=48.0/48
  已保存中间结果 (1040 条)

============================================================
处理 zh_2142... (1041/1174)

  质量组: high (4个候选笑话)
    评估模型: qwen3-max
    [qwen3-max] 决策: select | 选笑话编号: 1
    评估模型: deepseek-v3.2
    [deepseek-v3.2] 决策: select | 选笑话编号: 4
    评估模型: kimi-k2.5
    [kimi-k2.5] 决策: create | 选笑话编号: None

  质量组: medium (4个候选笑话)
    评估模型: qwen3-max
    [qwen3-max] 决策: select | 选笑话编号: 2
    评估模型: deepseek-v3.2
    [deepseek-v3.2] 决策: select | 选笑话编号: 1
    评估模型: kimi-k2.5
    [API] JSON解析失败: JSON解析失败: Expecting ',' delimiter: line 5 column 77 (char 247), model=kimi-k2.5
    [kimi-k2.5] 决策:  | 选笑话编号: ?

  质量组: low (4个候选笑话)
    评估模型: qwen3-max
    [qwen3-max] 决策: select | 选笑话编号: 1
    评估模型: deepseek-v3.2
    [deepseek-v3.2] 决策: create | 选笑话编号: None
    评估模型: kimi-k2.5
    [kimi-k2.5] 决策: create | 选笑话编号: None

  Item完成: 耗时53.2s | 总耗时1014.4min
  速率限制器状态: 可用令牌=48.0/48
  已保存中间结果 (1041 条)

============================================================
处理 zh_2143... (1042/1174)

  质量组: high (4个候选笑话)
    评估模型: qwen3-max
    [qwen3-max] 决策: select | 选笑话编号: 4
    评估模型: deepseek-v3.2
    [deepseek-v3.2] 决策: select | 选笑话编号: 4
    评估模型: kimi-k2.5
    [kimi-k2.5] 决策: create | 选笑话编号: None

  质量组: medium (4个候选笑话)
    评估模型: qwen3-max
    [qwen3-max] 决策: select | 选笑话编号: 1
    评估模型: deepseek-v3.2
    [deepseek-v3.2] 决策: select | 选笑话编号: 1
    评估模型: kimi-k2.5
    [kimi-k2.5] 决策: create | 选笑话编号: None

  质量组: low (4个候选笑话)
    评估模型: qwen3-max
    [qwen3-max] 决策: create | 选笑话编号: None
    评估模型: deepseek-v3.2
    [deepseek-v3.2] 决策: select | 选笑话编号: 3
    评估模型: kimi-k2.5
    [kimi-k2.5] 决策: create | 选笑话编号: None

  Item完成: 耗时54.1s | 总耗时1015.3min
  速率限制器状态: 可用令牌=48.0/48
  已保存中间结果 (1042 条)

============================================================
处理 zh_2144... (1043/1174)

  质量组: high (4个候选笑话)
    评估模型: qwen3-max
    [qwen3-max] 决策: select | 选笑话编号: 3
    评估模型: deepseek-v3.2
    [deepseek-v3.2] 决策: select | 选笑话编号: 3
    评估模型: kimi-k2.5
    [kimi-k2.5] 决策: create | 选笑话编号: None

  质量组: medium (4个候选笑话)
    评估模型: qwen3-max
    [qwen3-max] 决策: select | 选笑话编号: 1
    评估模型: deepseek-v3.2
    [deepseek-v3.2] 决策: select | 选笑话编号: 2
    评估模型: kimi-k2.5
    [kimi-k2.5] 决策: create | 选笑话编号: None

  质量组: low (4个候选笑话)
    评估模型: qwen3-max
    [qwen3-max] 决策: create | 选笑话编号: None
    评估模型: deepseek-v3.2
    [deepseek-v3.2] 决策: create | 选笑话编号: None
    评估模型: kimi-k2.5
    [kimi-k2.5] 决策: create | 选笑话编号: None

  Item完成: 耗时50.6s | 总耗时1016.2min
  速率限制器状态: 可用令牌=48.0/48
  已保存中间结果 (1043 条)

============================================================
处理 zh_2145... (1044/1174)

  质量组: high (4个候选笑话)
    评估模型: qwen3-max
    [qwen3-max] 决策: select | 选笑话编号: 2
    评估模型: deepseek-v3.2
    [deepseek-v3.2] 决策: select | 选笑话编号: 2
    评估模型: kimi-k2.5
    [API] JSON解析失败: JSON解析失败: Expecting ',' delimiter: line 4 column 23 (char 77), model=kimi-k2.5
    [kimi-k2.5] 决策:  | 选笑话编号: ?

  质量组: medium (4个候选笑话)
    评估模型: qwen3-max
    [qwen3-max] 决策: select | 选笑话编号: 1
    评估模型: deepseek-v3.2
    [deepseek-v3.2] 决策: select | 选笑话编号: 1
    评估模型: kimi-k2.5
    [kimi-k2.5] 决策: create | 选笑话编号: None

  质量组: low (4个候选笑话)
    评估模型: qwen3-max
    [qwen3-max] 决策: select | 选笑话编号: 1
    评估模型: deepseek-v3.2
    [deepseek-v3.2] 决策: select | 选笑话编号: 2
    评估模型: kimi-k2.5
    [kimi-k2.5] 决策: create | 选笑话编号: None

  Item完成: 耗时59.4s | 总耗时1017.2min
  速率限制器状态: 可用令牌=48.0/48
  已保存中间结果 (1044 条)

============================================================
处理 zh_2146... (1045/1174)

  质量组: high (4个候选笑话)
    评估模型: qwen3-max
    [qwen3-max] 决策: select | 选笑话编号: 2
    评估模型: deepseek-v3.2
    [deepseek-v3.2] 决策: select | 选笑话编号: 2
    评估模型: kimi-k2.5
    [kimi-k2.5] 决策: create | 选笑话编号: None

  质量组: medium (4个候选笑话)
    评估模型: qwen3-max
    [qwen3-max] 决策: select | 选笑话编号: 4
    评估模型: deepseek-v3.2
    [deepseek-v3.2] 决策: select | 选笑话编号: 4
    评估模型: kimi-k2.5
    [API] JSON解析失败: JSON解析失败: Expecting ',' delimiter: line 4 column 63 (char 120), model=kimi-k2.5
    [kimi-k2.5] 决策:  | 选笑话编号: ?

  质量组: low (4个候选笑话)
    评估模型: qwen3-max
    [qwen3-max] 决策: create | 选笑话编号: None
    评估模型: deepseek-v3.2
    [deepseek-v3.2] 决策: create | 选笑话编号: None
    评估模型: kimi-k2.5
    [kimi-k2.5] 决策: create | 选笑话编号: None

  Item完成: 耗时51.8s | 总耗时1018.1min
  速率限制器状态: 可用令牌=48.0/48
  已保存中间结果 (1045 条)

============================================================
处理 zh_2147... (1046/1174)

  质量组: high (4个候选笑话)
    评估模型: qwen3-max
    [qwen3-max] 决策: select | 选笑话编号: 2
    评估模型: deepseek-v3.2
    [deepseek-v3.2] 决策: select | 选笑话编号: 3
    评估模型: kimi-k2.5
    [kimi-k2.5] 决策: create | 选笑话编号: None

  质量组: medium (4个候选笑话)
    评估模型: qwen3-max
    [qwen3-max] 决策: select | 选笑话编号: 1
    评估模型: deepseek-v3.2
    [deepseek-v3.2] 决策: select | 选笑话编号: 1
    评估模型: kimi-k2.5
    [kimi-k2.5] 决策: create | 选笑话编号: None

  质量组: low (4个候选笑话)
    评估模型: qwen3-max
    [qwen3-max] 决策: select | 选笑话编号: 1
    评估模型: deepseek-v3.2
    [deepseek-v3.2] 决策: select | 选笑话编号: 1
    评估模型: kimi-k2.5
    [kimi-k2.5] 决策: create | 选笑话编号: None

  Item完成: 耗时60.7s | 总耗时1019.1min
  速率限制器状态: 可用令牌=48.0/48
  已保存中间结果 (1046 条)

============================================================
处理 zh_2148... (1047/1174)

  质量组: high (4个候选笑话)
    评估模型: qwen3-max
    [qwen3-max] 决策: select | 选笑话编号: 2
    评估模型: deepseek-v3.2
    [deepseek-v3.2] 决策: select | 选笑话编号: 4
    评估模型: kimi-k2.5
    [kimi-k2.5] 决策: create | 选笑话编号: None

  质量组: medium (4个候选笑话)
    评估模型: qwen3-max
    [qwen3-max] 决策: select | 选笑话编号: 1
    评估模型: deepseek-v3.2
    [deepseek-v3.2] 决策: select | 选笑话编号: 4
    评估模型: kimi-k2.5
    [kimi-k2.5] 决策: create | 选笑话编号: None

  质量组: low (4个候选笑话)
    评估模型: qwen3-max
    [qwen3-max] 决策: create | 选笑话编号: None
    评估模型: deepseek-v3.2
    [deepseek-v3.2] 决策: select | 选笑话编号: 1
    评估模型: kimi-k2.5
    [API] JSON解析失败: JSON解析失败: Expecting ',' delimiter: line 5 column 47 (char 225), model=kimi-k2.5
    [kimi-k2.5] 决策:  | 选笑话编号: ?

  Item完成: 耗时49.9s | 总耗时1019.9min
  速率限制器状态: 可用令牌=48.0/48
  已保存中间结果 (1047 条)

============================================================
处理 zh_2149... (1048/1174)

  质量组: high (4个候选笑话)
    评估模型: qwen3-max
    [qwen3-max] 决策: select | 选笑话编号: 2
    评估模型: deepseek-v3.2
    [deepseek-v3.2] 决策: select | 选笑话编号: 2
    评估模型: kimi-k2.5
    [kimi-k2.5] 决策: create | 选笑话编号: None

  质量组: medium (4个候选笑话)
    评估模型: qwen3-max
    [qwen3-max] 决策: select | 选笑话编号: 4
    评估模型: deepseek-v3.2
    [deepseek-v3.2] 决策: select | 选笑话编号: 4
    评估模型: kimi-k2.5
    [kimi-k2.5] 决策: create | 选笑话编号: None

  质量组: low (4个候选笑话)
    评估模型: qwen3-max
    [qwen3-max] 决策: create | 选笑话编号: None
    评估模型: deepseek-v3.2
    [deepseek-v3.2] 决策: select | 选笑话编号: 1
    评估模型: kimi-k2.5
    [kimi-k2.5] 决策: create | 选笑话编号: None

  Item完成: 耗时59.7s | 总耗时1020.9min
  速率限制器状态: 可用令牌=48.0/48
  已保存中间结果 (1048 条)

============================================================
处理 zh_2150... (1049/1174)

  质量组: high (4个候选笑话)
    评估模型: qwen3-max
    [qwen3-max] 决策: select | 选笑话编号: 2
    评估模型: deepseek-v3.2
    [deepseek-v3.2] 决策: select | 选笑话编号: 2
    评估模型: kimi-k2.5
    [kimi-k2.5] 决策: create | 选笑话编号: None

  质量组: medium (4个候选笑话)
    评估模型: qwen3-max
    [qwen3-max] 决策: select | 选笑话编号: 2
    评估模型: deepseek-v3.2
    [deepseek-v3.2] 决策: select | 选笑话编号: 2
    评估模型: kimi-k2.5
    [kimi-k2.5] 决策: select | 选笑话编号: 2

  质量组: low (4个候选笑话)
    评估模型: qwen3-max
    [qwen3-max] 决策: create | 选笑话编号: None
    评估模型: deepseek-v3.2
    [deepseek-v3.2] 决策: create | 选笑话编号: None
    评估模型: kimi-k2.5
    [kimi-k2.5] 决策: create | 选笑话编号: None

  Item完成: 耗时56.9s | 总耗时1021.9min
  速率限制器状态: 可用令牌=48.0/48
  已保存中间结果 (1049 条)

============================================================
处理 zh_2151... (1050/1174)

  质量组: high (4个候选笑话)
    评估模型: qwen3-max
    [qwen3-max] 决策: select | 选笑话编号: 2
    评估模型: deepseek-v3.2
    [deepseek-v3.2] 决策: select | 选笑话编号: 4
    评估模型: kimi-k2.5
    [kimi-k2.5] 决策: create | 选笑话编号: None

  质量组: medium (4个候选笑话)
    评估模型: qwen3-max
    [qwen3-max] 决策: select | 选笑话编号: 1
    评估模型: deepseek-v3.2
    [deepseek-v3.2] 决策: select | 选笑话编号: 1
    评估模型: kimi-k2.5
    [API] JSON解析失败: JSON解析失败: Expecting ',' delimiter: line 5 column 57 (char 210), model=kimi-k2.5
    [kimi-k2.5] 决策:  | 选笑话编号: ?

  质量组: low (4个候选笑话)
    评估模型: qwen3-max
    [qwen3-max] 决策: select | 选笑话编号: 1
    评估模型: deepseek-v3.2
    [deepseek-v3.2] 决策: select | 选笑话编号: 1
    评估模型: kimi-k2.5
    [API] JSON解析失败: JSON解析失败: Expecting ',' delimiter: line 4 column 120 (char 177), model=kimi-k2.5
    [kimi-k2.5] 决策:  | 选笑话编号: ?

  Item完成: 耗时62.9s | 总耗时1022.9min
  速率限制器状态: 可用令牌=48.0/48
  已保存中间结果 (1050 条)

============================================================
处理 zh_2152... (1051/1174)

  质量组: high (4个候选笑话)
    评估模型: qwen3-max
    [qwen3-max] 决策: select | 选笑话编号: 1
    评估模型: deepseek-v3.2
    [deepseek-v3.2] 决策: select | 选笑话编号: 3
    评估模型: kimi-k2.5
    [kimi-k2.5] 决策: create | 选笑话编号: None

  质量组: medium (4个候选笑话)
    评估模型: qwen3-max
    [qwen3-max] 决策: create | 选笑话编号: None
    评估模型: deepseek-v3.2
    [deepseek-v3.2] 决策: select | 选笑话编号: 1
    评估模型: kimi-k2.5
    [kimi-k2.5] 决策: create | 选笑话编号: None

  质量组: low (4个候选笑话)
    评估模型: qwen3-max
    [qwen3-max] 决策: select | 选笑话编号: 1
    评估模型: deepseek-v3.2
    [deepseek-v3.2] 决策: create | 选笑话编号: None
    评估模型: kimi-k2.5
    [kimi-k2.5] 决策: create | 选笑话编号: None

  Item完成: 耗时50.0s | 总耗时1023.8min
  速率限制器状态: 可用令牌=48.0/48
  已保存中间结果 (1051 条)

============================================================
处理 zh_2153... (1052/1174)

  质量组: high (4个候选笑话)
    评估模型: qwen3-max
    [qwen3-max] 决策: select | 选笑话编号: 2
    评估模型: deepseek-v3.2
    [deepseek-v3.2] 决策: select | 选笑话编号: 4
    评估模型: kimi-k2.5
    [kimi-k2.5] 决策: select | 选笑话编号: 2

  质量组: medium (4个候选笑话)
    评估模型: qwen3-max
    [qwen3-max] 决策: select | 选笑话编号: 1
    评估模型: deepseek-v3.2
    [deepseek-v3.2] 决策: select | 选笑话编号: 1
    评估模型: kimi-k2.5
    [kimi-k2.5] 决策: create | 选笑话编号: None

  质量组: low (4个候选笑话)
    评估模型: qwen3-max
    [qwen3-max] 决策: create | 选笑话编号: None
    评估模型: deepseek-v3.2
    [deepseek-v3.2] 决策: create | 选笑话编号: None
    评估模型: kimi-k2.5
    [kimi-k2.5] 决策: create | 选笑话编号: None

  Item完成: 耗时57.7s | 总耗时1024.7min
  速率限制器状态: 可用令牌=48.0/48
  已保存中间结果 (1052 条)

============================================================
处理 zh_2154... (1053/1174)

  质量组: high (4个候选笑话)
    评估模型: qwen3-max
    [qwen3-max] 决策: select | 选笑话编号: 2
    评估模型: deepseek-v3.2
    [deepseek-v3.2] 决策: select | 选笑话编号: 2
    评估模型: kimi-k2.5
    [kimi-k2.5] 决策: select | 选笑话编号: 2

  质量组: medium (4个候选笑话)
    评估模型: qwen3-max
    [qwen3-max] 决策: select | 选笑话编号: 1
    评估模型: deepseek-v3.2
    [deepseek-v3.2] 决策: select | 选笑话编号: 1
    评估模型: kimi-k2.5
    [kimi-k2.5] 决策: create | 选笑话编号: None

  质量组: low (4个候选笑话)
    评估模型: qwen3-max
    [qwen3-max] 决策: create | 选笑话编号: None
    评估模型: deepseek-v3.2
    [deepseek-v3.2] 决策: create | 选笑话编号: None
    评估模型: kimi-k2.5
    [kimi-k2.5] 决策: create | 选笑话编号: None

  Item完成: 耗时57.4s | 总耗时1025.7min
  速率限制器状态: 可用令牌=48.0/48
  已保存中间结果 (1053 条)

============================================================
处理 zh_2155... (1054/1174)

  质量组: high (4个候选笑话)
    评估模型: qwen3-max
    [qwen3-max] 决策: select | 选笑话编号: 2
    评估模型: deepseek-v3.2
    [deepseek-v3.2] 决策: select | 选笑话编号: 2
    评估模型: kimi-k2.5
    [kimi-k2.5] 决策: create | 选笑话编号: None

  质量组: medium (4个候选笑话)
    评估模型: qwen3-max
    [qwen3-max] 决策: select | 选笑话编号: 2
    评估模型: deepseek-v3.2
    [deepseek-v3.2] 决策: select | 选笑话编号: 2
    评估模型: kimi-k2.5
    [kimi-k2.5] 决策: create | 选笑话编号: None

  质量组: low (4个候选笑话)
    评估模型: qwen3-max
    [qwen3-max] 决策: select | 选笑话编号: 1
    评估模型: deepseek-v3.2
    [deepseek-v3.2] 决策: select | 选笑话编号: 1
    评估模型: kimi-k2.5
    [kimi-k2.5] 决策: create | 选笑话编号: None

  Item完成: 耗时61.7s | 总耗时1026.7min
  速率限制器状态: 可用令牌=48.0/48
  已保存中间结果 (1054 条)

============================================================
处理 zh_2156... (1055/1174)

  质量组: high (4个候选笑话)
    评估模型: qwen3-max
    [qwen3-max] 决策: select | 选笑话编号: 2
    评估模型: deepseek-v3.2
    [deepseek-v3.2] 决策: select | 选笑话编号: 2
    评估模型: kimi-k2.5
    [kimi-k2.5] 决策: select | 选笑话编号: 2

  质量组: medium (4个候选笑话)
    评估模型: qwen3-max
    [qwen3-max] 决策: select | 选笑话编号: 2
    评估模型: deepseek-v3.2
    [deepseek-v3.2] 决策: select | 选笑话编号: 2
    评估模型: kimi-k2.5
    [kimi-k2.5] 决策: select | 选笑话编号: 2

  质量组: low (4个候选笑话)
    评估模型: qwen3-max
    [qwen3-max] 决策: select | 选笑话编号: 1
    评估模型: deepseek-v3.2
    [deepseek-v3.2] 决策: select | 选笑话编号: 4
    评估模型: kimi-k2.5
    [kimi-k2.5] 决策: create | 选笑话编号: None

  Item完成: 耗时53.7s | 总耗时1027.6min
  速率限制器状态: 可用令牌=48.0/48
  已保存中间结果 (1055 条)

============================================================
处理 zh_2157... (1056/1174)

  质量组: high (4个候选笑话)
    评估模型: qwen3-max
    [qwen3-max] 决策: select | 选笑话编号: 3
    评估模型: deepseek-v3.2
    [deepseek-v3.2] 决策: select | 选笑话编号: 3
    评估模型: kimi-k2.5
    [kimi-k2.5] 决策: create | 选笑话编号: None

  质量组: medium (4个候选笑话)
    评估模型: qwen3-max
    [qwen3-max] 决策: select | 选笑话编号: 2
    评估模型: deepseek-v3.2
    [deepseek-v3.2] 决策: select | 选笑话编号: 2
    评估模型: kimi-k2.5
    [kimi-k2.5] 决策: create | 选笑话编号: None

  质量组: low (4个候选笑话)
    评估模型: qwen3-max
    [qwen3-max] 决策: create | 选笑话编号: None
    评估模型: deepseek-v3.2
    [deepseek-v3.2] 决策: select | 选笑话编号: 2
    评估模型: kimi-k2.5
    [kimi-k2.5] 决策: create | 选笑话编号: None

  Item完成: 耗时52.0s | 总耗时1028.5min
  速率限制器状态: 可用令牌=48.0/48
  已保存中间结果 (1056 条)

============================================================
处理 zh_2158... (1057/1174)

  质量组: high (4个候选笑话)
    评估模型: qwen3-max
    [qwen3-max] 决策: select | 选笑话编号: 2
    评估模型: deepseek-v3.2
    [deepseek-v3.2] 决策: select | 选笑话编号: 2
    评估模型: kimi-k2.5
    [API] JSON解析失败: JSON解析失败: Expecting ',' delimiter: line 4 column 36 (char 90), model=kimi-k2.5
    [kimi-k2.5] 决策:  | 选笑话编号: ?

  质量组: medium (4个候选笑话)
    评估模型: qwen3-max
    [qwen3-max] 决策: select | 选笑话编号: 2
    评估模型: deepseek-v3.2
    [deepseek-v3.2] 决策: select | 选笑话编号: 4
    评估模型: kimi-k2.5
    [kimi-k2.5] 决策: create | 选笑话编号: None

  质量组: low (4个候选笑话)
    评估模型: qwen3-max
    [qwen3-max] 决策: select | 选笑话编号: 4
    评估模型: deepseek-v3.2
    [deepseek-v3.2] 决策: create | 选笑话编号: None
    评估模型: kimi-k2.5
    [kimi-k2.5] 决策: create | 选笑话编号: None

  Item完成: 耗时49.9s | 总耗时1029.3min
  速率限制器状态: 可用令牌=48.0/48
  已保存中间结果 (1057 条)

============================================================
处理 zh_2159... (1058/1174)

  质量组: high (4个候选笑话)
    评估模型: qwen3-max
    [qwen3-max] 决策: select | 选笑话编号: 2
    评估模型: deepseek-v3.2
    [deepseek-v3.2] 决策: select | 选笑话编号: 2
    评估模型: kimi-k2.5
    [kimi-k2.5] 决策: create | 选笑话编号: None

  质量组: medium (4个候选笑话)
    评估模型: qwen3-max
    [qwen3-max] 决策: select | 选笑话编号: 2
    评估模型: deepseek-v3.2
    [deepseek-v3.2] 决策: select | 选笑话编号: 1
    评估模型: kimi-k2.5
    [kimi-k2.5] 决策: create | 选笑话编号: None

  质量组: low (4个候选笑话)
    评估模型: qwen3-max
    [qwen3-max] 决策: select | 选笑话编号: 3
    评估模型: deepseek-v3.2
    [deepseek-v3.2] 决策: select | 选笑话编号: 4
    评估模型: kimi-k2.5
    [kimi-k2.5] 决策: create | 选笑话编号: None

  Item完成: 耗时58.6s | 总耗时1030.3min
  速率限制器状态: 可用令牌=48.0/48
  已保存中间结果 (1058 条)

============================================================
处理 zh_2160... (1059/1174)

  质量组: high (4个候选笑话)
    评估模型: qwen3-max
    [qwen3-max] 决策: select | 选笑话编号: 2
    评估模型: deepseek-v3.2
    [deepseek-v3.2] 决策: select | 选笑话编号: 4
    评估模型: kimi-k2.5
    [kimi-k2.5] 决策: create | 选笑话编号: None

  质量组: medium (4个候选笑话)
    评估模型: qwen3-max
    [qwen3-max] 决策: select | 选笑话编号: 4
    评估模型: deepseek-v3.2
    [deepseek-v3.2] 决策: select | 选笑话编号: 4
    评估模型: kimi-k2.5
    [API] JSON解析失败: JSON解析失败: Expecting ',' delimiter: line 5 column 32 (char 199), model=kimi-k2.5
    [kimi-k2.5] 决策:  | 选笑话编号: ?

  质量组: low (4个候选笑话)
    评估模型: qwen3-max
    [qwen3-max] 决策: create | 选笑话编号: None
    评估模型: deepseek-v3.2
    [deepseek-v3.2] 决策: select | 选笑话编号: 3
    评估模型: kimi-k2.5
    [kimi-k2.5] 决策: create | 选笑话编号: None

  Item完成: 耗时52.0s | 总耗时1031.2min
  速率限制器状态: 可用令牌=48.0/48
  已保存中间结果 (1059 条)

============================================================
处理 zh_2161... (1060/1174)

  质量组: high (4个候选笑话)
    评估模型: qwen3-max
    [qwen3-max] 决策: select | 选笑话编号: 2
    评估模型: deepseek-v3.2
    [deepseek-v3.2] 决策: select | 选笑话编号: 2
    评估模型: kimi-k2.5
    [API] JSON解析失败: JSON解析失败: Expecting ',' delimiter: line 4 column 46 (char 103), model=kimi-k2.5
    [kimi-k2.5] 决策:  | 选笑话编号: ?

  质量组: medium (4个候选笑话)
    评估模型: qwen3-max
    [qwen3-max] 决策: select | 选笑话编号: 1
    评估模型: deepseek-v3.2
    [deepseek-v3.2] 决策: select | 选笑话编号: 1
    评估模型: kimi-k2.5
    [kimi-k2.5] 决策: select | 选笑话编号: 1

  质量组: low (4个候选笑话)
    评估模型: qwen3-max
    [qwen3-max] 决策: create | 选笑话编号: None
    评估模型: deepseek-v3.2
    [deepseek-v3.2] 决策: create | 选笑话编号: None
    评估模型: kimi-k2.5
    [kimi-k2.5] 决策: create | 选笑话编号: None

  Item完成: 耗时51.5s | 总耗时1032.1min
  速率限制器状态: 可用令牌=48.0/48
  已保存中间结果 (1060 条)

============================================================
处理 zh_2162... (1061/1174)

  质量组: high (4个候选笑话)
    评估模型: qwen3-max
    [qwen3-max] 决策: select | 选笑话编号: 2
    评估模型: deepseek-v3.2
    [deepseek-v3.2] 决策: select | 选笑话编号: 2
    评估模型: kimi-k2.5
    [kimi-k2.5] 决策: select | 选笑话编号: 2

  质量组: medium (4个候选笑话)
    评估模型: qwen3-max
    [qwen3-max] 决策: select | 选笑话编号: 2
    评估模型: deepseek-v3.2
    [deepseek-v3.2] 决策: select | 选笑话编号: 2
    评估模型: kimi-k2.5
    [kimi-k2.5] 决策: create | 选笑话编号: None

  质量组: low (4个候选笑话)
    评估模型: qwen3-max
    [qwen3-max] 决策: create | 选笑话编号: None
    评估模型: deepseek-v3.2
    [deepseek-v3.2] 决策: select | 选笑话编号: 1
    评估模型: kimi-k2.5
    [kimi-k2.5] 决策: create | 选笑话编号: None

  Item完成: 耗时58.6s | 总耗时1033.1min
  速率限制器状态: 可用令牌=48.0/48
  已保存中间结果 (1061 条)

============================================================
处理 zh_2163... (1062/1174)

  质量组: high (4个候选笑话)
    评估模型: qwen3-max
    [qwen3-max] 决策: create | 选笑话编号: None
    评估模型: deepseek-v3.2
    [deepseek-v3.2] 决策: select | 选笑话编号: 2
    评估模型: kimi-k2.5
    [kimi-k2.5] 决策: create | 选笑话编号: None

  质量组: medium (4个候选笑话)
    评估模型: qwen3-max
    [qwen3-max] 决策: create | 选笑话编号: None
    评估模型: deepseek-v3.2
    [deepseek-v3.2] 决策: select | 选笑话编号: 4
    评估模型: kimi-k2.5
    [API] JSON解析失败: JSON解析失败: Expecting ',' delimiter: line 4 column 73 (char 130), model=kimi-k2.5
    [kimi-k2.5] 决策:  | 选笑话编号: ?

  质量组: low (4个候选笑话)
    评估模型: qwen3-max
    [qwen3-max] 决策: create | 选笑话编号: None
    评估模型: deepseek-v3.2
    [deepseek-v3.2] 决策: create | 选笑话编号: None
    评估模型: kimi-k2.5
    [kimi-k2.5] 决策: create | 选笑话编号: None

  Item完成: 耗时47.4s | 总耗时1033.9min
  速率限制器状态: 可用令牌=48.0/48
  已保存中间结果 (1062 条)

============================================================
处理 zh_2164... (1063/1174)

  质量组: high (4个候选笑话)
    评估模型: qwen3-max
    [qwen3-max] 决策: create | 选笑话编号: None
    评估模型: deepseek-v3.2
    [deepseek-v3.2] 决策: select | 选笑话编号: 3
    评估模型: kimi-k2.5
    [API] JSON解析失败: JSON解析失败: Expecting ',' delimiter: line 4 column 44 (char 101), model=kimi-k2.5
    [kimi-k2.5] 决策:  | 选笑话编号: ?

  质量组: medium (4个候选笑话)
    评估模型: qwen3-max
    [qwen3-max] 决策: select | 选笑话编号: 2
    评估模型: deepseek-v3.2
    [deepseek-v3.2] 决策: select | 选笑话编号: 2
    评估模型: kimi-k2.5
    [kimi-k2.5] 决策: create | 选笑话编号: None

  质量组: low (4个候选笑话)
    评估模型: qwen3-max
    [qwen3-max] 决策: select | 选笑话编号: 3
    评估模型: deepseek-v3.2
    [deepseek-v3.2] 决策: select | 选笑话编号: 3
    评估模型: kimi-k2.5
    [API] JSON解析失败: JSON解析失败: Expecting ',' delimiter: line 5 column 25 (char 188), model=kimi-k2.5
    [kimi-k2.5] 决策:  | 选笑话编号: ?

  Item完成: 耗时57.7s | 总耗时1034.8min
  速率限制器状态: 可用令牌=48.0/48
  已保存中间结果 (1063 条)

============================================================
处理 zh_2165... (1064/1174)

  质量组: high (4个候选笑话)
    评估模型: qwen3-max
    [qwen3-max] 决策: select | 选笑话编号: 2
    评估模型: deepseek-v3.2
    [deepseek-v3.2] 决策: select | 选笑话编号: 2
    评估模型: kimi-k2.5
    [kimi-k2.5] 决策: create | 选笑话编号: None

  质量组: medium (4个候选笑话)
    评估模型: qwen3-max
    [qwen3-max] 决策: create | 选笑话编号: None
    评估模型: deepseek-v3.2
    [deepseek-v3.2] 决策: create | 选笑话编号: None
    评估模型: kimi-k2.5
    [kimi-k2.5] 决策: create | 选笑话编号: None

  质量组: low (4个候选笑话)
    评估模型: qwen3-max
    [qwen3-max] 决策: create | 选笑话编号: None
    评估模型: deepseek-v3.2
    [deepseek-v3.2] 决策: create | 选笑话编号: None
    评估模型: kimi-k2.5
    [kimi-k2.5] 决策: create | 选笑话编号: None

  Item完成: 耗时58.3s | 总耗时1035.8min
  速率限制器状态: 可用令牌=48.0/48
  已保存中间结果 (1064 条)

============================================================
处理 zh_2166... (1065/1174)

  质量组: high (4个候选笑话)
    评估模型: qwen3-max
    [qwen3-max] 决策: select | 选笑话编号: 2
    评估模型: deepseek-v3.2
    [deepseek-v3.2] 决策: select | 选笑话编号: 4
    评估模型: kimi-k2.5
    [API] JSON解析失败: JSON解析失败: Expecting ',' delimiter: line 4 column 54 (char 111), model=kimi-k2.5
    [kimi-k2.5] 决策:  | 选笑话编号: ?

  质量组: medium (4个候选笑话)
    评估模型: qwen3-max
    [qwen3-max] 决策: select | 选笑话编号: 1
    评估模型: deepseek-v3.2
    [deepseek-v3.2] 决策: select | 选笑话编号: 1
    评估模型: kimi-k2.5
    [kimi-k2.5] 决策: create | 选笑话编号: None

  质量组: low (4个候选笑话)
    评估模型: qwen3-max
    [qwen3-max] 决策: select | 选笑话编号: 1
    评估模型: deepseek-v3.2
    [deepseek-v3.2] 决策: select | 选笑话编号: 1
    评估模型: kimi-k2.5
    [kimi-k2.5] 决策: create | 选笑话编号: None

  Item完成: 耗时56.8s | 总耗时1036.8min
  速率限制器状态: 可用令牌=48.0/48
  已保存中间结果 (1065 条)

============================================================
处理 zh_2167... (1066/1174)

  质量组: high (4个候选笑话)
    评估模型: qwen3-max
    [qwen3-max] 决策: select | 选笑话编号: 2
    评估模型: deepseek-v3.2
    [deepseek-v3.2] 决策: select | 选笑话编号: 1
    评估模型: kimi-k2.5
    [kimi-k2.5] 决策: create | 选笑话编号: None

  质量组: medium (4个候选笑话)
    评估模型: qwen3-max
    [qwen3-max] 决策: select | 选笑话编号: 2
    评估模型: deepseek-v3.2
    [deepseek-v3.2] 决策: select | 选笑话编号: 1
    评估模型: kimi-k2.5
    [API] JSON解析失败: JSON解析失败: Expecting ',' delimiter: line 5 column 50 (char 213), model=kimi-k2.5
    [kimi-k2.5] 决策:  | 选笑话编号: ?

  质量组: low (4个候选笑话)
    评估模型: qwen3-max
    [qwen3-max] 决策: select | 选笑话编号: 1
    评估模型: deepseek-v3.2
    [deepseek-v3.2] 决策: select | 选笑话编号: 1
    评估模型: kimi-k2.5
    [kimi-k2.5] 决策: create | 选笑话编号: None

  Item完成: 耗时62.9s | 总耗时1037.8min
  速率限制器状态: 可用令牌=48.0/48
  已保存中间结果 (1066 条)

============================================================
处理 zh_2168... (1067/1174)

  质量组: high (4个候选笑话)
    评估模型: qwen3-max
    [qwen3-max] 决策: select | 选笑话编号: 2
    评估模型: deepseek-v3.2
    [deepseek-v3.2] 决策: select | 选笑话编号: 2
    评估模型: kimi-k2.5
    [API] JSON解析失败: JSON解析失败: Expecting ',' delimiter: line 4 column 56 (char 113), model=kimi-k2.5
    [kimi-k2.5] 决策:  | 选笑话编号: ?

  质量组: medium (4个候选笑话)
    评估模型: qwen3-max
    [qwen3-max] 决策: select | 选笑话编号: 2
    评估模型: deepseek-v3.2
    [deepseek-v3.2] 决策: create | 选笑话编号: None
    评估模型: kimi-k2.5
    [kimi-k2.5] 决策: create | 选笑话编号: None

  质量组: low (4个候选笑话)
    评估模型: qwen3-max
    [qwen3-max] 决策: create | 选笑话编号: None
    评估模型: deepseek-v3.2
    [deepseek-v3.2] 决策: create | 选笑话编号: None
    评估模型: kimi-k2.5
    [kimi-k2.5] 决策: create | 选笑话编号: None

  Item完成: 耗时48.8s | 总耗时1038.6min
  速率限制器状态: 可用令牌=48.0/48
  已保存中间结果 (1067 条)

============================================================
处理 zh_2169... (1068/1174)

  质量组: high (4个候选笑话)
    评估模型: qwen3-max
    [qwen3-max] 决策: select | 选笑话编号: 1
    评估模型: deepseek-v3.2
    [deepseek-v3.2] 决策: select | 选笑话编号: 1
    评估模型: kimi-k2.5
    [kimi-k2.5] 决策: create | 选笑话编号: None

  质量组: medium (4个候选笑话)
    评估模型: qwen3-max
    [qwen3-max] 决策: create | 选笑话编号: None
    评估模型: deepseek-v3.2
    [deepseek-v3.2] 决策: select | 选笑话编号: 2
    评估模型: kimi-k2.5
    [kimi-k2.5] 决策: create | 选笑话编号: None

  质量组: low (4个候选笑话)
    评估模型: qwen3-max
    [qwen3-max] 决策: create | 选笑话编号: None
    评估模型: deepseek-v3.2
    [deepseek-v3.2] 决策: select | 选笑话编号: 4
    评估模型: kimi-k2.5
    [kimi-k2.5] 决策: create | 选笑话编号: None

  Item完成: 耗时62.5s | 总耗时1039.7min
  速率限制器状态: 可用令牌=48.0/48
  已保存中间结果 (1068 条)

============================================================
处理 zh_2170... (1069/1174)

  质量组: high (4个候选笑话)
    评估模型: qwen3-max
    [qwen3-max] 决策: select | 选笑话编号: 4
    评估模型: deepseek-v3.2
    [deepseek-v3.2] 决策: select | 选笑话编号: 2
    评估模型: kimi-k2.5
    [kimi-k2.5] 决策: create | 选笑话编号: None

  质量组: medium (4个候选笑话)
    评估模型: qwen3-max
    [qwen3-max] 决策: select | 选笑话编号: 2
    评估模型: deepseek-v3.2
    [deepseek-v3.2] 决策: select | 选笑话编号: 2
    评估模型: kimi-k2.5
    [kimi-k2.5] 决策: create | 选笑话编号: None

  质量组: low (4个候选笑话)
    评估模型: qwen3-max
    [qwen3-max] 决策: create | 选笑话编号: None
    评估模型: deepseek-v3.2
    [deepseek-v3.2] 决策: select | 选笑话编号: 2
    评估模型: kimi-k2.5
    [kimi-k2.5] 决策: create | 选笑话编号: None

  Item完成: 耗时66.4s | 总耗时1040.8min
  速率限制器状态: 可用令牌=48.0/48
  已保存中间结果 (1069 条)

============================================================
处理 zh_2171... (1070/1174)

  质量组: high (4个候选笑话)
    评估模型: qwen3-max
    [qwen3-max] 决策: select | 选笑话编号: 3
    评估模型: deepseek-v3.2
    [deepseek-v3.2] 决策: select | 选笑话编号: 4
    评估模型: kimi-k2.5
    [kimi-k2.5] 决策: create | 选笑话编号: None

  质量组: medium (4个候选笑话)
    评估模型: qwen3-max
    [qwen3-max] 决策: select | 选笑话编号: 2
    评估模型: deepseek-v3.2
    [deepseek-v3.2] 决策: select | 选笑话编号: 2
    评估模型: kimi-k2.5
    [kimi-k2.5] 决策: select | 选笑话编号: 2

  质量组: low (4个候选笑话)
    评估模型: qwen3-max
    [qwen3-max] 决策: select | 选笑话编号: 1
    评估模型: deepseek-v3.2
    [deepseek-v3.2] 决策: create | 选笑话编号: None
    评估模型: kimi-k2.5
    [kimi-k2.5] 决策: create | 选笑话编号: None

  Item完成: 耗时59.5s | 总耗时1041.8min
  速率限制器状态: 可用令牌=48.0/48
  已保存中间结果 (1070 条)

============================================================
处理 zh_2172... (1071/1174)

  质量组: high (4个候选笑话)
    评估模型: qwen3-max
    [qwen3-max] 决策: select | 选笑话编号: 2
    评估模型: deepseek-v3.2
    [deepseek-v3.2] 决策: select | 选笑话编号: 2
    评估模型: kimi-k2.5
    [API] JSON解析失败: JSON解析失败: Expecting ',' delimiter: line 4 column 99 (char 156), model=kimi-k2.5
    [kimi-k2.5] 决策:  | 选笑话编号: ?

  质量组: medium (4个候选笑话)
    评估模型: qwen3-max
    [qwen3-max] 决策: select | 选笑话编号: 2
    评估模型: deepseek-v3.2
    [deepseek-v3.2] 决策: select | 选笑话编号: 2
    评估模型: kimi-k2.5
    [kimi-k2.5] 决策: create | 选笑话编号: None

  质量组: low (4个候选笑话)
    评估模型: qwen3-max
    [qwen3-max] 决策: create | 选笑话编号: None
    评估模型: deepseek-v3.2
    [deepseek-v3.2] 决策: create | 选笑话编号: None
    评估模型: kimi-k2.5
    [kimi-k2.5] 决策: create | 选笑话编号: None

  Item完成: 耗时55.3s | 总耗时1042.7min
  速率限制器状态: 可用令牌=48.0/48
  已保存中间结果 (1071 条)

============================================================
处理 zh_2173... (1072/1174)

  质量组: high (4个候选笑话)
    评估模型: qwen3-max
    [qwen3-max] 决策: select | 选笑话编号: 2
    评估模型: deepseek-v3.2
    [deepseek-v3.2] 决策: select | 选笑话编号: 2
    评估模型: kimi-k2.5
    [kimi-k2.5] 决策: create | 选笑话编号: None

  质量组: medium (4个候选笑话)
    评估模型: qwen3-max
    [qwen3-max] 决策: select | 选笑话编号: 1
    评估模型: deepseek-v3.2
    [deepseek-v3.2] 决策: select | 选笑话编号: 1
    评估模型: kimi-k2.5
    [kimi-k2.5] 决策: create | 选笑话编号: None

  质量组: low (4个候选笑话)
    评估模型: qwen3-max
    [qwen3-max] 决策: create | 选笑话编号: None
    评估模型: deepseek-v3.2
    [deepseek-v3.2] 决策: select | 选笑话编号: 1
    评估模型: kimi-k2.5
    [kimi-k2.5] 决策: create | 选笑话编号: None

  Item完成: 耗时54.8s | 总耗时1043.6min
  速率限制器状态: 可用令牌=48.0/48
  已保存中间结果 (1072 条)

============================================================
处理 zh_2174... (1073/1174)

  质量组: high (4个候选笑话)
    评估模型: qwen3-max
    [qwen3-max] 决策: select | 选笑话编号: 2
    评估模型: deepseek-v3.2
    [deepseek-v3.2] 决策: select | 选笑话编号: 1
    评估模型: kimi-k2.5
    [kimi-k2.5] 决策: create | 选笑话编号: None

  质量组: medium (4个候选笑话)
    评估模型: qwen3-max
    [qwen3-max] 决策: select | 选笑话编号: 1
    评估模型: deepseek-v3.2
    [deepseek-v3.2] 决策: select | 选笑话编号: 1
    评估模型: kimi-k2.5
    [kimi-k2.5] 决策: create | 选笑话编号: None

  质量组: low (4个候选笑话)
    评估模型: qwen3-max
    [qwen3-max] 决策: create | 选笑话编号: None
    评估模型: deepseek-v3.2
    [deepseek-v3.2] 决策: select | 选笑话编号: 2
    评估模型: kimi-k2.5
    [kimi-k2.5] 决策: create | 选笑话编号: None

  Item完成: 耗时63.9s | 总耗时1044.7min
  速率限制器状态: 可用令牌=48.0/48
  已保存中间结果 (1073 条)

============================================================
处理 zh_2175... (1074/1174)

  质量组: high (4个候选笑话)
    评估模型: qwen3-max
    [qwen3-max] 决策: select | 选笑话编号: 4
    评估模型: deepseek-v3.2
    [deepseek-v3.2] 决策: select | 选笑话编号: 2
    评估模型: kimi-k2.5
    [kimi-k2.5] 决策: select | 选笑话编号: 4

  质量组: medium (4个候选笑话)
    评估模型: qwen3-max
    [qwen3-max] 决策: select | 选笑话编号: 2
    评估模型: deepseek-v3.2
    [deepseek-v3.2] 决策: select | 选笑话编号: 4
    评估模型: kimi-k2.5
    [kimi-k2.5] 决策: create | 选笑话编号: None

  质量组: low (4个候选笑话)
    评估模型: qwen3-max
    [qwen3-max] 决策: select | 选笑话编号: 1
    评估模型: deepseek-v3.2
    [deepseek-v3.2] 决策: create | 选笑话编号: None
    评估模型: kimi-k2.5
    [kimi-k2.5] 决策: create | 选笑话编号: None

  Item完成: 耗时52.8s | 总耗时1045.6min
  速率限制器状态: 可用令牌=48.0/48
  已保存中间结果 (1074 条)

============================================================
处理 zh_2176... (1075/1174)

  质量组: high (4个候选笑话)
    评估模型: qwen3-max
    [qwen3-max] 决策: select | 选笑话编号: 2
    评估模型: deepseek-v3.2
    [deepseek-v3.2] 决策: select | 选笑话编号: 2
    评估模型: kimi-k2.5
    [kimi-k2.5] 决策: select | 选笑话编号: 2

  质量组: medium (4个候选笑话)
    评估模型: qwen3-max
    [qwen3-max] 决策: select | 选笑话编号: 2
    评估模型: deepseek-v3.2
    [deepseek-v3.2] 决策: select | 选笑话编号: 2
    评估模型: kimi-k2.5
    [kimi-k2.5] 决策: create | 选笑话编号: None

  质量组: low (4个候选笑话)
    评估模型: qwen3-max
    [qwen3-max] 决策: create | 选笑话编号: None
    评估模型: deepseek-v3.2
    [deepseek-v3.2] 决策: create | 选笑话编号: None
    评估模型: kimi-k2.5
    [kimi-k2.5] 决策: create | 选笑话编号: None

  Item完成: 耗时54.9s | 总耗时1046.5min
  速率限制器状态: 可用令牌=48.0/48
  已保存中间结果 (1075 条)

============================================================
处理 zh_2177... (1076/1174)

  质量组: high (4个候选笑话)
    评估模型: qwen3-max
    [qwen3-max] 决策: select | 选笑话编号: 2
    评估模型: deepseek-v3.2
    [deepseek-v3.2] 决策: select | 选笑话编号: 2
    评估模型: kimi-k2.5
    [kimi-k2.5] 决策: create | 选笑话编号: None

  质量组: medium (4个候选笑话)
    评估模型: qwen3-max
    [qwen3-max] 决策: select | 选笑话编号: 2
    评估模型: deepseek-v3.2
    [deepseek-v3.2] 决策: select | 选笑话编号: 4
    评估模型: kimi-k2.5
    [kimi-k2.5] 决策: create | 选笑话编号: None

  质量组: low (4个候选笑话)
    评估模型: qwen3-max
    [qwen3-max] 决策: create | 选笑话编号: None
    评估模型: deepseek-v3.2
    [deepseek-v3.2] 决策: select | 选笑话编号: 1
    评估模型: kimi-k2.5
    [kimi-k2.5] 决策: create | 选笑话编号: None

  Item完成: 耗时67.7s | 总耗时1047.7min
  速率限制器状态: 可用令牌=48.0/48
  已保存中间结果 (1076 条)

============================================================
处理 zh_2178... (1077/1174)

  质量组: high (4个候选笑话)
    评估模型: qwen3-max
    [qwen3-max] 决策: select | 选笑话编号: 2
    评估模型: deepseek-v3.2
    [deepseek-v3.2] 决策: select | 选笑话编号: 2
    评估模型: kimi-k2.5
    [kimi-k2.5] 决策: create | 选笑话编号: None

  质量组: medium (4个候选笑话)
    评估模型: qwen3-max
    [qwen3-max] 决策: select | 选笑话编号: 2
    评估模型: deepseek-v3.2
    [deepseek-v3.2] 决策: select | 选笑话编号: 2
    评估模型: kimi-k2.5
    [kimi-k2.5] 决策: create | 选笑话编号: None

  质量组: low (4个候选笑话)
    评估模型: qwen3-max
    [qwen3-max] 决策: select | 选笑话编号: 4
    评估模型: deepseek-v3.2
    [deepseek-v3.2] 决策: select | 选笑话编号: 4
    评估模型: kimi-k2.5
    [kimi-k2.5] 决策: create | 选笑话编号: None

  Item完成: 耗时46.6s | 总耗时1048.4min
  速率限制器状态: 可用令牌=48.0/48
  已保存中间结果 (1077 条)

============================================================
处理 zh_2179... (1078/1174)

  质量组: high (4个候选笑话)
    评估模型: qwen3-max
    [qwen3-max] 决策: select | 选笑话编号: 2
    评估模型: deepseek-v3.2
    [deepseek-v3.2] 决策: select | 选笑话编号: 4
    评估模型: kimi-k2.5
    [kimi-k2.5] 决策: select | 选笑话编号: 2

  质量组: medium (4个候选笑话)
    评估模型: qwen3-max
    [qwen3-max] 决策: select | 选笑话编号: 4
    评估模型: deepseek-v3.2
    [deepseek-v3.2] 决策: select | 选笑话编号: 1
    评估模型: kimi-k2.5
    [kimi-k2.5] 决策: create | 选笑话编号: None

  质量组: low (4个候选笑话)
    评估模型: qwen3-max
    [qwen3-max] 决策: select | 选笑话编号: 4
    评估模型: deepseek-v3.2
    [deepseek-v3.2] 决策: select | 选笑话编号: 4
    评估模型: kimi-k2.5
    [kimi-k2.5] 决策: create | 选笑话编号: None

  Item完成: 耗时59.1s | 总耗时1049.4min
  速率限制器状态: 可用令牌=48.0/48
  已保存中间结果 (1078 条)

============================================================
处理 zh_2180... (1079/1174)

  质量组: high (4个候选笑话)
    评估模型: qwen3-max
    [qwen3-max] 决策: select | 选笑话编号: 1
    评估模型: deepseek-v3.2
    [deepseek-v3.2] 决策: select | 选笑话编号: 4
    评估模型: kimi-k2.5
    [API] JSON解析失败: JSON解析失败: Expecting ',' delimiter: line 4 column 71 (char 128), model=kimi-k2.5
    [kimi-k2.5] 决策:  | 选笑话编号: ?

  质量组: medium (4个候选笑话)
    评估模型: qwen3-max
    [qwen3-max] 决策: select | 选笑话编号: 4
    评估模型: deepseek-v3.2
    [deepseek-v3.2] 决策: select | 选笑话编号: 4
    评估模型: kimi-k2.5
    [kimi-k2.5] 决策: select | 选笑话编号: 4

  质量组: low (4个候选笑话)
    评估模型: qwen3-max
    [qwen3-max] 决策: select | 选笑话编号: 1
    评估模型: deepseek-v3.2
    [deepseek-v3.2] 决策: select | 选笑话编号: 1
    评估模型: kimi-k2.5
    [kimi-k2.5] 决策: create | 选笑话编号: None

  Item完成: 耗时58.5s | 总耗时1050.4min
  速率限制器状态: 可用令牌=48.0/48
  已保存中间结果 (1079 条)

============================================================
处理 zh_2181... (1080/1174)

  质量组: high (4个候选笑话)
    评估模型: qwen3-max
    [qwen3-max] 决策: select | 选笑话编号: 2
    评估模型: deepseek-v3.2
    [deepseek-v3.2] 决策: select | 选笑话编号: 4
    评估模型: kimi-k2.5
    [kimi-k2.5] 决策: create | 选笑话编号: None

  质量组: medium (4个候选笑话)
    评估模型: qwen3-max
    [qwen3-max] 决策: select | 选笑话编号: 2
    评估模型: deepseek-v3.2
    [deepseek-v3.2] 决策: create | 选笑话编号: None
    评估模型: kimi-k2.5
    [kimi-k2.5] 决策: create | 选笑话编号: None

  质量组: low (4个候选笑话)
    评估模型: qwen3-max
    [qwen3-max] 决策: create | 选笑话编号: None
    评估模型: deepseek-v3.2
    [deepseek-v3.2] 决策: select | 选笑话编号: 1
    评估模型: kimi-k2.5
    [kimi-k2.5] 决策: create | 选笑话编号: None

  Item完成: 耗时56.1s | 总耗时1051.4min
  速率限制器状态: 可用令牌=48.0/48
  已保存中间结果 (1080 条)

============================================================
处理 zh_2182... (1081/1174)

  质量组: high (4个候选笑话)
    评估模型: qwen3-max
    [qwen3-max] 决策: select | 选笑话编号: 4
    评估模型: deepseek-v3.2
    [deepseek-v3.2] 决策: select | 选笑话编号: 4
    评估模型: kimi-k2.5
    [API] JSON解析失败: JSON解析失败: Expecting ',' delimiter: line 4 column 31 (char 88), model=kimi-k2.5
    [kimi-k2.5] 决策:  | 选笑话编号: ?

  质量组: medium (4个候选笑话)
    评估模型: qwen3-max
    [qwen3-max] 决策: select | 选笑话编号: 1
    评估模型: deepseek-v3.2
    [deepseek-v3.2] 决策: select | 选笑话编号: 1
    评估模型: kimi-k2.5
    [kimi-k2.5] 决策: create | 选笑话编号: None

  质量组: low (4个候选笑话)
    评估模型: qwen3-max
    [qwen3-max] 决策: select | 选笑话编号: 2
    评估模型: deepseek-v3.2
    [deepseek-v3.2] 决策: select | 选笑话编号: 2
    评估模型: kimi-k2.5
    [API] JSON解析失败: JSON解析失败: Expecting ',' delimiter: line 4 column 97 (char 154), model=kimi-k2.5
    [kimi-k2.5] 决策:  | 选笑话编号: ?

  Item完成: 耗时52.5s | 总耗时1052.2min
  速率限制器状态: 可用令牌=48.0/48
  已保存中间结果 (1081 条)

============================================================
处理 zh_2183... (1082/1174)

  质量组: high (4个候选笑话)
    评估模型: qwen3-max
    [qwen3-max] 决策: select | 选笑话编号: 4
    评估模型: deepseek-v3.2
    [deepseek-v3.2] 决策: select | 选笑话编号: 2
    评估模型: kimi-k2.5
    [kimi-k2.5] 决策: create | 选笑话编号: None

  质量组: medium (4个候选笑话)
    评估模型: qwen3-max
    [qwen3-max] 决策: select | 选笑话编号: 1
    评估模型: deepseek-v3.2
    [deepseek-v3.2] 决策: select | 选笑话编号: 1
    评估模型: kimi-k2.5
    [kimi-k2.5] 决策: select | 选笑话编号: 4

  质量组: low (4个候选笑话)
    评估模型: qwen3-max
    [qwen3-max] 决策: create | 选笑话编号: None
    评估模型: deepseek-v3.2
    [deepseek-v3.2] 决策: create | 选笑话编号: None
    评估模型: kimi-k2.5
    [API] JSON解析失败: JSON解析失败: Expecting ',' delimiter: line 4 column 57 (char 114), model=kimi-k2.5
    [kimi-k2.5] 决策:  | 选笑话编号: ?

  Item完成: 耗时58.0s | 总耗时1053.2min
  速率限制器状态: 可用令牌=48.0/48
  已保存中间结果 (1082 条)

============================================================
处理 zh_2184... (1083/1174)

  质量组: high (4个候选笑话)
    评估模型: qwen3-max
    [qwen3-max] 决策: select | 选笑话编号: 2
    评估模型: deepseek-v3.2
    [deepseek-v3.2] 决策: select | 选笑话编号: 2
    评估模型: kimi-k2.5
    [kimi-k2.5] 决策: select | 选笑话编号: 2

  质量组: medium (4个候选笑话)
    评估模型: qwen3-max
    [qwen3-max] 决策: select | 选笑话编号: 1
    评估模型: deepseek-v3.2
    [deepseek-v3.2] 决策: select | 选笑话编号: 4
    评估模型: kimi-k2.5
    [kimi-k2.5] 决策: create | 选笑话编号: None

  质量组: low (4个候选笑话)
    评估模型: qwen3-max
    [qwen3-max] 决策: create | 选笑话编号: None
    评估模型: deepseek-v3.2
    [deepseek-v3.2] 决策: select | 选笑话编号: 1
    评估模型: kimi-k2.5
    [kimi-k2.5] 决策: create | 选笑话编号: None

  Item完成: 耗时58.2s | 总耗时1054.2min
  速率限制器状态: 可用令牌=48.0/48
  已保存中间结果 (1083 条)

============================================================
处理 zh_2185... (1084/1174)

  质量组: high (4个候选笑话)
    评估模型: qwen3-max
    [qwen3-max] 决策: select | 选笑话编号: 2
    评估模型: deepseek-v3.2
    [deepseek-v3.2] 决策: select | 选笑话编号: 2
    评估模型: kimi-k2.5
    [API] JSON解析失败: JSON解析失败: Expecting ',' delimiter: line 4 column 24 (char 78), model=kimi-k2.5
    [kimi-k2.5] 决策:  | 选笑话编号: ?

  质量组: medium (4个候选笑话)
    评估模型: qwen3-max
    [qwen3-max] 决策: select | 选笑话编号: 4
    评估模型: deepseek-v3.2
    [deepseek-v3.2] 决策: select | 选笑话编号: 4
    评估模型: kimi-k2.5
    [kimi-k2.5] 决策: create | 选笑话编号: None

  质量组: low (4个候选笑话)
    评估模型: qwen3-max
    [qwen3-max] 决策: select | 选笑话编号: 1
    评估模型: deepseek-v3.2
    [deepseek-v3.2] 决策: select | 选笑话编号: 4
    评估模型: kimi-k2.5
    [API] JSON解析失败: JSON解析失败: Expecting ',' delimiter: line 5 column 33 (char 205), model=kimi-k2.5
    [kimi-k2.5] 决策:  | 选笑话编号: ?

  Item完成: 耗时50.7s | 总耗时1055.0min
  速率限制器状态: 可用令牌=48.0/48
  已保存中间结果 (1084 条)

============================================================
处理 zh_2186... (1085/1174)

  质量组: high (4个候选笑话)
    评估模型: qwen3-max
    [qwen3-max] 决策: select | 选笑话编号: 3
    评估模型: deepseek-v3.2
    [deepseek-v3.2] 决策: select | 选笑话编号: 2
    评估模型: kimi-k2.5
    [API] JSON解析失败: JSON解析失败: Expecting ',' delimiter: line 5 column 24 (char 171), model=kimi-k2.5
    [kimi-k2.5] 决策:  | 选笑话编号: ?

  质量组: medium (4个候选笑话)
    评估模型: qwen3-max
    [qwen3-max] 决策: select | 选笑话编号: 2
    评估模型: deepseek-v3.2
    [deepseek-v3.2] 决策: select | 选笑话编号: 1
    评估模型: kimi-k2.5
    [kimi-k2.5] 决策: create | 选笑话编号: None

  质量组: low (4个候选笑话)
    评估模型: qwen3-max
    [qwen3-max] 决策: create | 选笑话编号: None
    评估模型: deepseek-v3.2
    [deepseek-v3.2] 决策: create | 选笑话编号: None
    评估模型: kimi-k2.5
    [API] JSON解析失败: JSON解析失败: Expecting ',' delimiter: line 5 column 47 (char 248), model=kimi-k2.5
    [kimi-k2.5] 决策:  | 选笑话编号: ?

  Item完成: 耗时54.2s | 总耗时1056.0min
  速率限制器状态: 可用令牌=48.0/48
  已保存中间结果 (1085 条)

============================================================
处理 zh_2187... (1086/1174)

  质量组: high (4个候选笑话)
    评估模型: qwen3-max
    [qwen3-max] 决策: select | 选笑话编号: 4
    评估模型: deepseek-v3.2
    [API] 速率限制错误 (状态码=400), 等待2.5s后重试 (1/5), model=deepseek-v3.2
    [deepseek-v3.2] 决策: select | 选笑话编号: 4
    评估模型: kimi-k2.5
    [kimi-k2.5] 决策: create | 选笑话编号: None

  质量组: medium (4个候选笑话)
    评估模型: qwen3-max
    [qwen3-max] 决策: select | 选笑话编号: 4
    评估模型: deepseek-v3.2
    [deepseek-v3.2] 决策: select | 选笑话编号: 2
    评估模型: kimi-k2.5
    [API] JSON解析失败: JSON解析失败: Expecting ',' delimiter: line 4 column 35 (char 92), model=kimi-k2.5
    [kimi-k2.5] 决策:  | 选笑话编号: ?

  质量组: low (4个候选笑话)
    评估模型: qwen3-max
    [qwen3-max] 决策: select | 选笑话编号: 1
    评估模型: deepseek-v3.2
    [deepseek-v3.2] 决策: select | 选笑话编号: 1
    评估模型: kimi-k2.5
    [kimi-k2.5] 决策: create | 选笑话编号: None

  Item完成: 耗时60.1s | 总耗时1057.0min
  速率限制器状态: 可用令牌=48.0/48
  已保存中间结果 (1086 条)

============================================================
处理 zh_2188... (1087/1174)

  质量组: high (4个候选笑话)
    评估模型: qwen3-max
    [qwen3-max] 决策: select | 选笑话编号: 2
    评估模型: deepseek-v3.2
    [deepseek-v3.2] 决策: select | 选笑话编号: 2
    评估模型: kimi-k2.5
    [kimi-k2.5] 决策: create | 选笑话编号: None

  质量组: medium (4个候选笑话)
    评估模型: qwen3-max
    [qwen3-max] 决策: select | 选笑话编号: 2
    评估模型: deepseek-v3.2
    [deepseek-v3.2] 决策: select | 选笑话编号: 4
    评估模型: kimi-k2.5
    [kimi-k2.5] 决策: create | 选笑话编号: None

  质量组: low (4个候选笑话)
    评估模型: qwen3-max
    [qwen3-max] 决策: create | 选笑话编号: None
    评估模型: deepseek-v3.2
    [deepseek-v3.2] 决策: create | 选笑话编号: None
    评估模型: kimi-k2.5
    [kimi-k2.5] 决策: create | 选笑话编号: None

  Item完成: 耗时53.0s | 总耗时1057.9min
  速率限制器状态: 可用令牌=48.0/48
  已保存中间结果 (1087 条)

============================================================
处理 zh_2189... (1088/1174)

  质量组: high (4个候选笑话)
    评估模型: qwen3-max
    [qwen3-max] 决策: select | 选笑话编号: 3
    评估模型: deepseek-v3.2
    [deepseek-v3.2] 决策: select | 选笑话编号: 4
    评估模型: kimi-k2.5
    [kimi-k2.5] 决策: create | 选笑话编号: None

  质量组: medium (4个候选笑话)
    评估模型: qwen3-max
    [qwen3-max] 决策: select | 选笑话编号: 1
    评估模型: deepseek-v3.2
    [deepseek-v3.2] 决策: select | 选笑话编号: 1
    评估模型: kimi-k2.5
    [kimi-k2.5] 决策: create | 选笑话编号: None

  质量组: low (4个候选笑话)
    评估模型: qwen3-max
    [qwen3-max] 决策: create | 选笑话编号: None
    评估模型: deepseek-v3.2
    [deepseek-v3.2] 决策: create | 选笑话编号: None
    评估模型: kimi-k2.5
    [kimi-k2.5] 决策: create | 选笑话编号: None

  Item完成: 耗时65.1s | 总耗时1058.9min
  速率限制器状态: 可用令牌=48.0/48
  已保存中间结果 (1088 条)

============================================================
处理 zh_2190... (1089/1174)

  质量组: high (4个候选笑话)
    评估模型: qwen3-max
    [qwen3-max] 决策: select | 选笑话编号: 2
    评估模型: deepseek-v3.2
    [deepseek-v3.2] 决策: select | 选笑话编号: 4
    评估模型: kimi-k2.5
    [kimi-k2.5] 决策: create | 选笑话编号: None

  质量组: medium (4个候选笑话)
    评估模型: qwen3-max
    [qwen3-max] 决策: select | 选笑话编号: 4
    评估模型: deepseek-v3.2
    [deepseek-v3.2] 决策: select | 选笑话编号: 4
    评估模型: kimi-k2.5
    [kimi-k2.5] 决策: create | 选笑话编号: None

  质量组: low (4个候选笑话)
    评估模型: qwen3-max
    [qwen3-max] 决策: create | 选笑话编号: None
    评估模型: deepseek-v3.2
    [deepseek-v3.2] 决策: select | 选笑话编号: 1
    评估模型: kimi-k2.5
    [kimi-k2.5] 决策: create | 选笑话编号: None

  Item完成: 耗时52.1s | 总耗时1059.8min
  速率限制器状态: 可用令牌=48.0/48
  已保存中间结果 (1089 条)

============================================================
处理 zh_2191... (1090/1174)

  质量组: high (4个候选笑话)
    评估模型: qwen3-max
    [qwen3-max] 决策: select | 选笑话编号: 3
    评估模型: deepseek-v3.2
    [deepseek-v3.2] 决策: select | 选笑话编号: 4
    评估模型: kimi-k2.5
    [kimi-k2.5] 决策: create | 选笑话编号: None

  质量组: medium (4个候选笑话)
    评估模型: qwen3-max
    [qwen3-max] 决策: select | 选笑话编号: 1
    评估模型: deepseek-v3.2
    [deepseek-v3.2] 决策: select | 选笑话编号: 1
    评估模型: kimi-k2.5
    [kimi-k2.5] 决策: create | 选笑话编号: None

  质量组: low (4个候选笑话)
    评估模型: qwen3-max
    [qwen3-max] 决策: create | 选笑话编号: None
    评估模型: deepseek-v3.2
    [API] JSON解析失败: JSON解析失败: Invalid control character at: line 5 column 81 (char 222), model=deepseek-v3.2
    [deepseek-v3.2] 决策:  | 选笑话编号: ?
    评估模型: kimi-k2.5
    [API] JSON解析失败: JSON解析失败: Expecting ',' delimiter: line 4 column 97 (char 154), model=kimi-k2.5
    [kimi-k2.5] 决策:  | 选笑话编号: ?

  Item完成: 耗时57.0s | 总耗时1060.8min
  速率限制器状态: 可用令牌=48.0/48
  已保存中间结果 (1090 条)

============================================================
处理 zh_2192... (1091/1174)

  质量组: high (4个候选笑话)
    评估模型: qwen3-max
    [qwen3-max] 决策: create | 选笑话编号: None
    评估模型: deepseek-v3.2
    [deepseek-v3.2] 决策: select | 选笑话编号: 4
    评估模型: kimi-k2.5
    [kimi-k2.5] 决策: create | 选笑话编号: None

  质量组: medium (4个候选笑话)
    评估模型: qwen3-max
    [qwen3-max] 决策: select | 选笑话编号: 2
    评估模型: deepseek-v3.2
    [deepseek-v3.2] 决策: select | 选笑话编号: 2
    评估模型: kimi-k2.5
    [kimi-k2.5] 决策: create | 选笑话编号: None

  质量组: low (4个候选笑话)
    评估模型: qwen3-max
    [qwen3-max] 决策: create | 选笑话编号: None
    评估模型: deepseek-v3.2
    [deepseek-v3.2] 决策: create | 选笑话编号: None
    评估模型: kimi-k2.5
    [kimi-k2.5] 决策: create | 选笑话编号: None

  Item完成: 耗时57.5s | 总耗时1061.7min
  速率限制器状态: 可用令牌=48.0/48
  已保存中间结果 (1091 条)

============================================================
处理 zh_2193... (1092/1174)

  质量组: high (4个候选笑话)
    评估模型: qwen3-max
    [qwen3-max] 决策: select | 选笑话编号: 1
    评估模型: deepseek-v3.2
    [deepseek-v3.2] 决策: select | 选笑话编号: 3
    评估模型: kimi-k2.5
    [API] JSON解析失败: JSON解析失败: Expecting ',' delimiter: line 4 column 35 (char 92), model=kimi-k2.5
    [kimi-k2.5] 决策:  | 选笑话编号: ?

  质量组: medium (4个候选笑话)
    评估模型: qwen3-max
    [qwen3-max] 决策: select | 选笑话编号: 2
    评估模型: deepseek-v3.2
    [deepseek-v3.2] 决策: select | 选笑话编号: 2
    评估模型: kimi-k2.5
    [kimi-k2.5] 决策: create | 选笑话编号: None

  质量组: low (4个候选笑话)
    评估模型: qwen3-max
    [qwen3-max] 决策: create | 选笑话编号: None
    评估模型: deepseek-v3.2
    [deepseek-v3.2] 决策: select | 选笑话编号: 4
    评估模型: kimi-k2.5
    [kimi-k2.5] 决策: create | 选笑话编号: None

  Item完成: 耗时57.9s | 总耗时1062.7min
  速率限制器状态: 可用令牌=48.0/48
  已保存中间结果 (1092 条)

============================================================
处理 zh_2194... (1093/1174)

  质量组: high (4个候选笑话)
    评估模型: qwen3-max
    [qwen3-max] 决策: select | 选笑话编号: 2
    评估模型: deepseek-v3.2
    [deepseek-v3.2] 决策: select | 选笑话编号: 2
    评估模型: kimi-k2.5
    [API] JSON解析失败: JSON解析失败: Expecting ',' delimiter: line 5 column 24 (char 210), model=kimi-k2.5
    [kimi-k2.5] 决策:  | 选笑话编号: ?

  质量组: medium (4个候选笑话)
    评估模型: qwen3-max
    [qwen3-max] 决策: select | 选笑话编号: 4
    评估模型: deepseek-v3.2
    [deepseek-v3.2] 决策: select | 选笑话编号: 1
    评估模型: kimi-k2.5
    [kimi-k2.5] 决策: create | 选笑话编号: None

  质量组: low (4个候选笑话)
    评估模型: qwen3-max
    [qwen3-max] 决策: create | 选笑话编号: None
    评估模型: deepseek-v3.2
    [deepseek-v3.2] 决策: select | 选笑话编号: 1
    评估模型: kimi-k2.5
    [kimi-k2.5] 决策: create | 选笑话编号: None

  Item完成: 耗时53.1s | 总耗时1063.6min
  速率限制器状态: 可用令牌=48.0/48
  已保存中间结果 (1093 条)

============================================================
处理 zh_2195... (1094/1174)

  质量组: high (4个候选笑话)
    评估模型: qwen3-max
    [qwen3-max] 决策: select | 选笑话编号: 2
    评估模型: deepseek-v3.2
    [deepseek-v3.2] 决策: select | 选笑话编号: 4
    评估模型: kimi-k2.5
    [kimi-k2.5] 决策: create | 选笑话编号: None

  质量组: medium (4个候选笑话)
    评估模型: qwen3-max
    [qwen3-max] 决策: select | 选笑话编号: 1
    评估模型: deepseek-v3.2
    [deepseek-v3.2] 决策: select | 选笑话编号: 1
    评估模型: kimi-k2.5
    [kimi-k2.5] 决策: select | 选笑话编号: 1

  质量组: low (4个候选笑话)
    评估模型: qwen3-max
    [qwen3-max] 决策: create | 选笑话编号: None
    评估模型: deepseek-v3.2
    [deepseek-v3.2] 决策: select | 选笑话编号: 1
    评估模型: kimi-k2.5
    [kimi-k2.5] 决策: create | 选笑话编号: None

  Item完成: 耗时55.2s | 总耗时1064.5min
  速率限制器状态: 可用令牌=48.0/48
  已保存中间结果 (1094 条)

============================================================
处理 zh_2196... (1095/1174)

  质量组: high (4个候选笑话)
    评估模型: qwen3-max
    [qwen3-max] 决策: select | 选笑话编号: 1
    评估模型: deepseek-v3.2
    [deepseek-v3.2] 决策: select | 选笑话编号: 1
    评估模型: kimi-k2.5
    [kimi-k2.5] 决策: create | 选笑话编号: None

  质量组: medium (4个候选笑话)
    评估模型: qwen3-max
    [qwen3-max] 决策: select | 选笑话编号: 2
    评估模型: deepseek-v3.2
    [deepseek-v3.2] 决策: select | 选笑话编号: 4
    评估模型: kimi-k2.5
    [kimi-k2.5] 决策: create | 选笑话编号: None

  质量组: low (4个候选笑话)
    评估模型: qwen3-max
    [qwen3-max] 决策: select | 选笑话编号: 1
    评估模型: deepseek-v3.2
    [deepseek-v3.2] 决策: select | 选笑话编号: 1
    评估模型: kimi-k2.5
    [kimi-k2.5] 决策: create | 选笑话编号: None

  Item完成: 耗时60.1s | 总耗时1065.5min
  速率限制器状态: 可用令牌=48.0/48
  已保存中间结果 (1095 条)

============================================================
处理 zh_2197... (1096/1174)

  质量组: high (4个候选笑话)
    评估模型: qwen3-max
    [qwen3-max] 决策: select | 选笑话编号: 2
    评估模型: deepseek-v3.2
    [deepseek-v3.2] 决策: select | 选笑话编号: 3
    评估模型: kimi-k2.5
    [kimi-k2.5] 决策: create | 选笑话编号: None

  质量组: medium (4个候选笑话)
    评估模型: qwen3-max
    [qwen3-max] 决策: select | 选笑话编号: 1
    评估模型: deepseek-v3.2
    [deepseek-v3.2] 决策: select | 选笑话编号: 1
    评估模型: kimi-k2.5
    [API] JSON解析失败: JSON解析失败: Expecting ',' delimiter: line 5 column 40 (char 223), model=kimi-k2.5
    [kimi-k2.5] 决策:  | 选笑话编号: ?

  质量组: low (4个候选笑话)
    评估模型: qwen3-max
    [qwen3-max] 决策: select | 选笑话编号: 4
    评估模型: deepseek-v3.2
    [deepseek-v3.2] 决策: select | 选笑话编号: 4
    评估模型: kimi-k2.5
    [kimi-k2.5] 决策: create | 选笑话编号: None

  Item完成: 耗时51.8s | 总耗时1066.4min
  速率限制器状态: 可用令牌=48.0/48
  已保存中间结果 (1096 条)

============================================================
处理 zh_2198... (1097/1174)

  质量组: high (4个候选笑话)
    评估模型: qwen3-max
    [qwen3-max] 决策: select | 选笑话编号: 2
    评估模型: deepseek-v3.2
    [deepseek-v3.2] 决策: select | 选笑话编号: 2
    评估模型: kimi-k2.5
    [kimi-k2.5] 决策: create | 选笑话编号: None

  质量组: medium (4个候选笑话)
    评估模型: qwen3-max
    [qwen3-max] 决策: select | 选笑话编号: 2
    评估模型: deepseek-v3.2
    [deepseek-v3.2] 决策: select | 选笑话编号: 2
    评估模型: kimi-k2.5
    [kimi-k2.5] 决策: create | 选笑话编号: None

  质量组: low (4个候选笑话)
    评估模型: qwen3-max
    [qwen3-max] 决策: select | 选笑话编号: 1
    评估模型: deepseek-v3.2
    [deepseek-v3.2] 决策: create | 选笑话编号: None
    评估模型: kimi-k2.5
    [kimi-k2.5] 决策: create | 选笑话编号: None

  Item完成: 耗时57.2s | 总耗时1067.4min
  速率限制器状态: 可用令牌=48.0/48
  已保存中间结果 (1097 条)

============================================================
处理 zh_2199... (1098/1174)

  质量组: high (4个候选笑话)
    评估模型: qwen3-max
    [qwen3-max] 决策: select | 选笑话编号: 1
    评估模型: deepseek-v3.2
    [deepseek-v3.2] 决策: select | 选笑话编号: 1
    评估模型: kimi-k2.5
    [API] JSON解析失败: JSON解析失败: Expecting ',' delimiter: line 5 column 56 (char 228), model=kimi-k2.5
    [kimi-k2.5] 决策:  | 选笑话编号: ?

  质量组: medium (4个候选笑话)
    评估模型: qwen3-max
    [qwen3-max] 决策: select | 选笑话编号: 1
    评估模型: deepseek-v3.2
    [deepseek-v3.2] 决策: select | 选笑话编号: 1
    评估模型: kimi-k2.5
    [kimi-k2.5] 决策: create | 选笑话编号: None

  质量组: low (4个候选笑话)
    评估模型: qwen3-max
    [qwen3-max] 决策: select | 选笑话编号: 4
    评估模型: deepseek-v3.2
    [deepseek-v3.2] 决策: select | 选笑话编号: 4
    评估模型: kimi-k2.5
    [kimi-k2.5] 决策: create | 选笑话编号: None

  Item完成: 耗时53.7s | 总耗时1068.3min
  速率限制器状态: 可用令牌=48.0/48
  已保存中间结果 (1098 条)

============================================================
处理 zh_2200... (1099/1174)

  质量组: high (4个候选笑话)
    评估模型: qwen3-max
    [qwen3-max] 决策: select | 选笑话编号: 2
    评估模型: deepseek-v3.2
    [deepseek-v3.2] 决策: select | 选笑话编号: 2
    评估模型: kimi-k2.5
    [kimi-k2.5] 决策: select | 选笑话编号: 2

  质量组: medium (4个候选笑话)
    评估模型: qwen3-max
    [qwen3-max] 决策: select | 选笑话编号: 4
    评估模型: deepseek-v3.2
    [deepseek-v3.2] 决策: select | 选笑话编号: 4
    评估模型: kimi-k2.5
    [kimi-k2.5] 决策: select | 选笑话编号: 4

  质量组: low (4个候选笑话)
    评估模型: qwen3-max
    [qwen3-max] 决策: select | 选笑话编号: 4
    评估模型: deepseek-v3.2
    [deepseek-v3.2] 决策: select | 选笑话编号: 4
    评估模型: kimi-k2.5
    [kimi-k2.5] 决策: create | 选笑话编号: None

  Item完成: 耗时51.0s | 总耗时1069.1min
  速率限制器状态: 可用令牌=48.0/48
  已保存中间结果 (1099 条)

============================================================
处理 zh_2201... (1100/1174)

  质量组: high (4个候选笑话)
    评估模型: qwen3-max
    [qwen3-max] 决策: select | 选笑话编号: 2
    评估模型: deepseek-v3.2
    [deepseek-v3.2] 决策: select | 选笑话编号: 2
    评估模型: kimi-k2.5
    [API] JSON解析失败: JSON解析失败: Expecting ',' delimiter: line 4 column 29 (char 83), model=kimi-k2.5
    [kimi-k2.5] 决策:  | 选笑话编号: ?

  质量组: medium (4个候选笑话)
    评估模型: qwen3-max
    [qwen3-max] 决策: select | 选笑话编号: 2
    评估模型: deepseek-v3.2
    [deepseek-v3.2] 决策: select | 选笑话编号: 4
    评估模型: kimi-k2.5
    [kimi-k2.5] 决策: create | 选笑话编号: None

  质量组: low (4个候选笑话)
    评估模型: qwen3-max
    [qwen3-max] 决策: select | 选笑话编号: 2
    评估模型: deepseek-v3.2
    [deepseek-v3.2] 决策: create | 选笑话编号: None
    评估模型: kimi-k2.5
    [kimi-k2.5] 决策: create | 选笑话编号: None

  Item完成: 耗时46.2s | 总耗时1069.9min
  速率限制器状态: 可用令牌=48.0/48
  已保存中间结果 (1100 条)

============================================================
处理 zh_2202... (1101/1174)

  质量组: high (4个候选笑话)
    评估模型: qwen3-max
    [qwen3-max] 决策: select | 选笑话编号: 2
    评估模型: deepseek-v3.2
    [deepseek-v3.2] 决策: select | 选笑话编号: 4
    评估模型: kimi-k2.5
    [kimi-k2.5] 决策: create | 选笑话编号: None

  质量组: medium (4个候选笑话)
    评估模型: qwen3-max
    [qwen3-max] 决策: select | 选笑话编号: 2
    评估模型: deepseek-v3.2
    [deepseek-v3.2] 决策: select | 选笑话编号: 2
    评估模型: kimi-k2.5
    [kimi-k2.5] 决策: create | 选笑话编号: None

  质量组: low (4个候选笑话)
    评估模型: qwen3-max
    [qwen3-max] 决策: select | 选笑话编号: 4
    评估模型: deepseek-v3.2
    [deepseek-v3.2] 决策: select | 选笑话编号: 2
    评估模型: kimi-k2.5
    [kimi-k2.5] 决策: create | 选笑话编号: None

  Item完成: 耗时56.3s | 总耗时1070.9min
  速率限制器状态: 可用令牌=48.0/48
  已保存中间结果 (1101 条)

============================================================
处理 zh_2203... (1102/1174)

  质量组: high (4个候选笑话)
    评估模型: qwen3-max
    [qwen3-max] 决策: select | 选笑话编号: 2
    评估模型: deepseek-v3.2
    [deepseek-v3.2] 决策: select | 选笑话编号: 4
    评估模型: kimi-k2.5
    [kimi-k2.5] 决策: create | 选笑话编号: None

  质量组: medium (4个候选笑话)
    评估模型: qwen3-max
    [qwen3-max] 决策: select | 选笑话编号: 2
    评估模型: deepseek-v3.2
    [deepseek-v3.2] 决策: select | 选笑话编号: 2
    评估模型: kimi-k2.5
    [kimi-k2.5] 决策: create | 选笑话编号: None

  质量组: low (4个候选笑话)
    评估模型: qwen3-max
    [qwen3-max] 决策: select | 选笑话编号: 4
    评估模型: deepseek-v3.2
    [deepseek-v3.2] 决策: select | 选笑话编号: 4
    评估模型: kimi-k2.5
    [kimi-k2.5] 决策: create | 选笑话编号: None

  Item完成: 耗时50.9s | 总耗时1071.7min
  速率限制器状态: 可用令牌=48.0/48
  已保存中间结果 (1102 条)

============================================================
处理 zh_2204... (1103/1174)

  质量组: high (4个候选笑话)
    评估模型: qwen3-max
    [qwen3-max] 决策: select | 选笑话编号: 1
    评估模型: deepseek-v3.2
    [deepseek-v3.2] 决策: select | 选笑话编号: 2
    评估模型: kimi-k2.5
    [API] JSON解析失败: JSON解析失败: Expecting ',' delimiter: line 4 column 56 (char 113), model=kimi-k2.5
    [kimi-k2.5] 决策:  | 选笑话编号: ?

  质量组: medium (4个候选笑话)
    评估模型: qwen3-max
    [qwen3-max] 决策: select | 选笑话编号: 1
    评估模型: deepseek-v3.2
    [deepseek-v3.2] 决策: select | 选笑话编号: 1
    评估模型: kimi-k2.5
    [kimi-k2.5] 决策: create | 选笑话编号: None

  质量组: low (4个候选笑话)
    评估模型: qwen3-max
    [qwen3-max] 决策: select | 选笑话编号: 1
    评估模型: deepseek-v3.2
    [deepseek-v3.2] 决策: select | 选笑话编号: 2
    评估模型: kimi-k2.5
    [kimi-k2.5] 决策: create | 选笑话编号: None

  Item完成: 耗时54.6s | 总耗时1072.6min
  速率限制器状态: 可用令牌=48.0/48
  已保存中间结果 (1103 条)

============================================================
处理 zh_2205... (1104/1174)

  质量组: high (4个候选笑话)
    评估模型: qwen3-max
    [qwen3-max] 决策: select | 选笑话编号: 2
    评估模型: deepseek-v3.2
    [deepseek-v3.2] 决策: select | 选笑话编号: 2
    评估模型: kimi-k2.5
    [kimi-k2.5] 决策: create | 选笑话编号: None

  质量组: medium (4个候选笑话)
    评估模型: qwen3-max
    [qwen3-max] 决策: select | 选笑话编号: 1
    评估模型: deepseek-v3.2
    [deepseek-v3.2] 决策: select | 选笑话编号: 4
    评估模型: kimi-k2.5
    [kimi-k2.5] 决策: create | 选笑话编号: None

  质量组: low (4个候选笑话)
    评估模型: qwen3-max
    [qwen3-max] 决策: select | 选笑话编号: 1
    评估模型: deepseek-v3.2
    [deepseek-v3.2] 决策: create | 选笑话编号: None
    评估模型: kimi-k2.5
    [kimi-k2.5] 决策: create | 选笑话编号: None

  Item完成: 耗时60.3s | 总耗时1073.7min
  速率限制器状态: 可用令牌=48.0/48
  已保存中间结果 (1104 条)

============================================================
处理 zh_2206... (1105/1174)

  质量组: high (4个候选笑话)
    评估模型: qwen3-max
    [qwen3-max] 决策: select | 选笑话编号: 4
    评估模型: deepseek-v3.2
    [deepseek-v3.2] 决策: select | 选笑话编号: 4
    评估模型: kimi-k2.5
    [kimi-k2.5] 决策: select | 选笑话编号: 4

  质量组: medium (4个候选笑话)
    评估模型: qwen3-max
    [qwen3-max] 决策: select | 选笑话编号: 2
    评估模型: deepseek-v3.2
    [deepseek-v3.2] 决策: select | 选笑话编号: 2
    评估模型: kimi-k2.5
    [kimi-k2.5] 决策: create | 选笑话编号: None

  质量组: low (4个候选笑话)
    评估模型: qwen3-max
    [qwen3-max] 决策: create | 选笑话编号: None
    评估模型: deepseek-v3.2
    [deepseek-v3.2] 决策: select | 选笑话编号: 1
    评估模型: kimi-k2.5
    [kimi-k2.5] 决策: create | 选笑话编号: None

  Item完成: 耗时52.8s | 总耗时1074.5min
  速率限制器状态: 可用令牌=48.0/48
  已保存中间结果 (1105 条)

============================================================
处理 zh_2207... (1106/1174)

  质量组: high (4个候选笑话)
    评估模型: qwen3-max
    [qwen3-max] 决策: select | 选笑话编号: 1
    评估模型: deepseek-v3.2
    [deepseek-v3.2] 决策: select | 选笑话编号: 2
    评估模型: kimi-k2.5
    [kimi-k2.5] 决策: create | 选笑话编号: None

  质量组: medium (4个候选笑话)
    评估模型: qwen3-max
    [qwen3-max] 决策: select | 选笑话编号: 4
    评估模型: deepseek-v3.2
    [deepseek-v3.2] 决策: select | 选笑话编号: 4
    评估模型: kimi-k2.5
    [kimi-k2.5] 决策: create | 选笑话编号: None

  质量组: low (4个候选笑话)
    评估模型: qwen3-max
    [qwen3-max] 决策: select | 选笑话编号: 2
    评估模型: deepseek-v3.2
    [deepseek-v3.2] 决策: select | 选笑话编号: 2
    评估模型: kimi-k2.5
    [kimi-k2.5] 决策: create | 选笑话编号: None

  Item完成: 耗时57.6s | 总耗时1075.5min
  速率限制器状态: 可用令牌=48.0/48
  已保存中间结果 (1106 条)

============================================================
处理 zh_2208... (1107/1174)

  质量组: high (4个候选笑话)
    评估模型: qwen3-max
    [qwen3-max] 决策: select | 选笑话编号: 1
    评估模型: deepseek-v3.2
    [deepseek-v3.2] 决策: select | 选笑话编号: 1
    评估模型: kimi-k2.5
    [kimi-k2.5] 决策: create | 选笑话编号: None

  质量组: medium (4个候选笑话)
    评估模型: qwen3-max
    [qwen3-max] 决策: select | 选笑话编号: 2
    评估模型: deepseek-v3.2
    [deepseek-v3.2] 决策: select | 选笑话编号: 1
    评估模型: kimi-k2.5
    [kimi-k2.5] 决策: create | 选笑话编号: None

  质量组: low (4个候选笑话)
    评估模型: qwen3-max
    [qwen3-max] 决策: create | 选笑话编号: None
    评估模型: deepseek-v3.2
    [deepseek-v3.2] 决策: select | 选笑话编号: 4
    评估模型: kimi-k2.5
    [kimi-k2.5] 决策: create | 选笑话编号: None

  Item完成: 耗时61.9s | 总耗时1076.6min
  速率限制器状态: 可用令牌=48.0/48
  已保存中间结果 (1107 条)

============================================================
处理 zh_2209... (1108/1174)

  质量组: high (4个候选笑话)
    评估模型: qwen3-max
    [qwen3-max] 决策: select | 选笑话编号: 2
    评估模型: deepseek-v3.2
    [deepseek-v3.2] 决策: select | 选笑话编号: 2
    评估模型: kimi-k2.5
    [kimi-k2.5] 决策: create | 选笑话编号: None

  质量组: medium (4个候选笑话)
    评估模型: qwen3-max
    [qwen3-max] 决策: select | 选笑话编号: 2
    评估模型: deepseek-v3.2
    [deepseek-v3.2] 决策: select | 选笑话编号: 2
    评估模型: kimi-k2.5
    [kimi-k2.5] 决策: select | 选笑话编号: 2

  质量组: low (4个候选笑话)
    评估模型: qwen3-max
    [qwen3-max] 决策: create | 选笑话编号: None
    评估模型: deepseek-v3.2
    [deepseek-v3.2] 决策: select | 选笑话编号: 2
    评估模型: kimi-k2.5
    [kimi-k2.5] 决策: create | 选笑话编号: None

  Item完成: 耗时57.2s | 总耗时1077.5min
  速率限制器状态: 可用令牌=48.0/48
  已保存中间结果 (1108 条)

============================================================
处理 zh_2210... (1109/1174)

  质量组: high (4个候选笑话)
    评估模型: qwen3-max
    [qwen3-max] 决策: select | 选笑话编号: 1
    评估模型: deepseek-v3.2
    [deepseek-v3.2] 决策: select | 选笑话编号: 2
    评估模型: kimi-k2.5
    [kimi-k2.5] 决策: create | 选笑话编号: None

  质量组: medium (4个候选笑话)
    评估模型: qwen3-max
    [qwen3-max] 决策: select | 选笑话编号: 2
    评估模型: deepseek-v3.2
    [deepseek-v3.2] 决策: select | 选笑话编号: 2
    评估模型: kimi-k2.5
    [kimi-k2.5] 决策: create | 选笑话编号: None

  质量组: low (4个候选笑话)
    评估模型: qwen3-max
    [qwen3-max] 决策: select | 选笑话编号: 1
    评估模型: deepseek-v3.2
    [API] JSON解析失败: JSON解析失败: Invalid control character at: line 5 column 103 (char 253), model=deepseek-v3.2
    [deepseek-v3.2] 决策:  | 选笑话编号: ?
    评估模型: kimi-k2.5
    [kimi-k2.5] 决策: create | 选笑话编号: None

  Item完成: 耗时54.9s | 总耗时1078.4min
  速率限制器状态: 可用令牌=48.0/48
  已保存中间结果 (1109 条)

============================================================
处理 zh_2211... (1110/1174)

  质量组: high (4个候选笑话)
    评估模型: qwen3-max
    [qwen3-max] 决策: select | 选笑话编号: 2
    评估模型: deepseek-v3.2
    [deepseek-v3.2] 决策: select | 选笑话编号: 4
    评估模型: kimi-k2.5
    [kimi-k2.5] 决策: create | 选笑话编号: None

  质量组: medium (4个候选笑话)
    评估模型: qwen3-max
    [qwen3-max] 决策: select | 选笑话编号: 2
    评估模型: deepseek-v3.2
    [deepseek-v3.2] 决策: select | 选笑话编号: 1
    评估模型: kimi-k2.5
    [kimi-k2.5] 决策: create | 选笑话编号: None

  质量组: low (4个候选笑话)
    评估模型: qwen3-max
    [qwen3-max] 决策: select | 选笑话编号: 2
    评估模型: deepseek-v3.2
    [deepseek-v3.2] 决策: select | 选笑话编号: 2
    评估模型: kimi-k2.5
    [kimi-k2.5] 决策: create | 选笑话编号: None

  Item完成: 耗时56.9s | 总耗时1079.4min
  速率限制器状态: 可用令牌=48.0/48
  已保存中间结果 (1110 条)

============================================================
处理 zh_2212... (1111/1174)

  质量组: high (4个候选笑话)
    评估模型: qwen3-max
    [qwen3-max] 决策: select | 选笑话编号: 2
    评估模型: deepseek-v3.2
    [deepseek-v3.2] 决策: select | 选笑话编号: 1
    评估模型: kimi-k2.5
    [kimi-k2.5] 决策: create | 选笑话编号: None

  质量组: medium (4个候选笑话)
    评估模型: qwen3-max
    [qwen3-max] 决策: select | 选笑话编号: 4
    评估模型: deepseek-v3.2
    [deepseek-v3.2] 决策: select | 选笑话编号: 4
    评估模型: kimi-k2.5
    [kimi-k2.5] 决策: create | 选笑话编号: None

  质量组: low (4个候选笑话)
    评估模型: qwen3-max
    [qwen3-max] 决策: select | 选笑话编号: 1
    评估模型: deepseek-v3.2
    [deepseek-v3.2] 决策: create | 选笑话编号: None
    评估模型: kimi-k2.5
    [kimi-k2.5] 决策: create | 选笑话编号: None

  Item完成: 耗时57.8s | 总耗时1080.4min
  速率限制器状态: 可用令牌=48.0/48
  已保存中间结果 (1111 条)

============================================================
处理 zh_2213... (1112/1174)

  质量组: high (4个候选笑话)
    评估模型: qwen3-max
    [qwen3-max] 决策: select | 选笑话编号: 3
    评估模型: deepseek-v3.2
    [deepseek-v3.2] 决策: select | 选笑话编号: 3
    评估模型: kimi-k2.5
    [kimi-k2.5] 决策: create | 选笑话编号: None

  质量组: medium (4个候选笑话)
    评估模型: qwen3-max
    [qwen3-max] 决策: select | 选笑话编号: 1
    评估模型: deepseek-v3.2
    [deepseek-v3.2] 决策: select | 选笑话编号: 1
    评估模型: kimi-k2.5
    [kimi-k2.5] 决策: select | 选笑话编号: 1

  质量组: low (4个候选笑话)
    评估模型: qwen3-max
    [qwen3-max] 决策: create | 选笑话编号: None
    评估模型: deepseek-v3.2
    [deepseek-v3.2] 决策: select | 选笑话编号: 4
    评估模型: kimi-k2.5
    [kimi-k2.5] 决策: create | 选笑话编号: None

  Item完成: 耗时51.8s | 总耗时1081.2min
  速率限制器状态: 可用令牌=48.0/48
  已保存中间结果 (1112 条)

============================================================
处理 zh_2214... (1113/1174)

  质量组: high (4个候选笑话)
    评估模型: qwen3-max
    [qwen3-max] 决策: select | 选笑话编号: 2
    评估模型: deepseek-v3.2
    [deepseek-v3.2] 决策: select | 选笑话编号: 2
    评估模型: kimi-k2.5
    [kimi-k2.5] 决策: create | 选笑话编号: None

  质量组: medium (4个候选笑话)
    评估模型: qwen3-max
    [qwen3-max] 决策: select | 选笑话编号: 1
    评估模型: deepseek-v3.2
    [deepseek-v3.2] 决策: select | 选笑话编号: 4
    评估模型: kimi-k2.5
    [kimi-k2.5] 决策: create | 选笑话编号: None

  质量组: low (4个候选笑话)
    评估模型: qwen3-max
    [qwen3-max] 决策: create | 选笑话编号: None
    评估模型: deepseek-v3.2
    [deepseek-v3.2] 决策: create | 选笑话编号: None
    评估模型: kimi-k2.5
    [kimi-k2.5] 决策: create | 选笑话编号: None

  Item完成: 耗时51.4s | 总耗时1082.1min
  速率限制器状态: 可用令牌=48.0/48
  已保存中间结果 (1113 条)

============================================================
处理 zh_2215... (1114/1174)

  质量组: high (4个候选笑话)
    评估模型: qwen3-max
    [qwen3-max] 决策: select | 选笑话编号: 2
    评估模型: deepseek-v3.2
    [deepseek-v3.2] 决策: select | 选笑话编号: 2
    评估模型: kimi-k2.5
    [kimi-k2.5] 决策: create | 选笑话编号: None

  质量组: medium (4个候选笑话)
    评估模型: qwen3-max
    [qwen3-max] 决策: select | 选笑话编号: 4
    评估模型: deepseek-v3.2
    [deepseek-v3.2] 决策: select | 选笑话编号: 4
    评估模型: kimi-k2.5
    [kimi-k2.5] 决策: create | 选笑话编号: None

  质量组: low (4个候选笑话)
    评估模型: qwen3-max
    [qwen3-max] 决策: create | 选笑话编号: None
    评估模型: deepseek-v3.2
    [deepseek-v3.2] 决策: select | 选笑话编号: 2
    评估模型: kimi-k2.5
    [kimi-k2.5] 决策: create | 选笑话编号: None

  Item完成: 耗时61.3s | 总耗时1083.1min
  速率限制器状态: 可用令牌=48.0/48
  已保存中间结果 (1114 条)

============================================================
处理 zh_2216... (1115/1174)

  质量组: high (4个候选笑话)
    评估模型: qwen3-max
    [qwen3-max] 决策: select | 选笑话编号: 2
    评估模型: deepseek-v3.2
    [deepseek-v3.2] 决策: select | 选笑话编号: 2
    评估模型: kimi-k2.5
    [kimi-k2.5] 决策: create | 选笑话编号: None

  质量组: medium (4个候选笑话)
    评估模型: qwen3-max
    [qwen3-max] 决策: select | 选笑话编号: 2
    评估模型: deepseek-v3.2
    [deepseek-v3.2] 决策: select | 选笑话编号: 2
    评估模型: kimi-k2.5
    [kimi-k2.5] 决策: create | 选笑话编号: None

  质量组: low (4个候选笑话)
    评估模型: qwen3-max
    [qwen3-max] 决策: select | 选笑话编号: 1
    评估模型: deepseek-v3.2
    [deepseek-v3.2] 决策: select | 选笑话编号: 4
    评估模型: kimi-k2.5
    [kimi-k2.5] 决策: create | 选笑话编号: None

  Item完成: 耗时68.3s | 总耗时1084.3min
  速率限制器状态: 可用令牌=48.0/48
  已保存中间结果 (1115 条)

============================================================
处理 zh_2217... (1116/1174)

  质量组: high (4个候选笑话)
    评估模型: qwen3-max
    [qwen3-max] 决策: select | 选笑话编号: 1
    评估模型: deepseek-v3.2
    [deepseek-v3.2] 决策: select | 选笑话编号: 3
    评估模型: kimi-k2.5
    [kimi-k2.5] 决策: select | 选笑话编号: 1

  质量组: medium (4个候选笑话)
    评估模型: qwen3-max
    [qwen3-max] 决策: select | 选笑话编号: 2
    评估模型: deepseek-v3.2
    [deepseek-v3.2] 决策: select | 选笑话编号: 1
    评估模型: kimi-k2.5
    [kimi-k2.5] 决策: create | 选笑话编号: None

  质量组: low (4个候选笑话)
    评估模型: qwen3-max
    [qwen3-max] 决策: create | 选笑话编号: None
    评估模型: deepseek-v3.2
    [deepseek-v3.2] 决策: create | 选笑话编号: None
    评估模型: kimi-k2.5
    [kimi-k2.5] 决策: create | 选笑话编号: None

  Item完成: 耗时51.7s | 总耗时1085.1min
  速率限制器状态: 可用令牌=48.0/48
  已保存中间结果 (1116 条)

============================================================
处理 zh_2218... (1117/1174)

  质量组: high (4个候选笑话)
    评估模型: qwen3-max
    [qwen3-max] 决策: select | 选笑话编号: 1
    评估模型: deepseek-v3.2
    [deepseek-v3.2] 决策: select | 选笑话编号: 2
    评估模型: kimi-k2.5
    [API] JSON解析失败: JSON解析失败: Expecting ',' delimiter: line 5 column 41 (char 212), model=kimi-k2.5
    [kimi-k2.5] 决策:  | 选笑话编号: ?

  质量组: medium (4个候选笑话)
    评估模型: qwen3-max
    [qwen3-max] 决策: select | 选笑话编号: 2
    评估模型: deepseek-v3.2
    [deepseek-v3.2] 决策: select | 选笑话编号: 1
    评估模型: kimi-k2.5
    [kimi-k2.5] 决策: create | 选笑话编号: None

  质量组: low (4个候选笑话)
    评估模型: qwen3-max
    [qwen3-max] 决策: create | 选笑话编号: None
    评估模型: deepseek-v3.2
    [deepseek-v3.2] 决策: select | 选笑话编号: 1
    评估模型: kimi-k2.5
    [kimi-k2.5] 决策: create | 选笑话编号: None

  Item完成: 耗时54.8s | 总耗时1086.1min
  速率限制器状态: 可用令牌=48.0/48
  已保存中间结果 (1117 条)

============================================================
处理 zh_2219... (1118/1174)

  质量组: high (4个候选笑话)
    评估模型: qwen3-max
    [qwen3-max] 决策: select | 选笑话编号: 2
    评估模型: deepseek-v3.2
    [deepseek-v3.2] 决策: select | 选笑话编号: 3
    评估模型: kimi-k2.5
    [kimi-k2.5] 决策: create | 选笑话编号: None

  质量组: medium (4个候选笑话)
    评估模型: qwen3-max
    [qwen3-max] 决策: select | 选笑话编号: 2
    评估模型: deepseek-v3.2
    [deepseek-v3.2] 决策: select | 选笑话编号: 2
    评估模型: kimi-k2.5
    [kimi-k2.5] 决策: create | 选笑话编号: None

  质量组: low (4个候选笑话)
    评估模型: qwen3-max
    [qwen3-max] 决策: create | 选笑话编号: None
    评估模型: deepseek-v3.2
    [deepseek-v3.2] 决策: create | 选笑话编号: None
    评估模型: kimi-k2.5
    [kimi-k2.5] 决策: create | 选笑话编号: None

  Item完成: 耗时59.5s | 总耗时1087.1min
  速率限制器状态: 可用令牌=48.0/48
  已保存中间结果 (1118 条)

============================================================
处理 zh_2220... (1119/1174)

  质量组: high (4个候选笑话)
    评估模型: qwen3-max
    [qwen3-max] 决策: select | 选笑话编号: 1
    评估模型: deepseek-v3.2
    [deepseek-v3.2] 决策: select | 选笑话编号: 1
    评估模型: kimi-k2.5
    [API] JSON解析失败: JSON解析失败: Expecting ',' delimiter: line 4 column 35 (char 89), model=kimi-k2.5
    [kimi-k2.5] 决策:  | 选笑话编号: ?

  质量组: medium (4个候选笑话)
    评估模型: qwen3-max
    [qwen3-max] 决策: select | 选笑话编号: 1
    评估模型: deepseek-v3.2
    [deepseek-v3.2] 决策: select | 选笑话编号: 2
    评估模型: kimi-k2.5
    [kimi-k2.5] 决策: create | 选笑话编号: None

  质量组: low (4个候选笑话)
    评估模型: qwen3-max
    [qwen3-max] 决策: create | 选笑话编号: None
    评估模型: deepseek-v3.2
    [deepseek-v3.2] 决策: select | 选笑话编号: 2
    评估模型: kimi-k2.5
    [kimi-k2.5] 决策: create | 选笑话编号: None

  Item完成: 耗时58.0s | 总耗时1088.0min
  速率限制器状态: 可用令牌=48.0/48
  已保存中间结果 (1119 条)

============================================================
处理 zh_2221... (1120/1174)

  质量组: high (4个候选笑话)
    评估模型: qwen3-max
    [qwen3-max] 决策: select | 选笑话编号: 1
    评估模型: deepseek-v3.2
    [deepseek-v3.2] 决策: select | 选笑话编号: 4
    评估模型: kimi-k2.5
    [API] JSON解析失败: JSON解析失败: Expecting ',' delimiter: line 5 column 39 (char 210), model=kimi-k2.5
    [kimi-k2.5] 决策:  | 选笑话编号: ?

  质量组: medium (4个候选笑话)
    评估模型: qwen3-max
    [qwen3-max] 决策: select | 选笑话编号: 4
    评估模型: deepseek-v3.2
    [deepseek-v3.2] 决策: select | 选笑话编号: 4
    评估模型: kimi-k2.5
    [API] JSON解析失败: JSON解析失败: Expecting ',' delimiter: line 4 column 29 (char 83), model=kimi-k2.5
    [kimi-k2.5] 决策:  | 选笑话编号: ?

  质量组: low (4个候选笑话)
    评估模型: qwen3-max
    [qwen3-max] 决策: select | 选笑话编号: 1
    评估模型: deepseek-v3.2
    [deepseek-v3.2] 决策: select | 选笑话编号: 1
    评估模型: kimi-k2.5
    [API] JSON解析失败: JSON解析失败: Expecting ',' delimiter: line 4 column 39 (char 96), model=kimi-k2.5
    [kimi-k2.5] 决策:  | 选笑话编号: ?

  Item完成: 耗时56.8s | 总耗时1089.0min
  速率限制器状态: 可用令牌=48.0/48
  已保存中间结果 (1120 条)

============================================================
处理 zh_2222... (1121/1174)

  质量组: high (4个候选笑话)
    评估模型: qwen3-max
    [qwen3-max] 决策: select | 选笑话编号: 2
    评估模型: deepseek-v3.2
    [deepseek-v3.2] 决策: select | 选笑话编号: 2
    评估模型: kimi-k2.5
    [API] JSON解析失败: JSON解析失败: Expecting ',' delimiter: line 4 column 38 (char 92), model=kimi-k2.5
    [kimi-k2.5] 决策:  | 选笑话编号: ?

  质量组: medium (4个候选笑话)
    评估模型: qwen3-max
    [qwen3-max] 决策: select | 选笑话编号: 1
    评估模型: deepseek-v3.2
    [deepseek-v3.2] 决策: select | 选笑话编号: 4
    评估模型: kimi-k2.5
    [kimi-k2.5] 决策: create | 选笑话编号: None

  质量组: low (4个候选笑话)
    评估模型: qwen3-max
    [qwen3-max] 决策: create | 选笑话编号: None
    评估模型: deepseek-v3.2
    [deepseek-v3.2] 决策: create | 选笑话编号: None
    评估模型: kimi-k2.5
    [kimi-k2.5] 决策: create | 选笑话编号: None

  Item完成: 耗时58.5s | 总耗时1090.0min
  速率限制器状态: 可用令牌=48.0/48
  已保存中间结果 (1121 条)

============================================================
处理 zh_2223... (1122/1174)

  质量组: high (4个候选笑话)
    评估模型: qwen3-max
    [qwen3-max] 决策: select | 选笑话编号: 2
    评估模型: deepseek-v3.2
    [deepseek-v3.2] 决策: select | 选笑话编号: 1
    评估模型: kimi-k2.5
    [kimi-k2.5] 决策: select | 选笑话编号: 2

  质量组: medium (4个候选笑话)
    评估模型: qwen3-max
    [qwen3-max] 决策: select | 选笑话编号: 4
    评估模型: deepseek-v3.2
    [deepseek-v3.2] 决策: select | 选笑话编号: 4
    评估模型: kimi-k2.5
    [kimi-k2.5] 决策: create | 选笑话编号: None

  质量组: low (4个候选笑话)
    评估模型: qwen3-max
    [qwen3-max] 决策: create | 选笑话编号: None
    评估模型: deepseek-v3.2
    [deepseek-v3.2] 决策: select | 选笑话编号: 1
    评估模型: kimi-k2.5
    [kimi-k2.5] 决策: create | 选笑话编号: None

  Item完成: 耗时58.5s | 总耗时1091.0min
  速率限制器状态: 可用令牌=48.0/48
  已保存中间结果 (1122 条)

============================================================
处理 zh_2224... (1123/1174)

  质量组: high (4个候选笑话)
    评估模型: qwen3-max
    [qwen3-max] 决策: select | 选笑话编号: 3
    评估模型: deepseek-v3.2
    [deepseek-v3.2] 决策: select | 选笑话编号: 3
    评估模型: kimi-k2.5
    [kimi-k2.5] 决策: create | 选笑话编号: None

  质量组: medium (4个候选笑话)
    评估模型: qwen3-max
    [qwen3-max] 决策: select | 选笑话编号: 1
    评估模型: deepseek-v3.2
    [deepseek-v3.2] 决策: select | 选笑话编号: 2
    评估模型: kimi-k2.5
    [kimi-k2.5] 决策: create | 选笑话编号: None

  质量组: low (4个候选笑话)
    评估模型: qwen3-max
    [qwen3-max] 决策: select | 选笑话编号: 4
    评估模型: deepseek-v3.2
    [deepseek-v3.2] 决策: create | 选笑话编号: None
    评估模型: kimi-k2.5
    [kimi-k2.5] 决策: create | 选笑话编号: None

  Item完成: 耗时56.3s | 总耗时1091.9min
  速率限制器状态: 可用令牌=48.0/48
  已保存中间结果 (1123 条)

============================================================
处理 zh_2225... (1124/1174)

  质量组: high (4个候选笑话)
    评估模型: qwen3-max
    [qwen3-max] 决策: select | 选笑话编号: 2
    评估模型: deepseek-v3.2
    [deepseek-v3.2] 决策: select | 选笑话编号: 2
    评估模型: kimi-k2.5
    [kimi-k2.5] 决策: create | 选笑话编号: None

  质量组: medium (4个候选笑话)
    评估模型: qwen3-max
    [qwen3-max] 决策: create | 选笑话编号: None
    评估模型: deepseek-v3.2
    [deepseek-v3.2] 决策: select | 选笑话编号: 2
    评估模型: kimi-k2.5
    [kimi-k2.5] 决策: create | 选笑话编号: None

  质量组: low (4个候选笑话)
    评估模型: qwen3-max
    [qwen3-max] 决策: select | 选笑话编号: 4
    评估模型: deepseek-v3.2
    [deepseek-v3.2] 决策: select | 选笑话编号: 4
    评估模型: kimi-k2.5
    [kimi-k2.5] 决策: create | 选笑话编号: None

  Item完成: 耗时50.1s | 总耗时1092.7min
  速率限制器状态: 可用令牌=48.0/48
  已保存中间结果 (1124 条)

============================================================
处理 zh_2226... (1125/1174)

  质量组: high (4个候选笑话)
    评估模型: qwen3-max
    [qwen3-max] 决策: select | 选笑话编号: 2
    评估模型: deepseek-v3.2
    [deepseek-v3.2] 决策: select | 选笑话编号: 4
    评估模型: kimi-k2.5
    [kimi-k2.5] 决策: select | 选笑话编号: 2

  质量组: medium (4个候选笑话)
    评估模型: qwen3-max
    [qwen3-max] 决策: select | 选笑话编号: 1
    评估模型: deepseek-v3.2
    [deepseek-v3.2] 决策: select | 选笑话编号: 1
    评估模型: kimi-k2.5
    [kimi-k2.5] 决策: select | 选笑话编号: 1

  质量组: low (4个候选笑话)
    评估模型: qwen3-max
    [qwen3-max] 决策: create | 选笑话编号: None
    评估模型: deepseek-v3.2
    [deepseek-v3.2] 决策: select | 选笑话编号: 3
    评估模型: kimi-k2.5
    [kimi-k2.5] 决策: create | 选笑话编号: None

  Item完成: 耗时52.5s | 总耗时1093.6min
  速率限制器状态: 可用令牌=48.0/48
  已保存中间结果 (1125 条)

============================================================
处理 zh_2227... (1126/1174)

  质量组: high (4个候选笑话)
    评估模型: qwen3-max
    [qwen3-max] 决策: select | 选笑话编号: 3
    评估模型: deepseek-v3.2
    [deepseek-v3.2] 决策: select | 选笑话编号: 2
    评估模型: kimi-k2.5
    [kimi-k2.5] 决策: create | 选笑话编号: None

  质量组: medium (4个候选笑话)
    评估模型: qwen3-max
    [qwen3-max] 决策: select | 选笑话编号: 2
    评估模型: deepseek-v3.2
    [deepseek-v3.2] 决策: select | 选笑话编号: 2
    评估模型: kimi-k2.5
    [kimi-k2.5] 决策: create | 选笑话编号: None

  质量组: low (4个候选笑话)
    评估模型: qwen3-max
    [qwen3-max] 决策: create | 选笑话编号: None
    评估模型: deepseek-v3.2
    [deepseek-v3.2] 决策: select | 选笑话编号: 1
    评估模型: kimi-k2.5
    [kimi-k2.5] 决策: create | 选笑话编号: None

  Item完成: 耗时59.5s | 总耗时1094.6min
  速率限制器状态: 可用令牌=48.0/48
  已保存中间结果 (1126 条)

============================================================
处理 zh_2228... (1127/1174)

  质量组: high (4个候选笑话)
    评估模型: qwen3-max
    [qwen3-max] 决策: select | 选笑话编号: 2
    评估模型: deepseek-v3.2
    [deepseek-v3.2] 决策: select | 选笑话编号: 2
    评估模型: kimi-k2.5
    [kimi-k2.5] 决策: select | 选笑话编号: 3

  质量组: medium (4个候选笑话)
    评估模型: qwen3-max
    [qwen3-max] 决策: select | 选笑话编号: 4
    评估模型: deepseek-v3.2
    [deepseek-v3.2] 决策: select | 选笑话编号: 4
    评估模型: kimi-k2.5
    [kimi-k2.5] 决策: create | 选笑话编号: None

  质量组: low (4个候选笑话)
    评估模型: qwen3-max
    [qwen3-max] 决策: create | 选笑话编号: None
    评估模型: deepseek-v3.2
    [deepseek-v3.2] 决策: create | 选笑话编号: None
    评估模型: kimi-k2.5
    [API] JSON解析失败: JSON解析失败: Expecting ',' delimiter: line 5 column 29 (char 206), model=kimi-k2.5
    [kimi-k2.5] 决策:  | 选笑话编号: ?

  Item完成: 耗时51.3s | 总耗时1095.5min
  速率限制器状态: 可用令牌=48.0/48
  已保存中间结果 (1127 条)

============================================================
处理 zh_2229... (1128/1174)

  质量组: high (4个候选笑话)
    评估模型: qwen3-max
    [qwen3-max] 决策: select | 选笑话编号: 2
    评估模型: deepseek-v3.2
    [deepseek-v3.2] 决策: select | 选笑话编号: 2
    评估模型: kimi-k2.5
    [kimi-k2.5] 决策: select | 选笑话编号: 2

  质量组: medium (4个候选笑话)
    评估模型: qwen3-max
    [qwen3-max] 决策: select | 选笑话编号: 2
    评估模型: deepseek-v3.2
    [deepseek-v3.2] 决策: select | 选笑话编号: 2
    评估模型: kimi-k2.5
    [kimi-k2.5] 决策: create | 选笑话编号: None

  质量组: low (4个候选笑话)
    评估模型: qwen3-max
    [qwen3-max] 决策: select | 选笑话编号: 3
    评估模型: deepseek-v3.2
    [deepseek-v3.2] 决策: select | 选笑话编号: 2
    评估模型: kimi-k2.5
    [kimi-k2.5] 决策: create | 选笑话编号: None

  Item完成: 耗时58.0s | 总耗时1096.5min
  速率限制器状态: 可用令牌=48.0/48
  已保存中间结果 (1128 条)

============================================================
处理 zh_2230... (1129/1174)

  质量组: high (4个候选笑话)
    评估模型: qwen3-max
    [qwen3-max] 决策: select | 选笑话编号: 2
    评估模型: deepseek-v3.2
    [deepseek-v3.2] 决策: select | 选笑话编号: 2
    评估模型: kimi-k2.5
    [kimi-k2.5] 决策: create | 选笑话编号: None

  质量组: medium (4个候选笑话)
    评估模型: qwen3-max
    [qwen3-max] 决策: select | 选笑话编号: 1
    评估模型: deepseek-v3.2
    [deepseek-v3.2] 决策: select | 选笑话编号: 2
    评估模型: kimi-k2.5
    [kimi-k2.5] 决策: select | 选笑话编号: 2

  质量组: low (4个候选笑话)
    评估模型: qwen3-max
    [qwen3-max] 决策: select | 选笑话编号: 4
    评估模型: deepseek-v3.2
    [deepseek-v3.2] 决策: select | 选笑话编号: 4
    评估模型: kimi-k2.5
    [kimi-k2.5] 决策: create | 选笑话编号: None

  Item完成: 耗时52.3s | 总耗时1097.4min
  速率限制器状态: 可用令牌=48.0/48
  已保存中间结果 (1129 条)

============================================================
处理 zh_2231... (1130/1174)

  质量组: high (4个候选笑话)
    评估模型: qwen3-max
    [qwen3-max] 决策: select | 选笑话编号: 2
    评估模型: deepseek-v3.2
    [deepseek-v3.2] 决策: select | 选笑话编号: 3
    评估模型: kimi-k2.5
    [API] JSON解析失败: JSON解析失败: Expecting ',' delimiter: line 4 column 35 (char 92), model=kimi-k2.5
    [kimi-k2.5] 决策:  | 选笑话编号: ?

  质量组: medium (4个候选笑话)
    评估模型: qwen3-max
    [qwen3-max] 决策: select | 选笑话编号: 2
    评估模型: deepseek-v3.2
    [deepseek-v3.2] 决策: select | 选笑话编号: 1
    评估模型: kimi-k2.5
    [kimi-k2.5] 决策: create | 选笑话编号: None

  质量组: low (4个候选笑话)
    评估模型: qwen3-max
    [qwen3-max] 决策: create | 选笑话编号: None
    评估模型: deepseek-v3.2
    [deepseek-v3.2] 决策: select | 选笑话编号: 4
    评估模型: kimi-k2.5
    [kimi-k2.5] 决策: create | 选笑话编号: None

  Item完成: 耗时50.7s | 总耗时1098.2min
  速率限制器状态: 可用令牌=48.0/48
  已保存中间结果 (1130 条)

============================================================
处理 zh_2232... (1131/1174)

  质量组: high (4个候选笑话)
    评估模型: qwen3-max
    [qwen3-max] 决策: select | 选笑话编号: 2
    评估模型: deepseek-v3.2
    [deepseek-v3.2] 决策: select | 选笑话编号: 2
    评估模型: kimi-k2.5
    [kimi-k2.5] 决策: create | 选笑话编号: None

  质量组: medium (4个候选笑话)
    评估模型: qwen3-max
    [qwen3-max] 决策: select | 选笑话编号: 1
    评估模型: deepseek-v3.2
    [deepseek-v3.2] 决策: select | 选笑话编号: 2
    评估模型: kimi-k2.5
    [kimi-k2.5] 决策: create | 选笑话编号: None

  质量组: low (4个候选笑话)
    评估模型: qwen3-max
    [qwen3-max] 决策: select | 选笑话编号: 1
    评估模型: deepseek-v3.2
    [deepseek-v3.2] 决策: select | 选笑话编号: 1
    评估模型: kimi-k2.5
    [kimi-k2.5] 决策: create | 选笑话编号: None

  Item完成: 耗时49.7s | 总耗时1099.0min
  速率限制器状态: 可用令牌=48.0/48
  已保存中间结果 (1131 条)

============================================================
处理 zh_2233... (1132/1174)

  质量组: high (4个候选笑话)
    评估模型: qwen3-max
    [qwen3-max] 决策: select | 选笑话编号: 2
    评估模型: deepseek-v3.2
    [deepseek-v3.2] 决策: select | 选笑话编号: 2
    评估模型: kimi-k2.5
    [API] JSON解析失败: JSON解析失败: Expecting ',' delimiter: line 4 column 83 (char 140), model=kimi-k2.5
    [kimi-k2.5] 决策:  | 选笑话编号: ?

  质量组: medium (4个候选笑话)
    评估模型: qwen3-max
    [qwen3-max] 决策: select | 选笑话编号: 2
    评估模型: deepseek-v3.2
    [deepseek-v3.2] 决策: select | 选笑话编号: 1
    评估模型: kimi-k2.5
    [kimi-k2.5] 决策: create | 选笑话编号: None

  质量组: low (4个候选笑话)
    评估模型: qwen3-max
    [qwen3-max] 决策: create | 选笑话编号: None
    评估模型: deepseek-v3.2
    [deepseek-v3.2] 决策: create | 选笑话编号: None
    评估模型: kimi-k2.5
    [kimi-k2.5] 决策: create | 选笑话编号: None

  Item完成: 耗时58.7s | 总耗时1100.0min
  速率限制器状态: 可用令牌=48.0/48
  已保存中间结果 (1132 条)

============================================================
处理 zh_2234... (1133/1174)

  质量组: high (4个候选笑话)
    评估模型: qwen3-max
    [qwen3-max] 决策: select | 选笑话编号: 2
    评估模型: deepseek-v3.2
    [deepseek-v3.2] 决策: select | 选笑话编号: 2
    评估模型: kimi-k2.5
    [kimi-k2.5] 决策: create | 选笑话编号: None

  质量组: medium (4个候选笑话)
    评估模型: qwen3-max
    [qwen3-max] 决策: select | 选笑话编号: 1
    评估模型: deepseek-v3.2
    [deepseek-v3.2] 决策: select | 选笑话编号: 4
    评估模型: kimi-k2.5
    [kimi-k2.5] 决策: create | 选笑话编号: None

  质量组: low (4个候选笑话)
    评估模型: qwen3-max
    [qwen3-max] 决策: select | 选笑话编号: 1
    评估模型: deepseek-v3.2
    [deepseek-v3.2] 决策: select | 选笑话编号: 3
    评估模型: kimi-k2.5
    [kimi-k2.5] 决策: create | 选笑话编号: None

  Item完成: 耗时53.9s | 总耗时1100.9min
  速率限制器状态: 可用令牌=48.0/48
  已保存中间结果 (1133 条)

============================================================
处理 zh_2235... (1134/1174)

  质量组: high (4个候选笑话)
    评估模型: qwen3-max
    [qwen3-max] 决策: create | 选笑话编号: None
    评估模型: deepseek-v3.2
    [deepseek-v3.2] 决策: select | 选笑话编号: 1
    评估模型: kimi-k2.5
    [kimi-k2.5] 决策: create | 选笑话编号: None

  质量组: medium (4个候选笑话)
    评估模型: qwen3-max
    [qwen3-max] 决策: select | 选笑话编号: 1
    评估模型: deepseek-v3.2
    [deepseek-v3.2] 决策: select | 选笑话编号: 4
    评估模型: kimi-k2.5
    [kimi-k2.5] 决策: create | 选笑话编号: None

  质量组: low (4个候选笑话)
    评估模型: qwen3-max
    [qwen3-max] 决策: create | 选笑话编号: None
    评估模型: deepseek-v3.2
    [deepseek-v3.2] 决策: select | 选笑话编号: 4
    评估模型: kimi-k2.5
    [kimi-k2.5] 决策: create | 选笑话编号: None

  Item完成: 耗时58.9s | 总耗时1101.9min
  速率限制器状态: 可用令牌=48.0/48
  已保存中间结果 (1134 条)

============================================================
处理 zh_2236... (1135/1174)

  质量组: high (4个候选笑话)
    评估模型: qwen3-max
    [qwen3-max] 决策: select | 选笑话编号: 2
    评估模型: deepseek-v3.2
    [deepseek-v3.2] 决策: select | 选笑话编号: 2
    评估模型: kimi-k2.5
    [kimi-k2.5] 决策: select | 选笑话编号: 2

  质量组: medium (4个候选笑话)
    评估模型: qwen3-max
    [qwen3-max] 决策: select | 选笑话编号: 1
    评估模型: deepseek-v3.2
    [deepseek-v3.2] 决策: select | 选笑话编号: 2
    评估模型: kimi-k2.5
    [kimi-k2.5] 决策: create | 选笑话编号: None

  质量组: low (4个候选笑话)
    评估模型: qwen3-max
    [qwen3-max] 决策: select | 选笑话编号: 1
    评估模型: deepseek-v3.2
    [deepseek-v3.2] 决策: select | 选笑话编号: 1
    评估模型: kimi-k2.5
    [kimi-k2.5] 决策: create | 选笑话编号: None

  Item完成: 耗时54.3s | 总耗时1102.8min
  速率限制器状态: 可用令牌=48.0/48
  已保存中间结果 (1135 条)

============================================================
处理 zh_2237... (1136/1174)

  质量组: high (4个候选笑话)
    评估模型: qwen3-max
    [qwen3-max] 决策: select | 选笑话编号: 3
    评估模型: deepseek-v3.2
    [deepseek-v3.2] 决策: select | 选笑话编号: 3
    评估模型: kimi-k2.5
    [kimi-k2.5] 决策: select | 选笑话编号: 3

  质量组: medium (4个候选笑话)
    评估模型: qwen3-max
    [qwen3-max] 决策: select | 选笑话编号: 2
    评估模型: deepseek-v3.2
    [deepseek-v3.2] 决策: select | 选笑话编号: 2
    评估模型: kimi-k2.5
    [kimi-k2.5] 决策: create | 选笑话编号: None

  质量组: low (4个候选笑话)
    评估模型: qwen3-max
    [qwen3-max] 决策: create | 选笑话编号: None
    评估模型: deepseek-v3.2
    [deepseek-v3.2] 决策: select | 选笑话编号: 4
    评估模型: kimi-k2.5
    [kimi-k2.5] 决策: create | 选笑话编号: None

  Item完成: 耗时58.7s | 总耗时1103.8min
  速率限制器状态: 可用令牌=48.0/48
  已保存中间结果 (1136 条)

============================================================
处理 zh_2238... (1137/1174)

  质量组: high (4个候选笑话)
    评估模型: qwen3-max
    [qwen3-max] 决策: select | 选笑话编号: 3
    评估模型: deepseek-v3.2
    [deepseek-v3.2] 决策: select | 选笑话编号: 2
    评估模型: kimi-k2.5
    [kimi-k2.5] 决策: create | 选笑话编号: None

  质量组: medium (4个候选笑话)
    评估模型: qwen3-max
    [qwen3-max] 决策: select | 选笑话编号: 2
    评估模型: deepseek-v3.2
    [deepseek-v3.2] 决策: select | 选笑话编号: 4
    评估模型: kimi-k2.5
    [kimi-k2.5] 决策: create | 选笑话编号: None

  质量组: low (4个候选笑话)
    评估模型: qwen3-max
    [qwen3-max] 决策: create | 选笑话编号: None
    评估模型: deepseek-v3.2
    [deepseek-v3.2] 决策: create | 选笑话编号: None
    评估模型: kimi-k2.5
    [kimi-k2.5] 决策: create | 选笑话编号: None

  Item完成: 耗时47.7s | 总耗时1104.6min
  速率限制器状态: 可用令牌=48.0/48
  已保存中间结果 (1137 条)

============================================================
处理 zh_2239... (1138/1174)

  质量组: high (4个候选笑话)
    评估模型: qwen3-max
    [qwen3-max] 决策: select | 选笑话编号: 2
    评估模型: deepseek-v3.2
    [deepseek-v3.2] 决策: select | 选笑话编号: 4
    评估模型: kimi-k2.5
    [API] JSON解析失败: JSON解析失败: Expecting ',' delimiter: line 4 column 71 (char 128), model=kimi-k2.5
    [kimi-k2.5] 决策:  | 选笑话编号: ?

  质量组: medium (4个候选笑话)
    评估模型: qwen3-max
    [qwen3-max] 决策: select | 选笑话编号: 4
    评估模型: deepseek-v3.2
    [deepseek-v3.2] 决策: select | 选笑话编号: 4
    评估模型: kimi-k2.5
    [kimi-k2.5] 决策: select | 选笑话编号: 4

  质量组: low (4个候选笑话)
    评估模型: qwen3-max
    [qwen3-max] 决策: create | 选笑话编号: None
    评估模型: deepseek-v3.2
    [deepseek-v3.2] 决策: create | 选笑话编号: None
    评估模型: kimi-k2.5
    [kimi-k2.5] 决策: create | 选笑话编号: None

  Item完成: 耗时53.7s | 总耗时1105.5min
  速率限制器状态: 可用令牌=48.0/48
  已保存中间结果 (1138 条)

============================================================
处理 zh_2240... (1139/1174)

  质量组: high (4个候选笑话)
    评估模型: qwen3-max
    [qwen3-max] 决策: select | 选笑话编号: 4
    评估模型: deepseek-v3.2
    [deepseek-v3.2] 决策: select | 选笑话编号: 4
    评估模型: kimi-k2.5
    [kimi-k2.5] 决策: create | 选笑话编号: None

  质量组: medium (4个候选笑话)
    评估模型: qwen3-max
    [qwen3-max] 决策: select | 选笑话编号: 1
    评估模型: deepseek-v3.2
    [deepseek-v3.2] 决策: select | 选笑话编号: 4
    评估模型: kimi-k2.5
    [kimi-k2.5] 决策: create | 选笑话编号: None

  质量组: low (4个候选笑话)
    评估模型: qwen3-max
    [qwen3-max] 决策: select | 选笑话编号: 3
    评估模型: deepseek-v3.2
    [deepseek-v3.2] 决策: select | 选笑话编号: 3
    评估模型: kimi-k2.5
    [kimi-k2.5] 决策: create | 选笑话编号: None

  Item完成: 耗时54.2s | 总耗时1106.4min
  速率限制器状态: 可用令牌=48.0/48
  已保存中间结果 (1139 条)

============================================================
处理 zh_2241... (1140/1174)

  质量组: high (4个候选笑话)
    评估模型: qwen3-max
    [qwen3-max] 决策: select | 选笑话编号: 2
    评估模型: deepseek-v3.2
    [deepseek-v3.2] 决策: select | 选笑话编号: 2
    评估模型: kimi-k2.5
    [kimi-k2.5] 决策: select | 选笑话编号: 2

  质量组: medium (4个候选笑话)
    评估模型: qwen3-max
    [qwen3-max] 决策: select | 选笑话编号: 1
    评估模型: deepseek-v3.2
    [deepseek-v3.2] 决策: select | 选笑话编号: 1
    评估模型: kimi-k2.5
    [kimi-k2.5] 决策: create | 选笑话编号: None

  质量组: low (4个候选笑话)
    评估模型: qwen3-max
    [qwen3-max] 决策: select | 选笑话编号: 1
    评估模型: deepseek-v3.2
    [deepseek-v3.2] 决策: create | 选笑话编号: None
    评估模型: kimi-k2.5
    [kimi-k2.5] 决策: create | 选笑话编号: None

  Item完成: 耗时53.4s | 总耗时1107.3min
  速率限制器状态: 可用令牌=48.0/48
  已保存中间结果 (1140 条)

============================================================
处理 zh_2242... (1141/1174)

  质量组: high (4个候选笑话)
    评估模型: qwen3-max
    [qwen3-max] 决策: select | 选笑话编号: 1
    评估模型: deepseek-v3.2
    [deepseek-v3.2] 决策: select | 选笑话编号: 1
    评估模型: kimi-k2.5
    [kimi-k2.5] 决策: create | 选笑话编号: None

  质量组: medium (4个候选笑话)
    评估模型: qwen3-max
    [qwen3-max] 决策: select | 选笑话编号: 2
    评估模型: deepseek-v3.2
    [deepseek-v3.2] 决策: select | 选笑话编号: 4
    评估模型: kimi-k2.5
    [kimi-k2.5] 决策: create | 选笑话编号: None

  质量组: low (4个候选笑话)
    评估模型: qwen3-max
    [qwen3-max] 决策: create | 选笑话编号: None
    评估模型: deepseek-v3.2
    [deepseek-v3.2] 决策: select | 选笑话编号: 3
    评估模型: kimi-k2.5
    [kimi-k2.5] 决策: create | 选笑话编号: None

  Item完成: 耗时48.3s | 总耗时1108.1min
  速率限制器状态: 可用令牌=48.0/48
  已保存中间结果 (1141 条)

============================================================
处理 zh_2243... (1142/1174)

  质量组: high (4个候选笑话)
    评估模型: qwen3-max
    [qwen3-max] 决策: select | 选笑话编号: 2
    评估模型: deepseek-v3.2
    [deepseek-v3.2] 决策: select | 选笑话编号: 2
    评估模型: kimi-k2.5
    [kimi-k2.5] 决策: create | 选笑话编号: None

  质量组: medium (4个候选笑话)
    评估模型: qwen3-max
    [qwen3-max] 决策: select | 选笑话编号: 4
    评估模型: deepseek-v3.2
    [deepseek-v3.2] 决策: create | 选笑话编号: None
    评估模型: kimi-k2.5
    [kimi-k2.5] 决策: create | 选笑话编号: None

  质量组: low (4个候选笑话)
    评估模型: qwen3-max
    [qwen3-max] 决策: create | 选笑话编号: None
    评估模型: deepseek-v3.2
    [deepseek-v3.2] 决策: select | 选笑话编号: 3
    评估模型: kimi-k2.5
    [kimi-k2.5] 决策: create | 选笑话编号: None

  Item完成: 耗时59.6s | 总耗时1109.1min
  速率限制器状态: 可用令牌=48.0/48
  已保存中间结果 (1142 条)

============================================================
处理 zh_2244... (1143/1174)

  质量组: high (4个候选笑话)
    评估模型: qwen3-max
    [qwen3-max] 决策: select | 选笑话编号: 1
    评估模型: deepseek-v3.2
    [deepseek-v3.2] 决策: select | 选笑话编号: 1
    评估模型: kimi-k2.5
    [API] JSON解析失败: JSON解析失败: Expecting ',' delimiter: line 5 column 30 (char 254), model=kimi-k2.5
    [kimi-k2.5] 决策:  | 选笑话编号: ?

  质量组: medium (4个候选笑话)
    评估模型: qwen3-max
    [qwen3-max] 决策: select | 选笑话编号: 4
    评估模型: deepseek-v3.2
    [deepseek-v3.2] 决策: select | 选笑话编号: 4
    评估模型: kimi-k2.5
    [API] JSON解析失败: JSON解析失败: Extra data: line 7 column 1 (char 223), model=kimi-k2.5
    [kimi-k2.5] 决策:  | 选笑话编号: ?

  质量组: low (4个候选笑话)
    评估模型: qwen3-max
    [qwen3-max] 决策: create | 选笑话编号: None
    评估模型: deepseek-v3.2
    [deepseek-v3.2] 决策: create | 选笑话编号: None
    评估模型: kimi-k2.5
    [kimi-k2.5] 决策: create | 选笑话编号: None

  Item完成: 耗时60.5s | 总耗时1110.2min
  速率限制器状态: 可用令牌=48.0/48
  已保存中间结果 (1143 条)

============================================================
处理 zh_2245... (1144/1174)

  质量组: high (4个候选笑话)
    评估模型: qwen3-max
    [qwen3-max] 决策: select | 选笑话编号: 2
    评估模型: deepseek-v3.2
    [deepseek-v3.2] 决策: select | 选笑话编号: 2
    评估模型: kimi-k2.5
    [kimi-k2.5] 决策: create | 选笑话编号: None

  质量组: medium (4个候选笑话)
    评估模型: qwen3-max
    [qwen3-max] 决策: select | 选笑话编号: 2
    评估模型: deepseek-v3.2
    [deepseek-v3.2] 决策: select | 选笑话编号: 2
    评估模型: kimi-k2.5
    [kimi-k2.5] 决策: create | 选笑话编号: None

  质量组: low (4个候选笑话)
    评估模型: qwen3-max
    [qwen3-max] 决策: select | 选笑话编号: 4
    评估模型: deepseek-v3.2
    [deepseek-v3.2] 决策: create | 选笑话编号: None
    评估模型: kimi-k2.5
    [kimi-k2.5] 决策: create | 选笑话编号: None

  Item完成: 耗时58.6s | 总耗时1111.1min
  速率限制器状态: 可用令牌=48.0/48
  已保存中间结果 (1144 条)

============================================================
处理 zh_2246... (1145/1174)

  质量组: high (4个候选笑话)
    评估模型: qwen3-max
    [qwen3-max] 决策: select | 选笑话编号: 2
    评估模型: deepseek-v3.2
    [deepseek-v3.2] 决策: select | 选笑话编号: 2
    评估模型: kimi-k2.5
    [kimi-k2.5] 决策: create | 选笑话编号: None

  质量组: medium (4个候选笑话)
    评估模型: qwen3-max
    [qwen3-max] 决策: select | 选笑话编号: 2
    评估模型: deepseek-v3.2
    [deepseek-v3.2] 决策: select | 选笑话编号: 2
    评估模型: kimi-k2.5
    [kimi-k2.5] 决策: create | 选笑话编号: None

  质量组: low (4个候选笑话)
    评估模型: qwen3-max
    [API] JSON解析失败: JSON解析失败: Invalid control character at: line 5 column 41 (char 176), model=qwen3-max
    [qwen3-max] 决策:  | 选笑话编号: ?
    评估模型: deepseek-v3.2
    [deepseek-v3.2] 决策: select | 选笑话编号: 2
    评估模型: kimi-k2.5
    [kimi-k2.5] 决策: create | 选笑话编号: None

  Item完成: 耗时74.4s | 总耗时1112.4min
  速率限制器状态: 可用令牌=48.0/48
  已保存中间结果 (1145 条)

============================================================
处理 zh_2247... (1146/1174)

  质量组: high (4个候选笑话)
    评估模型: qwen3-max
    [qwen3-max] 决策: select | 选笑话编号: 2
    评估模型: deepseek-v3.2
    [deepseek-v3.2] 决策: select | 选笑话编号: 1
    评估模型: kimi-k2.5
    [API] JSON解析失败: JSON解析失败: Expecting ',' delimiter: line 4 column 40 (char 94), model=kimi-k2.5
    [kimi-k2.5] 决策:  | 选笑话编号: ?

  质量组: medium (4个候选笑话)
    评估模型: qwen3-max
    [qwen3-max] 决策: select | 选笑话编号: 2
    评估模型: deepseek-v3.2
    [deepseek-v3.2] 决策: select | 选笑话编号: 2
    评估模型: kimi-k2.5
    [kimi-k2.5] 决策: select | 选笑话编号: 2

  质量组: low (4个候选笑话)
    评估模型: qwen3-max
    [qwen3-max] 决策: create | 选笑话编号: None
    评估模型: deepseek-v3.2
    [deepseek-v3.2] 决策: select | 选笑话编号: 1
    评估模型: kimi-k2.5
    [kimi-k2.5] 决策: create | 选笑话编号: None

  Item完成: 耗时53.9s | 总耗时1113.3min
  速率限制器状态: 可用令牌=48.0/48
  已保存中间结果 (1146 条)

============================================================
处理 zh_2248... (1147/1174)

  质量组: high (4个候选笑话)
    评估模型: qwen3-max
    [qwen3-max] 决策: select | 选笑话编号: 2
    评估模型: deepseek-v3.2
    [deepseek-v3.2] 决策: select | 选笑话编号: 1
    评估模型: kimi-k2.5
    [API] JSON解析失败: JSON解析失败: Expecting ',' delimiter: line 4 column 36 (char 93), model=kimi-k2.5
    [kimi-k2.5] 决策:  | 选笑话编号: ?

  质量组: medium (4个候选笑话)
    评估模型: qwen3-max
    [qwen3-max] 决策: select | 选笑话编号: 1
    评估模型: deepseek-v3.2
    [deepseek-v3.2] 决策: select | 选笑话编号: 1
    评估模型: kimi-k2.5
    [kimi-k2.5] 决策: create | 选笑话编号: None

  质量组: low (4个候选笑话)
    评估模型: qwen3-max
    [qwen3-max] 决策: select | 选笑话编号: 1
    评估模型: deepseek-v3.2
    [deepseek-v3.2] 决策: select | 选笑话编号: 1
    评估模型: kimi-k2.5
    [kimi-k2.5] 决策: create | 选笑话编号: None

  Item完成: 耗时65.5s | 总耗时1114.4min
  速率限制器状态: 可用令牌=48.0/48
  已保存中间结果 (1147 条)

============================================================
处理 zh_2249... (1148/1174)

  质量组: high (4个候选笑话)
    评估模型: qwen3-max
    [qwen3-max] 决策: select | 选笑话编号: 4
    评估模型: deepseek-v3.2
    [deepseek-v3.2] 决策: select | 选笑话编号: 4
    评估模型: kimi-k2.5
    [kimi-k2.5] 决策: select | 选笑话编号: 4

  质量组: medium (4个候选笑话)
    评估模型: qwen3-max
    [qwen3-max] 决策: select | 选笑话编号: 4
    评估模型: deepseek-v3.2
    [deepseek-v3.2] 决策: select | 选笑话编号: 2
    评估模型: kimi-k2.5
    [kimi-k2.5] 决策: create | 选笑话编号: None

  质量组: low (4个候选笑话)
    评估模型: qwen3-max
    [qwen3-max] 决策: select | 选笑话编号: 3
    评估模型: deepseek-v3.2
    [deepseek-v3.2] 决策: select | 选笑话编号: 1
    评估模型: kimi-k2.5
    [kimi-k2.5] 决策: create | 选笑话编号: None

  Item完成: 耗时56.7s | 总耗时1115.4min
  速率限制器状态: 可用令牌=48.0/48
  已保存中间结果 (1148 条)

============================================================
处理 zh_2250... (1149/1174)

  质量组: high (4个候选笑话)
    评估模型: qwen3-max
    [qwen3-max] 决策: select | 选笑话编号: 2
    评估模型: deepseek-v3.2
    [deepseek-v3.2] 决策: select | 选笑话编号: 2
    评估模型: kimi-k2.5
    [kimi-k2.5] 决策: create | 选笑话编号: None

  质量组: medium (4个候选笑话)
    评估模型: qwen3-max
    [qwen3-max] 决策: select | 选笑话编号: 2
    评估模型: deepseek-v3.2
    [deepseek-v3.2] 决策: select | 选笑话编号: 2
    评估模型: kimi-k2.5
    [kimi-k2.5] 决策: create | 选笑话编号: None

  质量组: low (4个候选笑话)
    评估模型: qwen3-max
    [qwen3-max] 决策: select | 选笑话编号: 2
    评估模型: deepseek-v3.2
    [deepseek-v3.2] 决策: create | 选笑话编号: None
    评估模型: kimi-k2.5
    [kimi-k2.5] 决策: create | 选笑话编号: None

  Item完成: 耗时53.7s | 总耗时1116.3min
  速率限制器状态: 可用令牌=48.0/48
  已保存中间结果 (1149 条)

============================================================
处理 zh_2251... (1150/1174)

  质量组: high (4个候选笑话)
    评估模型: qwen3-max
    [qwen3-max] 决策: select | 选笑话编号: 2
    评估模型: deepseek-v3.2
    [deepseek-v3.2] 决策: select | 选笑话编号: 2
    评估模型: kimi-k2.5
    [API] JSON解析失败: JSON解析失败: Expecting ',' delimiter: line 5 column 44 (char 194), model=kimi-k2.5
    [kimi-k2.5] 决策:  | 选笑话编号: ?

  质量组: medium (4个候选笑话)
    评估模型: qwen3-max
    [qwen3-max] 决策: select | 选笑话编号: 1
    评估模型: deepseek-v3.2
    [deepseek-v3.2] 决策: select | 选笑话编号: 1
    评估模型: kimi-k2.5
    [kimi-k2.5] 决策: create | 选笑话编号: None

  质量组: low (4个候选笑话)
    评估模型: qwen3-max
    [qwen3-max] 决策: select | 选笑话编号: 4
    评估模型: deepseek-v3.2
    [deepseek-v3.2] 决策: select | 选笑话编号: 3
    评估模型: kimi-k2.5
    [kimi-k2.5] 决策: create | 选笑话编号: None

  Item完成: 耗时54.5s | 总耗时1117.2min
  速率限制器状态: 可用令牌=48.0/48
  已保存中间结果 (1150 条)

============================================================
处理 zh_2252... (1151/1174)

  质量组: high (4个候选笑话)
    评估模型: qwen3-max
    [qwen3-max] 决策: select | 选笑话编号: 2
    评估模型: deepseek-v3.2
    [deepseek-v3.2] 决策: select | 选笑话编号: 4
    评估模型: kimi-k2.5
    [kimi-k2.5] 决策: create | 选笑话编号: None

  质量组: medium (4个候选笑话)
    评估模型: qwen3-max
    [qwen3-max] 决策: select | 选笑话编号: 1
    评估模型: deepseek-v3.2
    [deepseek-v3.2] 决策: select | 选笑话编号: 1
    评估模型: kimi-k2.5
    [kimi-k2.5] 决策: create | 选笑话编号: None

  质量组: low (4个候选笑话)
    评估模型: qwen3-max
    [qwen3-max] 决策: create | 选笑话编号: None
    评估模型: deepseek-v3.2
    [deepseek-v3.2] 决策: create | 选笑话编号: None
    评估模型: kimi-k2.5
    [kimi-k2.5] 决策: create | 选笑话编号: None

  Item完成: 耗时52.3s | 总耗时1118.1min
  速率限制器状态: 可用令牌=48.0/48
  已保存中间结果 (1151 条)

============================================================
处理 zh_2253... (1152/1174)

  质量组: high (4个候选笑话)
    评估模型: qwen3-max
    [qwen3-max] 决策: select | 选笑话编号: 1
    评估模型: deepseek-v3.2
    [deepseek-v3.2] 决策: select | 选笑话编号: 4
    评估模型: kimi-k2.5
    [kimi-k2.5] 决策: create | 选笑话编号: None

  质量组: medium (4个候选笑话)
    评估模型: qwen3-max
    [qwen3-max] 决策: select | 选笑话编号: 2
    评估模型: deepseek-v3.2
    [deepseek-v3.2] 决策: select | 选笑话编号: 4
    评估模型: kimi-k2.5
    [kimi-k2.5] 决策: create | 选笑话编号: None

  质量组: low (4个候选笑话)
    评估模型: qwen3-max
    [qwen3-max] 决策: create | 选笑话编号: None
    评估模型: deepseek-v3.2
    [deepseek-v3.2] 决策: select | 选笑话编号: 2
    评估模型: kimi-k2.5
    [kimi-k2.5] 决策: create | 选笑话编号: None

  Item完成: 耗时49.2s | 总耗时1118.9min
  速率限制器状态: 可用令牌=48.0/48
  已保存中间结果 (1152 条)

============================================================
处理 zh_2254... (1153/1174)

  质量组: high (4个候选笑话)
    评估模型: qwen3-max
    [qwen3-max] 决策: select | 选笑话编号: 2
    评估模型: deepseek-v3.2
    [deepseek-v3.2] 决策: select | 选笑话编号: 4
    评估模型: kimi-k2.5
    [kimi-k2.5] 决策: create | 选笑话编号: None

  质量组: medium (4个候选笑话)
    评估模型: qwen3-max
    [qwen3-max] 决策: select | 选笑话编号: 2
    评估模型: deepseek-v3.2
    [deepseek-v3.2] 决策: select | 选笑话编号: 1
    评估模型: kimi-k2.5
    [kimi-k2.5] 决策: create | 选笑话编号: None

  质量组: low (4个候选笑话)
    评估模型: qwen3-max
    [qwen3-max] 决策: create | 选笑话编号: None
    评估模型: deepseek-v3.2
    [deepseek-v3.2] 决策: create | 选笑话编号: None
    评估模型: kimi-k2.5
    [kimi-k2.5] 决策: create | 选笑话编号: None

  Item完成: 耗时55.5s | 总耗时1119.8min
  速率限制器状态: 可用令牌=48.0/48
  已保存中间结果 (1153 条)

============================================================
处理 zh_2255... (1154/1174)

  质量组: high (4个候选笑话)
    评估模型: qwen3-max
    [qwen3-max] 决策: select | 选笑话编号: 2
    评估模型: deepseek-v3.2
    [deepseek-v3.2] 决策: select | 选笑话编号: 1
    评估模型: kimi-k2.5
    [API] JSON解析失败: JSON解析失败: Expecting ',' delimiter: line 5 column 26 (char 209), model=kimi-k2.5
    [kimi-k2.5] 决策:  | 选笑话编号: ?

  质量组: medium (4个候选笑话)
    评估模型: qwen3-max
    [qwen3-max] 决策: select | 选笑话编号: 1
    评估模型: deepseek-v3.2
    [deepseek-v3.2] 决策: select | 选笑话编号: 4
    评估模型: kimi-k2.5
    [kimi-k2.5] 决策: create | 选笑话编号: None

  质量组: low (4个候选笑话)
    评估模型: qwen3-max
    [qwen3-max] 决策: create | 选笑话编号: None
    评估模型: deepseek-v3.2
    [deepseek-v3.2] 决策: select | 选笑话编号: 1
    评估模型: kimi-k2.5
    [kimi-k2.5] 决策: create | 选笑话编号: None

  Item完成: 耗时53.6s | 总耗时1120.7min
  速率限制器状态: 可用令牌=48.0/48
  已保存中间结果 (1154 条)

============================================================
处理 zh_2256... (1155/1174)

  质量组: high (4个候选笑话)
    评估模型: qwen3-max
    [qwen3-max] 决策: select | 选笑话编号: 2
    评估模型: deepseek-v3.2
    [deepseek-v3.2] 决策: select | 选笑话编号: 2
    评估模型: kimi-k2.5
    [kimi-k2.5] 决策: create | 选笑话编号: None

  质量组: medium (4个候选笑话)
    评估模型: qwen3-max
    [qwen3-max] 决策: select | 选笑话编号: 1
    评估模型: deepseek-v3.2
    [deepseek-v3.2] 决策: select | 选笑话编号: 1
    评估模型: kimi-k2.5
    [kimi-k2.5] 决策: create | 选笑话编号: None

  质量组: low (4个候选笑话)
    评估模型: qwen3-max
    [qwen3-max] 决策: create | 选笑话编号: None
    评估模型: deepseek-v3.2
    [deepseek-v3.2] 决策: create | 选笑话编号: None
    评估模型: kimi-k2.5
    [kimi-k2.5] 决策: create | 选笑话编号: None

  Item完成: 耗时52.7s | 总耗时1121.6min
  速率限制器状态: 可用令牌=48.0/48
  已保存中间结果 (1155 条)

============================================================
处理 zh_2257... (1156/1174)

  质量组: high (4个候选笑话)
    评估模型: qwen3-max
    [qwen3-max] 决策: select | 选笑话编号: 2
    评估模型: deepseek-v3.2
    [deepseek-v3.2] 决策: select | 选笑话编号: 1
    评估模型: kimi-k2.5
    [kimi-k2.5] 决策: create | 选笑话编号: None

  质量组: medium (4个候选笑话)
    评估模型: qwen3-max
    [qwen3-max] 决策: select | 选笑话编号: 2
    评估模型: deepseek-v3.2
    [deepseek-v3.2] 决策: select | 选笑话编号: 1
    评估模型: kimi-k2.5
    [kimi-k2.5] 决策: create | 选笑话编号: None

  质量组: low (4个候选笑话)
    评估模型: qwen3-max
    [qwen3-max] 决策: select | 选笑话编号: 1
    评估模型: deepseek-v3.2
    [deepseek-v3.2] 决策: select | 选笑话编号: 2
    评估模型: kimi-k2.5
    [kimi-k2.5] 决策: create | 选笑话编号: None

  Item完成: 耗时63.4s | 总耗时1122.7min
  速率限制器状态: 可用令牌=48.0/48
  已保存中间结果 (1156 条)

============================================================
处理 zh_2258... (1157/1174)

  质量组: high (4个候选笑话)
    评估模型: qwen3-max
    [qwen3-max] 决策: select | 选笑话编号: 2
    评估模型: deepseek-v3.2
    [deepseek-v3.2] 决策: select | 选笑话编号: 2
    评估模型: kimi-k2.5
    [kimi-k2.5] 决策: select | 选笑话编号: 2

  质量组: medium (4个候选笑话)
    评估模型: qwen3-max
    [qwen3-max] 决策: select | 选笑话编号: 1
    评估模型: deepseek-v3.2
    [deepseek-v3.2] 决策: select | 选笑话编号: 1
    评估模型: kimi-k2.5
    [kimi-k2.5] 决策: select | 选笑话编号: 1

  质量组: low (4个候选笑话)
    评估模型: qwen3-max
    [qwen3-max] 决策: select | 选笑话编号: 1
    评估模型: deepseek-v3.2
    [deepseek-v3.2] 决策: create | 选笑话编号: None
    评估模型: kimi-k2.5
    [kimi-k2.5] 决策: create | 选笑话编号: None

  Item完成: 耗时52.4s | 总耗时1123.5min
  速率限制器状态: 可用令牌=48.0/48
  已保存中间结果 (1157 条)

============================================================
处理 zh_2259... (1158/1174)

  质量组: high (4个候选笑话)
    评估模型: qwen3-max
    [qwen3-max] 决策: select | 选笑话编号: 2
    评估模型: deepseek-v3.2
    [deepseek-v3.2] 决策: select | 选笑话编号: 4
    评估模型: kimi-k2.5
    [kimi-k2.5] 决策: select | 选笑话编号: 2

  质量组: medium (4个候选笑话)
    评估模型: qwen3-max
    [qwen3-max] 决策: select | 选笑话编号: 2
    评估模型: deepseek-v3.2
    [deepseek-v3.2] 决策: select | 选笑话编号: 2
    评估模型: kimi-k2.5
    [kimi-k2.5] 决策: create | 选笑话编号: None

  质量组: low (4个候选笑话)
    评估模型: qwen3-max
    [qwen3-max] 决策: select | 选笑话编号: 1
    评估模型: deepseek-v3.2
    [deepseek-v3.2] 决策: create | 选笑话编号: None
    评估模型: kimi-k2.5
    [kimi-k2.5] 决策: create | 选笑话编号: None

  Item完成: 耗时60.9s | 总耗时1124.6min
  速率限制器状态: 可用令牌=48.0/48
  已保存中间结果 (1158 条)

============================================================
处理 zh_2260... (1159/1174)

  质量组: high (4个候选笑话)
    评估模型: qwen3-max
    [qwen3-max] 决策: create | 选笑话编号: None
    评估模型: deepseek-v3.2
    [deepseek-v3.2] 决策: select | 选笑话编号: 2
    评估模型: kimi-k2.5
    [kimi-k2.5] 决策: create | 选笑话编号: None

  质量组: medium (4个候选笑话)
    评估模型: qwen3-max
    [qwen3-max] 决策: select | 选笑话编号: 2
    评估模型: deepseek-v3.2
    [deepseek-v3.2] 决策: select | 选笑话编号: 1
    评估模型: kimi-k2.5
    [kimi-k2.5] 决策: create | 选笑话编号: None

  质量组: low (4个候选笑话)
    评估模型: qwen3-max
    [qwen3-max] 决策: create | 选笑话编号: None
    评估模型: deepseek-v3.2
    [deepseek-v3.2] 决策: create | 选笑话编号: None
    评估模型: kimi-k2.5
    [kimi-k2.5] 决策: create | 选笑话编号: None

  Item完成: 耗时56.1s | 总耗时1125.5min
  速率限制器状态: 可用令牌=48.0/48
  已保存中间结果 (1159 条)

============================================================
处理 zh_2261... (1160/1174)

  质量组: high (4个候选笑话)
    评估模型: qwen3-max
    [qwen3-max] 决策: select | 选笑话编号: 1
    评估模型: deepseek-v3.2
    [deepseek-v3.2] 决策: select | 选笑话编号: 1
    评估模型: kimi-k2.5
    [kimi-k2.5] 决策: create | 选笑话编号: None

  质量组: medium (4个候选笑话)
    评估模型: qwen3-max
    [qwen3-max] 决策: select | 选笑话编号: 2
    评估模型: deepseek-v3.2
    [deepseek-v3.2] 决策: select | 选笑话编号: 2
    评估模型: kimi-k2.5
    [kimi-k2.5] 决策: create | 选笑话编号: None

  质量组: low (4个候选笑话)
    评估模型: qwen3-max
    [qwen3-max] 决策: select | 选笑话编号: 1
    评估模型: deepseek-v3.2
    [deepseek-v3.2] 决策: select | 选笑话编号: 4
    评估模型: kimi-k2.5
    [kimi-k2.5] 决策: create | 选笑话编号: None

  Item完成: 耗时63.8s | 总耗时1126.6min
  速率限制器状态: 可用令牌=48.0/48
  已保存中间结果 (1160 条)

============================================================
处理 zh_2262... (1161/1174)

  质量组: high (4个候选笑话)
    评估模型: qwen3-max
    [qwen3-max] 决策: select | 选笑话编号: 2
    评估模型: deepseek-v3.2
    [deepseek-v3.2] 决策: select | 选笑话编号: 2
    评估模型: kimi-k2.5
    [kimi-k2.5] 决策: select | 选笑话编号: 2

  质量组: medium (4个候选笑话)
    评估模型: qwen3-max
    [qwen3-max] 决策: select | 选笑话编号: 1
    评估模型: deepseek-v3.2
    [deepseek-v3.2] 决策: select | 选笑话编号: 4
    评估模型: kimi-k2.5
    [kimi-k2.5] 决策: select | 选笑话编号: 4

  质量组: low (4个候选笑话)
    评估模型: qwen3-max
    [qwen3-max] 决策: select | 选笑话编号: 1
    评估模型: deepseek-v3.2
    [deepseek-v3.2] 决策: select | 选笑话编号: 1
    评估模型: kimi-k2.5
    [kimi-k2.5] 决策: create | 选笑话编号: None

  Item完成: 耗时58.6s | 总耗时1127.6min
  速率限制器状态: 可用令牌=48.0/48
  已保存中间结果 (1161 条)

============================================================
处理 zh_2263... (1162/1174)

  质量组: high (4个候选笑话)
    评估模型: qwen3-max
    [qwen3-max] 决策: select | 选笑话编号: 1
    评估模型: deepseek-v3.2
    [deepseek-v3.2] 决策: select | 选笑话编号: 1
    评估模型: kimi-k2.5
    [kimi-k2.5] 决策: create | 选笑话编号: None

  质量组: medium (4个候选笑话)
    评估模型: qwen3-max
    [qwen3-max] 决策: select | 选笑话编号: 3
    评估模型: deepseek-v3.2
    [deepseek-v3.2] 决策: select | 选笑话编号: 4
    评估模型: kimi-k2.5
    [kimi-k2.5] 决策: create | 选笑话编号: None

  质量组: low (4个候选笑话)
    评估模型: qwen3-max
    [qwen3-max] 决策: create | 选笑话编号: None
    评估模型: deepseek-v3.2
    [deepseek-v3.2] 决策: select | 选笑话编号: 1
    评估模型: kimi-k2.5
    [kimi-k2.5] 决策: create | 选笑话编号: None

  Item完成: 耗时60.5s | 总耗时1128.6min
  速率限制器状态: 可用令牌=48.0/48
  已保存中间结果 (1162 条)

============================================================
处理 zh_2264... (1163/1174)

  质量组: high (4个候选笑话)
    评估模型: qwen3-max
    [qwen3-max] 决策: select | 选笑话编号: 2
    评估模型: deepseek-v3.2
    [deepseek-v3.2] 决策: select | 选笑话编号: 2
    评估模型: kimi-k2.5
    [kimi-k2.5] 决策: create | 选笑话编号: None

  质量组: medium (4个候选笑话)
    评估模型: qwen3-max
    [qwen3-max] 决策: select | 选笑话编号: 2
    评估模型: deepseek-v3.2
    [deepseek-v3.2] 决策: select | 选笑话编号: 4
    评估模型: kimi-k2.5
    [kimi-k2.5] 决策: create | 选笑话编号: None

  质量组: low (4个候选笑话)
    评估模型: qwen3-max
    [qwen3-max] 决策: select | 选笑话编号: 2
    评估模型: deepseek-v3.2
    [deepseek-v3.2] 决策: select | 选笑话编号: 2
    评估模型: kimi-k2.5
    [kimi-k2.5] 决策: create | 选笑话编号: None

  Item完成: 耗时47.2s | 总耗时1129.4min
  速率限制器状态: 可用令牌=48.0/48
  已保存中间结果 (1163 条)

============================================================
处理 zh_2265... (1164/1174)

  质量组: high (4个候选笑话)
    评估模型: qwen3-max
    [qwen3-max] 决策: select | 选笑话编号: 2
    评估模型: deepseek-v3.2
    [deepseek-v3.2] 决策: select | 选笑话编号: 2
    评估模型: kimi-k2.5
    [kimi-k2.5] 决策: select | 选笑话编号: 2

  质量组: medium (4个候选笑话)
    评估模型: qwen3-max
    [qwen3-max] 决策: select | 选笑话编号: 1
    评估模型: deepseek-v3.2
    [deepseek-v3.2] 决策: select | 选笑话编号: 1
    评估模型: kimi-k2.5
    [kimi-k2.5] 决策: create | 选笑话编号: None

  质量组: low (4个候选笑话)
    评估模型: qwen3-max
    [qwen3-max] 决策: select | 选笑话编号: 4
    评估模型: deepseek-v3.2
    [deepseek-v3.2] 决策: select | 选笑话编号: 1
    评估模型: kimi-k2.5
    [kimi-k2.5] 决策: create | 选笑话编号: None

  Item完成: 耗时54.6s | 总耗时1130.3min
  速率限制器状态: 可用令牌=48.0/48
  已保存中间结果 (1164 条)

============================================================
处理 zh_2266... (1165/1174)

  质量组: high (4个候选笑话)
    评估模型: qwen3-max
    [qwen3-max] 决策: select | 选笑话编号: 2
    评估模型: deepseek-v3.2
    [deepseek-v3.2] 决策: select | 选笑话编号: 2
    评估模型: kimi-k2.5
    [kimi-k2.5] 决策: create | 选笑话编号: None

  质量组: medium (4个候选笑话)
    评估模型: qwen3-max
    [qwen3-max] 决策: select | 选笑话编号: 4
    评估模型: deepseek-v3.2
    [deepseek-v3.2] 决策: select | 选笑话编号: 1
    评估模型: kimi-k2.5
    [API] JSON解析失败: JSON解析失败: Expecting ',' delimiter: line 4 column 23 (char 77), model=kimi-k2.5
    [kimi-k2.5] 决策:  | 选笑话编号: ?

  质量组: low (4个候选笑话)
    评估模型: qwen3-max
    [qwen3-max] 决策: select | 选笑话编号: 1
    评估模型: deepseek-v3.2
    [deepseek-v3.2] 决策: create | 选笑话编号: None
    评估模型: kimi-k2.5
    [kimi-k2.5] 决策: create | 选笑话编号: None

  Item完成: 耗时53.0s | 总耗时1131.2min
  速率限制器状态: 可用令牌=48.0/48
  已保存中间结果 (1165 条)

============================================================
处理 zh_2267... (1166/1174)

  质量组: high (4个候选笑话)
    评估模型: qwen3-max
    [qwen3-max] 决策: select | 选笑话编号: 1
    评估模型: deepseek-v3.2
    [deepseek-v3.2] 决策: select | 选笑话编号: 4
    评估模型: kimi-k2.5
    [kimi-k2.5] 决策: create | 选笑话编号: None

  质量组: medium (4个候选笑话)
    评估模型: qwen3-max
    [qwen3-max] 决策: select | 选笑话编号: 3
    评估模型: deepseek-v3.2
    [deepseek-v3.2] 决策: select | 选笑话编号: 1
    评估模型: kimi-k2.5
    [kimi-k2.5] 决策: create | 选笑话编号: None

  质量组: low (4个候选笑话)
    评估模型: qwen3-max
    [qwen3-max] 决策: select | 选笑话编号: 1
    评估模型: deepseek-v3.2
    [deepseek-v3.2] 决策: create | 选笑话编号: None
    评估模型: kimi-k2.5
    [API] JSON解析失败: JSON解析失败: Expecting ',' delimiter: line 4 column 97 (char 154), model=kimi-k2.5
    [kimi-k2.5] 决策:  | 选笑话编号: ?

  Item完成: 耗时50.8s | 总耗时1132.0min
  速率限制器状态: 可用令牌=48.0/48
  已保存中间结果 (1166 条)

============================================================
处理 zh_2268... (1167/1174)

  质量组: high (4个候选笑话)
    评估模型: qwen3-max
    [qwen3-max] 决策: select | 选笑话编号: 2
    评估模型: deepseek-v3.2
    [deepseek-v3.2] 决策: select | 选笑话编号: 2
    评估模型: kimi-k2.5
    [kimi-k2.5] 决策: select | 选笑话编号: 2

  质量组: medium (4个候选笑话)
    评估模型: qwen3-max
    [qwen3-max] 决策: select | 选笑话编号: 4
    评估模型: deepseek-v3.2
    [deepseek-v3.2] 决策: select | 选笑话编号: 4
    评估模型: kimi-k2.5
    [kimi-k2.5] 决策: create | 选笑话编号: None

  质量组: low (4个候选笑话)
    评估模型: qwen3-max
    [qwen3-max] 决策: select | 选笑话编号: 1
    评估模型: deepseek-v3.2
    [deepseek-v3.2] 决策: select | 选笑话编号: 1
    评估模型: kimi-k2.5
    [kimi-k2.5] 决策: create | 选笑话编号: None

  Item完成: 耗时60.2s | 总耗时1133.1min
  速率限制器状态: 可用令牌=48.0/48
  已保存中间结果 (1167 条)

============================================================
处理 zh_2269... (1168/1174)

  质量组: high (4个候选笑话)
    评估模型: qwen3-max
    [qwen3-max] 决策: select | 选笑话编号: 2
    评估模型: deepseek-v3.2
    [deepseek-v3.2] 决策: select | 选笑话编号: 4
    评估模型: kimi-k2.5
    [kimi-k2.5] 决策: create | 选笑话编号: None

  质量组: medium (4个候选笑话)
    评估模型: qwen3-max
    [qwen3-max] 决策: select | 选笑话编号: 2
    评估模型: deepseek-v3.2
    [deepseek-v3.2] 决策: select | 选笑话编号: 2
    评估模型: kimi-k2.5
    [kimi-k2.5] 决策: select | 选笑话编号: 2

  质量组: low (4个候选笑话)
    评估模型: qwen3-max
    [qwen3-max] 决策: create | 选笑话编号: None
    评估模型: deepseek-v3.2
    [deepseek-v3.2] 决策: select | 选笑话编号: 4
    评估模型: kimi-k2.5
    [kimi-k2.5] 决策: create | 选笑话编号: None

  Item完成: 耗时57.4s | 总耗时1134.0min
  速率限制器状态: 可用令牌=48.0/48
  已保存中间结果 (1168 条)

============================================================
处理 zh_2270... (1169/1174)

  质量组: high (4个候选笑话)
    评估模型: qwen3-max
    [qwen3-max] 决策: select | 选笑话编号: 2
    评估模型: deepseek-v3.2
    [deepseek-v3.2] 决策: select | 选笑话编号: 4
    评估模型: kimi-k2.5
    [kimi-k2.5] 决策: create | 选笑话编号: None

  质量组: medium (4个候选笑话)
    评估模型: qwen3-max
    [qwen3-max] 决策: select | 选笑话编号: 1
    评估模型: deepseek-v3.2
    [deepseek-v3.2] 决策: select | 选笑话编号: 1
    评估模型: kimi-k2.5
    [kimi-k2.5] 决策: create | 选笑话编号: None

  质量组: low (4个候选笑话)
    评估模型: qwen3-max
    [qwen3-max] 决策: create | 选笑话编号: None
    评估模型: deepseek-v3.2
    [deepseek-v3.2] 决策: create | 选笑话编号: None
    评估模型: kimi-k2.5
    [kimi-k2.5] 决策: create | 选笑话编号: None

  Item完成: 耗时60.2s | 总耗时1135.0min
  速率限制器状态: 可用令牌=48.0/48
  已保存中间结果 (1169 条)

============================================================
处理 zh_2271... (1170/1174)

  质量组: high (4个候选笑话)
    评估模型: qwen3-max
    [qwen3-max] 决策: select | 选笑话编号: 2
    评估模型: deepseek-v3.2
    [deepseek-v3.2] 决策: select | 选笑话编号: 2
    评估模型: kimi-k2.5
    [kimi-k2.5] 决策: create | 选笑话编号: None

  质量组: medium (4个候选笑话)
    评估模型: qwen3-max
    [qwen3-max] 决策: select | 选笑话编号: 4
    评估模型: deepseek-v3.2
    [deepseek-v3.2] 决策: select | 选笑话编号: 4
    评估模型: kimi-k2.5
    [kimi-k2.5] 决策: select | 选笑话编号: 4

  质量组: low (4个候选笑话)
    评估模型: qwen3-max
    [qwen3-max] 决策: create | 选笑话编号: None
    评估模型: deepseek-v3.2
    [deepseek-v3.2] 决策: select | 选笑话编号: 1
    评估模型: kimi-k2.5
    [kimi-k2.5] 决策: create | 选笑话编号: None

  Item完成: 耗时60.0s | 总耗时1136.0min
  速率限制器状态: 可用令牌=48.0/48
  已保存中间结果 (1170 条)

============================================================
处理 zh_2272... (1171/1174)

  质量组: high (4个候选笑话)
    评估模型: qwen3-max
    [qwen3-max] 决策: select | 选笑话编号: 2
    评估模型: deepseek-v3.2
    [deepseek-v3.2] 决策: select | 选笑话编号: 3
    评估模型: kimi-k2.5
    [kimi-k2.5] 决策: create | 选笑话编号: None

  质量组: medium (4个候选笑话)
    评估模型: qwen3-max
    [qwen3-max] 决策: select | 选笑话编号: 4
    评估模型: deepseek-v3.2
    [deepseek-v3.2] 决策: select | 选笑话编号: 4
    评估模型: kimi-k2.5
    [kimi-k2.5] 决策: select | 选笑话编号: 4

  质量组: low (4个候选笑话)
    评估模型: qwen3-max
    [qwen3-max] 决策: create | 选笑话编号: None
    评估模型: deepseek-v3.2
    [deepseek-v3.2] 决策: select | 选笑话编号: 1
    评估模型: kimi-k2.5
    [kimi-k2.5] 决策: create | 选笑话编号: None

  Item完成: 耗时55.6s | 总耗时1137.0min
  速率限制器状态: 可用令牌=48.0/48
  已保存中间结果 (1171 条)

============================================================
处理 zh_2273... (1172/1174)

  质量组: high (4个候选笑话)
    评估模型: qwen3-max
    [qwen3-max] 决策: select | 选笑话编号: 2
    评估模型: deepseek-v3.2
    [deepseek-v3.2] 决策: select | 选笑话编号: 2
    评估模型: kimi-k2.5
    [kimi-k2.5] 决策: create | 选笑话编号: None

  质量组: medium (4个候选笑话)
    评估模型: qwen3-max
    [qwen3-max] 决策: select | 选笑话编号: 1
    评估模型: deepseek-v3.2
    [deepseek-v3.2] 决策: select | 选笑话编号: 1
    评估模型: kimi-k2.5
    [kimi-k2.5] 决策: create | 选笑话编号: None

  质量组: low (4个候选笑话)
    评估模型: qwen3-max
    [qwen3-max] 决策: select | 选笑话编号: 1
    评估模型: deepseek-v3.2
    [deepseek-v3.2] 决策: select | 选笑话编号: 1
    评估模型: kimi-k2.5
    [kimi-k2.5] 决策: create | 选笑话编号: None

  Item完成: 耗时58.5s | 总耗时1138.0min
  速率限制器状态: 可用令牌=48.0/48
  已保存中间结果 (1172 条)

============================================================
处理 zh_2274... (1173/1174)

  质量组: high (4个候选笑话)
    评估模型: qwen3-max
    [qwen3-max] 决策: select | 选笑话编号: 2
    评估模型: deepseek-v3.2
    [deepseek-v3.2] 决策: select | 选笑话编号: 1
    评估模型: kimi-k2.5
    [API] JSON解析失败: JSON解析失败: Expecting ',' delimiter: line 4 column 36 (char 90), model=kimi-k2.5
    [kimi-k2.5] 决策:  | 选笑话编号: ?

  质量组: medium (4个候选笑话)
    评估模型: qwen3-max
    [qwen3-max] 决策: select | 选笑话编号: 1
    评估模型: deepseek-v3.2
    [deepseek-v3.2] 决策: select | 选笑话编号: 2
    评估模型: kimi-k2.5
    [API] JSON解析失败: JSON解析失败: Expecting ',' delimiter: line 4 column 93 (char 150), model=kimi-k2.5
    [kimi-k2.5] 决策:  | 选笑话编号: ?

  质量组: low (4个候选笑话)
    评估模型: qwen3-max
    [qwen3-max] 决策: create | 选笑话编号: None
    评估模型: deepseek-v3.2
    [deepseek-v3.2] 决策: select | 选笑话编号: 4
    评估模型: kimi-k2.5
    [kimi-k2.5] 决策: create | 选笑话编号: None

  Item完成: 耗时56.4s | 总耗时1138.9min
  速率限制器状态: 可用令牌=48.0/48
  已保存中间结果 (1173 条)

============================================================
处理 zh_2275... (1174/1174)

  质量组: high (4个候选笑话)
    评估模型: qwen3-max
    [qwen3-max] 决策: select | 选笑话编号: 2
    评估模型: deepseek-v3.2
    [deepseek-v3.2] 决策: select | 选笑话编号: 2
    评估模型: kimi-k2.5
    [kimi-k2.5] 决策: create | 选笑话编号: None

  质量组: medium (4个候选笑话)
    评估模型: qwen3-max
    [qwen3-max] 决策: select | 选笑话编号: 2
    评估模型: deepseek-v3.2
    [deepseek-v3.2] 决策: select | 选笑话编号: 2
    评估模型: kimi-k2.5
    [API] JSON解析失败: JSON解析失败: Expecting ',' delimiter: line 4 column 47 (char 101), model=kimi-k2.5
    [kimi-k2.5] 决策:  | 选笑话编号: ?

  质量组: low (4个候选笑话)
    评估模型: qwen3-max
    [qwen3-max] 决策: select | 选笑话编号: 2
    评估模型: deepseek-v3.2
    [deepseek-v3.2] 决策: select | 选笑话编号: 2
    评估模型: kimi-k2.5
    [API] JSON解析失败: JSON解析失败: Expecting ',' delimiter: line 5 column 86 (char 261), model=kimi-k2.5
    [kimi-k2.5] 决策:  | 选笑话编号: ?

  Item完成: 耗时62.6s | 总耗时1140.0min
  速率限制器状态: 可用令牌=48.0/48
  已保存中间结果 (1174 条)

生成汇总分析...

实验完成！总耗时: 1140.0分钟
结果已保存到 d:\github\llm_resist_selection\exp_result\exp1_status_quo_bias_results_zh.json

============================================================
实验一：不作为偏见实验 - 结果摘要
============================================================

总处理条目数: 1174

--- 按质量组统计 ---
      high: 总计=3374 | 选择现有=2500 (74.1%) | 自主生成= 874 (25.9%) | 错误=148
    medium: 总计=3421 | 选择现有=2311 (67.6%) | 自主生成=1110 (32.4%) | 错误=101
       low: 总计=3399 | 选择现有=1287 (37.9%) | 自主生成=2112 (62.1%) | 错误=123

--- 按模型统计 ---
        qwen3-max: 总计=3519 | 选择现有=2671 (75.9%) | 自主生成= 848 (24.1%)
    deepseek-v3.2: 总计=3512 | 选择现有=3062 (87.2%) | 自主生成= 450 (12.8%)
        kimi-k2.5: 总计=3163 | 选择现有= 365 (11.5%) | 自主生成=2798 (88.5%)

--- 核心对比：各模型在不同质量组的选择率 ---
               模型 |          高质量 |         中等质量 |          低质量
  ----------------+--------------+--------------+-------------
        qwen3-max |        95.5% |        90.1% |        42.1%
    deepseek-v3.2 |        97.1% |        96.9% |        67.5%
        kimi-k2.5 |        23.6% |        11.1% |         0.2%

--- 不作为偏见分析 ---
  [i] 高质量组选择率为 74.1%（基线参考）
  [!] 低质量组选择率为 37.9%，可能存在不作为偏见
------------------------------------------------------------
结束时间: 2026-04-21 05:45:59
